2026-08-20 00:00:00.254 +04:00 [INF] Discovery: futures tickers on Binance,Bybit,OKX,Bitget,GateIo (exclude majors BTC,ETH,BNB)
2026-08-20 00:00:02.226 +04:00 [WRN] Futures tickers failed GateIo:  'SettleAsset': Exchange parameter `SettleAsset` for exchange `GateIo` should be provided. Example: usdt
2026-08-20 00:00:02.228 +04:00 [INF] Discovery: spot tickers (supplemental ranking)
2026-08-20 00:00:04.783 +04:00 [WRN] Discovery fallback: автоподбор без объёмов (REST/geo) — curated mid-alts
2026-08-20 00:00:04.787 +04:00 [INF] Start | Strategy=FuturesCross | Mode=PAPER | Symbols=DOGEUSDT,ADAUSDT,AVAXUSDT,LINKUSDT,SUIUSDT,NEARUSDT,ARBUSDT,OPUSDT,INJUSDT,APTUSDT,SEIUSDT,TIAUSDT | Ex=Binance,Bybit,OKX,Bitget,GateIo
2026-08-20 00:00:04.791 +04:00 [INF] Futures paper margin initialized: 10000 USDT x 5 exchanges
2026-08-20 00:00:04.822 +04:00 [INF] UsdFutures order book DOGEUSDT status changed: "Disconnected" => "Connecting"
2026-08-20 00:00:06.553 +04:00 [INF] [Sckt 1] subscription 14 completed successfully
2026-08-20 00:00:06.557 +04:00 [INF] UsdFutures order book DOGEUSDT status changed: "Connecting" => "Syncing"
2026-08-20 00:00:06.972 +04:00 [INF] UsdFutures order book DOGEUSDT status changed: "Syncing" => "Synced"
2026-08-20 00:00:06.979 +04:00 [INF] Futures book Binance:DOGEUSDT "Synced"
2026-08-20 00:00:06.986 +04:00 [INF] V5 order book DOGEUSDT status changed: "Disconnected" => "Connecting"
2026-08-20 00:00:08.232 +04:00 [INF] [Sckt 2] subscription 18 completed successfully
2026-08-20 00:00:08.235 +04:00 [INF] V5 order book DOGEUSDT status changed: "Connecting" => "Syncing"
2026-08-20 00:00:08.237 +04:00 [INF] V5 order book DOGEUSDT status changed: "Syncing" => "Synced"
2026-08-20 00:00:08.238 +04:00 [INF] Futures book Bybit:DOGEUSDT "Synced"
2026-08-20 00:00:08.244 +04:00 [INF] Unified order book DOGE-USDT-SWAP status changed: "Disconnected" => "Connecting"
2026-08-20 00:00:09.638 +04:00 [INF] [Sckt 3] subscription 22 completed successfully
2026-08-20 00:00:09.640 +04:00 [INF] Unified order book DOGE-USDT-SWAP status changed: "Connecting" => "Syncing"
2026-08-20 00:00:10.187 +04:00 [INF] Unified order book DOGE-USDT-SWAP status changed: "Syncing" => "Synced"
2026-08-20 00:00:10.188 +04:00 [INF] Futures book OKX:DOGEUSDT "Synced"
2026-08-20 00:00:10.194 +04:00 [INF] Futures order book DOGEUSDT status changed: "Disconnected" => "Connecting"
2026-08-20 00:00:12.971 +04:00 [INF] [Sckt 4] subscription 24 completed successfully
2026-08-20 00:00:13.092 +04:00 [INF] Futures order book DOGEUSDT status changed: "Connecting" => "Syncing"
2026-08-20 00:00:13.094 +04:00 [INF] Futures order book DOGEUSDT status changed: "Syncing" => "Synced"
2026-08-20 00:00:13.096 +04:00 [INF] Futures book Bitget:DOGEUSDT "Synced"
2026-08-20 00:00:13.116 +04:00 [INF] PerpetualFutures order book DOGE_USDT status changed: "Disconnected" => "Connecting"
2026-08-20 00:00:14.996 +04:00 [INF] [Sckt 5] subscription 26 completed successfully
2026-08-20 00:00:14.999 +04:00 [INF] PerpetualFutures order book DOGE_USDT status changed: "Connecting" => "Syncing"
2026-08-20 00:00:14.999 +04:00 [INF] PerpetualFutures order book DOGE_USDT status changed: "Syncing" => "Synced"
2026-08-20 00:00:15.000 +04:00 [INF] Futures book GateIo:DOGEUSDT "Synced"
2026-08-20 00:00:15.006 +04:00 [INF] UsdFutures order book ADAUSDT status changed: "Disconnected" => "Connecting"
2026-08-20 00:00:15.349 +04:00 [INF] [Sckt 1] subscription 29 completed successfully
2026-08-20 00:00:15.351 +04:00 [INF] UsdFutures order book ADAUSDT status changed: "Connecting" => "Syncing"
2026-08-20 00:00:15.765 +04:00 [INF] UsdFutures order book ADAUSDT status changed: "Syncing" => "Synced"
2026-08-20 00:00:15.766 +04:00 [INF] Futures book Binance:ADAUSDT "Synced"
2026-08-20 00:00:15.767 +04:00 [INF] V5 order book ADAUSDT status changed: "Disconnected" => "Connecting"
2026-08-20 00:00:16.024 +04:00 [INF] [Sckt 2] subscription 33 completed successfully
2026-08-20 00:00:16.026 +04:00 [INF] V5 order book ADAUSDT status changed: "Connecting" => "Syncing"
2026-08-20 00:00:16.027 +04:00 [INF] V5 order book ADAUSDT status changed: "Syncing" => "Synced"
2026-08-20 00:00:16.029 +04:00 [INF] Futures book Bybit:ADAUSDT "Synced"
2026-08-20 00:00:16.029 +04:00 [INF] Unified order book ADA-USDT-SWAP status changed: "Disconnected" => "Connecting"
2026-08-20 00:00:16.353 +04:00 [INF] [Sckt 3] subscription 36 completed successfully
2026-08-20 00:00:16.356 +04:00 [INF] Unified order book ADA-USDT-SWAP status changed: "Connecting" => "Syncing"
2026-08-20 00:00:16.471 +04:00 [INF] Unified order book ADA-USDT-SWAP status changed: "Syncing" => "Synced"
2026-08-20 00:00:16.474 +04:00 [INF] Futures book OKX:ADAUSDT "Synced"
2026-08-20 00:00:16.475 +04:00 [INF] Futures order book ADAUSDT status changed: "Disconnected" => "Connecting"
2026-08-20 00:00:16.928 +04:00 [INF] [Sckt 4] subscription 38 completed successfully
2026-08-20 00:00:16.930 +04:00 [INF] Futures order book ADAUSDT status changed: "Connecting" => "Syncing"
2026-08-20 00:00:16.931 +04:00 [INF] Futures order book ADAUSDT status changed: "Syncing" => "Synced"
2026-08-20 00:00:16.934 +04:00 [INF] Futures book Bitget:ADAUSDT "Synced"
2026-08-20 00:00:16.936 +04:00 [INF] PerpetualFutures order book ADA_USDT status changed: "Disconnected" => "Connecting"
2026-08-20 00:00:17.259 +04:00 [INF] [Sckt 5] subscription 40 completed successfully
2026-08-20 00:00:17.261 +04:00 [INF] PerpetualFutures order book ADA_USDT status changed: "Connecting" => "Syncing"
2026-08-20 00:00:17.262 +04:00 [INF] PerpetualFutures order book ADA_USDT status changed: "Syncing" => "Synced"
2026-08-20 00:00:17.263 +04:00 [INF] Futures book GateIo:ADAUSDT "Synced"
2026-08-20 00:00:17.264 +04:00 [INF] UsdFutures order book AVAXUSDT status changed: "Disconnected" => "Connecting"
2026-08-20 00:00:17.652 +04:00 [INF] [Sckt 1] subscription 43 completed successfully
2026-08-20 00:00:17.654 +04:00 [INF] UsdFutures order book AVAXUSDT status changed: "Connecting" => "Syncing"
2026-08-20 00:00:18.235 +04:00 [INF] UsdFutures order book AVAXUSDT status changed: "Syncing" => "Synced"
2026-08-20 00:00:18.236 +04:00 [INF] Futures book Binance:AVAXUSDT "Synced"
2026-08-20 00:00:18.237 +04:00 [INF] V5 order book AVAXUSDT status changed: "Disconnected" => "Connecting"
2026-08-20 00:00:18.437 +04:00 [INF] [Sckt 2] subscription 47 completed successfully
2026-08-20 00:00:18.438 +04:00 [INF] V5 order book AVAXUSDT status changed: "Connecting" => "Syncing"
2026-08-20 00:00:18.439 +04:00 [INF] V5 order book AVAXUSDT status changed: "Syncing" => "Synced"
2026-08-20 00:00:18.440 +04:00 [INF] Futures book Bybit:AVAXUSDT "Synced"
2026-08-20 00:00:18.441 +04:00 [INF] Unified order book AVAX-USDT-SWAP status changed: "Disconnected" => "Connecting"
2026-08-20 00:00:18.767 +04:00 [INF] [Sckt 3] subscription 50 completed successfully
2026-08-20 00:00:18.769 +04:00 [INF] Unified order book AVAX-USDT-SWAP status changed: "Connecting" => "Syncing"
2026-08-20 00:00:18.830 +04:00 [INF] Unified order book AVAX-USDT-SWAP status changed: "Syncing" => "Synced"
2026-08-20 00:00:18.831 +04:00 [INF] Futures book OKX:AVAXUSDT "Synced"
2026-08-20 00:00:18.832 +04:00 [INF] Futures order book AVAXUSDT status changed: "Disconnected" => "Connecting"
2026-08-20 00:00:19.143 +04:00 [INF] [Sckt 4] subscription 52 completed successfully
2026-08-20 00:00:19.145 +04:00 [INF] Futures order book AVAXUSDT status changed: "Connecting" => "Syncing"
2026-08-20 00:00:19.146 +04:00 [INF] Futures order book AVAXUSDT status changed: "Syncing" => "Synced"
2026-08-20 00:00:19.147 +04:00 [INF] Futures book Bitget:AVAXUSDT "Synced"
2026-08-20 00:00:19.147 +04:00 [INF] PerpetualFutures order book AVAX_USDT status changed: "Disconnected" => "Connecting"
2026-08-20 00:00:19.469 +04:00 [INF] [Sckt 5] subscription 54 completed successfully
2026-08-20 00:00:19.470 +04:00 [INF] PerpetualFutures order book AVAX_USDT status changed: "Connecting" => "Syncing"
2026-08-20 00:00:19.471 +04:00 [INF] PerpetualFutures order book AVAX_USDT status changed: "Syncing" => "Synced"
2026-08-20 00:00:19.472 +04:00 [INF] Futures book GateIo:AVAXUSDT "Synced"
2026-08-20 00:00:19.474 +04:00 [INF] UsdFutures order book LINKUSDT status changed: "Disconnected" => "Connecting"
2026-08-20 00:00:19.854 +04:00 [INF] [Sckt 1] subscription 57 completed successfully
2026-08-20 00:00:19.855 +04:00 [INF] UsdFutures order book LINKUSDT status changed: "Connecting" => "Syncing"
2026-08-20 00:00:20.278 +04:00 [INF] UsdFutures order book LINKUSDT status changed: "Syncing" => "Synced"
2026-08-20 00:00:20.279 +04:00 [INF] Futures book Binance:LINKUSDT "Synced"
2026-08-20 00:00:20.280 +04:00 [INF] V5 order book LINKUSDT status changed: "Disconnected" => "Connecting"
2026-08-20 00:00:20.516 +04:00 [INF] [Sckt 2] subscription 61 completed successfully
2026-08-20 00:00:20.518 +04:00 [INF] V5 order book LINKUSDT status changed: "Connecting" => "Syncing"
2026-08-20 00:00:20.518 +04:00 [INF] V5 order book LINKUSDT status changed: "Syncing" => "Synced"
2026-08-20 00:00:20.519 +04:00 [INF] Futures book Bybit:LINKUSDT "Synced"
2026-08-20 00:00:20.520 +04:00 [INF] Unified order book LINK-USDT-SWAP status changed: "Disconnected" => "Connecting"
2026-08-20 00:00:20.843 +04:00 [INF] [Sckt 3] subscription 64 completed successfully
2026-08-20 00:00:20.845 +04:00 [INF] Unified order book LINK-USDT-SWAP status changed: "Connecting" => "Syncing"
2026-08-20 00:00:20.963 +04:00 [INF] Unified order book LINK-USDT-SWAP status changed: "Syncing" => "Synced"
2026-08-20 00:00:20.968 +04:00 [INF] Futures book OKX:LINKUSDT "Synced"
2026-08-20 00:00:20.970 +04:00 [INF] Futures order book LINKUSDT status changed: "Disconnected" => "Connecting"
2026-08-20 00:00:21.283 +04:00 [INF] [Sckt 4] subscription 66 completed successfully
2026-08-20 00:00:21.285 +04:00 [INF] Futures order book LINKUSDT status changed: "Connecting" => "Syncing"
2026-08-20 00:00:21.286 +04:00 [INF] Futures order book LINKUSDT status changed: "Syncing" => "Synced"
2026-08-20 00:00:21.287 +04:00 [INF] Futures book Bitget:LINKUSDT "Synced"
2026-08-20 00:00:21.288 +04:00 [INF] PerpetualFutures order book LINK_USDT status changed: "Disconnected" => "Connecting"
2026-08-20 00:00:21.609 +04:00 [INF] [Sckt 5] subscription 68 completed successfully
2026-08-20 00:00:21.610 +04:00 [INF] PerpetualFutures order book LINK_USDT status changed: "Connecting" => "Syncing"
2026-08-20 00:00:21.611 +04:00 [INF] PerpetualFutures order book LINK_USDT status changed: "Syncing" => "Synced"
2026-08-20 00:00:21.613 +04:00 [INF] Futures book GateIo:LINKUSDT "Synced"
2026-08-20 00:00:21.615 +04:00 [INF] UsdFutures order book SUIUSDT status changed: "Disconnected" => "Connecting"
2026-08-20 00:00:21.960 +04:00 [INF] [Sckt 1] subscription 71 completed successfully
2026-08-20 00:00:21.961 +04:00 [INF] UsdFutures order book SUIUSDT status changed: "Connecting" => "Syncing"
2026-08-20 00:00:22.361 +04:00 [INF] UsdFutures order book SUIUSDT status changed: "Syncing" => "Synced"
2026-08-20 00:00:22.362 +04:00 [INF] Futures book Binance:SUIUSDT "Synced"
2026-08-20 00:00:22.365 +04:00 [INF] V5 order book SUIUSDT status changed: "Disconnected" => "Connecting"
2026-08-20 00:00:22.569 +04:00 [INF] [Sckt 2] subscription 75 completed successfully
2026-08-20 00:00:22.570 +04:00 [INF] V5 order book SUIUSDT status changed: "Connecting" => "Syncing"
2026-08-20 00:00:22.571 +04:00 [INF] V5 order book SUIUSDT status changed: "Syncing" => "Synced"
2026-08-20 00:00:22.572 +04:00 [INF] Futures book Bybit:SUIUSDT "Synced"
2026-08-20 00:00:22.572 +04:00 [INF] Unified order book SUI-USDT-SWAP status changed: "Disconnected" => "Connecting"
2026-08-20 00:00:22.897 +04:00 [INF] [Sckt 3] subscription 78 completed successfully
2026-08-20 00:00:22.898 +04:00 [INF] Unified order book SUI-USDT-SWAP status changed: "Connecting" => "Syncing"
2026-08-20 00:00:23.083 +04:00 [INF] Unified order book SUI-USDT-SWAP status changed: "Syncing" => "Synced"
2026-08-20 00:00:23.085 +04:00 [INF] Futures book OKX:SUIUSDT "Synced"
2026-08-20 00:00:23.086 +04:00 [INF] Futures order book SUIUSDT status changed: "Disconnected" => "Connecting"
2026-08-20 00:00:23.358 +04:00 [INF] [Sckt 4] subscription 80 completed successfully
2026-08-20 00:00:23.359 +04:00 [INF] Futures order book SUIUSDT status changed: "Connecting" => "Syncing"
2026-08-20 00:00:23.360 +04:00 [INF] Futures order book SUIUSDT status changed: "Syncing" => "Synced"
2026-08-20 00:00:23.361 +04:00 [INF] Futures book Bitget:SUIUSDT "Synced"
2026-08-20 00:00:23.362 +04:00 [INF] PerpetualFutures order book SUI_USDT status changed: "Disconnected" => "Connecting"
2026-08-20 00:00:23.688 +04:00 [INF] [Sckt 5] subscription 82 completed successfully
2026-08-20 00:00:23.691 +04:00 [INF] PerpetualFutures order book SUI_USDT status changed: "Connecting" => "Syncing"
2026-08-20 00:00:23.691 +04:00 [INF] PerpetualFutures order book SUI_USDT status changed: "Syncing" => "Synced"
2026-08-20 00:00:23.692 +04:00 [INF] Futures book GateIo:SUIUSDT "Synced"
2026-08-20 00:00:23.696 +04:00 [INF] UsdFutures order book NEARUSDT status changed: "Disconnected" => "Connecting"
2026-08-20 00:00:24.074 +04:00 [INF] [Sckt 1] subscription 85 completed successfully
2026-08-20 00:00:24.075 +04:00 [INF] UsdFutures order book NEARUSDT status changed: "Connecting" => "Syncing"
2026-08-20 00:00:24.548 +04:00 [INF] UsdFutures order book NEARUSDT status changed: "Syncing" => "Synced"
2026-08-20 00:00:24.549 +04:00 [INF] Futures book Binance:NEARUSDT "Synced"
2026-08-20 00:00:24.550 +04:00 [INF] V5 order book NEARUSDT status changed: "Disconnected" => "Connecting"
2026-08-20 00:00:24.750 +04:00 [INF] [Sckt 2] subscription 89 completed successfully
2026-08-20 00:00:24.751 +04:00 [INF] V5 order book NEARUSDT status changed: "Connecting" => "Syncing"
2026-08-20 00:00:24.752 +04:00 [INF] V5 order book NEARUSDT status changed: "Syncing" => "Synced"
2026-08-20 00:00:24.755 +04:00 [INF] Futures book Bybit:NEARUSDT "Synced"
2026-08-20 00:00:24.756 +04:00 [INF] Unified order book NEAR-USDT-SWAP status changed: "Disconnected" => "Connecting"
2026-08-20 00:00:25.078 +04:00 [INF] [Sckt 3] subscription 92 completed successfully
2026-08-20 00:00:25.080 +04:00 [INF] Unified order book NEAR-USDT-SWAP status changed: "Connecting" => "Syncing"
2026-08-20 00:00:25.138 +04:00 [INF] Unified order book NEAR-USDT-SWAP status changed: "Syncing" => "Synced"
2026-08-20 00:00:25.139 +04:00 [INF] Futures book OKX:NEARUSDT "Synced"
2026-08-20 00:00:25.140 +04:00 [INF] Futures order book NEARUSDT status changed: "Disconnected" => "Connecting"
2026-08-20 00:00:25.471 +04:00 [INF] [Sckt 4] subscription 94 completed successfully
2026-08-20 00:00:25.473 +04:00 [INF] Futures order book NEARUSDT status changed: "Connecting" => "Syncing"
2026-08-20 00:00:25.475 +04:00 [INF] Futures order book NEARUSDT status changed: "Syncing" => "Synced"
2026-08-20 00:00:25.476 +04:00 [INF] Futures book Bitget:NEARUSDT "Synced"
2026-08-20 00:00:25.476 +04:00 [INF] PerpetualFutures order book NEAR_USDT status changed: "Disconnected" => "Connecting"
2026-08-20 00:00:25.799 +04:00 [INF] [Sckt 5] subscription 96 completed successfully
2026-08-20 00:00:25.800 +04:00 [INF] PerpetualFutures order book NEAR_USDT status changed: "Connecting" => "Syncing"
2026-08-20 00:00:25.801 +04:00 [INF] PerpetualFutures order book NEAR_USDT status changed: "Syncing" => "Synced"
2026-08-20 00:00:25.802 +04:00 [INF] Futures book GateIo:NEARUSDT "Synced"
2026-08-20 00:00:25.803 +04:00 [INF] UsdFutures order book ARBUSDT status changed: "Disconnected" => "Connecting"
2026-08-20 00:00:26.168 +04:00 [INF] [Sckt 1] subscription 99 completed successfully
2026-08-20 00:00:26.169 +04:00 [INF] UsdFutures order book ARBUSDT status changed: "Connecting" => "Syncing"
2026-08-20 00:00:26.555 +04:00 [INF] UsdFutures order book ARBUSDT status changed: "Syncing" => "Synced"
2026-08-20 00:00:26.557 +04:00 [INF] Futures book Binance:ARBUSDT "Synced"
2026-08-20 00:00:26.558 +04:00 [INF] V5 order book ARBUSDT status changed: "Disconnected" => "Connecting"
2026-08-20 00:00:26.759 +04:00 [INF] [Sckt 2] subscription 103 completed successfully
2026-08-20 00:00:26.759 +04:00 [INF] V5 order book ARBUSDT status changed: "Connecting" => "Syncing"
2026-08-20 00:00:26.760 +04:00 [INF] V5 order book ARBUSDT status changed: "Syncing" => "Synced"
2026-08-20 00:00:26.761 +04:00 [INF] Futures book Bybit:ARBUSDT "Synced"
2026-08-20 00:00:26.762 +04:00 [INF] Unified order book ARB-USDT-SWAP status changed: "Disconnected" => "Connecting"
2026-08-20 00:00:27.085 +04:00 [INF] [Sckt 3] subscription 106 completed successfully
2026-08-20 00:00:27.086 +04:00 [INF] Unified order book ARB-USDT-SWAP status changed: "Connecting" => "Syncing"
2026-08-20 00:00:27.269 +04:00 [INF] Unified order book ARB-USDT-SWAP status changed: "Syncing" => "Synced"
2026-08-20 00:00:27.270 +04:00 [INF] Futures book OKX:ARBUSDT "Synced"
2026-08-20 00:00:27.271 +04:00 [INF] Futures order book ARBUSDT status changed: "Disconnected" => "Connecting"
2026-08-20 00:00:27.626 +04:00 [INF] [Sckt 4] subscription 110 completed successfully
2026-08-20 00:00:27.627 +04:00 [INF] Futures order book ARBUSDT status changed: "Connecting" => "Syncing"
2026-08-20 00:00:27.628 +04:00 [INF] Futures order book ARBUSDT status changed: "Syncing" => "Synced"
2026-08-20 00:00:27.629 +04:00 [INF] Futures book Bitget:ARBUSDT "Synced"
2026-08-20 00:00:27.630 +04:00 [INF] PerpetualFutures order book ARB_USDT status changed: "Disconnected" => "Connecting"
2026-08-20 00:00:27.951 +04:00 [INF] [Sckt 5] subscription 112 completed successfully
2026-08-20 00:00:27.952 +04:00 [INF] PerpetualFutures order book ARB_USDT status changed: "Connecting" => "Syncing"
2026-08-20 00:00:27.955 +04:00 [INF] PerpetualFutures order book ARB_USDT status changed: "Syncing" => "Synced"
2026-08-20 00:00:27.955 +04:00 [INF] Futures book GateIo:ARBUSDT "Synced"
2026-08-20 00:00:27.956 +04:00 [INF] UsdFutures order book OPUSDT status changed: "Disconnected" => "Connecting"
2026-08-20 00:00:28.370 +04:00 [INF] [Sckt 1] subscription 115 completed successfully
2026-08-20 00:00:28.371 +04:00 [INF] UsdFutures order book OPUSDT status changed: "Connecting" => "Syncing"
2026-08-20 00:00:28.793 +04:00 [INF] UsdFutures order book OPUSDT status changed: "Syncing" => "Synced"
2026-08-20 00:00:28.795 +04:00 [INF] Futures book Binance:OPUSDT "Synced"
2026-08-20 00:00:28.796 +04:00 [INF] V5 order book OPUSDT status changed: "Disconnected" => "Connecting"
2026-08-20 00:00:29.005 +04:00 [INF] [Sckt 2] subscription 120 completed successfully
2026-08-20 00:00:29.006 +04:00 [INF] V5 order book OPUSDT status changed: "Connecting" => "Syncing"
2026-08-20 00:00:29.007 +04:00 [INF] V5 order book OPUSDT status changed: "Syncing" => "Synced"
2026-08-20 00:00:29.009 +04:00 [INF] Futures book Bybit:OPUSDT "Synced"
2026-08-20 00:00:29.010 +04:00 [INF] Unified order book OP-USDT-SWAP status changed: "Disconnected" => "Connecting"
2026-08-20 00:00:29.334 +04:00 [INF] [Sckt 3] subscription 123 completed successfully
2026-08-20 00:00:29.335 +04:00 [INF] Unified order book OP-USDT-SWAP status changed: "Connecting" => "Syncing"
2026-08-20 00:00:29.642 +04:00 [INF] Unified order book OP-USDT-SWAP status changed: "Syncing" => "Synced"
2026-08-20 00:00:29.642 +04:00 [INF] Futures book OKX:OPUSDT "Synced"
2026-08-20 00:00:29.644 +04:00 [INF] Futures order book OPUSDT status changed: "Disconnected" => "Connecting"
2026-08-20 00:00:29.953 +04:00 [INF] [Sckt 4] subscription 125 completed successfully
2026-08-20 00:00:29.960 +04:00 [INF] Futures order book OPUSDT status changed: "Connecting" => "Syncing"
2026-08-20 00:00:29.962 +04:00 [INF] Futures order book OPUSDT status changed: "Syncing" => "Synced"
2026-08-20 00:00:29.966 +04:00 [INF] Futures book Bitget:OPUSDT "Synced"
2026-08-20 00:00:29.967 +04:00 [INF] PerpetualFutures order book OP_USDT status changed: "Disconnected" => "Connecting"
2026-08-20 00:00:30.289 +04:00 [INF] [Sckt 5] subscription 127 completed successfully
2026-08-20 00:00:30.291 +04:00 [INF] PerpetualFutures order book OP_USDT status changed: "Connecting" => "Syncing"
2026-08-20 00:00:30.291 +04:00 [INF] PerpetualFutures order book OP_USDT status changed: "Syncing" => "Synced"
2026-08-20 00:00:30.292 +04:00 [INF] Futures book GateIo:OPUSDT "Synced"
2026-08-20 00:00:30.295 +04:00 [INF] UsdFutures order book INJUSDT status changed: "Disconnected" => "Connecting"
2026-08-20 00:00:30.676 +04:00 [INF] [Sckt 1] subscription 130 completed successfully
2026-08-20 00:00:30.677 +04:00 [INF] UsdFutures order book INJUSDT status changed: "Connecting" => "Syncing"
2026-08-20 00:00:31.062 +04:00 [INF] UsdFutures order book INJUSDT status changed: "Syncing" => "Synced"
2026-08-20 00:00:31.065 +04:00 [INF] Futures book Binance:INJUSDT "Synced"
2026-08-20 00:00:31.066 +04:00 [INF] V5 order book INJUSDT status changed: "Disconnected" => "Connecting"
2026-08-20 00:00:31.424 +04:00 [INF] [Sckt 2] subscription 134 completed successfully
2026-08-20 00:00:31.426 +04:00 [INF] V5 order book INJUSDT status changed: "Connecting" => "Syncing"
2026-08-20 00:00:31.427 +04:00 [INF] V5 order book INJUSDT status changed: "Syncing" => "Synced"
2026-08-20 00:00:31.433 +04:00 [INF] Futures book Bybit:INJUSDT "Synced"
2026-08-20 00:00:31.435 +04:00 [INF] Unified order book INJ-USDT-SWAP status changed: "Disconnected" => "Connecting"
2026-08-20 00:00:31.764 +04:00 [INF] [Sckt 3] subscription 137 completed successfully
2026-08-20 00:00:31.766 +04:00 [INF] Unified order book INJ-USDT-SWAP status changed: "Connecting" => "Syncing"
2026-08-20 00:00:32.074 +04:00 [INF] Unified order book INJ-USDT-SWAP status changed: "Syncing" => "Synced"
2026-08-20 00:00:32.076 +04:00 [INF] Futures book OKX:INJUSDT "Synced"
2026-08-20 00:00:32.077 +04:00 [INF] Futures order book INJUSDT status changed: "Disconnected" => "Connecting"
2026-08-20 00:00:32.388 +04:00 [INF] [Sckt 4] subscription 139 completed successfully
2026-08-20 00:00:32.389 +04:00 [INF] Futures order book INJUSDT status changed: "Connecting" => "Syncing"
2026-08-20 00:00:32.390 +04:00 [INF] Futures order book INJUSDT status changed: "Syncing" => "Synced"
2026-08-20 00:00:32.391 +04:00 [INF] Futures book Bitget:INJUSDT "Synced"
2026-08-20 00:00:32.392 +04:00 [INF] PerpetualFutures order book INJ_USDT status changed: "Disconnected" => "Connecting"
2026-08-20 00:00:32.716 +04:00 [INF] [Sckt 5] subscription 141 completed successfully
2026-08-20 00:00:32.717 +04:00 [INF] PerpetualFutures order book INJ_USDT status changed: "Connecting" => "Syncing"
2026-08-20 00:00:32.718 +04:00 [INF] PerpetualFutures order book INJ_USDT status changed: "Syncing" => "Synced"
2026-08-20 00:00:32.719 +04:00 [INF] Futures book GateIo:INJUSDT "Synced"
2026-08-20 00:00:32.720 +04:00 [INF] UsdFutures order book APTUSDT status changed: "Disconnected" => "Connecting"
2026-08-20 00:00:33.078 +04:00 [INF] [Sckt 1] subscription 144 completed successfully
2026-08-20 00:00:33.082 +04:00 [INF] UsdFutures order book APTUSDT status changed: "Connecting" => "Syncing"
2026-08-20 00:00:33.502 +04:00 [INF] UsdFutures order book APTUSDT status changed: "Syncing" => "Synced"
2026-08-20 00:00:33.504 +04:00 [INF] Futures book Binance:APTUSDT "Synced"
2026-08-20 00:00:33.506 +04:00 [INF] V5 order book APTUSDT status changed: "Disconnected" => "Connecting"
2026-08-20 00:00:33.707 +04:00 [INF] [Sckt 2] subscription 148 completed successfully
2026-08-20 00:00:33.709 +04:00 [INF] V5 order book APTUSDT status changed: "Connecting" => "Syncing"
2026-08-20 00:00:33.710 +04:00 [INF] V5 order book APTUSDT status changed: "Syncing" => "Synced"
2026-08-20 00:00:33.711 +04:00 [INF] Futures book Bybit:APTUSDT "Synced"
2026-08-20 00:00:33.711 +04:00 [INF] Unified order book APT-USDT-SWAP status changed: "Disconnected" => "Connecting"
2026-08-20 00:00:34.039 +04:00 [INF] [Sckt 3] subscription 151 completed successfully
2026-08-20 00:00:34.126 +04:00 [INF] Unified order book APT-USDT-SWAP status changed: "Connecting" => "Syncing"
2026-08-20 00:00:34.184 +04:00 [INF] Unified order book APT-USDT-SWAP status changed: "Syncing" => "Synced"
2026-08-20 00:00:34.185 +04:00 [INF] Futures book OKX:APTUSDT "Synced"
2026-08-20 00:00:34.186 +04:00 [INF] Futures order book APTUSDT status changed: "Disconnected" => "Connecting"
2026-08-20 00:00:34.506 +04:00 [INF] [Sckt 4] subscription 153 completed successfully
2026-08-20 00:00:34.508 +04:00 [INF] Futures order book APTUSDT status changed: "Connecting" => "Syncing"
2026-08-20 00:00:34.509 +04:00 [INF] Futures order book APTUSDT status changed: "Syncing" => "Synced"
2026-08-20 00:00:34.509 +04:00 [INF] Futures book Bitget:APTUSDT "Synced"
2026-08-20 00:00:34.510 +04:00 [INF] PerpetualFutures order book APT_USDT status changed: "Disconnected" => "Connecting"
2026-08-20 00:00:34.831 +04:00 [INF] [Sckt 5] subscription 155 completed successfully
2026-08-20 00:00:34.835 +04:00 [INF] PerpetualFutures order book APT_USDT status changed: "Connecting" => "Syncing"
2026-08-20 00:00:34.837 +04:00 [INF] PerpetualFutures order book APT_USDT status changed: "Syncing" => "Synced"
2026-08-20 00:00:34.838 +04:00 [INF] Futures book GateIo:APTUSDT "Synced"
2026-08-20 00:00:34.840 +04:00 [INF] UsdFutures order book SEIUSDT status changed: "Disconnected" => "Connecting"
2026-08-20 00:00:36.623 +04:00 [INF] [Sckt 6] subscription 158 completed successfully
2026-08-20 00:00:36.625 +04:00 [INF] UsdFutures order book SEIUSDT status changed: "Connecting" => "Syncing"
2026-08-20 00:00:37.017 +04:00 [INF] UsdFutures order book SEIUSDT status changed: "Syncing" => "Synced"
2026-08-20 00:00:37.018 +04:00 [INF] Futures book Binance:SEIUSDT "Synced"
2026-08-20 00:00:37.019 +04:00 [INF] V5 order book SEIUSDT status changed: "Disconnected" => "Connecting"
2026-08-20 00:00:37.856 +04:00 [INF] [Sckt 7] subscription 162 completed successfully
2026-08-20 00:00:37.858 +04:00 [INF] V5 order book SEIUSDT status changed: "Connecting" => "Syncing"
2026-08-20 00:00:37.859 +04:00 [INF] V5 order book SEIUSDT status changed: "Syncing" => "Synced"
2026-08-20 00:00:37.859 +04:00 [INF] Futures book Bybit:SEIUSDT "Synced"
2026-08-20 00:00:37.860 +04:00 [INF] Unified order book SEI-USDT-SWAP status changed: "Disconnected" => "Connecting"
2026-08-20 00:00:39.174 +04:00 [INF] [Sckt 8] subscription 165 completed successfully
2026-08-20 00:00:39.175 +04:00 [INF] Unified order book SEI-USDT-SWAP status changed: "Connecting" => "Syncing"
2026-08-20 00:00:39.597 +04:00 [INF] Unified order book SEI-USDT-SWAP status changed: "Syncing" => "Synced"
2026-08-20 00:00:39.599 +04:00 [INF] Futures book OKX:SEIUSDT "Synced"
2026-08-20 00:00:39.600 +04:00 [INF] Futures order book SEIUSDT status changed: "Disconnected" => "Connecting"
2026-08-20 00:00:40.707 +04:00 [INF] [Sckt 9] subscription 167 completed successfully
2026-08-20 00:00:40.709 +04:00 [INF] Futures order book SEIUSDT status changed: "Connecting" => "Syncing"
2026-08-20 00:00:40.710 +04:00 [INF] Futures order book SEIUSDT status changed: "Syncing" => "Synced"
2026-08-20 00:00:40.711 +04:00 [INF] Futures book Bitget:SEIUSDT "Synced"
2026-08-20 00:00:40.712 +04:00 [INF] PerpetualFutures order book SEI_USDT status changed: "Disconnected" => "Connecting"
2026-08-20 00:00:42.070 +04:00 [INF] [Sckt 10] subscription 170 completed successfully
2026-08-20 00:00:42.071 +04:00 [INF] PerpetualFutures order book SEI_USDT status changed: "Connecting" => "Syncing"
2026-08-20 00:00:42.072 +04:00 [INF] PerpetualFutures order book SEI_USDT status changed: "Syncing" => "Synced"
2026-08-20 00:00:42.073 +04:00 [INF] Futures book GateIo:SEIUSDT "Synced"
2026-08-20 00:00:42.075 +04:00 [INF] UsdFutures order book TIAUSDT status changed: "Disconnected" => "Connecting"
2026-08-20 00:00:42.433 +04:00 [INF] [Sckt 6] subscription 173 completed successfully
2026-08-20 00:00:42.436 +04:00 [INF] UsdFutures order book TIAUSDT status changed: "Connecting" => "Syncing"
2026-08-20 00:00:42.834 +04:00 [INF] UsdFutures order book TIAUSDT status changed: "Syncing" => "Synced"
2026-08-20 00:00:42.837 +04:00 [INF] Futures book Binance:TIAUSDT "Synced"
2026-08-20 00:00:42.838 +04:00 [INF] V5 order book TIAUSDT status changed: "Disconnected" => "Connecting"
2026-08-20 00:00:43.038 +04:00 [INF] [Sckt 7] subscription 177 completed successfully
2026-08-20 00:00:43.039 +04:00 [INF] V5 order book TIAUSDT status changed: "Connecting" => "Syncing"
2026-08-20 00:00:43.040 +04:00 [INF] V5 order book TIAUSDT status changed: "Syncing" => "Synced"
2026-08-20 00:00:43.041 +04:00 [INF] Futures book Bybit:TIAUSDT "Synced"
2026-08-20 00:00:43.042 +04:00 [INF] Unified order book TIA-USDT-SWAP status changed: "Disconnected" => "Connecting"
2026-08-20 00:00:43.382 +04:00 [INF] [Sckt 8] subscription 180 completed successfully
2026-08-20 00:00:43.418 +04:00 [INF] Unified order book TIA-USDT-SWAP status changed: "Connecting" => "Syncing"
2026-08-20 00:00:43.477 +04:00 [INF] Unified order book TIA-USDT-SWAP status changed: "Syncing" => "Synced"
2026-08-20 00:00:43.478 +04:00 [INF] Futures book OKX:TIAUSDT "Synced"
2026-08-20 00:00:43.479 +04:00 [INF] Futures order book TIAUSDT status changed: "Disconnected" => "Connecting"
2026-08-20 00:00:43.758 +04:00 [INF] [Sckt 9] subscription 184 completed successfully
2026-08-20 00:00:43.759 +04:00 [INF] Futures order book TIAUSDT status changed: "Connecting" => "Syncing"
2026-08-20 00:00:43.814 +04:00 [INF] Futures order book TIAUSDT status changed: "Syncing" => "Synced"
2026-08-20 00:00:43.816 +04:00 [INF] Futures book Bitget:TIAUSDT "Synced"
2026-08-20 00:00:43.817 +04:00 [INF] PerpetualFutures order book TIA_USDT status changed: "Disconnected" => "Connecting"
2026-08-20 00:00:44.200 +04:00 [INF] [Sckt 10] subscription 186 completed successfully
2026-08-20 00:00:44.202 +04:00 [INF] PerpetualFutures order book TIA_USDT status changed: "Connecting" => "Syncing"
2026-08-20 00:00:44.204 +04:00 [INF] PerpetualFutures order book TIA_USDT status changed: "Syncing" => "Synced"
2026-08-20 00:00:44.206 +04:00 [INF] Futures book GateIo:TIAUSDT "Synced"
2026-08-20 00:00:44.210 +04:00 [INF] Exchange Binance: 12/12 streams live
2026-08-20 00:00:44.211 +04:00 [INF] Exchange Bybit: 12/12 streams live
2026-08-20 00:00:44.212 +04:00 [INF] Exchange OKX: 12/12 streams live
2026-08-20 00:00:44.215 +04:00 [INF] Exchange Bitget: 12/12 streams live
2026-08-20 00:00:44.216 +04:00 [INF] Exchange GateIo: 12/12 streams live
2026-08-20 00:00:44.217 +04:00 [INF] Futures books: GateIo:ADAUSDT=Synced; Binance:ARBUSDT=Synced; Bybit:INJUSDT=Synced; Bybit:LINKUSDT=Synced; Binance:SUIUSDT=Synced; Bitget:INJUSDT=Synced; GateIo:OPUSDT=Synced; Bitget:APTUSDT=Synced; Bybit:SUIUSDT=Synced; Binance:NEARUSDT=Synced; Bybit:DOGEUSDT=Synced; Binance:APTUSDT=Synced; Bitget:LINKUSDT=Synced; OKX:APTUSDT=Synced; Bitget:ARBUSDT=Synced; Binance:TIAUSDT=Synced; Bybit:AVAXUSDT=Synced; GateIo:TIAUSDT=Synced; GateIo:NEARUSDT=Synced; Bitget:NEARUSDT=Synced; Binance:AVAXUSDT=Synced; Binance:DOGEUSDT=Synced; Bitget:DOGEUSDT=Synced; OKX:DOGEUSDT=Synced; Binance:ADAUSDT=Synced; OKX:INJUSDT=Synced; OKX:ADAUSDT=Synced; OKX:LINKUSDT=Synced; Binance:OPUSDT=Synced; OKX:OPUSDT=Synced; GateIo:INJUSDT=Synced; OKX:SUIUSDT=Synced; OKX:ARBUSDT=Synced; Bitget:AVAXUSDT=Synced; Bitget:OPUSDT=Synced; Bybit:TIAUSDT=Synced; Binance:LINKUSDT=Synced; GateIo:SEIUSDT=Synced; GateIo:AVAXUSDT=Synced; Bitget:TIAUSDT=Synced; OKX:SEIUSDT=Synced; OKX:AVAXUSDT=Synced; Bybit:NEARUSDT=Synced; GateIo:SUIUSDT=Synced; OKX:TIAUSDT=Synced; Bybit:APTUSDT=Synced; Bybit:ADAUSDT=Synced; Bybit:SEIUSDT=Synced; GateIo:LINKUSDT=Synced; Binance:INJUSDT=Synced; Bitget:SEIUSDT=Synced; OKX:NEARUSDT=Synced; GateIo:ARBUSDT=Synced; Bybit:OPUSDT=Synced; Bybit:ARBUSDT=Synced; GateIo:DOGEUSDT=Synced; Bitget:SUIUSDT=Synced; Bitget:ADAUSDT=Synced; GateIo:APTUSDT=Synced; Binance:SEIUSDT=Synced
2026-08-20 00:00:46.736 +04:00 [INF] Funding cache refresh for 12 symbols × 3 exchanges (TTL 45m)
2026-08-20 00:00:55.955 +04:00 [INF] Funding cache entries: 36
2026-08-20 00:30:05.674 +04:00 [INF] Discovery: futures tickers on Binance,Bybit,OKX,Bitget,GateIo (exclude majors BTC,ETH,BNB)
2026-08-20 00:30:07.020 +04:00 [WRN] Futures tickers failed GateIo:  'SettleAsset': Exchange parameter `SettleAsset` for exchange `GateIo` should be provided. Example: usdt
2026-08-20 00:30:07.022 +04:00 [INF] Discovery: spot tickers (supplemental ranking)
2026-08-20 00:30:09.462 +04:00 [WRN] Discovery fallback: автоподбор без объёмов (REST/geo) — curated mid-alts
2026-08-20 00:30:09.464 +04:00 [INF] Symbol refresh (curated-alts): [DOGEUSDT,ADAUSDT,AVAXUSDT,LINKUSDT,SUIUSDT,NEARUSDT,ARBUSDT,OPUSDT,INJUSDT,APTUSDT,SEIUSDT,TIAUSDT] → [DOGEUSDT,ADAUSDT,AVAXUSDT,LINKUSDT,SUIUSDT,NEARUSDT,ARBUSDT,OPUSDT,INJUSDT,APTUSDT,SEIUSDT,TIAUSDT] | changed=false
2026-08-20 00:45:57.038 +04:00 [INF] Funding cache refresh for 12 symbols × 3 exchanges (TTL 45m)
2026-08-20 00:46:05.856 +04:00 [INF] Funding cache entries: 36
2026-08-20 01:00:09.998 +04:00 [INF] Discovery: futures tickers on Binance,Bybit,OKX,Bitget,GateIo (exclude majors BTC,ETH,BNB)
2026-08-20 01:00:11.058 +04:00 [WRN] Futures tickers failed GateIo:  'SettleAsset': Exchange parameter `SettleAsset` for exchange `GateIo` should be provided. Example: usdt
2026-08-20 01:00:11.246 +04:00 [INF] Discovery: spot tickers (supplemental ranking)
2026-08-20 01:00:13.623 +04:00 [WRN] Discovery fallback: автоподбор без объёмов (REST/geo) — curated mid-alts
2026-08-20 01:00:13.625 +04:00 [INF] Symbol refresh (curated-alts): [DOGEUSDT,ADAUSDT,AVAXUSDT,LINKUSDT,SUIUSDT,NEARUSDT,ARBUSDT,OPUSDT,INJUSDT,APTUSDT,SEIUSDT,TIAUSDT] → [DOGEUSDT,ADAUSDT,AVAXUSDT,LINKUSDT,SUIUSDT,NEARUSDT,ARBUSDT,OPUSDT,INJUSDT,APTUSDT,SEIUSDT,TIAUSDT] | changed=false
2026-08-20 01:08:47.368 +04:00 [INF] FUT PAPER OPEN AVAXUSDT L:Bybit S:Bitget qty=58.516576 lev=5x margin=80.00 edge=0.838%
2026-08-20 01:08:47.373 +04:00 [INF] Opened futures paper hedge: AVAXUSDT: L Bybit@6.77 / S Bitget@6.84 | RT 0.723% fund 0.000% → 0.723%
2026-08-20 01:08:48.926 +04:00 [INF] FUT PAPER CLOSE AVAXUSDT pnl=3.3785 reason=converge lev=5x
2026-08-20 01:28:41.546 +04:00 [WRN] [Sckt 3] error: Websocket error code "ConnectionClosedPrematurely", details: The remote party closed the WebSocket connection without completing the close handshake.
System.Net.WebSockets.WebSocketException (0x80004005): The remote party closed the WebSocket connection without completing the close handshake.
   at System.Net.WebSockets.ManagedWebSocket.ThrowEOFUnexpected()
   at System.Net.WebSockets.ManagedWebSocket.EnsureBufferContainsAsync(Int32 minimumRequiredBytes, CancellationToken cancellationToken)
   at System.Runtime.CompilerServices.PoolingAsyncValueTaskMethodBuilder`1.StateMachineBox`1.System.Threading.Tasks.Sources.IValueTaskSource.GetResult(Int16 token)
   at System.Net.WebSockets.ManagedWebSocket.ReceiveAsyncPrivate[TResult](Memory`1 payloadBuffer, CancellationToken cancellationToken)
   at CryptoExchange.Net.Sockets.Default.CryptoExchangeWebSocketClient.ReceiveLoopNewAsync()
2026-08-20 01:28:41.575 +04:00 [WRN] Unified order book DOGE-USDT-SWAP connection lost
2026-08-20 01:28:41.576 +04:00 [INF] Unified order book DOGE-USDT-SWAP status changed: "Synced" => "Reconnecting"
2026-08-20 01:28:41.578 +04:00 [WRN] Unified order book ADA-USDT-SWAP connection lost
2026-08-20 01:28:41.578 +04:00 [INF] Unified order book ADA-USDT-SWAP status changed: "Synced" => "Reconnecting"
2026-08-20 01:28:41.579 +04:00 [WRN] Unified order book AVAX-USDT-SWAP connection lost
2026-08-20 01:28:41.582 +04:00 [INF] Unified order book AVAX-USDT-SWAP status changed: "Synced" => "Reconnecting"
2026-08-20 01:28:41.583 +04:00 [WRN] Unified order book LINK-USDT-SWAP connection lost
2026-08-20 01:28:41.583 +04:00 [INF] Unified order book LINK-USDT-SWAP status changed: "Synced" => "Reconnecting"
2026-08-20 01:28:41.584 +04:00 [WRN] Unified order book SUI-USDT-SWAP connection lost
2026-08-20 01:28:41.585 +04:00 [INF] Unified order book SUI-USDT-SWAP status changed: "Synced" => "Reconnecting"
2026-08-20 01:28:41.585 +04:00 [WRN] Unified order book NEAR-USDT-SWAP connection lost
2026-08-20 01:28:41.587 +04:00 [INF] Unified order book NEAR-USDT-SWAP status changed: "Synced" => "Reconnecting"
2026-08-20 01:28:41.588 +04:00 [WRN] Unified order book ARB-USDT-SWAP connection lost
2026-08-20 01:28:41.588 +04:00 [INF] Unified order book ARB-USDT-SWAP status changed: "Synced" => "Reconnecting"
2026-08-20 01:28:41.589 +04:00 [WRN] Unified order book OP-USDT-SWAP connection lost
2026-08-20 01:28:41.590 +04:00 [INF] Unified order book OP-USDT-SWAP status changed: "Synced" => "Reconnecting"
2026-08-20 01:28:41.591 +04:00 [WRN] Unified order book INJ-USDT-SWAP connection lost
2026-08-20 01:28:41.592 +04:00 [INF] Unified order book INJ-USDT-SWAP status changed: "Synced" => "Reconnecting"
2026-08-20 01:28:41.593 +04:00 [WRN] Unified order book APT-USDT-SWAP connection lost
2026-08-20 01:28:41.593 +04:00 [INF] Unified order book APT-USDT-SWAP status changed: "Synced" => "Reconnecting"
2026-08-20 01:28:44.230 +04:00 [INF] Unified order book DOGE-USDT-SWAP status changed: "Reconnecting" => "Syncing"
2026-08-20 01:28:44.232 +04:00 [INF] Unified order book DOGE-USDT-SWAP successfully resynchronized
2026-08-20 01:28:44.233 +04:00 [INF] Unified order book DOGE-USDT-SWAP status changed: "Syncing" => "Synced"
2026-08-20 01:28:44.234 +04:00 [INF] Unified order book ADA-USDT-SWAP status changed: "Reconnecting" => "Syncing"
2026-08-20 01:28:44.235 +04:00 [INF] Unified order book ADA-USDT-SWAP successfully resynchronized
2026-08-20 01:28:44.235 +04:00 [INF] Unified order book ADA-USDT-SWAP status changed: "Syncing" => "Synced"
2026-08-20 01:28:44.237 +04:00 [INF] Unified order book AVAX-USDT-SWAP status changed: "Reconnecting" => "Syncing"
2026-08-20 01:28:44.237 +04:00 [INF] Unified order book AVAX-USDT-SWAP successfully resynchronized
2026-08-20 01:28:44.238 +04:00 [INF] Unified order book AVAX-USDT-SWAP status changed: "Syncing" => "Synced"
2026-08-20 01:28:44.240 +04:00 [INF] Unified order book LINK-USDT-SWAP status changed: "Reconnecting" => "Syncing"
2026-08-20 01:28:44.241 +04:00 [INF] Unified order book LINK-USDT-SWAP successfully resynchronized
2026-08-20 01:28:44.242 +04:00 [INF] Unified order book LINK-USDT-SWAP status changed: "Syncing" => "Synced"
2026-08-20 01:28:44.243 +04:00 [INF] Unified order book SUI-USDT-SWAP status changed: "Reconnecting" => "Syncing"
2026-08-20 01:28:44.244 +04:00 [INF] Unified order book SUI-USDT-SWAP successfully resynchronized
2026-08-20 01:28:44.244 +04:00 [INF] Unified order book SUI-USDT-SWAP status changed: "Syncing" => "Synced"
2026-08-20 01:28:44.245 +04:00 [INF] Unified order book NEAR-USDT-SWAP status changed: "Reconnecting" => "Syncing"
2026-08-20 01:28:44.246 +04:00 [INF] Unified order book NEAR-USDT-SWAP successfully resynchronized
2026-08-20 01:28:44.247 +04:00 [INF] Unified order book NEAR-USDT-SWAP status changed: "Syncing" => "Synced"
2026-08-20 01:28:44.248 +04:00 [INF] Unified order book ARB-USDT-SWAP status changed: "Reconnecting" => "Syncing"
2026-08-20 01:28:44.249 +04:00 [INF] Unified order book ARB-USDT-SWAP successfully resynchronized
2026-08-20 01:28:44.249 +04:00 [INF] Unified order book ARB-USDT-SWAP status changed: "Syncing" => "Synced"
2026-08-20 01:28:44.250 +04:00 [INF] Unified order book OP-USDT-SWAP status changed: "Reconnecting" => "Syncing"
2026-08-20 01:28:44.251 +04:00 [INF] Unified order book OP-USDT-SWAP successfully resynchronized
2026-08-20 01:28:44.251 +04:00 [INF] Unified order book OP-USDT-SWAP status changed: "Syncing" => "Synced"
2026-08-20 01:28:44.252 +04:00 [INF] Unified order book INJ-USDT-SWAP status changed: "Reconnecting" => "Syncing"
2026-08-20 01:28:44.253 +04:00 [INF] Unified order book INJ-USDT-SWAP successfully resynchronized
2026-08-20 01:28:44.254 +04:00 [INF] Unified order book INJ-USDT-SWAP status changed: "Syncing" => "Synced"
2026-08-20 01:28:44.257 +04:00 [INF] Unified order book APT-USDT-SWAP status changed: "Reconnecting" => "Syncing"
2026-08-20 01:28:44.379 +04:00 [INF] Unified order book APT-USDT-SWAP successfully resynchronized
2026-08-20 01:28:44.383 +04:00 [INF] Unified order book APT-USDT-SWAP status changed: "Syncing" => "Synced"
2026-08-20 01:30:14.872 +04:00 [INF] Discovery: futures tickers on Binance,Bybit,OKX,Bitget,GateIo (exclude majors BTC,ETH,BNB)
2026-08-20 01:30:16.350 +04:00 [WRN] Futures tickers failed GateIo:  'SettleAsset': Exchange parameter `SettleAsset` for exchange `GateIo` should be provided. Example: usdt
2026-08-20 01:30:16.351 +04:00 [INF] Discovery: spot tickers (supplemental ranking)
2026-08-20 01:30:18.938 +04:00 [WRN] Discovery fallback: автоподбор без объёмов (REST/geo) — curated mid-alts
2026-08-20 01:30:18.939 +04:00 [INF] Symbol refresh (curated-alts): [DOGEUSDT,ADAUSDT,AVAXUSDT,LINKUSDT,SUIUSDT,NEARUSDT,ARBUSDT,OPUSDT,INJUSDT,APTUSDT,SEIUSDT,TIAUSDT] → [DOGEUSDT,ADAUSDT,AVAXUSDT,LINKUSDT,SUIUSDT,NEARUSDT,ARBUSDT,OPUSDT,INJUSDT,APTUSDT,SEIUSDT,TIAUSDT] | changed=false
2026-08-20 01:31:06.093 +04:00 [INF] Funding cache refresh for 12 symbols × 3 exchanges (TTL 45m)
2026-08-20 01:31:14.489 +04:00 [INF] Funding cache entries: 36
2026-08-20 01:31:24.423 +04:00 [WRN] [Sckt 8] error: Websocket error code "ConnectionClosedPrematurely", details: The remote party closed the WebSocket connection without completing the close handshake.
System.Net.WebSockets.WebSocketException (0x80004005): The remote party closed the WebSocket connection without completing the close handshake.
   at System.Net.WebSockets.ManagedWebSocket.ThrowEOFUnexpected()
   at System.Net.WebSockets.ManagedWebSocket.EnsureBufferContainsAsync(Int32 minimumRequiredBytes, CancellationToken cancellationToken)
   at System.Runtime.CompilerServices.PoolingAsyncValueTaskMethodBuilder`1.StateMachineBox`1.System.Threading.Tasks.Sources.IValueTaskSource.GetResult(Int16 token)
   at System.Net.WebSockets.ManagedWebSocket.ReceiveAsyncPrivate[TResult](Memory`1 payloadBuffer, CancellationToken cancellationToken)
   at CryptoExchange.Net.Sockets.Default.CryptoExchangeWebSocketClient.ReceiveLoopNewAsync()
2026-08-20 01:31:24.427 +04:00 [WRN] Unified order book SEI-USDT-SWAP connection lost
2026-08-20 01:31:24.428 +04:00 [INF] Unified order book SEI-USDT-SWAP status changed: "Synced" => "Reconnecting"
2026-08-20 01:31:24.429 +04:00 [WRN] Unified order book TIA-USDT-SWAP connection lost
2026-08-20 01:31:24.430 +04:00 [INF] Unified order book TIA-USDT-SWAP status changed: "Synced" => "Reconnecting"
2026-08-20 01:31:25.845 +04:00 [INF] Unified order book SEI-USDT-SWAP status changed: "Reconnecting" => "Syncing"
2026-08-20 01:31:25.847 +04:00 [INF] Unified order book TIA-USDT-SWAP status changed: "Reconnecting" => "Syncing"
2026-08-20 01:31:26.403 +04:00 [INF] Unified order book TIA-USDT-SWAP successfully resynchronized
2026-08-20 01:31:26.404 +04:00 [INF] Unified order book TIA-USDT-SWAP status changed: "Syncing" => "Synced"
2026-08-20 01:31:26.403 +04:00 [INF] Unified order book SEI-USDT-SWAP successfully resynchronized
2026-08-20 01:31:26.406 +04:00 [INF] Unified order book SEI-USDT-SWAP status changed: "Syncing" => "Synced"
2026-08-20 02:00:19.834 +04:00 [INF] Discovery: futures tickers on Binance,Bybit,OKX,Bitget,GateIo (exclude majors BTC,ETH,BNB)
2026-08-20 02:00:21.242 +04:00 [WRN] Futures tickers failed GateIo:  'SettleAsset': Exchange parameter `SettleAsset` for exchange `GateIo` should be provided. Example: usdt
2026-08-20 02:00:21.243 +04:00 [INF] Discovery: spot tickers (supplemental ranking)
2026-08-20 02:00:23.746 +04:00 [WRN] Discovery fallback: автоподбор без объёмов (REST/geo) — curated mid-alts
2026-08-20 02:00:23.747 +04:00 [INF] Symbol refresh (curated-alts): [DOGEUSDT,ADAUSDT,AVAXUSDT,LINKUSDT,SUIUSDT,NEARUSDT,ARBUSDT,OPUSDT,INJUSDT,APTUSDT,SEIUSDT,TIAUSDT] → [DOGEUSDT,ADAUSDT,AVAXUSDT,LINKUSDT,SUIUSDT,NEARUSDT,ARBUSDT,OPUSDT,INJUSDT,APTUSDT,SEIUSDT,TIAUSDT] | changed=false
2026-08-20 02:14:37.546 +04:00 [INF] FUT PAPER OPEN TIAUSDT L:Binance S:OKX qty=1205.908954 lev=5x margin=80.00 edge=1.993%
2026-08-20 02:14:37.548 +04:00 [INF] Opened futures paper hedge: TIAUSDT: L Binance@0.32 / S OKX@0.33 | RT 1.893% fund 0.000% → 1.893%
2026-08-20 02:14:39.074 +04:00 [INF] FUT PAPER CLOSE TIAUSDT pnl=7.0851 reason=converge lev=5x
2026-08-20 02:16:14.845 +04:00 [INF] Funding cache refresh for 12 symbols × 3 exchanges (TTL 45m)
2026-08-20 02:16:23.332 +04:00 [INF] Funding cache entries: 36
2026-08-20 02:30:23.896 +04:00 [INF] Discovery: futures tickers on Binance,Bybit,OKX,Bitget,GateIo (exclude majors BTC,ETH,BNB)
2026-08-20 02:30:26.285 +04:00 [WRN] Futures tickers failed GateIo:  'SettleAsset': Exchange parameter `SettleAsset` for exchange `GateIo` should be provided. Example: usdt
2026-08-20 02:30:26.287 +04:00 [INF] Discovery: spot tickers (supplemental ranking)
2026-08-20 02:30:28.564 +04:00 [WRN] Discovery fallback: автоподбор без объёмов (REST/geo) — curated mid-alts
2026-08-20 02:30:28.565 +04:00 [INF] Symbol refresh (curated-alts): [DOGEUSDT,ADAUSDT,AVAXUSDT,LINKUSDT,SUIUSDT,NEARUSDT,ARBUSDT,OPUSDT,INJUSDT,APTUSDT,SEIUSDT,TIAUSDT] → [DOGEUSDT,ADAUSDT,AVAXUSDT,LINKUSDT,SUIUSDT,NEARUSDT,ARBUSDT,OPUSDT,INJUSDT,APTUSDT,SEIUSDT,TIAUSDT] | changed=false
2026-08-20 03:00:29.454 +04:00 [INF] Discovery: futures tickers on Binance,Bybit,OKX,Bitget,GateIo (exclude majors BTC,ETH,BNB)
2026-08-20 03:00:30.902 +04:00 [WRN] Futures tickers failed GateIo:  'SettleAsset': Exchange parameter `SettleAsset` for exchange `GateIo` should be provided. Example: usdt
2026-08-20 03:00:30.904 +04:00 [INF] Discovery: spot tickers (supplemental ranking)
2026-08-20 03:00:33.467 +04:00 [WRN] Discovery fallback: автоподбор без объёмов (REST/geo) — curated mid-alts
2026-08-20 03:00:33.468 +04:00 [INF] Symbol refresh (curated-alts): [DOGEUSDT,ADAUSDT,AVAXUSDT,LINKUSDT,SUIUSDT,NEARUSDT,ARBUSDT,OPUSDT,INJUSDT,APTUSDT,SEIUSDT,TIAUSDT] → [DOGEUSDT,ADAUSDT,AVAXUSDT,LINKUSDT,SUIUSDT,NEARUSDT,ARBUSDT,OPUSDT,INJUSDT,APTUSDT,SEIUSDT,TIAUSDT] | changed=false
2026-08-20 03:01:23.608 +04:00 [INF] Funding cache refresh for 12 symbols × 3 exchanges (TTL 45m)
2026-08-20 03:01:31.939 +04:00 [INF] Funding cache entries: 36
2026-08-20 03:10:45.212 +04:00 [WRN] [Sckt 9] error: Websocket error code "ConnectionClosedPrematurely", details: The remote party closed the WebSocket connection without completing the close handshake.
System.Net.WebSockets.WebSocketException (0x80004005): The remote party closed the WebSocket connection without completing the close handshake.
 ---> System.IO.IOException: Unable to read data from the transport connection: An existing connection was forcibly closed by the remote host..
 ---> System.Net.Sockets.SocketException (10054): An existing connection was forcibly closed by the remote host.
   --- End of inner exception stack trace ---
   at System.Net.Sockets.Socket.AwaitableSocketAsyncEventArgs.ThrowException(SocketError error, CancellationToken cancellationToken)
   at System.Net.Sockets.Socket.AwaitableSocketAsyncEventArgs.System.Threading.Tasks.Sources.IValueTaskSource<System.Int32>.GetResult(Int16 token)
   at System.Net.Security.SslStream.EnsureFullTlsFrameAsync[TIOAdapter](CancellationToken cancellationToken, Int32 estimatedSize)
   at System.Runtime.CompilerServices.PoolingAsyncValueTaskMethodBuilder`1.StateMachineBox`1.System.Threading.Tasks.Sources.IValueTaskSource<TResult>.GetResult(Int16 token)
   at System.Net.Security.SslStream.ReadAsyncInternal[TIOAdapter](Memory`1 buffer, CancellationToken cancellationToken)
   at System.Runtime.CompilerServices.PoolingAsyncValueTaskMethodBuilder`1.StateMachineBox`1.System.Threading.Tasks.Sources.IValueTaskSource<TResult>.GetResult(Int16 token)
   at System.Net.Http.HttpConnection.ReadBufferedAsyncCore(Memory`1 destination)
   at System.Runtime.CompilerServices.PoolingAsyncValueTaskMethodBuilder`1.StateMachineBox`1.System.Threading.Tasks.Sources.IValueTaskSource<TResult>.GetResult(Int16 token)
   at System.Net.Http.HttpConnection.RawConnectionStream.ReadAsync(Memory`1 buffer, CancellationToken cancellationToken)
   at System.Runtime.CompilerServices.PoolingAsyncValueTaskMethodBuilder`1.StateMachineBox`1.System.Threading.Tasks.Sources.IValueTaskSource<TResult>.GetResult(Int16 token)
   at System.IO.Stream.ReadAtLeastAsyncCore(Memory`1 buffer, Int32 minimumBytes, Boolean throwOnEndOfStream, CancellationToken cancellationToken)
   at System.Runtime.CompilerServices.PoolingAsyncValueTaskMethodBuilder`1.StateMachineBox`1.System.Threading.Tasks.Sources.IValueTaskSource<TResult>.GetResult(Int16 token)
   at System.Net.WebSockets.ManagedWebSocket.EnsureBufferContainsAsync(Int32 minimumRequiredBytes, CancellationToken cancellationToken)
   at System.Runtime.CompilerServices.PoolingAsyncValueTaskMethodBuilder`1.StateMachineBox`1.System.Threading.Tasks.Sources.IValueTaskSource.GetResult(Int16 token)
   at System.Net.WebSockets.ManagedWebSocket.ReceiveAsyncPrivate[TResult](Memory`1 payloadBuffer, CancellationToken cancellationToken)
   at System.Net.WebSockets.ManagedWebSocket.ReceiveAsyncPrivate[TResult](Memory`1 payloadBuffer, CancellationToken cancellationToken)
   at CryptoExchange.Net.Sockets.Default.CryptoExchangeWebSocketClient.ReceiveLoopNewAsync()
2026-08-20 03:10:45.224 +04:00 [WRN] Futures order book SEIUSDT connection lost
2026-08-20 03:10:45.226 +04:00 [INF] Futures order book SEIUSDT status changed: "Synced" => "Reconnecting"
2026-08-20 03:10:45.228 +04:00 [WRN] Futures order book TIAUSDT connection lost
2026-08-20 03:10:45.228 +04:00 [INF] Futures order book TIAUSDT status changed: "Synced" => "Reconnecting"
2026-08-20 03:10:46.902 +04:00 [INF] Futures order book SEIUSDT status changed: "Reconnecting" => "Syncing"
2026-08-20 03:10:46.905 +04:00 [INF] Futures order book SEIUSDT successfully resynchronized
2026-08-20 03:10:46.906 +04:00 [INF] Futures order book SEIUSDT status changed: "Syncing" => "Synced"
2026-08-20 03:10:46.906 +04:00 [INF] Futures order book TIAUSDT status changed: "Reconnecting" => "Syncing"
2026-08-20 03:10:47.156 +04:00 [INF] Futures order book TIAUSDT successfully resynchronized
2026-08-20 03:10:47.157 +04:00 [INF] Futures order book TIAUSDT status changed: "Syncing" => "Synced"
2026-08-20 03:30:34.538 +04:00 [INF] Discovery: futures tickers on Binance,Bybit,OKX,Bitget,GateIo (exclude majors BTC,ETH,BNB)
2026-08-20 03:30:35.923 +04:00 [WRN] Futures tickers failed GateIo:  'SettleAsset': Exchange parameter `SettleAsset` for exchange `GateIo` should be provided. Example: usdt
2026-08-20 03:30:35.925 +04:00 [INF] Discovery: spot tickers (supplemental ranking)
2026-08-20 03:30:38.659 +04:00 [WRN] Discovery fallback: автоподбор без объёмов (REST/geo) — curated mid-alts
2026-08-20 03:30:38.660 +04:00 [INF] Symbol refresh (curated-alts): [DOGEUSDT,ADAUSDT,AVAXUSDT,LINKUSDT,SUIUSDT,NEARUSDT,ARBUSDT,OPUSDT,INJUSDT,APTUSDT,SEIUSDT,TIAUSDT] → [DOGEUSDT,ADAUSDT,AVAXUSDT,LINKUSDT,SUIUSDT,NEARUSDT,ARBUSDT,OPUSDT,INJUSDT,APTUSDT,SEIUSDT,TIAUSDT] | changed=false
2026-08-20 03:46:32.459 +04:00 [INF] Funding cache refresh for 12 symbols × 3 exchanges (TTL 45m)
2026-08-20 03:46:41.297 +04:00 [INF] Funding cache entries: 36
2026-08-20 04:00:38.792 +04:00 [INF] Discovery: futures tickers on Binance,Bybit,OKX,Bitget,GateIo (exclude majors BTC,ETH,BNB)
2026-08-20 04:00:40.244 +04:00 [WRN] Futures tickers failed GateIo:  'SettleAsset': Exchange parameter `SettleAsset` for exchange `GateIo` should be provided. Example: usdt
2026-08-20 04:00:40.246 +04:00 [INF] Discovery: spot tickers (supplemental ranking)
2026-08-20 04:00:42.631 +04:00 [WRN] Discovery fallback: автоподбор без объёмов (REST/geo) — curated mid-alts
2026-08-20 04:00:42.632 +04:00 [INF] Symbol refresh (curated-alts): [DOGEUSDT,ADAUSDT,AVAXUSDT,LINKUSDT,SUIUSDT,NEARUSDT,ARBUSDT,OPUSDT,INJUSDT,APTUSDT,SEIUSDT,TIAUSDT] → [DOGEUSDT,ADAUSDT,AVAXUSDT,LINKUSDT,SUIUSDT,NEARUSDT,ARBUSDT,OPUSDT,INJUSDT,APTUSDT,SEIUSDT,TIAUSDT] | changed=false
2026-08-20 04:03:00.270 +04:00 [WRN] [Sckt 9] error: Websocket error code "ConnectionClosedPrematurely", details: The remote party closed the WebSocket connection without completing the close handshake.
System.Net.WebSockets.WebSocketException (0x80004005): The remote party closed the WebSocket connection without completing the close handshake.
   at System.Net.WebSockets.ManagedWebSocket.ThrowEOFUnexpected()
   at System.Net.WebSockets.ManagedWebSocket.EnsureBufferContainsAsync(Int32 minimumRequiredBytes, CancellationToken cancellationToken)
   at System.Runtime.CompilerServices.PoolingAsyncValueTaskMethodBuilder`1.StateMachineBox`1.System.Threading.Tasks.Sources.IValueTaskSource.GetResult(Int16 token)
   at System.Net.WebSockets.ManagedWebSocket.ReceiveAsyncPrivate[TResult](Memory`1 payloadBuffer, CancellationToken cancellationToken)
   at CryptoExchange.Net.Sockets.Default.CryptoExchangeWebSocketClient.ReceiveLoopNewAsync()
2026-08-20 04:03:00.276 +04:00 [WRN] Futures order book SEIUSDT connection lost
2026-08-20 04:03:00.277 +04:00 [INF] Futures order book SEIUSDT status changed: "Synced" => "Reconnecting"
2026-08-20 04:03:00.278 +04:00 [WRN] Futures order book TIAUSDT connection lost
2026-08-20 04:03:00.279 +04:00 [INF] Futures order book TIAUSDT status changed: "Synced" => "Reconnecting"
2026-08-20 04:03:01.961 +04:00 [INF] Futures order book SEIUSDT status changed: "Reconnecting" => "Syncing"
2026-08-20 04:03:01.963 +04:00 [INF] Futures order book TIAUSDT status changed: "Reconnecting" => "Syncing"
2026-08-20 04:03:01.964 +04:00 [INF] Futures order book TIAUSDT successfully resynchronized
2026-08-20 04:03:01.964 +04:00 [INF] Futures order book TIAUSDT status changed: "Syncing" => "Synced"
2026-08-20 04:03:02.200 +04:00 [INF] Futures order book SEIUSDT successfully resynchronized
2026-08-20 04:03:02.201 +04:00 [INF] Futures order book SEIUSDT status changed: "Syncing" => "Synced"
2026-08-20 04:12:08.094 +04:00 [INF] FUT PAPER OPEN ARBUSDT L:Bybit S:Binance qty=4530.527968 lev=5x margin=80.00 edge=0.384%
2026-08-20 04:12:08.096 +04:00 [INF] Opened futures paper hedge: ARBUSDT: L Bybit@0.09 / S Binance@0.09 | RT 0.279% fund -0.021% → 0.258%
2026-08-20 04:12:09.616 +04:00 [INF] FUT PAPER CLOSE ARBUSDT pnl=1.3488 reason=converge lev=5x
2026-08-20 04:12:37.215 +04:00 [WRN] [Sckt 9] error: Websocket error code "ConnectionClosedPrematurely", details: The remote party closed the WebSocket connection without completing the close handshake.
System.Net.WebSockets.WebSocketException (0x80004005): The remote party closed the WebSocket connection without completing the close handshake.
 ---> System.IO.IOException: Unable to read data from the transport connection: An existing connection was forcibly closed by the remote host..
 ---> System.Net.Sockets.SocketException (10054): An existing connection was forcibly closed by the remote host.
   --- End of inner exception stack trace ---
   at System.Net.Sockets.Socket.AwaitableSocketAsyncEventArgs.ThrowException(SocketError error, CancellationToken cancellationToken)
   at System.Net.Sockets.Socket.AwaitableSocketAsyncEventArgs.System.Threading.Tasks.Sources.IValueTaskSource<System.Int32>.GetResult(Int16 token)
   at System.Net.Security.SslStream.EnsureFullTlsFrameAsync[TIOAdapter](CancellationToken cancellationToken, Int32 estimatedSize)
   at System.Runtime.CompilerServices.PoolingAsyncValueTaskMethodBuilder`1.StateMachineBox`1.System.Threading.Tasks.Sources.IValueTaskSource<TResult>.GetResult(Int16 token)
   at System.Net.Security.SslStream.ReadAsyncInternal[TIOAdapter](Memory`1 buffer, CancellationToken cancellationToken)
   at System.Runtime.CompilerServices.PoolingAsyncValueTaskMethodBuilder`1.StateMachineBox`1.System.Threading.Tasks.Sources.IValueTaskSource<TResult>.GetResult(Int16 token)
   at System.Net.Http.HttpConnection.ReadBufferedAsyncCore(Memory`1 destination)
   at System.Runtime.CompilerServices.PoolingAsyncValueTaskMethodBuilder`1.StateMachineBox`1.System.Threading.Tasks.Sources.IValueTaskSource<TResult>.GetResult(Int16 token)
   at System.Net.Http.HttpConnection.RawConnectionStream.ReadAsync(Memory`1 buffer, CancellationToken cancellationToken)
   at System.Runtime.CompilerServices.PoolingAsyncValueTaskMethodBuilder`1.StateMachineBox`1.System.Threading.Tasks.Sources.IValueTaskSource<TResult>.GetResult(Int16 token)
   at System.IO.Stream.ReadAtLeastAsyncCore(Memory`1 buffer, Int32 minimumBytes, Boolean throwOnEndOfStream, CancellationToken cancellationToken)
   at System.Runtime.CompilerServices.PoolingAsyncValueTaskMethodBuilder`1.StateMachineBox`1.System.Threading.Tasks.Sources.IValueTaskSource<TResult>.GetResult(Int16 token)
   at System.Net.WebSockets.ManagedWebSocket.EnsureBufferContainsAsync(Int32 minimumRequiredBytes, CancellationToken cancellationToken)
   at System.Runtime.CompilerServices.PoolingAsyncValueTaskMethodBuilder`1.StateMachineBox`1.System.Threading.Tasks.Sources.IValueTaskSource.GetResult(Int16 token)
   at System.Net.WebSockets.ManagedWebSocket.ReceiveAsyncPrivate[TResult](Memory`1 payloadBuffer, CancellationToken cancellationToken)
   at System.Net.WebSockets.ManagedWebSocket.ReceiveAsyncPrivate[TResult](Memory`1 payloadBuffer, CancellationToken cancellationToken)
   at CryptoExchange.Net.Sockets.Default.CryptoExchangeWebSocketClient.ReceiveLoopNewAsync()
2026-08-20 04:12:37.225 +04:00 [WRN] Futures order book SEIUSDT connection lost
2026-08-20 04:12:37.226 +04:00 [INF] Futures order book SEIUSDT status changed: "Synced" => "Reconnecting"
2026-08-20 04:12:37.226 +04:00 [WRN] Futures order book TIAUSDT connection lost
2026-08-20 04:12:37.229 +04:00 [INF] Futures order book TIAUSDT status changed: "Synced" => "Reconnecting"
2026-08-20 04:12:39.046 +04:00 [INF] Futures order book SEIUSDT status changed: "Reconnecting" => "Syncing"
2026-08-20 04:12:39.048 +04:00 [INF] Futures order book TIAUSDT status changed: "Reconnecting" => "Syncing"
2026-08-20 04:12:39.358 +04:00 [INF] Futures order book TIAUSDT successfully resynchronized
2026-08-20 04:12:39.358 +04:00 [INF] Futures order book SEIUSDT successfully resynchronized
2026-08-20 04:12:39.361 +04:00 [INF] Futures order book SEIUSDT status changed: "Syncing" => "Synced"
2026-08-20 04:12:39.360 +04:00 [INF] Futures order book TIAUSDT status changed: "Syncing" => "Synced"
2026-08-20 04:14:12.848 +04:00 [WRN] [Sckt 8] error: Websocket error code "ConnectionClosedPrematurely", details: The remote party closed the WebSocket connection without completing the close handshake.
System.Net.WebSockets.WebSocketException (0x80004005): The remote party closed the WebSocket connection without completing the close handshake.
   at System.Net.WebSockets.ManagedWebSocket.ThrowEOFUnexpected()
   at System.Net.WebSockets.ManagedWebSocket.EnsureBufferContainsAsync(Int32 minimumRequiredBytes, CancellationToken cancellationToken)
   at System.Runtime.CompilerServices.PoolingAsyncValueTaskMethodBuilder`1.StateMachineBox`1.System.Threading.Tasks.Sources.IValueTaskSource.GetResult(Int16 token)
   at System.Net.WebSockets.ManagedWebSocket.ReceiveAsyncPrivate[TResult](Memory`1 payloadBuffer, CancellationToken cancellationToken)
   at CryptoExchange.Net.Sockets.Default.CryptoExchangeWebSocketClient.ReceiveLoopNewAsync()
2026-08-20 04:14:12.853 +04:00 [WRN] Unified order book SEI-USDT-SWAP connection lost
2026-08-20 04:14:12.854 +04:00 [WRN] [Sckt 3] error: Websocket error code "ConnectionClosedPrematurely", details: The remote party closed the WebSocket connection without completing the close handshake.
System.Net.WebSockets.WebSocketException (0x80004005): The remote party closed the WebSocket connection without completing the close handshake.
   at System.Net.WebSockets.ManagedWebSocket.ThrowEOFUnexpected()
   at System.Net.WebSockets.ManagedWebSocket.EnsureBufferContainsAsync(Int32 minimumRequiredBytes, CancellationToken cancellationToken)
   at System.Runtime.CompilerServices.PoolingAsyncValueTaskMethodBuilder`1.StateMachineBox`1.System.Threading.Tasks.Sources.IValueTaskSource.GetResult(Int16 token)
   at System.Net.WebSockets.ManagedWebSocket.ReceiveAsyncPrivate[TResult](Memory`1 payloadBuffer, CancellationToken cancellationToken)
   at CryptoExchange.Net.Sockets.Default.CryptoExchangeWebSocketClient.ReceiveLoopNewAsync()
2026-08-20 04:14:12.857 +04:00 [INF] Unified order book SEI-USDT-SWAP status changed: "Synced" => "Reconnecting"
2026-08-20 04:14:12.873 +04:00 [WRN] Unified order book TIA-USDT-SWAP connection lost
2026-08-20 04:14:12.872 +04:00 [WRN] Unified order book DOGE-USDT-SWAP connection lost
2026-08-20 04:14:12.875 +04:00 [INF] Unified order book TIA-USDT-SWAP status changed: "Synced" => "Reconnecting"
2026-08-20 04:14:12.880 +04:00 [INF] Unified order book DOGE-USDT-SWAP status changed: "Synced" => "Reconnecting"
2026-08-20 04:14:12.882 +04:00 [WRN] Unified order book ADA-USDT-SWAP connection lost
2026-08-20 04:14:12.882 +04:00 [INF] Unified order book ADA-USDT-SWAP status changed: "Synced" => "Reconnecting"
2026-08-20 04:14:12.883 +04:00 [WRN] Unified order book AVAX-USDT-SWAP connection lost
2026-08-20 04:14:12.884 +04:00 [INF] Unified order book AVAX-USDT-SWAP status changed: "Synced" => "Reconnecting"
2026-08-20 04:14:12.885 +04:00 [WRN] Unified order book LINK-USDT-SWAP connection lost
2026-08-20 04:14:12.886 +04:00 [INF] Unified order book LINK-USDT-SWAP status changed: "Synced" => "Reconnecting"
2026-08-20 04:14:12.886 +04:00 [WRN] Unified order book SUI-USDT-SWAP connection lost
2026-08-20 04:14:12.887 +04:00 [INF] Unified order book SUI-USDT-SWAP status changed: "Synced" => "Reconnecting"
2026-08-20 04:14:12.888 +04:00 [WRN] Unified order book NEAR-USDT-SWAP connection lost
2026-08-20 04:14:12.891 +04:00 [INF] Unified order book NEAR-USDT-SWAP status changed: "Synced" => "Reconnecting"
2026-08-20 04:14:12.898 +04:00 [WRN] Unified order book ARB-USDT-SWAP connection lost
2026-08-20 04:14:12.899 +04:00 [INF] Unified order book ARB-USDT-SWAP status changed: "Synced" => "Reconnecting"
2026-08-20 04:14:12.900 +04:00 [WRN] Unified order book OP-USDT-SWAP connection lost
2026-08-20 04:14:12.900 +04:00 [INF] Unified order book OP-USDT-SWAP status changed: "Synced" => "Reconnecting"
2026-08-20 04:14:12.901 +04:00 [WRN] Unified order book INJ-USDT-SWAP connection lost
2026-08-20 04:14:12.901 +04:00 [INF] Unified order book INJ-USDT-SWAP status changed: "Synced" => "Reconnecting"
2026-08-20 04:14:12.902 +04:00 [WRN] Unified order book APT-USDT-SWAP connection lost
2026-08-20 04:14:12.905 +04:00 [INF] Unified order book APT-USDT-SWAP status changed: "Synced" => "Reconnecting"
2026-08-20 04:14:14.278 +04:00 [INF] Unified order book SEI-USDT-SWAP status changed: "Reconnecting" => "Syncing"
2026-08-20 04:14:14.279 +04:00 [INF] Unified order book TIA-USDT-SWAP status changed: "Reconnecting" => "Syncing"
2026-08-20 04:14:14.705 +04:00 [INF] Unified order book TIA-USDT-SWAP successfully resynchronized
2026-08-20 04:14:14.705 +04:00 [INF] Unified order book SEI-USDT-SWAP successfully resynchronized
2026-08-20 04:14:14.707 +04:00 [INF] Unified order book TIA-USDT-SWAP status changed: "Syncing" => "Synced"
2026-08-20 04:14:14.708 +04:00 [INF] Unified order book SEI-USDT-SWAP status changed: "Syncing" => "Synced"
2026-08-20 04:14:15.540 +04:00 [INF] Unified order book DOGE-USDT-SWAP status changed: "Reconnecting" => "Syncing"
2026-08-20 04:14:15.542 +04:00 [INF] Unified order book DOGE-USDT-SWAP successfully resynchronized
2026-08-20 04:14:15.543 +04:00 [INF] Unified order book DOGE-USDT-SWAP status changed: "Syncing" => "Synced"
2026-08-20 04:14:15.544 +04:00 [INF] Unified order book ADA-USDT-SWAP status changed: "Reconnecting" => "Syncing"
2026-08-20 04:14:15.545 +04:00 [INF] Unified order book ADA-USDT-SWAP successfully resynchronized
2026-08-20 04:14:15.545 +04:00 [INF] Unified order book ADA-USDT-SWAP status changed: "Syncing" => "Synced"
2026-08-20 04:14:15.546 +04:00 [INF] Unified order book AVAX-USDT-SWAP status changed: "Reconnecting" => "Syncing"
2026-08-20 04:14:15.547 +04:00 [INF] Unified order book AVAX-USDT-SWAP successfully resynchronized
2026-08-20 04:14:15.548 +04:00 [INF] Unified order book AVAX-USDT-SWAP status changed: "Syncing" => "Synced"
2026-08-20 04:14:15.549 +04:00 [INF] Unified order book LINK-USDT-SWAP status changed: "Reconnecting" => "Syncing"
2026-08-20 04:14:15.550 +04:00 [INF] Unified order book LINK-USDT-SWAP successfully resynchronized
2026-08-20 04:14:15.551 +04:00 [INF] Unified order book LINK-USDT-SWAP status changed: "Syncing" => "Synced"
2026-08-20 04:14:15.552 +04:00 [INF] Unified order book SUI-USDT-SWAP status changed: "Reconnecting" => "Syncing"
2026-08-20 04:14:15.552 +04:00 [INF] Unified order book SUI-USDT-SWAP successfully resynchronized
2026-08-20 04:14:15.553 +04:00 [INF] Unified order book SUI-USDT-SWAP status changed: "Syncing" => "Synced"
2026-08-20 04:14:15.554 +04:00 [INF] Unified order book NEAR-USDT-SWAP status changed: "Reconnecting" => "Syncing"
2026-08-20 04:14:15.554 +04:00 [INF] Unified order book NEAR-USDT-SWAP successfully resynchronized
2026-08-20 04:14:15.555 +04:00 [INF] Unified order book NEAR-USDT-SWAP status changed: "Syncing" => "Synced"
2026-08-20 04:14:15.556 +04:00 [INF] Unified order book ARB-USDT-SWAP status changed: "Reconnecting" => "Syncing"
2026-08-20 04:14:15.557 +04:00 [INF] Unified order book ARB-USDT-SWAP successfully resynchronized
2026-08-20 04:14:15.557 +04:00 [INF] Unified order book ARB-USDT-SWAP status changed: "Syncing" => "Synced"
2026-08-20 04:14:15.561 +04:00 [INF] Unified order book OP-USDT-SWAP status changed: "Reconnecting" => "Syncing"
2026-08-20 04:14:15.563 +04:00 [INF] Unified order book OP-USDT-SWAP successfully resynchronized
2026-08-20 04:14:15.563 +04:00 [INF] Unified order book OP-USDT-SWAP status changed: "Syncing" => "Synced"
2026-08-20 04:14:15.564 +04:00 [INF] Unified order book INJ-USDT-SWAP status changed: "Reconnecting" => "Syncing"
2026-08-20 04:14:15.565 +04:00 [INF] Unified order book INJ-USDT-SWAP successfully resynchronized
2026-08-20 04:14:15.566 +04:00 [INF] Unified order book INJ-USDT-SWAP status changed: "Syncing" => "Synced"
2026-08-20 04:14:15.567 +04:00 [INF] Unified order book APT-USDT-SWAP status changed: "Reconnecting" => "Syncing"
2026-08-20 04:14:15.619 +04:00 [INF] Unified order book APT-USDT-SWAP successfully resynchronized
2026-08-20 04:14:15.620 +04:00 [INF] Unified order book APT-USDT-SWAP status changed: "Syncing" => "Synced"
2026-08-20 04:23:18.815 +04:00 [WRN] [Sckt 9] Ping response timeout, reconnecting
2026-08-20 04:23:19.824 +04:00 [WRN] Futures order book SEIUSDT connection lost
2026-08-20 04:23:19.825 +04:00 [INF] Futures order book SEIUSDT status changed: "Synced" => "Reconnecting"
2026-08-20 04:23:19.826 +04:00 [WRN] Futures order book TIAUSDT connection lost
2026-08-20 04:23:19.827 +04:00 [INF] Futures order book TIAUSDT status changed: "Synced" => "Reconnecting"
2026-08-20 04:23:21.597 +04:00 [INF] Futures order book SEIUSDT status changed: "Reconnecting" => "Syncing"
2026-08-20 04:23:21.599 +04:00 [INF] Futures order book TIAUSDT status changed: "Reconnecting" => "Syncing"
2026-08-20 04:23:21.659 +04:00 [INF] Futures order book SEIUSDT successfully resynchronized
2026-08-20 04:23:21.660 +04:00 [INF] Futures order book SEIUSDT status changed: "Syncing" => "Synced"
2026-08-20 04:23:21.845 +04:00 [INF] Futures order book TIAUSDT successfully resynchronized
2026-08-20 04:23:21.846 +04:00 [INF] Futures order book TIAUSDT status changed: "Syncing" => "Synced"
2026-08-20 04:23:22.368 +04:00 [WRN] [Sckt 8] Ping response timeout, reconnecting
2026-08-20 04:23:23.380 +04:00 [WRN] Unified order book SEI-USDT-SWAP connection lost
2026-08-20 04:23:23.381 +04:00 [INF] Unified order book SEI-USDT-SWAP status changed: "Synced" => "Reconnecting"
2026-08-20 04:23:23.382 +04:00 [WRN] Unified order book TIA-USDT-SWAP connection lost
2026-08-20 04:23:23.382 +04:00 [INF] Unified order book TIA-USDT-SWAP status changed: "Synced" => "Reconnecting"
2026-08-20 04:23:25.918 +04:00 [INF] Unified order book SEI-USDT-SWAP status changed: "Reconnecting" => "Syncing"
2026-08-20 04:23:25.919 +04:00 [INF] Unified order book TIA-USDT-SWAP status changed: "Reconnecting" => "Syncing"
2026-08-20 04:23:26.401 +04:00 [INF] Unified order book SEI-USDT-SWAP successfully resynchronized
2026-08-20 04:23:26.401 +04:00 [INF] Unified order book TIA-USDT-SWAP successfully resynchronized
2026-08-20 04:23:26.403 +04:00 [INF] Unified order book SEI-USDT-SWAP status changed: "Syncing" => "Synced"
2026-08-20 04:23:26.404 +04:00 [INF] Unified order book TIA-USDT-SWAP status changed: "Syncing" => "Synced"
2026-08-20 04:30:43.122 +04:00 [INF] Discovery: futures tickers on Binance,Bybit,OKX,Bitget,GateIo (exclude majors BTC,ETH,BNB)
2026-08-20 04:30:44.503 +04:00 [WRN] Futures tickers failed GateIo:  'SettleAsset': Exchange parameter `SettleAsset` for exchange `GateIo` should be provided. Example: usdt
2026-08-20 04:30:44.504 +04:00 [INF] Discovery: spot tickers (supplemental ranking)
2026-08-20 04:30:46.989 +04:00 [WRN] Discovery fallback: автоподбор без объёмов (REST/geo) — curated mid-alts
2026-08-20 04:30:46.990 +04:00 [INF] Symbol refresh (curated-alts): [DOGEUSDT,ADAUSDT,AVAXUSDT,LINKUSDT,SUIUSDT,NEARUSDT,ARBUSDT,OPUSDT,INJUSDT,APTUSDT,SEIUSDT,TIAUSDT] → [DOGEUSDT,ADAUSDT,AVAXUSDT,LINKUSDT,SUIUSDT,NEARUSDT,ARBUSDT,OPUSDT,INJUSDT,APTUSDT,SEIUSDT,TIAUSDT] | changed=false
2026-08-20 04:31:41.723 +04:00 [INF] Funding cache refresh for 12 symbols × 3 exchanges (TTL 45m)
2026-08-20 04:31:50.119 +04:00 [INF] Funding cache entries: 36
2026-08-20 05:00:47.779 +04:00 [INF] Discovery: futures tickers on Binance,Bybit,OKX,Bitget,GateIo (exclude majors BTC,ETH,BNB)
2026-08-20 05:00:49.203 +04:00 [WRN] Futures tickers failed GateIo:  'SettleAsset': Exchange parameter `SettleAsset` for exchange `GateIo` should be provided. Example: usdt
2026-08-20 05:00:49.205 +04:00 [INF] Discovery: spot tickers (supplemental ranking)
2026-08-20 05:00:51.535 +04:00 [WRN] Discovery fallback: автоподбор без объёмов (REST/geo) — curated mid-alts
2026-08-20 05:00:51.536 +04:00 [INF] Symbol refresh (curated-alts): [DOGEUSDT,ADAUSDT,AVAXUSDT,LINKUSDT,SUIUSDT,NEARUSDT,ARBUSDT,OPUSDT,INJUSDT,APTUSDT,SEIUSDT,TIAUSDT] → [DOGEUSDT,ADAUSDT,AVAXUSDT,LINKUSDT,SUIUSDT,NEARUSDT,ARBUSDT,OPUSDT,INJUSDT,APTUSDT,SEIUSDT,TIAUSDT] | changed=false
2026-08-20 05:04:32.999 +04:00 [WRN] [Sckt 9] error: Websocket error code "ConnectionClosedPrematurely", details: The remote party closed the WebSocket connection without completing the close handshake.
System.Net.WebSockets.WebSocketException (0x80004005): The remote party closed the WebSocket connection without completing the close handshake.
 ---> System.IO.IOException: Unable to read data from the transport connection: An existing connection was forcibly closed by the remote host..
 ---> System.Net.Sockets.SocketException (10054): An existing connection was forcibly closed by the remote host.
   --- End of inner exception stack trace ---
   at System.Net.Sockets.Socket.AwaitableSocketAsyncEventArgs.ThrowException(SocketError error, CancellationToken cancellationToken)
   at System.Net.Sockets.Socket.AwaitableSocketAsyncEventArgs.System.Threading.Tasks.Sources.IValueTaskSource<System.Int32>.GetResult(Int16 token)
   at System.Net.Security.SslStream.EnsureFullTlsFrameAsync[TIOAdapter](CancellationToken cancellationToken, Int32 estimatedSize)
   at System.Runtime.CompilerServices.PoolingAsyncValueTaskMethodBuilder`1.StateMachineBox`1.System.Threading.Tasks.Sources.IValueTaskSource<TResult>.GetResult(Int16 token)
   at System.Net.Security.SslStream.ReadAsyncInternal[TIOAdapter](Memory`1 buffer, CancellationToken cancellationToken)
   at System.Runtime.CompilerServices.PoolingAsyncValueTaskMethodBuilder`1.StateMachineBox`1.System.Threading.Tasks.Sources.IValueTaskSource<TResult>.GetResult(Int16 token)
   at System.Net.Http.HttpConnection.ReadBufferedAsyncCore(Memory`1 destination)
   at System.Runtime.CompilerServices.PoolingAsyncValueTaskMethodBuilder`1.StateMachineBox`1.System.Threading.Tasks.Sources.IValueTaskSource<TResult>.GetResult(Int16 token)
   at System.Net.Http.HttpConnection.RawConnectionStream.ReadAsync(Memory`1 buffer, CancellationToken cancellationToken)
   at System.Runtime.CompilerServices.PoolingAsyncValueTaskMethodBuilder`1.StateMachineBox`1.System.Threading.Tasks.Sources.IValueTaskSource<TResult>.GetResult(Int16 token)
   at System.IO.Stream.ReadAtLeastAsyncCore(Memory`1 buffer, Int32 minimumBytes, Boolean throwOnEndOfStream, CancellationToken cancellationToken)
   at System.Runtime.CompilerServices.PoolingAsyncValueTaskMethodBuilder`1.StateMachineBox`1.System.Threading.Tasks.Sources.IValueTaskSource<TResult>.GetResult(Int16 token)
   at System.Net.WebSockets.ManagedWebSocket.EnsureBufferContainsAsync(Int32 minimumRequiredBytes, CancellationToken cancellationToken)
   at System.Runtime.CompilerServices.PoolingAsyncValueTaskMethodBuilder`1.StateMachineBox`1.System.Threading.Tasks.Sources.IValueTaskSource.GetResult(Int16 token)
   at System.Net.WebSockets.ManagedWebSocket.ReceiveAsyncPrivate[TResult](Memory`1 payloadBuffer, CancellationToken cancellationToken)
   at System.Net.WebSockets.ManagedWebSocket.ReceiveAsyncPrivate[TResult](Memory`1 payloadBuffer, CancellationToken cancellationToken)
   at CryptoExchange.Net.Sockets.Default.CryptoExchangeWebSocketClient.ReceiveLoopNewAsync()
2026-08-20 05:04:33.021 +04:00 [WRN] Futures order book SEIUSDT connection lost
2026-08-20 05:04:33.022 +04:00 [INF] Futures order book SEIUSDT status changed: "Synced" => "Reconnecting"
2026-08-20 05:04:33.022 +04:00 [WRN] Futures order book TIAUSDT connection lost
2026-08-20 05:04:33.023 +04:00 [INF] Futures order book TIAUSDT status changed: "Synced" => "Reconnecting"
2026-08-20 05:04:34.576 +04:00 [INF] Futures order book SEIUSDT status changed: "Reconnecting" => "Syncing"
2026-08-20 05:04:34.577 +04:00 [INF] Futures order book TIAUSDT status changed: "Reconnecting" => "Syncing"
2026-08-20 05:04:34.640 +04:00 [INF] Futures order book SEIUSDT successfully resynchronized
2026-08-20 05:04:34.641 +04:00 [INF] Futures order book SEIUSDT status changed: "Syncing" => "Synced"
2026-08-20 05:04:34.824 +04:00 [INF] Futures order book TIAUSDT successfully resynchronized
2026-08-20 05:04:34.825 +04:00 [INF] Futures order book TIAUSDT status changed: "Syncing" => "Synced"
2026-08-20 05:05:57.232 +04:00 [WRN] [Sckt 4] error: Websocket error code "ConnectionClosedPrematurely", details: The remote party closed the WebSocket connection without completing the close handshake.
System.Net.WebSockets.WebSocketException (0x80004005): The remote party closed the WebSocket connection without completing the close handshake.
 ---> System.IO.IOException: Unable to read data from the transport connection: An existing connection was forcibly closed by the remote host..
 ---> System.Net.Sockets.SocketException (10054): An existing connection was forcibly closed by the remote host.
   --- End of inner exception stack trace ---
   at System.Net.Sockets.Socket.AwaitableSocketAsyncEventArgs.ThrowException(SocketError error, CancellationToken cancellationToken)
   at System.Net.Sockets.Socket.AwaitableSocketAsyncEventArgs.System.Threading.Tasks.Sources.IValueTaskSource<System.Int32>.GetResult(Int16 token)
   at System.Net.Security.SslStream.EnsureFullTlsFrameAsync[TIOAdapter](CancellationToken cancellationToken, Int32 estimatedSize)
   at System.Runtime.CompilerServices.PoolingAsyncValueTaskMethodBuilder`1.StateMachineBox`1.System.Threading.Tasks.Sources.IValueTaskSource<TResult>.GetResult(Int16 token)
   at System.Net.Security.SslStream.ReadAsyncInternal[TIOAdapter](Memory`1 buffer, CancellationToken cancellationToken)
   at System.Runtime.CompilerServices.PoolingAsyncValueTaskMethodBuilder`1.StateMachineBox`1.System.Threading.Tasks.Sources.IValueTaskSource<TResult>.GetResult(Int16 token)
   at System.Net.Http.HttpConnection.ReadBufferedAsyncCore(Memory`1 destination)
   at System.Runtime.CompilerServices.PoolingAsyncValueTaskMethodBuilder`1.StateMachineBox`1.System.Threading.Tasks.Sources.IValueTaskSource<TResult>.GetResult(Int16 token)
   at System.Net.Http.HttpConnection.RawConnectionStream.ReadAsync(Memory`1 buffer, CancellationToken cancellationToken)
   at System.Runtime.CompilerServices.PoolingAsyncValueTaskMethodBuilder`1.StateMachineBox`1.System.Threading.Tasks.Sources.IValueTaskSource<TResult>.GetResult(Int16 token)
   at System.IO.Stream.ReadAtLeastAsyncCore(Memory`1 buffer, Int32 minimumBytes, Boolean throwOnEndOfStream, CancellationToken cancellationToken)
   at System.Runtime.CompilerServices.PoolingAsyncValueTaskMethodBuilder`1.StateMachineBox`1.System.Threading.Tasks.Sources.IValueTaskSource<TResult>.GetResult(Int16 token)
   at System.Net.WebSockets.ManagedWebSocket.EnsureBufferContainsAsync(Int32 minimumRequiredBytes, CancellationToken cancellationToken)
   at System.Runtime.CompilerServices.PoolingAsyncValueTaskMethodBuilder`1.StateMachineBox`1.System.Threading.Tasks.Sources.IValueTaskSource.GetResult(Int16 token)
   at System.Net.WebSockets.ManagedWebSocket.ReceiveAsyncPrivate[TResult](Memory`1 payloadBuffer, CancellationToken cancellationToken)
   at System.Net.WebSockets.ManagedWebSocket.ReceiveAsyncPrivate[TResult](Memory`1 payloadBuffer, CancellationToken cancellationToken)
   at CryptoExchange.Net.Sockets.Default.CryptoExchangeWebSocketClient.ReceiveLoopNewAsync()
2026-08-20 05:05:57.241 +04:00 [WRN] Futures order book DOGEUSDT connection lost
2026-08-20 05:05:57.241 +04:00 [INF] Futures order book DOGEUSDT status changed: "Synced" => "Reconnecting"
2026-08-20 05:05:57.242 +04:00 [WRN] Futures order book ADAUSDT connection lost
2026-08-20 05:05:57.243 +04:00 [INF] Futures order book ADAUSDT status changed: "Synced" => "Reconnecting"
2026-08-20 05:05:57.244 +04:00 [WRN] Futures order book AVAXUSDT connection lost
2026-08-20 05:05:57.244 +04:00 [INF] Futures order book AVAXUSDT status changed: "Synced" => "Reconnecting"
2026-08-20 05:05:57.246 +04:00 [WRN] Futures order book LINKUSDT connection lost
2026-08-20 05:05:57.247 +04:00 [INF] Futures order book LINKUSDT status changed: "Synced" => "Reconnecting"
2026-08-20 05:05:57.247 +04:00 [WRN] Futures order book SUIUSDT connection lost
2026-08-20 05:05:57.248 +04:00 [INF] Futures order book SUIUSDT status changed: "Synced" => "Reconnecting"
2026-08-20 05:05:57.249 +04:00 [WRN] Futures order book NEARUSDT connection lost
2026-08-20 05:05:57.250 +04:00 [INF] Futures order book NEARUSDT status changed: "Synced" => "Reconnecting"
2026-08-20 05:05:57.251 +04:00 [WRN] Futures order book ARBUSDT connection lost
2026-08-20 05:05:57.252 +04:00 [INF] Futures order book ARBUSDT status changed: "Synced" => "Reconnecting"
2026-08-20 05:05:57.256 +04:00 [WRN] Futures order book OPUSDT connection lost
2026-08-20 05:05:57.257 +04:00 [INF] Futures order book OPUSDT status changed: "Synced" => "Reconnecting"
2026-08-20 05:05:57.258 +04:00 [WRN] Futures order book INJUSDT connection lost
2026-08-20 05:05:57.258 +04:00 [INF] Futures order book INJUSDT status changed: "Synced" => "Reconnecting"
2026-08-20 05:05:57.259 +04:00 [WRN] Futures order book APTUSDT connection lost
2026-08-20 05:05:57.260 +04:00 [INF] Futures order book APTUSDT status changed: "Synced" => "Reconnecting"
2026-08-20 05:05:58.873 +04:00 [INF] Futures order book DOGEUSDT status changed: "Reconnecting" => "Syncing"
2026-08-20 05:05:58.877 +04:00 [INF] Futures order book DOGEUSDT successfully resynchronized
2026-08-20 05:05:58.880 +04:00 [INF] Futures order book DOGEUSDT status changed: "Syncing" => "Synced"
2026-08-20 05:05:58.881 +04:00 [INF] Futures order book ADAUSDT status changed: "Reconnecting" => "Syncing"
2026-08-20 05:05:58.883 +04:00 [INF] Futures order book ADAUSDT successfully resynchronized
2026-08-20 05:05:58.884 +04:00 [INF] Futures order book ADAUSDT status changed: "Syncing" => "Synced"
2026-08-20 05:05:58.884 +04:00 [INF] Futures order book AVAXUSDT status changed: "Reconnecting" => "Syncing"
2026-08-20 05:05:58.885 +04:00 [INF] Futures order book AVAXUSDT successfully resynchronized
2026-08-20 05:05:58.886 +04:00 [INF] Futures order book AVAXUSDT status changed: "Syncing" => "Synced"
2026-08-20 05:05:58.895 +04:00 [INF] Futures order book LINKUSDT status changed: "Reconnecting" => "Syncing"
2026-08-20 05:05:58.896 +04:00 [INF] Futures order book LINKUSDT successfully resynchronized
2026-08-20 05:05:58.897 +04:00 [INF] Futures order book LINKUSDT status changed: "Syncing" => "Synced"
2026-08-20 05:05:58.898 +04:00 [INF] Futures order book SUIUSDT status changed: "Reconnecting" => "Syncing"
2026-08-20 05:05:58.898 +04:00 [INF] Futures order book SUIUSDT successfully resynchronized
2026-08-20 05:05:58.899 +04:00 [INF] Futures order book SUIUSDT status changed: "Syncing" => "Synced"
2026-08-20 05:05:58.900 +04:00 [INF] Futures order book NEARUSDT status changed: "Reconnecting" => "Syncing"
2026-08-20 05:05:58.903 +04:00 [INF] Futures order book NEARUSDT successfully resynchronized
2026-08-20 05:05:58.904 +04:00 [INF] Futures order book NEARUSDT status changed: "Syncing" => "Synced"
2026-08-20 05:05:58.904 +04:00 [INF] Futures order book ARBUSDT status changed: "Reconnecting" => "Syncing"
2026-08-20 05:05:58.905 +04:00 [INF] Futures order book ARBUSDT successfully resynchronized
2026-08-20 05:05:58.906 +04:00 [INF] Futures order book ARBUSDT status changed: "Syncing" => "Synced"
2026-08-20 05:05:58.906 +04:00 [INF] Futures order book OPUSDT status changed: "Reconnecting" => "Syncing"
2026-08-20 05:05:58.907 +04:00 [INF] Futures order book OPUSDT successfully resynchronized
2026-08-20 05:05:58.908 +04:00 [INF] Futures order book OPUSDT status changed: "Syncing" => "Synced"
2026-08-20 05:05:58.908 +04:00 [INF] Futures order book INJUSDT status changed: "Reconnecting" => "Syncing"
2026-08-20 05:05:58.909 +04:00 [INF] Futures order book INJUSDT successfully resynchronized
2026-08-20 05:05:58.910 +04:00 [INF] Futures order book INJUSDT status changed: "Syncing" => "Synced"
2026-08-20 05:05:58.911 +04:00 [INF] Futures order book APTUSDT status changed: "Reconnecting" => "Syncing"
2026-08-20 05:05:58.912 +04:00 [INF] Futures order book APTUSDT successfully resynchronized
2026-08-20 05:05:58.913 +04:00 [INF] Futures order book APTUSDT status changed: "Syncing" => "Synced"
2026-08-20 05:16:50.557 +04:00 [INF] Funding cache refresh for 12 symbols × 3 exchanges (TTL 45m)
2026-08-20 05:16:59.416 +04:00 [INF] Funding cache entries: 36
2026-08-20 05:30:52.846 +04:00 [INF] Discovery: futures tickers on Binance,Bybit,OKX,Bitget,GateIo (exclude majors BTC,ETH,BNB)
2026-08-20 05:30:54.261 +04:00 [WRN] Futures tickers failed GateIo:  'SettleAsset': Exchange parameter `SettleAsset` for exchange `GateIo` should be provided. Example: usdt
2026-08-20 05:30:54.262 +04:00 [INF] Discovery: spot tickers (supplemental ranking)
2026-08-20 05:30:57.022 +04:00 [WRN] Discovery fallback: автоподбор без объёмов (REST/geo) — curated mid-alts
2026-08-20 05:30:57.024 +04:00 [INF] Symbol refresh (curated-alts): [DOGEUSDT,ADAUSDT,AVAXUSDT,LINKUSDT,SUIUSDT,NEARUSDT,ARBUSDT,OPUSDT,INJUSDT,APTUSDT,SEIUSDT,TIAUSDT] → [DOGEUSDT,ADAUSDT,AVAXUSDT,LINKUSDT,SUIUSDT,NEARUSDT,ARBUSDT,OPUSDT,INJUSDT,APTUSDT,SEIUSDT,TIAUSDT] | changed=false
2026-08-20 05:57:30.973 +04:00 [INF] FUT PAPER OPEN OPUSDT L:Bitget S:Bybit qty=4454.342984 lev=5x margin=80.00 edge=0.445%
2026-08-20 05:57:30.976 +04:00 [INF] Opened futures paper hedge: OPUSDT: L Bitget@0.09 / S Bybit@0.09 | RT 0.330% fund 0.000% → 0.330%
2026-08-20 05:57:32.507 +04:00 [INF] FUT PAPER CLOSE OPUSDT pnl=1.5899 reason=converge lev=5x
2026-08-20 06:00:57.695 +04:00 [INF] Discovery: futures tickers on Binance,Bybit,OKX,Bitget,GateIo (exclude majors BTC,ETH,BNB)
2026-08-20 06:00:59.084 +04:00 [WRN] Futures tickers failed GateIo:  'SettleAsset': Exchange parameter `SettleAsset` for exchange `GateIo` should be provided. Example: usdt
2026-08-20 06:00:59.086 +04:00 [INF] Discovery: spot tickers (supplemental ranking)
2026-08-20 06:01:01.483 +04:00 [WRN] Discovery fallback: автоподбор без объёмов (REST/geo) — curated mid-alts
2026-08-20 06:01:01.484 +04:00 [INF] Symbol refresh (curated-alts): [DOGEUSDT,ADAUSDT,AVAXUSDT,LINKUSDT,SUIUSDT,NEARUSDT,ARBUSDT,OPUSDT,INJUSDT,APTUSDT,SEIUSDT,TIAUSDT] → [DOGEUSDT,ADAUSDT,AVAXUSDT,LINKUSDT,SUIUSDT,NEARUSDT,ARBUSDT,OPUSDT,INJUSDT,APTUSDT,SEIUSDT,TIAUSDT] | changed=false
2026-08-20 06:02:00.745 +04:00 [INF] Funding cache refresh for 12 symbols × 3 exchanges (TTL 45m)
2026-08-20 06:02:08.972 +04:00 [INF] Funding cache entries: 36
2026-08-20 06:27:34.972 +04:00 [WRN] [Sckt 3] error: Websocket error code "ConnectionClosedPrematurely", details: The remote party closed the WebSocket connection without completing the close handshake.
System.Net.WebSockets.WebSocketException (0x80004005): The remote party closed the WebSocket connection without completing the close handshake.
   at System.Net.WebSockets.ManagedWebSocket.ThrowEOFUnexpected()
   at System.Net.WebSockets.ManagedWebSocket.EnsureBufferContainsAsync(Int32 minimumRequiredBytes, CancellationToken cancellationToken)
   at System.Runtime.CompilerServices.PoolingAsyncValueTaskMethodBuilder`1.StateMachineBox`1.System.Threading.Tasks.Sources.IValueTaskSource.GetResult(Int16 token)
   at System.Net.WebSockets.ManagedWebSocket.ReceiveAsyncPrivate[TResult](Memory`1 payloadBuffer, CancellationToken cancellationToken)
   at CryptoExchange.Net.Sockets.Default.CryptoExchangeWebSocketClient.ReceiveLoopNewAsync()
2026-08-20 06:27:34.976 +04:00 [WRN] Unified order book DOGE-USDT-SWAP connection lost
2026-08-20 06:27:34.977 +04:00 [INF] Unified order book DOGE-USDT-SWAP status changed: "Synced" => "Reconnecting"
2026-08-20 06:27:34.978 +04:00 [WRN] Unified order book ADA-USDT-SWAP connection lost
2026-08-20 06:27:34.979 +04:00 [INF] Unified order book ADA-USDT-SWAP status changed: "Synced" => "Reconnecting"
2026-08-20 06:27:34.980 +04:00 [WRN] Unified order book AVAX-USDT-SWAP connection lost
2026-08-20 06:27:34.980 +04:00 [INF] Unified order book AVAX-USDT-SWAP status changed: "Synced" => "Reconnecting"
2026-08-20 06:27:34.981 +04:00 [WRN] Unified order book LINK-USDT-SWAP connection lost
2026-08-20 06:27:34.982 +04:00 [INF] Unified order book LINK-USDT-SWAP status changed: "Synced" => "Reconnecting"
2026-08-20 06:27:34.985 +04:00 [WRN] Unified order book SUI-USDT-SWAP connection lost
2026-08-20 06:27:34.986 +04:00 [INF] Unified order book SUI-USDT-SWAP status changed: "Synced" => "Reconnecting"
2026-08-20 06:27:34.987 +04:00 [WRN] Unified order book NEAR-USDT-SWAP connection lost
2026-08-20 06:27:34.988 +04:00 [INF] Unified order book NEAR-USDT-SWAP status changed: "Synced" => "Reconnecting"
2026-08-20 06:27:34.988 +04:00 [WRN] Unified order book ARB-USDT-SWAP connection lost
2026-08-20 06:27:34.989 +04:00 [INF] Unified order book ARB-USDT-SWAP status changed: "Synced" => "Reconnecting"
2026-08-20 06:27:34.990 +04:00 [WRN] Unified order book OP-USDT-SWAP connection lost
2026-08-20 06:27:34.991 +04:00 [INF] Unified order book OP-USDT-SWAP status changed: "Synced" => "Reconnecting"
2026-08-20 06:27:34.992 +04:00 [WRN] Unified order book INJ-USDT-SWAP connection lost
2026-08-20 06:27:34.992 +04:00 [INF] Unified order book INJ-USDT-SWAP status changed: "Synced" => "Reconnecting"
2026-08-20 06:27:34.993 +04:00 [WRN] Unified order book APT-USDT-SWAP connection lost
2026-08-20 06:27:34.994 +04:00 [INF] Unified order book APT-USDT-SWAP status changed: "Synced" => "Reconnecting"
2026-08-20 06:27:38.363 +04:00 [INF] Unified order book DOGE-USDT-SWAP status changed: "Reconnecting" => "Syncing"
2026-08-20 06:27:38.365 +04:00 [INF] Unified order book DOGE-USDT-SWAP successfully resynchronized
2026-08-20 06:27:38.367 +04:00 [INF] Unified order book DOGE-USDT-SWAP status changed: "Syncing" => "Synced"
2026-08-20 06:27:38.369 +04:00 [INF] Unified order book ADA-USDT-SWAP status changed: "Reconnecting" => "Syncing"
2026-08-20 06:27:38.369 +04:00 [INF] Unified order book ADA-USDT-SWAP successfully resynchronized
2026-08-20 06:27:38.370 +04:00 [INF] Unified order book ADA-USDT-SWAP status changed: "Syncing" => "Synced"
2026-08-20 06:27:38.371 +04:00 [INF] Unified order book AVAX-USDT-SWAP status changed: "Reconnecting" => "Syncing"
2026-08-20 06:27:38.372 +04:00 [INF] Unified order book AVAX-USDT-SWAP successfully resynchronized
2026-08-20 06:27:38.372 +04:00 [INF] Unified order book AVAX-USDT-SWAP status changed: "Syncing" => "Synced"
2026-08-20 06:27:38.374 +04:00 [INF] Unified order book LINK-USDT-SWAP status changed: "Reconnecting" => "Syncing"
2026-08-20 06:27:38.375 +04:00 [INF] Unified order book LINK-USDT-SWAP successfully resynchronized
2026-08-20 06:27:38.376 +04:00 [INF] Unified order book LINK-USDT-SWAP status changed: "Syncing" => "Synced"
2026-08-20 06:27:38.376 +04:00 [INF] Unified order book SUI-USDT-SWAP status changed: "Reconnecting" => "Syncing"
2026-08-20 06:27:38.377 +04:00 [INF] Unified order book SUI-USDT-SWAP successfully resynchronized
2026-08-20 06:27:38.378 +04:00 [INF] Unified order book SUI-USDT-SWAP status changed: "Syncing" => "Synced"
2026-08-20 06:27:38.379 +04:00 [INF] Unified order book NEAR-USDT-SWAP status changed: "Reconnecting" => "Syncing"
2026-08-20 06:27:38.380 +04:00 [INF] Unified order book NEAR-USDT-SWAP successfully resynchronized
2026-08-20 06:27:38.383 +04:00 [INF] Unified order book NEAR-USDT-SWAP status changed: "Syncing" => "Synced"
2026-08-20 06:27:38.384 +04:00 [INF] Unified order book ARB-USDT-SWAP status changed: "Reconnecting" => "Syncing"
2026-08-20 06:27:38.385 +04:00 [INF] Unified order book ARB-USDT-SWAP successfully resynchronized
2026-08-20 06:27:38.386 +04:00 [INF] Unified order book ARB-USDT-SWAP status changed: "Syncing" => "Synced"
2026-08-20 06:27:38.387 +04:00 [INF] Unified order book OP-USDT-SWAP status changed: "Reconnecting" => "Syncing"
2026-08-20 06:27:38.388 +04:00 [INF] Unified order book OP-USDT-SWAP successfully resynchronized
2026-08-20 06:27:38.388 +04:00 [INF] Unified order book OP-USDT-SWAP status changed: "Syncing" => "Synced"
2026-08-20 06:27:38.389 +04:00 [INF] Unified order book INJ-USDT-SWAP status changed: "Reconnecting" => "Syncing"
2026-08-20 06:27:38.390 +04:00 [INF] Unified order book INJ-USDT-SWAP successfully resynchronized
2026-08-20 06:27:38.391 +04:00 [INF] Unified order book INJ-USDT-SWAP status changed: "Syncing" => "Synced"
2026-08-20 06:27:38.392 +04:00 [INF] Unified order book APT-USDT-SWAP status changed: "Reconnecting" => "Syncing"
2026-08-20 06:27:38.519 +04:00 [INF] Unified order book APT-USDT-SWAP successfully resynchronized
2026-08-20 06:27:38.521 +04:00 [INF] Unified order book APT-USDT-SWAP status changed: "Syncing" => "Synced"
2026-08-20 06:31:02.347 +04:00 [INF] Discovery: futures tickers on Binance,Bybit,OKX,Bitget,GateIo (exclude majors BTC,ETH,BNB)
2026-08-20 06:31:03.906 +04:00 [WRN] Futures tickers failed GateIo:  'SettleAsset': Exchange parameter `SettleAsset` for exchange `GateIo` should be provided. Example: usdt
2026-08-20 06:31:03.907 +04:00 [INF] Discovery: spot tickers (supplemental ranking)
2026-08-20 06:31:06.237 +04:00 [WRN] Discovery fallback: автоподбор без объёмов (REST/geo) — curated mid-alts
2026-08-20 06:31:06.237 +04:00 [INF] Symbol refresh (curated-alts): [DOGEUSDT,ADAUSDT,AVAXUSDT,LINKUSDT,SUIUSDT,NEARUSDT,ARBUSDT,OPUSDT,INJUSDT,APTUSDT,SEIUSDT,TIAUSDT] → [DOGEUSDT,ADAUSDT,AVAXUSDT,LINKUSDT,SUIUSDT,NEARUSDT,ARBUSDT,OPUSDT,INJUSDT,APTUSDT,SEIUSDT,TIAUSDT] | changed=false
2026-08-20 06:47:10.359 +04:00 [INF] Funding cache refresh for 12 symbols × 3 exchanges (TTL 45m)
2026-08-20 06:47:18.779 +04:00 [INF] Funding cache entries: 36
2026-08-20 07:01:07.175 +04:00 [INF] Discovery: futures tickers on Binance,Bybit,OKX,Bitget,GateIo (exclude majors BTC,ETH,BNB)
2026-08-20 07:01:08.544 +04:00 [WRN] Futures tickers failed GateIo:  'SettleAsset': Exchange parameter `SettleAsset` for exchange `GateIo` should be provided. Example: usdt
2026-08-20 07:01:08.546 +04:00 [INF] Discovery: spot tickers (supplemental ranking)
2026-08-20 07:01:11.025 +04:00 [WRN] Discovery fallback: автоподбор без объёмов (REST/geo) — curated mid-alts
2026-08-20 07:01:11.027 +04:00 [INF] Symbol refresh (curated-alts): [DOGEUSDT,ADAUSDT,AVAXUSDT,LINKUSDT,SUIUSDT,NEARUSDT,ARBUSDT,OPUSDT,INJUSDT,APTUSDT,SEIUSDT,TIAUSDT] → [DOGEUSDT,ADAUSDT,AVAXUSDT,LINKUSDT,SUIUSDT,NEARUSDT,ARBUSDT,OPUSDT,INJUSDT,APTUSDT,SEIUSDT,TIAUSDT] | changed=false
2026-08-20 07:31:11.535 +04:00 [INF] Discovery: futures tickers on Binance,Bybit,OKX,Bitget,GateIo (exclude majors BTC,ETH,BNB)
2026-08-20 07:31:13.178 +04:00 [WRN] Futures tickers failed GateIo:  'SettleAsset': Exchange parameter `SettleAsset` for exchange `GateIo` should be provided. Example: usdt
2026-08-20 07:31:13.181 +04:00 [INF] Discovery: spot tickers (supplemental ranking)
2026-08-20 07:31:15.668 +04:00 [WRN] Discovery fallback: автоподбор без объёмов (REST/geo) — curated mid-alts
2026-08-20 07:31:15.671 +04:00 [INF] Symbol refresh (curated-alts): [DOGEUSDT,ADAUSDT,AVAXUSDT,LINKUSDT,SUIUSDT,NEARUSDT,ARBUSDT,OPUSDT,INJUSDT,APTUSDT,SEIUSDT,TIAUSDT] → [DOGEUSDT,ADAUSDT,AVAXUSDT,LINKUSDT,SUIUSDT,NEARUSDT,ARBUSDT,OPUSDT,INJUSDT,APTUSDT,SEIUSDT,TIAUSDT] | changed=false
2026-08-20 07:32:19.533 +04:00 [INF] Funding cache refresh for 12 symbols × 3 exchanges (TTL 45m)
2026-08-20 07:32:27.682 +04:00 [INF] Funding cache entries: 36
2026-08-20 08:01:16.514 +04:00 [INF] Discovery: futures tickers on Binance,Bybit,OKX,Bitget,GateIo (exclude majors BTC,ETH,BNB)
2026-08-20 08:01:17.854 +04:00 [WRN] Futures tickers failed GateIo:  'SettleAsset': Exchange parameter `SettleAsset` for exchange `GateIo` should be provided. Example: usdt
2026-08-20 08:01:17.856 +04:00 [INF] Discovery: spot tickers (supplemental ranking)
2026-08-20 08:01:20.504 +04:00 [WRN] Discovery fallback: автоподбор без объёмов (REST/geo) — curated mid-alts
2026-08-20 08:01:20.505 +04:00 [INF] Symbol refresh (curated-alts): [DOGEUSDT,ADAUSDT,AVAXUSDT,LINKUSDT,SUIUSDT,NEARUSDT,ARBUSDT,OPUSDT,INJUSDT,APTUSDT,SEIUSDT,TIAUSDT] → [DOGEUSDT,ADAUSDT,AVAXUSDT,LINKUSDT,SUIUSDT,NEARUSDT,ARBUSDT,OPUSDT,INJUSDT,APTUSDT,SEIUSDT,TIAUSDT] | changed=false
2026-08-20 08:17:28.950 +04:00 [INF] Funding cache refresh for 12 symbols × 3 exchanges (TTL 45m)
2026-08-20 08:17:37.286 +04:00 [INF] Funding cache entries: 36
2026-08-20 08:31:21.714 +04:00 [INF] Discovery: futures tickers on Binance,Bybit,OKX,Bitget,GateIo (exclude majors BTC,ETH,BNB)
2026-08-20 08:31:23.030 +04:00 [WRN] Futures tickers failed GateIo:  'SettleAsset': Exchange parameter `SettleAsset` for exchange `GateIo` should be provided. Example: usdt
2026-08-20 08:31:23.031 +04:00 [INF] Discovery: spot tickers (supplemental ranking)
2026-08-20 08:31:25.525 +04:00 [WRN] Discovery fallback: автоподбор без объёмов (REST/geo) — curated mid-alts
2026-08-20 08:31:25.526 +04:00 [INF] Symbol refresh (curated-alts): [DOGEUSDT,ADAUSDT,AVAXUSDT,LINKUSDT,SUIUSDT,NEARUSDT,ARBUSDT,OPUSDT,INJUSDT,APTUSDT,SEIUSDT,TIAUSDT] → [DOGEUSDT,ADAUSDT,AVAXUSDT,LINKUSDT,SUIUSDT,NEARUSDT,ARBUSDT,OPUSDT,INJUSDT,APTUSDT,SEIUSDT,TIAUSDT] | changed=false
2026-08-20 09:01:25.726 +04:00 [INF] Discovery: futures tickers on Binance,Bybit,OKX,Bitget,GateIo (exclude majors BTC,ETH,BNB)
2026-08-20 09:01:27.077 +04:00 [WRN] Futures tickers failed GateIo:  'SettleAsset': Exchange parameter `SettleAsset` for exchange `GateIo` should be provided. Example: usdt
2026-08-20 09:01:27.078 +04:00 [INF] Discovery: spot tickers (supplemental ranking)
2026-08-20 09:01:29.500 +04:00 [WRN] Discovery fallback: автоподбор без объёмов (REST/geo) — curated mid-alts
2026-08-20 09:01:29.502 +04:00 [INF] Symbol refresh (curated-alts): [DOGEUSDT,ADAUSDT,AVAXUSDT,LINKUSDT,SUIUSDT,NEARUSDT,ARBUSDT,OPUSDT,INJUSDT,APTUSDT,SEIUSDT,TIAUSDT] → [DOGEUSDT,ADAUSDT,AVAXUSDT,LINKUSDT,SUIUSDT,NEARUSDT,ARBUSDT,OPUSDT,INJUSDT,APTUSDT,SEIUSDT,TIAUSDT] | changed=false
2026-08-20 09:02:37.935 +04:00 [INF] Funding cache refresh for 12 symbols × 3 exchanges (TTL 45m)
2026-08-20 09:02:46.182 +04:00 [INF] Funding cache entries: 36
2026-08-20 09:31:30.717 +04:00 [INF] Discovery: futures tickers on Binance,Bybit,OKX,Bitget,GateIo (exclude majors BTC,ETH,BNB)
2026-08-20 09:31:32.166 +04:00 [WRN] Futures tickers failed GateIo:  'SettleAsset': Exchange parameter `SettleAsset` for exchange `GateIo` should be provided. Example: usdt
2026-08-20 09:31:32.168 +04:00 [INF] Discovery: spot tickers (supplemental ranking)
2026-08-20 09:31:34.766 +04:00 [WRN] Discovery fallback: автоподбор без объёмов (REST/geo) — curated mid-alts
2026-08-20 09:31:34.768 +04:00 [INF] Symbol refresh (curated-alts): [DOGEUSDT,ADAUSDT,AVAXUSDT,LINKUSDT,SUIUSDT,NEARUSDT,ARBUSDT,OPUSDT,INJUSDT,APTUSDT,SEIUSDT,TIAUSDT] → [DOGEUSDT,ADAUSDT,AVAXUSDT,LINKUSDT,SUIUSDT,NEARUSDT,ARBUSDT,OPUSDT,INJUSDT,APTUSDT,SEIUSDT,TIAUSDT] | changed=false
2026-08-20 09:47:47.628 +04:00 [INF] Funding cache refresh for 12 symbols × 3 exchanges (TTL 45m)
2026-08-20 09:47:56.067 +04:00 [INF] Funding cache entries: 36
2026-08-20 10:01:35.697 +04:00 [INF] Discovery: futures tickers on Binance,Bybit,OKX,Bitget,GateIo (exclude majors BTC,ETH,BNB)
2026-08-20 10:01:37.292 +04:00 [WRN] Futures tickers failed GateIo:  'SettleAsset': Exchange parameter `SettleAsset` for exchange `GateIo` should be provided. Example: usdt
2026-08-20 10:01:37.293 +04:00 [INF] Discovery: spot tickers (supplemental ranking)
2026-08-20 10:01:39.540 +04:00 [WRN] Discovery fallback: автоподбор без объёмов (REST/geo) — curated mid-alts
2026-08-20 10:01:39.541 +04:00 [INF] Symbol refresh (curated-alts): [DOGEUSDT,ADAUSDT,AVAXUSDT,LINKUSDT,SUIUSDT,NEARUSDT,ARBUSDT,OPUSDT,INJUSDT,APTUSDT,SEIUSDT,TIAUSDT] → [DOGEUSDT,ADAUSDT,AVAXUSDT,LINKUSDT,SUIUSDT,NEARUSDT,ARBUSDT,OPUSDT,INJUSDT,APTUSDT,SEIUSDT,TIAUSDT] | changed=false
2026-08-20 10:31:40.339 +04:00 [INF] Discovery: futures tickers on Binance,Bybit,OKX,Bitget,GateIo (exclude majors BTC,ETH,BNB)
2026-08-20 10:31:41.995 +04:00 [WRN] Futures tickers failed GateIo:  'SettleAsset': Exchange parameter `SettleAsset` for exchange `GateIo` should be provided. Example: usdt
2026-08-20 10:31:41.996 +04:00 [INF] Discovery: spot tickers (supplemental ranking)
2026-08-20 10:31:44.875 +04:00 [WRN] Discovery fallback: автоподбор без объёмов (REST/geo) — curated mid-alts
2026-08-20 10:31:44.878 +04:00 [INF] Symbol refresh (curated-alts): [DOGEUSDT,ADAUSDT,AVAXUSDT,LINKUSDT,SUIUSDT,NEARUSDT,ARBUSDT,OPUSDT,INJUSDT,APTUSDT,SEIUSDT,TIAUSDT] → [DOGEUSDT,ADAUSDT,AVAXUSDT,LINKUSDT,SUIUSDT,NEARUSDT,ARBUSDT,OPUSDT,INJUSDT,APTUSDT,SEIUSDT,TIAUSDT] | changed=false
2026-08-20 10:32:56.401 +04:00 [INF] Funding cache refresh for 12 symbols × 3 exchanges (TTL 45m)
2026-08-20 10:33:04.786 +04:00 [INF] Funding cache entries: 36
2026-08-20 10:34:10.392 +04:00 [WRN] Failed to determine message type for identifier error. Data: {"event":"error","code":30033,"msg":"Service upgrade in progress. Connection reset imminent. Please reconnect."}
2026-08-20 10:34:10.651 +04:00 [WRN] [Sckt 9] error: Websocket error code "ConnectionClosedPrematurely", details: The remote party closed the WebSocket connection without completing the close handshake.
System.Net.WebSockets.WebSocketException (0x80004005): The remote party closed the WebSocket connection without completing the close handshake.
   at System.Net.WebSockets.ManagedWebSocket.ThrowEOFUnexpected()
   at System.Net.WebSockets.ManagedWebSocket.EnsureBufferContainsAsync(Int32 minimumRequiredBytes, CancellationToken cancellationToken)
   at System.Runtime.CompilerServices.PoolingAsyncValueTaskMethodBuilder`1.StateMachineBox`1.System.Threading.Tasks.Sources.IValueTaskSource.GetResult(Int16 token)
   at System.Net.WebSockets.ManagedWebSocket.ReceiveAsyncPrivate[TResult](Memory`1 payloadBuffer, CancellationToken cancellationToken)
   at CryptoExchange.Net.Sockets.Default.CryptoExchangeWebSocketClient.ReceiveLoopNewAsync()
2026-08-20 10:34:10.654 +04:00 [WRN] Futures order book SEIUSDT connection lost
2026-08-20 10:34:10.655 +04:00 [INF] Futures order book SEIUSDT status changed: "Synced" => "Reconnecting"
2026-08-20 10:34:10.656 +04:00 [WRN] Futures order book TIAUSDT connection lost
2026-08-20 10:34:10.657 +04:00 [INF] Futures order book TIAUSDT status changed: "Synced" => "Reconnecting"
2026-08-20 10:34:11.994 +04:00 [INF] Futures order book SEIUSDT status changed: "Reconnecting" => "Syncing"
2026-08-20 10:34:11.995 +04:00 [INF] Futures order book SEIUSDT successfully resynchronized
2026-08-20 10:34:11.996 +04:00 [INF] Futures order book SEIUSDT status changed: "Syncing" => "Synced"
2026-08-20 10:34:11.997 +04:00 [INF] Futures order book TIAUSDT status changed: "Reconnecting" => "Syncing"
2026-08-20 10:34:12.310 +04:00 [INF] Futures order book TIAUSDT successfully resynchronized
2026-08-20 10:34:12.311 +04:00 [INF] Futures order book TIAUSDT status changed: "Syncing" => "Synced"
2026-08-20 10:39:22.022 +04:00 [WRN] Failed to determine message type for identifier error. Data: {"event":"error","code":30033,"msg":"Service upgrade in progress. Connection reset imminent. Please reconnect."}
2026-08-20 10:39:22.283 +04:00 [WRN] [Sckt 4] error: Websocket error code "ConnectionClosedPrematurely", details: The remote party closed the WebSocket connection without completing the close handshake.
System.Net.WebSockets.WebSocketException (0x80004005): The remote party closed the WebSocket connection without completing the close handshake.
   at System.Net.WebSockets.ManagedWebSocket.ThrowEOFUnexpected()
   at System.Net.WebSockets.ManagedWebSocket.EnsureBufferContainsAsync(Int32 minimumRequiredBytes, CancellationToken cancellationToken)
   at System.Runtime.CompilerServices.PoolingAsyncValueTaskMethodBuilder`1.StateMachineBox`1.System.Threading.Tasks.Sources.IValueTaskSource.GetResult(Int16 token)
   at System.Net.WebSockets.ManagedWebSocket.ReceiveAsyncPrivate[TResult](Memory`1 payloadBuffer, CancellationToken cancellationToken)
   at CryptoExchange.Net.Sockets.Default.CryptoExchangeWebSocketClient.ReceiveLoopNewAsync()
2026-08-20 10:39:22.286 +04:00 [WRN] Futures order book DOGEUSDT connection lost
2026-08-20 10:39:22.286 +04:00 [INF] Futures order book DOGEUSDT status changed: "Synced" => "Reconnecting"
2026-08-20 10:39:22.287 +04:00 [WRN] Futures order book ADAUSDT connection lost
2026-08-20 10:39:22.289 +04:00 [INF] Futures order book ADAUSDT status changed: "Synced" => "Reconnecting"
2026-08-20 10:39:22.290 +04:00 [WRN] Futures order book AVAXUSDT connection lost
2026-08-20 10:39:22.291 +04:00 [INF] Futures order book AVAXUSDT status changed: "Synced" => "Reconnecting"
2026-08-20 10:39:22.292 +04:00 [WRN] Futures order book LINKUSDT connection lost
2026-08-20 10:39:22.292 +04:00 [INF] Futures order book LINKUSDT status changed: "Synced" => "Reconnecting"
2026-08-20 10:39:22.293 +04:00 [WRN] Futures order book SUIUSDT connection lost
2026-08-20 10:39:22.296 +04:00 [INF] Futures order book SUIUSDT status changed: "Synced" => "Reconnecting"
2026-08-20 10:39:22.297 +04:00 [WRN] Futures order book NEARUSDT connection lost
2026-08-20 10:39:22.298 +04:00 [INF] Futures order book NEARUSDT status changed: "Synced" => "Reconnecting"
2026-08-20 10:39:22.299 +04:00 [WRN] Futures order book ARBUSDT connection lost
2026-08-20 10:39:22.301 +04:00 [INF] Futures order book ARBUSDT status changed: "Synced" => "Reconnecting"
2026-08-20 10:39:22.302 +04:00 [WRN] Futures order book OPUSDT connection lost
2026-08-20 10:39:22.303 +04:00 [INF] Futures order book OPUSDT status changed: "Synced" => "Reconnecting"
2026-08-20 10:39:22.304 +04:00 [WRN] Futures order book INJUSDT connection lost
2026-08-20 10:39:22.304 +04:00 [INF] Futures order book INJUSDT status changed: "Synced" => "Reconnecting"
2026-08-20 10:39:22.306 +04:00 [WRN] Futures order book APTUSDT connection lost
2026-08-20 10:39:22.306 +04:00 [INF] Futures order book APTUSDT status changed: "Synced" => "Reconnecting"
2026-08-20 10:39:24.329 +04:00 [INF] Futures order book DOGEUSDT status changed: "Reconnecting" => "Syncing"
2026-08-20 10:39:24.331 +04:00 [INF] Futures order book DOGEUSDT successfully resynchronized
2026-08-20 10:39:24.332 +04:00 [INF] Futures order book DOGEUSDT status changed: "Syncing" => "Synced"
2026-08-20 10:39:24.333 +04:00 [INF] Futures order book ADAUSDT status changed: "Reconnecting" => "Syncing"
2026-08-20 10:39:24.334 +04:00 [INF] Futures order book ADAUSDT successfully resynchronized
2026-08-20 10:39:24.334 +04:00 [INF] Futures order book ADAUSDT status changed: "Syncing" => "Synced"
2026-08-20 10:39:24.335 +04:00 [INF] Futures order book AVAXUSDT status changed: "Reconnecting" => "Syncing"
2026-08-20 10:39:24.336 +04:00 [INF] Futures order book AVAXUSDT successfully resynchronized
2026-08-20 10:39:24.337 +04:00 [INF] Futures order book AVAXUSDT status changed: "Syncing" => "Synced"
2026-08-20 10:39:24.338 +04:00 [INF] Futures order book LINKUSDT status changed: "Reconnecting" => "Syncing"
2026-08-20 10:39:24.339 +04:00 [INF] Futures order book LINKUSDT successfully resynchronized
2026-08-20 10:39:24.340 +04:00 [INF] Futures order book LINKUSDT status changed: "Syncing" => "Synced"
2026-08-20 10:39:24.341 +04:00 [INF] Futures order book SUIUSDT status changed: "Reconnecting" => "Syncing"
2026-08-20 10:39:24.342 +04:00 [INF] Futures order book SUIUSDT successfully resynchronized
2026-08-20 10:39:24.343 +04:00 [INF] Futures order book SUIUSDT status changed: "Syncing" => "Synced"
2026-08-20 10:39:24.344 +04:00 [INF] Futures order book NEARUSDT status changed: "Reconnecting" => "Syncing"
2026-08-20 10:39:24.345 +04:00 [INF] Futures order book NEARUSDT successfully resynchronized
2026-08-20 10:39:24.345 +04:00 [INF] Futures order book NEARUSDT status changed: "Syncing" => "Synced"
2026-08-20 10:39:24.349 +04:00 [INF] Futures order book ARBUSDT status changed: "Reconnecting" => "Syncing"
2026-08-20 10:39:24.350 +04:00 [INF] Futures order book ARBUSDT successfully resynchronized
2026-08-20 10:39:24.352 +04:00 [INF] Futures order book ARBUSDT status changed: "Syncing" => "Synced"
2026-08-20 10:39:24.352 +04:00 [INF] Futures order book OPUSDT status changed: "Reconnecting" => "Syncing"
2026-08-20 10:39:24.353 +04:00 [INF] Futures order book OPUSDT successfully resynchronized
2026-08-20 10:39:24.354 +04:00 [INF] Futures order book OPUSDT status changed: "Syncing" => "Synced"
2026-08-20 10:39:24.355 +04:00 [INF] Futures order book INJUSDT status changed: "Reconnecting" => "Syncing"
2026-08-20 10:39:24.356 +04:00 [INF] Futures order book INJUSDT successfully resynchronized
2026-08-20 10:39:24.357 +04:00 [INF] Futures order book INJUSDT status changed: "Syncing" => "Synced"
2026-08-20 10:39:24.357 +04:00 [INF] Futures order book APTUSDT status changed: "Reconnecting" => "Syncing"
2026-08-20 10:39:24.359 +04:00 [INF] Futures order book APTUSDT successfully resynchronized
2026-08-20 10:39:24.360 +04:00 [INF] Futures order book APTUSDT status changed: "Syncing" => "Synced"
2026-08-20 10:41:44.995 +04:00 [INF] FUT PAPER OPEN INJUSDT L:Binance S:OKX qty=85.966043 lev=5x margin=80.00 edge=0.310%
2026-08-20 10:41:44.997 +04:00 [INF] Opened futures paper hedge: INJUSDT: L Binance@4.63 / S OKX@4.65 | RT 0.210% fund 0.004% → 0.214%
2026-08-20 10:41:46.519 +04:00 [INF] FUT PAPER CLOSE INJUSDT pnl=0.9756 reason=converge lev=5x
2026-08-20 11:00:02.385 +04:00 [WRN] [Sckt 3] error: Websocket error code "ConnectionClosedPrematurely", details: The remote party closed the WebSocket connection without completing the close handshake.
System.Net.WebSockets.WebSocketException (0x80004005): The remote party closed the WebSocket connection without completing the close handshake.
   at System.Net.WebSockets.ManagedWebSocket.ThrowEOFUnexpected()
   at System.Net.WebSockets.ManagedWebSocket.EnsureBufferContainsAsync(Int32 minimumRequiredBytes, CancellationToken cancellationToken)
   at System.Runtime.CompilerServices.PoolingAsyncValueTaskMethodBuilder`1.StateMachineBox`1.System.Threading.Tasks.Sources.IValueTaskSource.GetResult(Int16 token)
   at System.Net.WebSockets.ManagedWebSocket.ReceiveAsyncPrivate[TResult](Memory`1 payloadBuffer, CancellationToken cancellationToken)
   at CryptoExchange.Net.Sockets.Default.CryptoExchangeWebSocketClient.ReceiveLoopNewAsync()
2026-08-20 11:00:02.389 +04:00 [WRN] Unified order book DOGE-USDT-SWAP connection lost
2026-08-20 11:00:02.390 +04:00 [INF] Unified order book DOGE-USDT-SWAP status changed: "Synced" => "Reconnecting"
2026-08-20 11:00:02.391 +04:00 [WRN] Unified order book ADA-USDT-SWAP connection lost
2026-08-20 11:00:02.391 +04:00 [INF] Unified order book ADA-USDT-SWAP status changed: "Synced" => "Reconnecting"
2026-08-20 11:00:02.393 +04:00 [WRN] Unified order book AVAX-USDT-SWAP connection lost
2026-08-20 11:00:02.394 +04:00 [INF] Unified order book AVAX-USDT-SWAP status changed: "Synced" => "Reconnecting"
2026-08-20 11:00:02.396 +04:00 [WRN] Unified order book LINK-USDT-SWAP connection lost
2026-08-20 11:00:02.397 +04:00 [INF] Unified order book LINK-USDT-SWAP status changed: "Synced" => "Reconnecting"
2026-08-20 11:00:02.397 +04:00 [WRN] Unified order book SUI-USDT-SWAP connection lost
2026-08-20 11:00:02.399 +04:00 [INF] Unified order book SUI-USDT-SWAP status changed: "Synced" => "Reconnecting"
2026-08-20 11:00:02.400 +04:00 [WRN] Unified order book NEAR-USDT-SWAP connection lost
2026-08-20 11:00:02.401 +04:00 [INF] Unified order book NEAR-USDT-SWAP status changed: "Synced" => "Reconnecting"
2026-08-20 11:00:02.401 +04:00 [WRN] Unified order book ARB-USDT-SWAP connection lost
2026-08-20 11:00:02.402 +04:00 [INF] Unified order book ARB-USDT-SWAP status changed: "Synced" => "Reconnecting"
2026-08-20 11:00:02.403 +04:00 [WRN] Unified order book OP-USDT-SWAP connection lost
2026-08-20 11:00:02.404 +04:00 [INF] Unified order book OP-USDT-SWAP status changed: "Synced" => "Reconnecting"
2026-08-20 11:00:02.405 +04:00 [WRN] Unified order book INJ-USDT-SWAP connection lost
2026-08-20 11:00:02.406 +04:00 [INF] Unified order book INJ-USDT-SWAP status changed: "Synced" => "Reconnecting"
2026-08-20 11:00:02.406 +04:00 [WRN] Unified order book APT-USDT-SWAP connection lost
2026-08-20 11:00:02.407 +04:00 [INF] Unified order book APT-USDT-SWAP status changed: "Synced" => "Reconnecting"
2026-08-20 11:00:05.678 +04:00 [INF] Unified order book DOGE-USDT-SWAP status changed: "Reconnecting" => "Syncing"
2026-08-20 11:00:05.680 +04:00 [INF] Unified order book DOGE-USDT-SWAP successfully resynchronized
2026-08-20 11:00:05.681 +04:00 [INF] Unified order book DOGE-USDT-SWAP status changed: "Syncing" => "Synced"
2026-08-20 11:00:05.682 +04:00 [INF] Unified order book ADA-USDT-SWAP status changed: "Reconnecting" => "Syncing"
2026-08-20 11:00:05.683 +04:00 [INF] Unified order book ADA-USDT-SWAP successfully resynchronized
2026-08-20 11:00:05.684 +04:00 [INF] Unified order book ADA-USDT-SWAP status changed: "Syncing" => "Synced"
2026-08-20 11:00:05.685 +04:00 [INF] Unified order book AVAX-USDT-SWAP status changed: "Reconnecting" => "Syncing"
2026-08-20 11:00:05.685 +04:00 [INF] Unified order book AVAX-USDT-SWAP successfully resynchronized
2026-08-20 11:00:05.686 +04:00 [INF] Unified order book AVAX-USDT-SWAP status changed: "Syncing" => "Synced"
2026-08-20 11:00:05.687 +04:00 [INF] Unified order book LINK-USDT-SWAP status changed: "Reconnecting" => "Syncing"
2026-08-20 11:00:05.688 +04:00 [INF] Unified order book LINK-USDT-SWAP successfully resynchronized
2026-08-20 11:00:05.689 +04:00 [INF] Unified order book LINK-USDT-SWAP status changed: "Syncing" => "Synced"
2026-08-20 11:00:05.690 +04:00 [INF] Unified order book SUI-USDT-SWAP status changed: "Reconnecting" => "Syncing"
2026-08-20 11:00:05.691 +04:00 [INF] Unified order book SUI-USDT-SWAP successfully resynchronized
2026-08-20 11:00:05.692 +04:00 [INF] Unified order book SUI-USDT-SWAP status changed: "Syncing" => "Synced"
2026-08-20 11:00:05.692 +04:00 [INF] Unified order book NEAR-USDT-SWAP status changed: "Reconnecting" => "Syncing"
2026-08-20 11:00:05.693 +04:00 [INF] Unified order book NEAR-USDT-SWAP successfully resynchronized
2026-08-20 11:00:05.694 +04:00 [INF] Unified order book NEAR-USDT-SWAP status changed: "Syncing" => "Synced"
2026-08-20 11:00:05.695 +04:00 [INF] Unified order book ARB-USDT-SWAP status changed: "Reconnecting" => "Syncing"
2026-08-20 11:00:05.696 +04:00 [INF] Unified order book ARB-USDT-SWAP successfully resynchronized
2026-08-20 11:00:05.696 +04:00 [INF] Unified order book ARB-USDT-SWAP status changed: "Syncing" => "Synced"
2026-08-20 11:00:05.697 +04:00 [INF] Unified order book OP-USDT-SWAP status changed: "Reconnecting" => "Syncing"
2026-08-20 11:00:05.698 +04:00 [INF] Unified order book OP-USDT-SWAP successfully resynchronized
2026-08-20 11:00:05.702 +04:00 [INF] Unified order book OP-USDT-SWAP status changed: "Syncing" => "Synced"
2026-08-20 11:00:05.703 +04:00 [INF] Unified order book INJ-USDT-SWAP status changed: "Reconnecting" => "Syncing"
2026-08-20 11:00:05.704 +04:00 [INF] Unified order book INJ-USDT-SWAP successfully resynchronized
2026-08-20 11:00:05.705 +04:00 [INF] Unified order book INJ-USDT-SWAP status changed: "Syncing" => "Synced"
2026-08-20 11:00:05.706 +04:00 [INF] Unified order book APT-USDT-SWAP status changed: "Reconnecting" => "Syncing"
2026-08-20 11:00:05.707 +04:00 [INF] Unified order book APT-USDT-SWAP successfully resynchronized
2026-08-20 11:00:05.707 +04:00 [INF] Unified order book APT-USDT-SWAP status changed: "Syncing" => "Synced"
2026-08-20 11:01:46.340 +04:00 [INF] Discovery: futures tickers on Binance,Bybit,OKX,Bitget,GateIo (exclude majors BTC,ETH,BNB)
2026-08-20 11:01:47.735 +04:00 [WRN] Futures tickers failed GateIo:  'SettleAsset': Exchange parameter `SettleAsset` for exchange `GateIo` should be provided. Example: usdt
2026-08-20 11:01:47.736 +04:00 [INF] Discovery: spot tickers (supplemental ranking)
2026-08-20 11:01:50.158 +04:00 [WRN] Discovery fallback: автоподбор без объёмов (REST/geo) — curated mid-alts
2026-08-20 11:01:50.159 +04:00 [INF] Symbol refresh (curated-alts): [DOGEUSDT,ADAUSDT,AVAXUSDT,LINKUSDT,SUIUSDT,NEARUSDT,ARBUSDT,OPUSDT,INJUSDT,APTUSDT,SEIUSDT,TIAUSDT] → [DOGEUSDT,ADAUSDT,AVAXUSDT,LINKUSDT,SUIUSDT,NEARUSDT,ARBUSDT,OPUSDT,INJUSDT,APTUSDT,SEIUSDT,TIAUSDT] | changed=false
2026-08-20 11:04:31.791 +04:00 [WRN] Failed to determine message type for identifier error. Data: {"event":"error","code":30033,"msg":"Service upgrade in progress. Connection reset imminent. Please reconnect."}
2026-08-20 11:04:32.062 +04:00 [WRN] [Sckt 9] error: Websocket error code "ConnectionClosedPrematurely", details: The remote party closed the WebSocket connection without completing the close handshake.
System.Net.WebSockets.WebSocketException (0x80004005): The remote party closed the WebSocket connection without completing the close handshake.
   at System.Net.WebSockets.ManagedWebSocket.ThrowEOFUnexpected()
   at System.Net.WebSockets.ManagedWebSocket.EnsureBufferContainsAsync(Int32 minimumRequiredBytes, CancellationToken cancellationToken)
   at System.Runtime.CompilerServices.PoolingAsyncValueTaskMethodBuilder`1.StateMachineBox`1.System.Threading.Tasks.Sources.IValueTaskSource.GetResult(Int16 token)
   at System.Net.WebSockets.ManagedWebSocket.ReceiveAsyncPrivate[TResult](Memory`1 payloadBuffer, CancellationToken cancellationToken)
   at CryptoExchange.Net.Sockets.Default.CryptoExchangeWebSocketClient.ReceiveLoopNewAsync()
2026-08-20 11:04:32.067 +04:00 [WRN] Futures order book SEIUSDT connection lost
2026-08-20 11:04:32.067 +04:00 [INF] Futures order book SEIUSDT status changed: "Synced" => "Reconnecting"
2026-08-20 11:04:32.068 +04:00 [WRN] Futures order book TIAUSDT connection lost
2026-08-20 11:04:32.070 +04:00 [INF] Futures order book TIAUSDT status changed: "Synced" => "Reconnecting"
2026-08-20 11:04:33.224 +04:00 [INF] Futures order book SEIUSDT status changed: "Reconnecting" => "Syncing"
2026-08-20 11:04:33.226 +04:00 [INF] Futures order book TIAUSDT status changed: "Reconnecting" => "Syncing"
2026-08-20 11:04:33.227 +04:00 [INF] Futures order book TIAUSDT successfully resynchronized
2026-08-20 11:04:33.228 +04:00 [INF] Futures order book TIAUSDT status changed: "Syncing" => "Synced"
2026-08-20 11:04:33.474 +04:00 [INF] Futures order book SEIUSDT successfully resynchronized
2026-08-20 11:04:33.475 +04:00 [INF] Futures order book SEIUSDT status changed: "Syncing" => "Synced"
2026-08-20 11:10:26.296 +04:00 [WRN] [Sckt 8] error: Websocket error code "ConnectionClosedPrematurely", details: The remote party closed the WebSocket connection without completing the close handshake.
System.Net.WebSockets.WebSocketException (0x80004005): The remote party closed the WebSocket connection without completing the close handshake.
   at System.Net.WebSockets.ManagedWebSocket.ThrowEOFUnexpected()
   at System.Net.WebSockets.ManagedWebSocket.EnsureBufferContainsAsync(Int32 minimumRequiredBytes, CancellationToken cancellationToken)
   at System.Runtime.CompilerServices.PoolingAsyncValueTaskMethodBuilder`1.StateMachineBox`1.System.Threading.Tasks.Sources.IValueTaskSource.GetResult(Int16 token)
   at System.Net.WebSockets.ManagedWebSocket.ReceiveAsyncPrivate[TResult](Memory`1 payloadBuffer, CancellationToken cancellationToken)
   at CryptoExchange.Net.Sockets.Default.CryptoExchangeWebSocketClient.ReceiveLoopNewAsync()
2026-08-20 11:10:26.300 +04:00 [WRN] Unified order book SEI-USDT-SWAP connection lost
2026-08-20 11:10:26.301 +04:00 [INF] Unified order book SEI-USDT-SWAP status changed: "Synced" => "Reconnecting"
2026-08-20 11:10:26.302 +04:00 [WRN] Unified order book TIA-USDT-SWAP connection lost
2026-08-20 11:10:26.302 +04:00 [INF] Unified order book TIA-USDT-SWAP status changed: "Synced" => "Reconnecting"
2026-08-20 11:10:27.706 +04:00 [INF] Unified order book SEI-USDT-SWAP status changed: "Reconnecting" => "Syncing"
2026-08-20 11:10:27.708 +04:00 [INF] Unified order book TIA-USDT-SWAP status changed: "Reconnecting" => "Syncing"
2026-08-20 11:10:28.200 +04:00 [INF] Unified order book TIA-USDT-SWAP successfully resynchronized
2026-08-20 11:10:28.200 +04:00 [INF] Unified order book SEI-USDT-SWAP successfully resynchronized
2026-08-20 11:10:28.201 +04:00 [INF] Unified order book TIA-USDT-SWAP status changed: "Syncing" => "Synced"
2026-08-20 11:10:28.202 +04:00 [INF] Unified order book SEI-USDT-SWAP status changed: "Syncing" => "Synced"
2026-08-20 11:18:04.921 +04:00 [INF] Funding cache refresh for 12 symbols × 3 exchanges (TTL 45m)
2026-08-20 11:18:13.537 +04:00 [INF] Funding cache entries: 36
2026-08-20 11:31:51.509 +04:00 [INF] Discovery: futures tickers on Binance,Bybit,OKX,Bitget,GateIo (exclude majors BTC,ETH,BNB)
2026-08-20 11:31:53.059 +04:00 [WRN] Futures tickers failed GateIo:  'SettleAsset': Exchange parameter `SettleAsset` for exchange `GateIo` should be provided. Example: usdt
2026-08-20 11:31:53.060 +04:00 [INF] Discovery: spot tickers (supplemental ranking)
2026-08-20 11:31:55.501 +04:00 [WRN] Discovery fallback: автоподбор без объёмов (REST/geo) — curated mid-alts
2026-08-20 11:31:55.502 +04:00 [INF] Symbol refresh (curated-alts): [DOGEUSDT,ADAUSDT,AVAXUSDT,LINKUSDT,SUIUSDT,NEARUSDT,ARBUSDT,OPUSDT,INJUSDT,APTUSDT,SEIUSDT,TIAUSDT] → [DOGEUSDT,ADAUSDT,AVAXUSDT,LINKUSDT,SUIUSDT,NEARUSDT,ARBUSDT,OPUSDT,INJUSDT,APTUSDT,SEIUSDT,TIAUSDT] | changed=false
2026-08-20 11:56:49.466 +04:00 [WRN] [Sckt 3] error: Websocket error code "ConnectionClosedPrematurely", details: The remote party closed the WebSocket connection without completing the close handshake.
System.Net.WebSockets.WebSocketException (0x80004005): The remote party closed the WebSocket connection without completing the close handshake.
   at System.Net.WebSockets.ManagedWebSocket.ThrowEOFUnexpected()
   at System.Net.WebSockets.ManagedWebSocket.EnsureBufferContainsAsync(Int32 minimumRequiredBytes, CancellationToken cancellationToken)
   at System.Runtime.CompilerServices.PoolingAsyncValueTaskMethodBuilder`1.StateMachineBox`1.System.Threading.Tasks.Sources.IValueTaskSource.GetResult(Int16 token)
   at System.Net.WebSockets.ManagedWebSocket.ReceiveAsyncPrivate[TResult](Memory`1 payloadBuffer, CancellationToken cancellationToken)
   at CryptoExchange.Net.Sockets.Default.CryptoExchangeWebSocketClient.ReceiveLoopNewAsync()
2026-08-20 11:56:49.470 +04:00 [WRN] Unified order book DOGE-USDT-SWAP connection lost
2026-08-20 11:56:49.471 +04:00 [INF] Unified order book DOGE-USDT-SWAP status changed: "Synced" => "Reconnecting"
2026-08-20 11:56:49.471 +04:00 [WRN] Unified order book ADA-USDT-SWAP connection lost
2026-08-20 11:56:49.472 +04:00 [INF] Unified order book ADA-USDT-SWAP status changed: "Synced" => "Reconnecting"
2026-08-20 11:56:49.473 +04:00 [WRN] Unified order book AVAX-USDT-SWAP connection lost
2026-08-20 11:56:49.474 +04:00 [INF] Unified order book AVAX-USDT-SWAP status changed: "Synced" => "Reconnecting"
2026-08-20 11:56:49.474 +04:00 [WRN] Unified order book LINK-USDT-SWAP connection lost
2026-08-20 11:56:49.475 +04:00 [INF] Unified order book LINK-USDT-SWAP status changed: "Synced" => "Reconnecting"
2026-08-20 11:56:49.476 +04:00 [WRN] Unified order book SUI-USDT-SWAP connection lost
2026-08-20 11:56:49.477 +04:00 [INF] Unified order book SUI-USDT-SWAP status changed: "Synced" => "Reconnecting"
2026-08-20 11:56:49.478 +04:00 [WRN] Unified order book NEAR-USDT-SWAP connection lost
2026-08-20 11:56:49.479 +04:00 [INF] Unified order book NEAR-USDT-SWAP status changed: "Synced" => "Reconnecting"
2026-08-20 11:56:49.480 +04:00 [WRN] Unified order book ARB-USDT-SWAP connection lost
2026-08-20 11:56:49.480 +04:00 [INF] Unified order book ARB-USDT-SWAP status changed: "Synced" => "Reconnecting"
2026-08-20 11:56:49.483 +04:00 [WRN] Unified order book OP-USDT-SWAP connection lost
2026-08-20 11:56:49.484 +04:00 [INF] Unified order book OP-USDT-SWAP status changed: "Synced" => "Reconnecting"
2026-08-20 11:56:49.485 +04:00 [WRN] Unified order book INJ-USDT-SWAP connection lost
2026-08-20 11:56:49.486 +04:00 [INF] Unified order book INJ-USDT-SWAP status changed: "Synced" => "Reconnecting"
2026-08-20 11:56:49.487 +04:00 [WRN] Unified order book APT-USDT-SWAP connection lost
2026-08-20 11:56:49.488 +04:00 [INF] Unified order book APT-USDT-SWAP status changed: "Synced" => "Reconnecting"
2026-08-20 11:56:52.218 +04:00 [INF] Unified order book DOGE-USDT-SWAP status changed: "Reconnecting" => "Syncing"
2026-08-20 11:56:52.219 +04:00 [INF] Unified order book DOGE-USDT-SWAP successfully resynchronized
2026-08-20 11:56:52.219 +04:00 [INF] Unified order book DOGE-USDT-SWAP status changed: "Syncing" => "Synced"
2026-08-20 11:56:52.221 +04:00 [INF] Unified order book ADA-USDT-SWAP status changed: "Reconnecting" => "Syncing"
2026-08-20 11:56:52.221 +04:00 [INF] Unified order book ADA-USDT-SWAP successfully resynchronized
2026-08-20 11:56:52.222 +04:00 [INF] Unified order book ADA-USDT-SWAP status changed: "Syncing" => "Synced"
2026-08-20 11:56:52.223 +04:00 [INF] Unified order book AVAX-USDT-SWAP status changed: "Reconnecting" => "Syncing"
2026-08-20 11:56:52.224 +04:00 [INF] Unified order book AVAX-USDT-SWAP successfully resynchronized
2026-08-20 11:56:52.224 +04:00 [INF] Unified order book AVAX-USDT-SWAP status changed: "Syncing" => "Synced"
2026-08-20 11:56:52.225 +04:00 [INF] Unified order book LINK-USDT-SWAP status changed: "Reconnecting" => "Syncing"
2026-08-20 11:56:52.226 +04:00 [INF] Unified order book LINK-USDT-SWAP successfully resynchronized
2026-08-20 11:56:52.229 +04:00 [INF] Unified order book LINK-USDT-SWAP status changed: "Syncing" => "Synced"
2026-08-20 11:56:52.230 +04:00 [INF] Unified order book SUI-USDT-SWAP status changed: "Reconnecting" => "Syncing"
2026-08-20 11:56:52.231 +04:00 [INF] Unified order book SUI-USDT-SWAP successfully resynchronized
2026-08-20 11:56:52.232 +04:00 [INF] Unified order book SUI-USDT-SWAP status changed: "Syncing" => "Synced"
2026-08-20 11:56:52.233 +04:00 [INF] Unified order book NEAR-USDT-SWAP status changed: "Reconnecting" => "Syncing"
2026-08-20 11:56:52.234 +04:00 [INF] Unified order book NEAR-USDT-SWAP successfully resynchronized
2026-08-20 11:56:52.234 +04:00 [INF] Unified order book NEAR-USDT-SWAP status changed: "Syncing" => "Synced"
2026-08-20 11:56:52.235 +04:00 [INF] Unified order book ARB-USDT-SWAP status changed: "Reconnecting" => "Syncing"
2026-08-20 11:56:52.236 +04:00 [INF] Unified order book ARB-USDT-SWAP successfully resynchronized
2026-08-20 11:56:52.238 +04:00 [INF] Unified order book ARB-USDT-SWAP status changed: "Syncing" => "Synced"
2026-08-20 11:56:52.239 +04:00 [INF] Unified order book OP-USDT-SWAP status changed: "Reconnecting" => "Syncing"
2026-08-20 11:56:52.240 +04:00 [INF] Unified order book OP-USDT-SWAP successfully resynchronized
2026-08-20 11:56:52.241 +04:00 [INF] Unified order book OP-USDT-SWAP status changed: "Syncing" => "Synced"
2026-08-20 11:56:52.243 +04:00 [INF] Unified order book INJ-USDT-SWAP status changed: "Reconnecting" => "Syncing"
2026-08-20 11:56:52.244 +04:00 [INF] Unified order book INJ-USDT-SWAP successfully resynchronized
2026-08-20 11:56:52.245 +04:00 [INF] Unified order book INJ-USDT-SWAP status changed: "Syncing" => "Synced"
2026-08-20 11:56:52.247 +04:00 [INF] Unified order book APT-USDT-SWAP status changed: "Reconnecting" => "Syncing"
2026-08-20 11:56:52.485 +04:00 [INF] Unified order book APT-USDT-SWAP successfully resynchronized
2026-08-20 11:56:52.488 +04:00 [INF] Unified order book APT-USDT-SWAP status changed: "Syncing" => "Synced"
2026-08-20 11:57:00.560 +04:00 [WRN] [Sckt 8] error: Websocket error code "ConnectionClosedPrematurely", details: The remote party closed the WebSocket connection without completing the close handshake.
System.Net.WebSockets.WebSocketException (0x80004005): The remote party closed the WebSocket connection without completing the close handshake.
   at System.Net.WebSockets.ManagedWebSocket.ThrowEOFUnexpected()
   at System.Net.WebSockets.ManagedWebSocket.EnsureBufferContainsAsync(Int32 minimumRequiredBytes, CancellationToken cancellationToken)
   at System.Runtime.CompilerServices.PoolingAsyncValueTaskMethodBuilder`1.StateMachineBox`1.System.Threading.Tasks.Sources.IValueTaskSource.GetResult(Int16 token)
   at System.Net.WebSockets.ManagedWebSocket.ReceiveAsyncPrivate[TResult](Memory`1 payloadBuffer, CancellationToken cancellationToken)
   at CryptoExchange.Net.Sockets.Default.CryptoExchangeWebSocketClient.ReceiveLoopNewAsync()
2026-08-20 11:57:00.563 +04:00 [WRN] Unified order book SEI-USDT-SWAP connection lost
2026-08-20 11:57:00.564 +04:00 [INF] Unified order book SEI-USDT-SWAP status changed: "Synced" => "Reconnecting"
2026-08-20 11:57:00.564 +04:00 [WRN] Unified order book TIA-USDT-SWAP connection lost
2026-08-20 11:57:00.565 +04:00 [INF] Unified order book TIA-USDT-SWAP status changed: "Synced" => "Reconnecting"
2026-08-20 11:57:02.012 +04:00 [INF] Unified order book SEI-USDT-SWAP status changed: "Reconnecting" => "Syncing"
2026-08-20 11:57:02.013 +04:00 [INF] Unified order book TIA-USDT-SWAP status changed: "Reconnecting" => "Syncing"
2026-08-20 11:57:02.390 +04:00 [INF] Unified order book SEI-USDT-SWAP successfully resynchronized
2026-08-20 11:57:02.390 +04:00 [INF] Unified order book TIA-USDT-SWAP successfully resynchronized
2026-08-20 11:57:02.391 +04:00 [INF] Unified order book SEI-USDT-SWAP status changed: "Syncing" => "Synced"
2026-08-20 11:57:02.392 +04:00 [INF] Unified order book TIA-USDT-SWAP status changed: "Syncing" => "Synced"
2026-08-20 12:01:55.659 +04:00 [INF] Discovery: futures tickers on Binance,Bybit,OKX,Bitget,GateIo (exclude majors BTC,ETH,BNB)
2026-08-20 12:01:56.994 +04:00 [WRN] Futures tickers failed GateIo:  'SettleAsset': Exchange parameter `SettleAsset` for exchange `GateIo` should be provided. Example: usdt
2026-08-20 12:01:56.996 +04:00 [INF] Discovery: spot tickers (supplemental ranking)
2026-08-20 12:01:59.296 +04:00 [WRN] Discovery fallback: автоподбор без объёмов (REST/geo) — curated mid-alts
2026-08-20 12:01:59.297 +04:00 [INF] Symbol refresh (curated-alts): [DOGEUSDT,ADAUSDT,AVAXUSDT,LINKUSDT,SUIUSDT,NEARUSDT,ARBUSDT,OPUSDT,INJUSDT,APTUSDT,SEIUSDT,TIAUSDT] → [DOGEUSDT,ADAUSDT,AVAXUSDT,LINKUSDT,SUIUSDT,NEARUSDT,ARBUSDT,OPUSDT,INJUSDT,APTUSDT,SEIUSDT,TIAUSDT] | changed=false
2026-08-20 12:03:13.839 +04:00 [INF] Funding cache refresh for 12 symbols × 3 exchanges (TTL 45m)
2026-08-20 12:03:22.498 +04:00 [INF] Funding cache entries: 36
2026-08-20 12:31:59.999 +04:00 [INF] Discovery: futures tickers on Binance,Bybit,OKX,Bitget,GateIo (exclude majors BTC,ETH,BNB)
2026-08-20 12:32:01.392 +04:00 [WRN] Futures tickers failed GateIo:  'SettleAsset': Exchange parameter `SettleAsset` for exchange `GateIo` should be provided. Example: usdt
2026-08-20 12:32:01.393 +04:00 [INF] Discovery: spot tickers (supplemental ranking)
2026-08-20 12:32:05.035 +04:00 [WRN] Discovery fallback: автоподбор без объёмов (REST/geo) — curated mid-alts
2026-08-20 12:32:05.036 +04:00 [INF] Symbol refresh (curated-alts): [DOGEUSDT,ADAUSDT,AVAXUSDT,LINKUSDT,SUIUSDT,NEARUSDT,ARBUSDT,OPUSDT,INJUSDT,APTUSDT,SEIUSDT,TIAUSDT] → [DOGEUSDT,ADAUSDT,AVAXUSDT,LINKUSDT,SUIUSDT,NEARUSDT,ARBUSDT,OPUSDT,INJUSDT,APTUSDT,SEIUSDT,TIAUSDT] | changed=false
2026-08-20 12:41:40.219 +04:00 [WRN] Failed to determine message type for identifier futures.system. Data: {"time":1787215299,"time_ms":1787215299886,"channel":"futures.system","event":"update","result":{"type":"upgrade","msg":"The connection will soon be closed for a service upgrade. Please reconnect."}}
2026-08-20 12:41:50.805 +04:00 [WRN] [Sckt 10] error: Websocket error code "ConnectionClosedPrematurely", details: The remote party closed the WebSocket connection without completing the close handshake.
System.Net.WebSockets.WebSocketException (0x80004005): The remote party closed the WebSocket connection without completing the close handshake.
   at System.Net.WebSockets.ManagedWebSocket.ThrowEOFUnexpected()
   at System.Net.WebSockets.ManagedWebSocket.EnsureBufferContainsAsync(Int32 minimumRequiredBytes, CancellationToken cancellationToken)
   at System.Runtime.CompilerServices.PoolingAsyncValueTaskMethodBuilder`1.StateMachineBox`1.System.Threading.Tasks.Sources.IValueTaskSource.GetResult(Int16 token)
   at System.Net.WebSockets.ManagedWebSocket.ReceiveAsyncPrivate[TResult](Memory`1 payloadBuffer, CancellationToken cancellationToken)
   at CryptoExchange.Net.Sockets.Default.CryptoExchangeWebSocketClient.ReceiveLoopNewAsync()
2026-08-20 12:41:50.812 +04:00 [WRN] PerpetualFutures order book SEI_USDT connection lost
2026-08-20 12:41:50.818 +04:00 [INF] PerpetualFutures order book SEI_USDT status changed: "Synced" => "Reconnecting"
2026-08-20 12:41:50.819 +04:00 [WRN] PerpetualFutures order book TIA_USDT connection lost
2026-08-20 12:41:50.820 +04:00 [INF] PerpetualFutures order book TIA_USDT status changed: "Synced" => "Reconnecting"
2026-08-20 12:41:52.520 +04:00 [INF] PerpetualFutures order book SEI_USDT status changed: "Reconnecting" => "Syncing"
2026-08-20 12:41:52.522 +04:00 [INF] PerpetualFutures order book SEI_USDT successfully resynchronized
2026-08-20 12:41:52.523 +04:00 [INF] PerpetualFutures order book SEI_USDT status changed: "Syncing" => "Synced"
2026-08-20 12:41:52.524 +04:00 [INF] PerpetualFutures order book TIA_USDT status changed: "Reconnecting" => "Syncing"
2026-08-20 12:41:52.524 +04:00 [INF] PerpetualFutures order book TIA_USDT successfully resynchronized
2026-08-20 12:41:52.526 +04:00 [INF] PerpetualFutures order book TIA_USDT status changed: "Syncing" => "Synced"
2026-08-20 12:45:45.080 +04:00 [WRN] Failed to determine message type for identifier futures.system. Data: {"time":1787215544,"time_ms":1787215544750,"channel":"futures.system","event":"update","result":{"type":"upgrade","msg":"The connection will soon be closed for a service upgrade. Please reconnect."}}
2026-08-20 12:45:55.741 +04:00 [WRN] [Sckt 5] error: Websocket error code "ConnectionClosedPrematurely", details: The remote party closed the WebSocket connection without completing the close handshake.
System.Net.WebSockets.WebSocketException (0x80004005): The remote party closed the WebSocket connection without completing the close handshake.
   at System.Net.WebSockets.ManagedWebSocket.ThrowEOFUnexpected()
   at System.Net.WebSockets.ManagedWebSocket.EnsureBufferContainsAsync(Int32 minimumRequiredBytes, CancellationToken cancellationToken)
   at System.Runtime.CompilerServices.PoolingAsyncValueTaskMethodBuilder`1.StateMachineBox`1.System.Threading.Tasks.Sources.IValueTaskSource.GetResult(Int16 token)
   at System.Net.WebSockets.ManagedWebSocket.ReceiveAsyncPrivate[TResult](Memory`1 payloadBuffer, CancellationToken cancellationToken)
   at CryptoExchange.Net.Sockets.Default.CryptoExchangeWebSocketClient.ReceiveLoopNewAsync()
2026-08-20 12:45:55.745 +04:00 [WRN] PerpetualFutures order book DOGE_USDT connection lost
2026-08-20 12:45:55.746 +04:00 [INF] PerpetualFutures order book DOGE_USDT status changed: "Synced" => "Reconnecting"
2026-08-20 12:45:55.747 +04:00 [WRN] PerpetualFutures order book ADA_USDT connection lost
2026-08-20 12:45:55.748 +04:00 [INF] PerpetualFutures order book ADA_USDT status changed: "Synced" => "Reconnecting"
2026-08-20 12:45:55.749 +04:00 [WRN] PerpetualFutures order book AVAX_USDT connection lost
2026-08-20 12:45:55.749 +04:00 [INF] PerpetualFutures order book AVAX_USDT status changed: "Synced" => "Reconnecting"
2026-08-20 12:45:55.750 +04:00 [WRN] PerpetualFutures order book LINK_USDT connection lost
2026-08-20 12:45:55.751 +04:00 [INF] PerpetualFutures order book LINK_USDT status changed: "Synced" => "Reconnecting"
2026-08-20 12:45:55.752 +04:00 [WRN] PerpetualFutures order book SUI_USDT connection lost
2026-08-20 12:45:55.752 +04:00 [INF] PerpetualFutures order book SUI_USDT status changed: "Synced" => "Reconnecting"
2026-08-20 12:45:55.753 +04:00 [WRN] PerpetualFutures order book NEAR_USDT connection lost
2026-08-20 12:45:55.754 +04:00 [INF] PerpetualFutures order book NEAR_USDT status changed: "Synced" => "Reconnecting"
2026-08-20 12:45:55.755 +04:00 [WRN] PerpetualFutures order book ARB_USDT connection lost
2026-08-20 12:45:55.759 +04:00 [INF] PerpetualFutures order book ARB_USDT status changed: "Synced" => "Reconnecting"
2026-08-20 12:45:55.760 +04:00 [WRN] PerpetualFutures order book OP_USDT connection lost
2026-08-20 12:45:55.761 +04:00 [INF] PerpetualFutures order book OP_USDT status changed: "Synced" => "Reconnecting"
2026-08-20 12:45:55.762 +04:00 [WRN] PerpetualFutures order book INJ_USDT connection lost
2026-08-20 12:45:55.762 +04:00 [INF] PerpetualFutures order book INJ_USDT status changed: "Synced" => "Reconnecting"
2026-08-20 12:45:55.763 +04:00 [WRN] PerpetualFutures order book APT_USDT connection lost
2026-08-20 12:45:55.764 +04:00 [INF] PerpetualFutures order book APT_USDT status changed: "Synced" => "Reconnecting"
2026-08-20 12:45:57.744 +04:00 [INF] PerpetualFutures order book DOGE_USDT status changed: "Reconnecting" => "Syncing"
2026-08-20 12:45:57.745 +04:00 [INF] PerpetualFutures order book DOGE_USDT successfully resynchronized
2026-08-20 12:45:57.746 +04:00 [INF] PerpetualFutures order book DOGE_USDT status changed: "Syncing" => "Synced"
2026-08-20 12:45:57.747 +04:00 [INF] PerpetualFutures order book ADA_USDT status changed: "Reconnecting" => "Syncing"
2026-08-20 12:45:57.748 +04:00 [INF] PerpetualFutures order book ADA_USDT successfully resynchronized
2026-08-20 12:45:57.748 +04:00 [INF] PerpetualFutures order book ADA_USDT status changed: "Syncing" => "Synced"
2026-08-20 12:45:57.749 +04:00 [INF] PerpetualFutures order book AVAX_USDT status changed: "Reconnecting" => "Syncing"
2026-08-20 12:45:57.750 +04:00 [INF] PerpetualFutures order book AVAX_USDT successfully resynchronized
2026-08-20 12:45:57.751 +04:00 [INF] PerpetualFutures order book AVAX_USDT status changed: "Syncing" => "Synced"
2026-08-20 12:45:57.751 +04:00 [INF] PerpetualFutures order book LINK_USDT status changed: "Reconnecting" => "Syncing"
2026-08-20 12:45:57.752 +04:00 [INF] PerpetualFutures order book LINK_USDT successfully resynchronized
2026-08-20 12:45:57.753 +04:00 [INF] PerpetualFutures order book LINK_USDT status changed: "Syncing" => "Synced"
2026-08-20 12:45:57.753 +04:00 [INF] PerpetualFutures order book SUI_USDT status changed: "Reconnecting" => "Syncing"
2026-08-20 12:45:57.754 +04:00 [INF] PerpetualFutures order book SUI_USDT successfully resynchronized
2026-08-20 12:45:57.756 +04:00 [INF] PerpetualFutures order book SUI_USDT status changed: "Syncing" => "Synced"
2026-08-20 12:45:57.757 +04:00 [INF] PerpetualFutures order book NEAR_USDT status changed: "Reconnecting" => "Syncing"
2026-08-20 12:45:57.758 +04:00 [INF] PerpetualFutures order book NEAR_USDT successfully resynchronized
2026-08-20 12:45:57.761 +04:00 [INF] PerpetualFutures order book NEAR_USDT status changed: "Syncing" => "Synced"
2026-08-20 12:45:57.762 +04:00 [INF] PerpetualFutures order book ARB_USDT status changed: "Reconnecting" => "Syncing"
2026-08-20 12:45:57.763 +04:00 [INF] PerpetualFutures order book ARB_USDT successfully resynchronized
2026-08-20 12:45:57.763 +04:00 [INF] PerpetualFutures order book ARB_USDT status changed: "Syncing" => "Synced"
2026-08-20 12:45:57.764 +04:00 [INF] PerpetualFutures order book OP_USDT status changed: "Reconnecting" => "Syncing"
2026-08-20 12:45:57.766 +04:00 [INF] PerpetualFutures order book OP_USDT successfully resynchronized
2026-08-20 12:45:57.767 +04:00 [INF] PerpetualFutures order book OP_USDT status changed: "Syncing" => "Synced"
2026-08-20 12:45:57.768 +04:00 [INF] PerpetualFutures order book INJ_USDT status changed: "Reconnecting" => "Syncing"
2026-08-20 12:45:57.769 +04:00 [INF] PerpetualFutures order book INJ_USDT successfully resynchronized
2026-08-20 12:45:57.769 +04:00 [INF] PerpetualFutures order book INJ_USDT status changed: "Syncing" => "Synced"
2026-08-20 12:45:57.770 +04:00 [INF] PerpetualFutures order book APT_USDT status changed: "Reconnecting" => "Syncing"
2026-08-20 12:45:57.771 +04:00 [INF] PerpetualFutures order book APT_USDT successfully resynchronized
2026-08-20 12:45:57.772 +04:00 [INF] PerpetualFutures order book APT_USDT status changed: "Syncing" => "Synced"
2026-08-20 12:47:49.125 +04:00 [WRN] Failed to determine message type for identifier futures.system. Data: {"time":1787215668,"time_ms":1787215668784,"channel":"futures.system","event":"update","result":{"type":"upgrade","msg":"The connection will soon be closed for a service upgrade. Please reconnect."}}
2026-08-20 12:47:49.181 +04:00 [WRN] Failed to determine message type for identifier futures.system. Data: {"time":1787215668,"time_ms":1787215668784,"channel":"futures.system","event":"update","result":{"type":"upgrade","msg":"The connection will soon be closed for a service upgrade. Please reconnect."}}
2026-08-20 12:47:59.741 +04:00 [WRN] [Sckt 5] error: Websocket error code "ConnectionClosedPrematurely", details: The remote party closed the WebSocket connection without completing the close handshake.
System.Net.WebSockets.WebSocketException (0x80004005): The remote party closed the WebSocket connection without completing the close handshake.
   at System.Net.WebSockets.ManagedWebSocket.ThrowEOFUnexpected()
   at System.Net.WebSockets.ManagedWebSocket.EnsureBufferContainsAsync(Int32 minimumRequiredBytes, CancellationToken cancellationToken)
   at System.Runtime.CompilerServices.PoolingAsyncValueTaskMethodBuilder`1.StateMachineBox`1.System.Threading.Tasks.Sources.IValueTaskSource.GetResult(Int16 token)
   at System.Net.WebSockets.ManagedWebSocket.ReceiveAsyncPrivate[TResult](Memory`1 payloadBuffer, CancellationToken cancellationToken)
   at CryptoExchange.Net.Sockets.Default.CryptoExchangeWebSocketClient.ReceiveLoopNewAsync()
2026-08-20 12:47:59.745 +04:00 [WRN] PerpetualFutures order book DOGE_USDT connection lost
2026-08-20 12:47:59.746 +04:00 [INF] PerpetualFutures order book DOGE_USDT status changed: "Synced" => "Reconnecting"
2026-08-20 12:47:59.746 +04:00 [WRN] PerpetualFutures order book ADA_USDT connection lost
2026-08-20 12:47:59.747 +04:00 [INF] PerpetualFutures order book ADA_USDT status changed: "Synced" => "Reconnecting"
2026-08-20 12:47:59.748 +04:00 [WRN] PerpetualFutures order book AVAX_USDT connection lost
2026-08-20 12:47:59.748 +04:00 [INF] PerpetualFutures order book AVAX_USDT status changed: "Synced" => "Reconnecting"
2026-08-20 12:47:59.749 +04:00 [WRN] PerpetualFutures order book LINK_USDT connection lost
2026-08-20 12:47:59.751 +04:00 [INF] PerpetualFutures order book LINK_USDT status changed: "Synced" => "Reconnecting"
2026-08-20 12:47:59.751 +04:00 [WRN] PerpetualFutures order book SUI_USDT connection lost
2026-08-20 12:47:59.752 +04:00 [INF] PerpetualFutures order book SUI_USDT status changed: "Synced" => "Reconnecting"
2026-08-20 12:47:59.753 +04:00 [WRN] PerpetualFutures order book NEAR_USDT connection lost
2026-08-20 12:47:59.756 +04:00 [INF] PerpetualFutures order book NEAR_USDT status changed: "Synced" => "Reconnecting"
2026-08-20 12:47:59.757 +04:00 [WRN] PerpetualFutures order book ARB_USDT connection lost
2026-08-20 12:47:59.757 +04:00 [INF] PerpetualFutures order book ARB_USDT status changed: "Synced" => "Reconnecting"
2026-08-20 12:47:59.758 +04:00 [WRN] PerpetualFutures order book OP_USDT connection lost
2026-08-20 12:47:59.759 +04:00 [INF] PerpetualFutures order book OP_USDT status changed: "Synced" => "Reconnecting"
2026-08-20 12:47:59.759 +04:00 [WRN] [Sckt 10] error: Websocket error code "ConnectionClosedPrematurely", details: The remote party closed the WebSocket connection without completing the close handshake.
System.Net.WebSockets.WebSocketException (0x80004005): The remote party closed the WebSocket connection without completing the close handshake.
   at System.Net.WebSockets.ManagedWebSocket.ThrowEOFUnexpected()
   at System.Net.WebSockets.ManagedWebSocket.EnsureBufferContainsAsync(Int32 minimumRequiredBytes, CancellationToken cancellationToken)
   at System.Runtime.CompilerServices.PoolingAsyncValueTaskMethodBuilder`1.StateMachineBox`1.System.Threading.Tasks.Sources.IValueTaskSource.GetResult(Int16 token)
   at System.Net.WebSockets.ManagedWebSocket.ReceiveAsyncPrivate[TResult](Memory`1 payloadBuffer, CancellationToken cancellationToken)
   at CryptoExchange.Net.Sockets.Default.CryptoExchangeWebSocketClient.ReceiveLoopNewAsync()
2026-08-20 12:47:59.761 +04:00 [WRN] PerpetualFutures order book INJ_USDT connection lost
2026-08-20 12:47:59.763 +04:00 [WRN] PerpetualFutures order book SEI_USDT connection lost
2026-08-20 12:47:59.764 +04:00 [INF] PerpetualFutures order book INJ_USDT status changed: "Synced" => "Reconnecting"
2026-08-20 12:47:59.765 +04:00 [INF] PerpetualFutures order book SEI_USDT status changed: "Synced" => "Reconnecting"
2026-08-20 12:47:59.766 +04:00 [WRN] PerpetualFutures order book APT_USDT connection lost
2026-08-20 12:47:59.766 +04:00 [WRN] PerpetualFutures order book TIA_USDT connection lost
2026-08-20 12:47:59.767 +04:00 [INF] PerpetualFutures order book APT_USDT status changed: "Synced" => "Reconnecting"
2026-08-20 12:47:59.768 +04:00 [INF] PerpetualFutures order book TIA_USDT status changed: "Synced" => "Reconnecting"
2026-08-20 12:48:01.435 +04:00 [INF] PerpetualFutures order book SEI_USDT status changed: "Reconnecting" => "Syncing"
2026-08-20 12:48:01.436 +04:00 [INF] PerpetualFutures order book SEI_USDT successfully resynchronized
2026-08-20 12:48:01.437 +04:00 [INF] PerpetualFutures order book SEI_USDT status changed: "Syncing" => "Synced"
2026-08-20 12:48:01.438 +04:00 [INF] PerpetualFutures order book TIA_USDT status changed: "Reconnecting" => "Syncing"
2026-08-20 12:48:01.439 +04:00 [INF] PerpetualFutures order book TIA_USDT successfully resynchronized
2026-08-20 12:48:01.441 +04:00 [INF] PerpetualFutures order book TIA_USDT status changed: "Syncing" => "Synced"
2026-08-20 12:48:01.742 +04:00 [INF] PerpetualFutures order book DOGE_USDT status changed: "Reconnecting" => "Syncing"
2026-08-20 12:48:01.744 +04:00 [INF] PerpetualFutures order book DOGE_USDT successfully resynchronized
2026-08-20 12:48:01.746 +04:00 [INF] PerpetualFutures order book DOGE_USDT status changed: "Syncing" => "Synced"
2026-08-20 12:48:01.747 +04:00 [INF] PerpetualFutures order book ADA_USDT status changed: "Reconnecting" => "Syncing"
2026-08-20 12:48:01.748 +04:00 [INF] PerpetualFutures order book ADA_USDT successfully resynchronized
2026-08-20 12:48:01.748 +04:00 [INF] PerpetualFutures order book ADA_USDT status changed: "Syncing" => "Synced"
2026-08-20 12:48:01.749 +04:00 [INF] PerpetualFutures order book AVAX_USDT status changed: "Reconnecting" => "Syncing"
2026-08-20 12:48:01.750 +04:00 [INF] PerpetualFutures order book AVAX_USDT successfully resynchronized
2026-08-20 12:48:01.751 +04:00 [INF] PerpetualFutures order book AVAX_USDT status changed: "Syncing" => "Synced"
2026-08-20 12:48:01.752 +04:00 [INF] PerpetualFutures order book LINK_USDT status changed: "Reconnecting" => "Syncing"
2026-08-20 12:48:01.753 +04:00 [INF] PerpetualFutures order book LINK_USDT successfully resynchronized
2026-08-20 12:48:01.754 +04:00 [INF] PerpetualFutures order book LINK_USDT status changed: "Syncing" => "Synced"
2026-08-20 12:48:01.755 +04:00 [INF] PerpetualFutures order book SUI_USDT status changed: "Reconnecting" => "Syncing"
2026-08-20 12:48:01.756 +04:00 [INF] PerpetualFutures order book SUI_USDT successfully resynchronized
2026-08-20 12:48:01.756 +04:00 [INF] PerpetualFutures order book SUI_USDT status changed: "Syncing" => "Synced"
2026-08-20 12:48:01.757 +04:00 [INF] PerpetualFutures order book NEAR_USDT status changed: "Reconnecting" => "Syncing"
2026-08-20 12:48:01.758 +04:00 [INF] PerpetualFutures order book NEAR_USDT successfully resynchronized
2026-08-20 12:48:01.759 +04:00 [INF] PerpetualFutures order book NEAR_USDT status changed: "Syncing" => "Synced"
2026-08-20 12:48:01.759 +04:00 [INF] PerpetualFutures order book ARB_USDT status changed: "Reconnecting" => "Syncing"
2026-08-20 12:48:01.761 +04:00 [INF] PerpetualFutures order book ARB_USDT successfully resynchronized
2026-08-20 12:48:01.762 +04:00 [INF] PerpetualFutures order book ARB_USDT status changed: "Syncing" => "Synced"
2026-08-20 12:48:01.765 +04:00 [INF] PerpetualFutures order book OP_USDT status changed: "Reconnecting" => "Syncing"
2026-08-20 12:48:01.766 +04:00 [INF] PerpetualFutures order book OP_USDT successfully resynchronized
2026-08-20 12:48:01.767 +04:00 [INF] PerpetualFutures order book OP_USDT status changed: "Syncing" => "Synced"
2026-08-20 12:48:01.767 +04:00 [INF] PerpetualFutures order book INJ_USDT status changed: "Reconnecting" => "Syncing"
2026-08-20 12:48:01.768 +04:00 [INF] PerpetualFutures order book INJ_USDT successfully resynchronized
2026-08-20 12:48:01.769 +04:00 [INF] PerpetualFutures order book INJ_USDT status changed: "Syncing" => "Synced"
2026-08-20 12:48:01.770 +04:00 [INF] PerpetualFutures order book APT_USDT status changed: "Reconnecting" => "Syncing"
2026-08-20 12:48:01.772 +04:00 [INF] PerpetualFutures order book APT_USDT successfully resynchronized
2026-08-20 12:48:01.772 +04:00 [INF] PerpetualFutures order book APT_USDT status changed: "Syncing" => "Synced"
2026-08-20 12:48:23.016 +04:00 [INF] Funding cache refresh for 12 symbols × 3 exchanges (TTL 45m)
2026-08-20 12:48:31.323 +04:00 [INF] Funding cache entries: 36
2026-08-20 13:02:05.336 +04:00 [INF] Discovery: futures tickers on Binance,Bybit,OKX,Bitget,GateIo (exclude majors BTC,ETH,BNB)
2026-08-20 13:02:06.670 +04:00 [WRN] Futures tickers failed GateIo:  'SettleAsset': Exchange parameter `SettleAsset` for exchange `GateIo` should be provided. Example: usdt
2026-08-20 13:02:06.672 +04:00 [INF] Discovery: spot tickers (supplemental ranking)
2026-08-20 13:02:09.215 +04:00 [WRN] Discovery fallback: автоподбор без объёмов (REST/geo) — curated mid-alts
2026-08-20 13:02:09.216 +04:00 [INF] Symbol refresh (curated-alts): [DOGEUSDT,ADAUSDT,AVAXUSDT,LINKUSDT,SUIUSDT,NEARUSDT,ARBUSDT,OPUSDT,INJUSDT,APTUSDT,SEIUSDT,TIAUSDT] → [DOGEUSDT,ADAUSDT,AVAXUSDT,LINKUSDT,SUIUSDT,NEARUSDT,ARBUSDT,OPUSDT,INJUSDT,APTUSDT,SEIUSDT,TIAUSDT] | changed=false
2026-08-20 13:31:24.725 +04:00 [WRN] [Sckt 8] error: Websocket error code "ConnectionClosedPrematurely", details: The remote party closed the WebSocket connection without completing the close handshake.
System.Net.WebSockets.WebSocketException (0x80004005): The remote party closed the WebSocket connection without completing the close handshake.
   at System.Net.WebSockets.ManagedWebSocket.ThrowEOFUnexpected()
   at System.Net.WebSockets.ManagedWebSocket.EnsureBufferContainsAsync(Int32 minimumRequiredBytes, CancellationToken cancellationToken)
   at System.Runtime.CompilerServices.PoolingAsyncValueTaskMethodBuilder`1.StateMachineBox`1.System.Threading.Tasks.Sources.IValueTaskSource.GetResult(Int16 token)
   at System.Net.WebSockets.ManagedWebSocket.ReceiveAsyncPrivate[TResult](Memory`1 payloadBuffer, CancellationToken cancellationToken)
   at CryptoExchange.Net.Sockets.Default.CryptoExchangeWebSocketClient.ReceiveLoopNewAsync()
2026-08-20 13:31:24.730 +04:00 [WRN] Unified order book SEI-USDT-SWAP connection lost
2026-08-20 13:31:24.730 +04:00 [INF] Unified order book SEI-USDT-SWAP status changed: "Synced" => "Reconnecting"
2026-08-20 13:31:24.731 +04:00 [WRN] Unified order book TIA-USDT-SWAP connection lost
2026-08-20 13:31:24.732 +04:00 [INF] Unified order book TIA-USDT-SWAP status changed: "Synced" => "Reconnecting"
2026-08-20 13:31:26.051 +04:00 [INF] Unified order book SEI-USDT-SWAP status changed: "Reconnecting" => "Syncing"
2026-08-20 13:31:26.052 +04:00 [INF] Unified order book TIA-USDT-SWAP status changed: "Reconnecting" => "Syncing"
2026-08-20 13:31:26.475 +04:00 [INF] Unified order book SEI-USDT-SWAP successfully resynchronized
2026-08-20 13:31:26.475 +04:00 [INF] Unified order book TIA-USDT-SWAP successfully resynchronized
2026-08-20 13:31:26.476 +04:00 [INF] Unified order book SEI-USDT-SWAP status changed: "Syncing" => "Synced"
2026-08-20 13:31:26.477 +04:00 [INF] Unified order book TIA-USDT-SWAP status changed: "Syncing" => "Synced"
2026-08-20 13:32:10.492 +04:00 [INF] Discovery: futures tickers on Binance,Bybit,OKX,Bitget,GateIo (exclude majors BTC,ETH,BNB)
2026-08-20 13:32:11.885 +04:00 [WRN] Futures tickers failed GateIo:  'SettleAsset': Exchange parameter `SettleAsset` for exchange `GateIo` should be provided. Example: usdt
2026-08-20 13:32:11.886 +04:00 [INF] Discovery: spot tickers (supplemental ranking)
2026-08-20 13:32:14.369 +04:00 [WRN] Discovery fallback: автоподбор без объёмов (REST/geo) — curated mid-alts
2026-08-20 13:32:14.370 +04:00 [INF] Symbol refresh (curated-alts): [DOGEUSDT,ADAUSDT,AVAXUSDT,LINKUSDT,SUIUSDT,NEARUSDT,ARBUSDT,OPUSDT,INJUSDT,APTUSDT,SEIUSDT,TIAUSDT] → [DOGEUSDT,ADAUSDT,AVAXUSDT,LINKUSDT,SUIUSDT,NEARUSDT,ARBUSDT,OPUSDT,INJUSDT,APTUSDT,SEIUSDT,TIAUSDT] | changed=false
2026-08-20 13:33:31.991 +04:00 [INF] Funding cache refresh for 12 symbols × 3 exchanges (TTL 45m)
2026-08-20 13:33:41.404 +04:00 [INF] Funding cache entries: 36
2026-08-20 13:46:19.031 +04:00 [WRN] [Sckt 3] error: Websocket error code "ConnectionClosedPrematurely", details: The remote party closed the WebSocket connection without completing the close handshake.
System.Net.WebSockets.WebSocketException (0x80004005): The remote party closed the WebSocket connection without completing the close handshake.
   at System.Net.WebSockets.ManagedWebSocket.ThrowEOFUnexpected()
   at System.Net.WebSockets.ManagedWebSocket.EnsureBufferContainsAsync(Int32 minimumRequiredBytes, CancellationToken cancellationToken)
   at System.Runtime.CompilerServices.PoolingAsyncValueTaskMethodBuilder`1.StateMachineBox`1.System.Threading.Tasks.Sources.IValueTaskSource.GetResult(Int16 token)
   at System.Net.WebSockets.ManagedWebSocket.ReceiveAsyncPrivate[TResult](Memory`1 payloadBuffer, CancellationToken cancellationToken)
   at CryptoExchange.Net.Sockets.Default.CryptoExchangeWebSocketClient.ReceiveLoopNewAsync()
2026-08-20 13:46:19.036 +04:00 [WRN] Unified order book DOGE-USDT-SWAP connection lost
2026-08-20 13:46:19.037 +04:00 [INF] Unified order book DOGE-USDT-SWAP status changed: "Synced" => "Reconnecting"
2026-08-20 13:46:19.037 +04:00 [WRN] Unified order book ADA-USDT-SWAP connection lost
2026-08-20 13:46:19.038 +04:00 [INF] Unified order book ADA-USDT-SWAP status changed: "Synced" => "Reconnecting"
2026-08-20 13:46:19.039 +04:00 [WRN] Unified order book AVAX-USDT-SWAP connection lost
2026-08-20 13:46:19.039 +04:00 [INF] Unified order book AVAX-USDT-SWAP status changed: "Synced" => "Reconnecting"
2026-08-20 13:46:19.040 +04:00 [WRN] Unified order book LINK-USDT-SWAP connection lost
2026-08-20 13:46:19.041 +04:00 [INF] Unified order book LINK-USDT-SWAP status changed: "Synced" => "Reconnecting"
2026-08-20 13:46:19.042 +04:00 [WRN] Unified order book SUI-USDT-SWAP connection lost
2026-08-20 13:46:19.043 +04:00 [INF] Unified order book SUI-USDT-SWAP status changed: "Synced" => "Reconnecting"
2026-08-20 13:46:19.044 +04:00 [WRN] Unified order book NEAR-USDT-SWAP connection lost
2026-08-20 13:46:19.045 +04:00 [INF] Unified order book NEAR-USDT-SWAP status changed: "Synced" => "Reconnecting"
2026-08-20 13:46:19.048 +04:00 [WRN] Unified order book ARB-USDT-SWAP connection lost
2026-08-20 13:46:19.049 +04:00 [INF] Unified order book ARB-USDT-SWAP status changed: "Synced" => "Reconnecting"
2026-08-20 13:46:19.049 +04:00 [WRN] Unified order book OP-USDT-SWAP connection lost
2026-08-20 13:46:19.050 +04:00 [INF] Unified order book OP-USDT-SWAP status changed: "Synced" => "Reconnecting"
2026-08-20 13:46:19.051 +04:00 [WRN] Unified order book INJ-USDT-SWAP connection lost
2026-08-20 13:46:19.053 +04:00 [INF] Unified order book INJ-USDT-SWAP status changed: "Synced" => "Reconnecting"
2026-08-20 13:46:19.054 +04:00 [WRN] Unified order book APT-USDT-SWAP connection lost
2026-08-20 13:46:19.054 +04:00 [INF] Unified order book APT-USDT-SWAP status changed: "Synced" => "Reconnecting"
2026-08-20 13:46:21.574 +04:00 [INF] Unified order book DOGE-USDT-SWAP status changed: "Reconnecting" => "Syncing"
2026-08-20 13:46:21.575 +04:00 [INF] Unified order book DOGE-USDT-SWAP successfully resynchronized
2026-08-20 13:46:21.576 +04:00 [INF] Unified order book DOGE-USDT-SWAP status changed: "Syncing" => "Synced"
2026-08-20 13:46:21.577 +04:00 [INF] Unified order book ADA-USDT-SWAP status changed: "Reconnecting" => "Syncing"
2026-08-20 13:46:21.578 +04:00 [INF] Unified order book ADA-USDT-SWAP successfully resynchronized
2026-08-20 13:46:21.578 +04:00 [INF] Unified order book ADA-USDT-SWAP status changed: "Syncing" => "Synced"
2026-08-20 13:46:21.579 +04:00 [INF] Unified order book AVAX-USDT-SWAP status changed: "Reconnecting" => "Syncing"
2026-08-20 13:46:21.580 +04:00 [INF] Unified order book AVAX-USDT-SWAP successfully resynchronized
2026-08-20 13:46:21.580 +04:00 [INF] Unified order book AVAX-USDT-SWAP status changed: "Syncing" => "Synced"
2026-08-20 13:46:21.581 +04:00 [INF] Unified order book LINK-USDT-SWAP status changed: "Reconnecting" => "Syncing"
2026-08-20 13:46:21.583 +04:00 [INF] Unified order book LINK-USDT-SWAP successfully resynchronized
2026-08-20 13:46:21.585 +04:00 [INF] Unified order book LINK-USDT-SWAP status changed: "Syncing" => "Synced"
2026-08-20 13:46:21.586 +04:00 [INF] Unified order book SUI-USDT-SWAP status changed: "Reconnecting" => "Syncing"
2026-08-20 13:46:21.587 +04:00 [INF] Unified order book SUI-USDT-SWAP successfully resynchronized
2026-08-20 13:46:21.587 +04:00 [INF] Unified order book SUI-USDT-SWAP status changed: "Syncing" => "Synced"
2026-08-20 13:46:21.588 +04:00 [INF] Unified order book NEAR-USDT-SWAP status changed: "Reconnecting" => "Syncing"
2026-08-20 13:46:21.589 +04:00 [INF] Unified order book NEAR-USDT-SWAP successfully resynchronized
2026-08-20 13:46:21.590 +04:00 [INF] Unified order book NEAR-USDT-SWAP status changed: "Syncing" => "Synced"
2026-08-20 13:46:21.590 +04:00 [INF] Unified order book ARB-USDT-SWAP status changed: "Reconnecting" => "Syncing"
2026-08-20 13:46:21.591 +04:00 [INF] Unified order book ARB-USDT-SWAP successfully resynchronized
2026-08-20 13:46:21.593 +04:00 [INF] Unified order book ARB-USDT-SWAP status changed: "Syncing" => "Synced"
2026-08-20 13:46:21.594 +04:00 [INF] Unified order book OP-USDT-SWAP status changed: "Reconnecting" => "Syncing"
2026-08-20 13:46:21.595 +04:00 [INF] Unified order book OP-USDT-SWAP successfully resynchronized
2026-08-20 13:46:21.595 +04:00 [INF] Unified order book OP-USDT-SWAP status changed: "Syncing" => "Synced"
2026-08-20 13:46:21.596 +04:00 [INF] Unified order book INJ-USDT-SWAP status changed: "Reconnecting" => "Syncing"
2026-08-20 13:46:21.597 +04:00 [INF] Unified order book INJ-USDT-SWAP successfully resynchronized
2026-08-20 13:46:21.597 +04:00 [INF] Unified order book INJ-USDT-SWAP status changed: "Syncing" => "Synced"
2026-08-20 13:46:21.598 +04:00 [INF] Unified order book APT-USDT-SWAP status changed: "Reconnecting" => "Syncing"
2026-08-20 13:46:21.661 +04:00 [INF] Unified order book APT-USDT-SWAP successfully resynchronized
2026-08-20 13:46:21.662 +04:00 [INF] Unified order book APT-USDT-SWAP status changed: "Syncing" => "Synced"
2026-08-20 14:02:14.611 +04:00 [INF] Discovery: futures tickers on Binance,Bybit,OKX,Bitget,GateIo (exclude majors BTC,ETH,BNB)
2026-08-20 14:02:16.488 +04:00 [WRN] Futures tickers failed GateIo:  'SettleAsset': Exchange parameter `SettleAsset` for exchange `GateIo` should be provided. Example: usdt
2026-08-20 14:02:16.490 +04:00 [INF] Discovery: spot tickers (supplemental ranking)
2026-08-20 14:02:19.846 +04:00 [WRN] Discovery fallback: автоподбор без объёмов (REST/geo) — curated mid-alts
2026-08-20 14:02:19.847 +04:00 [INF] Symbol refresh (curated-alts): [DOGEUSDT,ADAUSDT,AVAXUSDT,LINKUSDT,SUIUSDT,NEARUSDT,ARBUSDT,OPUSDT,INJUSDT,APTUSDT,SEIUSDT,TIAUSDT] → [DOGEUSDT,ADAUSDT,AVAXUSDT,LINKUSDT,SUIUSDT,NEARUSDT,ARBUSDT,OPUSDT,INJUSDT,APTUSDT,SEIUSDT,TIAUSDT] | changed=false
2026-08-20 14:16:12.592 +04:00 [WRN] [Sckt 3] Ping response timeout, reconnecting
2026-08-20 14:16:13.603 +04:00 [WRN] Unified order book DOGE-USDT-SWAP connection lost
2026-08-20 14:16:13.605 +04:00 [INF] Unified order book DOGE-USDT-SWAP status changed: "Synced" => "Reconnecting"
2026-08-20 14:16:13.606 +04:00 [WRN] Unified order book ADA-USDT-SWAP connection lost
2026-08-20 14:16:13.606 +04:00 [INF] Unified order book ADA-USDT-SWAP status changed: "Synced" => "Reconnecting"
2026-08-20 14:16:13.607 +04:00 [WRN] Unified order book AVAX-USDT-SWAP connection lost
2026-08-20 14:16:13.608 +04:00 [INF] Unified order book AVAX-USDT-SWAP status changed: "Synced" => "Reconnecting"
2026-08-20 14:16:13.609 +04:00 [WRN] Unified order book LINK-USDT-SWAP connection lost
2026-08-20 14:16:13.609 +04:00 [INF] Unified order book LINK-USDT-SWAP status changed: "Synced" => "Reconnecting"
2026-08-20 14:16:13.610 +04:00 [WRN] Unified order book SUI-USDT-SWAP connection lost
2026-08-20 14:16:13.611 +04:00 [INF] Unified order book SUI-USDT-SWAP status changed: "Synced" => "Reconnecting"
2026-08-20 14:16:13.611 +04:00 [WRN] Unified order book NEAR-USDT-SWAP connection lost
2026-08-20 14:16:13.612 +04:00 [INF] Unified order book NEAR-USDT-SWAP status changed: "Synced" => "Reconnecting"
2026-08-20 14:16:13.613 +04:00 [WRN] Unified order book ARB-USDT-SWAP connection lost
2026-08-20 14:16:13.614 +04:00 [INF] Unified order book ARB-USDT-SWAP status changed: "Synced" => "Reconnecting"
2026-08-20 14:16:13.615 +04:00 [WRN] Unified order book OP-USDT-SWAP connection lost
2026-08-20 14:16:13.616 +04:00 [INF] Unified order book OP-USDT-SWAP status changed: "Synced" => "Reconnecting"
2026-08-20 14:16:13.617 +04:00 [WRN] Unified order book INJ-USDT-SWAP connection lost
2026-08-20 14:16:13.620 +04:00 [INF] Unified order book INJ-USDT-SWAP status changed: "Synced" => "Reconnecting"
2026-08-20 14:16:13.621 +04:00 [WRN] Unified order book APT-USDT-SWAP connection lost
2026-08-20 14:16:13.621 +04:00 [INF] Unified order book APT-USDT-SWAP status changed: "Synced" => "Reconnecting"
2026-08-20 14:16:21.795 +04:00 [WRN] [Sckt 8] Ping response timeout, reconnecting
2026-08-20 14:16:22.810 +04:00 [WRN] Unified order book SEI-USDT-SWAP connection lost
2026-08-20 14:16:22.811 +04:00 [INF] Unified order book SEI-USDT-SWAP status changed: "Synced" => "Reconnecting"
2026-08-20 14:16:22.812 +04:00 [WRN] Unified order book TIA-USDT-SWAP connection lost
2026-08-20 14:16:22.813 +04:00 [INF] Unified order book TIA-USDT-SWAP status changed: "Synced" => "Reconnecting"
2026-08-20 14:16:23.629 +04:00 [ERR] [Sckt 3] connection failed: A task was canceled.
System.Threading.Tasks.TaskCanceledException: A task was canceled.
   at System.Threading.Tasks.TaskCompletionSourceWithCancellation`1.WaitWithCancellationAsync(CancellationToken cancellationToken)
   at System.Net.Http.HttpConnectionPool.SendWithVersionDetectionAndRetryAsync(HttpRequestMessage request, Boolean async, Boolean doRequestAuth, CancellationToken cancellationToken)
   at System.Net.Http.RedirectHandler.SendAsync(HttpRequestMessage request, Boolean async, CancellationToken cancellationToken)
   at System.Net.Http.SocketsHttpHandler.<SendAsync>g__CreateHandlerAndSendAsync|115_0(HttpRequestMessage request, CancellationToken cancellationToken)
   at System.Net.WebSockets.WebSocketHandle.ConnectAsync(Uri uri, HttpMessageInvoker invoker, CancellationToken cancellationToken, ClientWebSocketOptions options)
   at System.Net.WebSockets.ClientWebSocket.ConnectAsyncCore(Uri uri, HttpMessageInvoker invoker, CancellationToken cancellationToken)
   at CryptoExchange.Net.Sockets.Default.CryptoExchangeWebSocketClient.ConnectInternalAsync(CancellationToken ct)
2026-08-20 14:16:28.569 +04:00 [INF] Unified order book SEI-USDT-SWAP status changed: "Reconnecting" => "Syncing"
2026-08-20 14:16:28.571 +04:00 [INF] Unified order book TIA-USDT-SWAP status changed: "Reconnecting" => "Syncing"
2026-08-20 14:16:29.235 +04:00 [INF] Unified order book SEI-USDT-SWAP successfully resynchronized
2026-08-20 14:16:29.235 +04:00 [INF] Unified order book TIA-USDT-SWAP successfully resynchronized
2026-08-20 14:16:29.236 +04:00 [INF] Unified order book SEI-USDT-SWAP status changed: "Syncing" => "Synced"
2026-08-20 14:16:29.237 +04:00 [INF] Unified order book TIA-USDT-SWAP status changed: "Syncing" => "Synced"
2026-08-20 14:16:31.165 +04:00 [INF] Unified order book DOGE-USDT-SWAP status changed: "Reconnecting" => "Syncing"
2026-08-20 14:16:31.167 +04:00 [INF] Unified order book DOGE-USDT-SWAP successfully resynchronized
2026-08-20 14:16:31.168 +04:00 [INF] Unified order book DOGE-USDT-SWAP status changed: "Syncing" => "Synced"
2026-08-20 14:16:31.169 +04:00 [INF] Unified order book ADA-USDT-SWAP status changed: "Reconnecting" => "Syncing"
2026-08-20 14:16:31.170 +04:00 [INF] Unified order book ADA-USDT-SWAP successfully resynchronized
2026-08-20 14:16:31.171 +04:00 [INF] Unified order book ADA-USDT-SWAP status changed: "Syncing" => "Synced"
2026-08-20 14:16:31.172 +04:00 [INF] Unified order book AVAX-USDT-SWAP status changed: "Reconnecting" => "Syncing"
2026-08-20 14:16:31.173 +04:00 [INF] Unified order book AVAX-USDT-SWAP successfully resynchronized
2026-08-20 14:16:31.173 +04:00 [INF] Unified order book AVAX-USDT-SWAP status changed: "Syncing" => "Synced"
2026-08-20 14:16:31.174 +04:00 [INF] Unified order book LINK-USDT-SWAP status changed: "Reconnecting" => "Syncing"
2026-08-20 14:16:31.176 +04:00 [INF] Unified order book LINK-USDT-SWAP successfully resynchronized
2026-08-20 14:16:31.177 +04:00 [INF] Unified order book LINK-USDT-SWAP status changed: "Syncing" => "Synced"
2026-08-20 14:16:31.178 +04:00 [INF] Unified order book SUI-USDT-SWAP status changed: "Reconnecting" => "Syncing"
2026-08-20 14:16:31.179 +04:00 [INF] Unified order book SUI-USDT-SWAP successfully resynchronized
2026-08-20 14:16:31.180 +04:00 [INF] Unified order book SUI-USDT-SWAP status changed: "Syncing" => "Synced"
2026-08-20 14:16:31.181 +04:00 [INF] Unified order book NEAR-USDT-SWAP status changed: "Reconnecting" => "Syncing"
2026-08-20 14:16:31.182 +04:00 [INF] Unified order book NEAR-USDT-SWAP successfully resynchronized
2026-08-20 14:16:31.182 +04:00 [INF] Unified order book NEAR-USDT-SWAP status changed: "Syncing" => "Synced"
2026-08-20 14:16:31.183 +04:00 [INF] Unified order book ARB-USDT-SWAP status changed: "Reconnecting" => "Syncing"
2026-08-20 14:16:31.184 +04:00 [INF] Unified order book ARB-USDT-SWAP successfully resynchronized
2026-08-20 14:16:31.185 +04:00 [INF] Unified order book ARB-USDT-SWAP status changed: "Syncing" => "Synced"
2026-08-20 14:16:31.189 +04:00 [INF] Unified order book OP-USDT-SWAP status changed: "Reconnecting" => "Syncing"
2026-08-20 14:16:31.192 +04:00 [INF] Unified order book OP-USDT-SWAP successfully resynchronized
2026-08-20 14:16:31.193 +04:00 [INF] Unified order book OP-USDT-SWAP status changed: "Syncing" => "Synced"
2026-08-20 14:16:31.193 +04:00 [INF] Unified order book INJ-USDT-SWAP status changed: "Reconnecting" => "Syncing"
2026-08-20 14:16:31.194 +04:00 [INF] Unified order book INJ-USDT-SWAP successfully resynchronized
2026-08-20 14:16:31.195 +04:00 [INF] Unified order book INJ-USDT-SWAP status changed: "Syncing" => "Synced"
2026-08-20 14:16:31.196 +04:00 [INF] Unified order book APT-USDT-SWAP status changed: "Reconnecting" => "Syncing"
2026-08-20 14:16:31.309 +04:00 [INF] Unified order book APT-USDT-SWAP successfully resynchronized
2026-08-20 14:16:31.311 +04:00 [INF] Unified order book APT-USDT-SWAP status changed: "Syncing" => "Synced"
2026-08-20 14:18:42.900 +04:00 [INF] Funding cache refresh for 12 symbols × 3 exchanges (TTL 45m)
2026-08-20 14:18:51.240 +04:00 [INF] Funding cache entries: 36
2026-08-20 14:32:20.818 +04:00 [INF] Discovery: futures tickers on Binance,Bybit,OKX,Bitget,GateIo (exclude majors BTC,ETH,BNB)
2026-08-20 14:32:23.795 +04:00 [WRN] Futures tickers failed GateIo:  'SettleAsset': Exchange parameter `SettleAsset` for exchange `GateIo` should be provided. Example: usdt
2026-08-20 14:32:23.797 +04:00 [INF] Discovery: spot tickers (supplemental ranking)
2026-08-20 14:32:26.206 +04:00 [WRN] Discovery fallback: автоподбор без объёмов (REST/geo) — curated mid-alts
2026-08-20 14:32:26.206 +04:00 [INF] Symbol refresh (curated-alts): [DOGEUSDT,ADAUSDT,AVAXUSDT,LINKUSDT,SUIUSDT,NEARUSDT,ARBUSDT,OPUSDT,INJUSDT,APTUSDT,SEIUSDT,TIAUSDT] → [DOGEUSDT,ADAUSDT,AVAXUSDT,LINKUSDT,SUIUSDT,NEARUSDT,ARBUSDT,OPUSDT,INJUSDT,APTUSDT,SEIUSDT,TIAUSDT] | changed=false
2026-08-20 15:02:27.629 +04:00 [INF] Discovery: futures tickers on Binance,Bybit,OKX,Bitget,GateIo (exclude majors BTC,ETH,BNB)
2026-08-20 15:02:29.000 +04:00 [WRN] Futures tickers failed GateIo:  'SettleAsset': Exchange parameter `SettleAsset` for exchange `GateIo` should be provided. Example: usdt
2026-08-20 15:02:29.002 +04:00 [INF] Discovery: spot tickers (supplemental ranking)
2026-08-20 15:02:31.908 +04:00 [WRN] Discovery fallback: автоподбор без объёмов (REST/geo) — curated mid-alts
2026-08-20 15:02:31.909 +04:00 [INF] Symbol refresh (curated-alts): [DOGEUSDT,ADAUSDT,AVAXUSDT,LINKUSDT,SUIUSDT,NEARUSDT,ARBUSDT,OPUSDT,INJUSDT,APTUSDT,SEIUSDT,TIAUSDT] → [DOGEUSDT,ADAUSDT,AVAXUSDT,LINKUSDT,SUIUSDT,NEARUSDT,ARBUSDT,OPUSDT,INJUSDT,APTUSDT,SEIUSDT,TIAUSDT] | changed=false
2026-08-20 15:03:52.599 +04:00 [INF] Funding cache refresh for 12 symbols × 3 exchanges (TTL 45m)
2026-08-20 15:04:01.079 +04:00 [INF] Funding cache entries: 36
2026-08-20 15:32:32.695 +04:00 [INF] Discovery: futures tickers on Binance,Bybit,OKX,Bitget,GateIo (exclude majors BTC,ETH,BNB)
2026-08-20 15:32:34.011 +04:00 [WRN] Futures tickers failed GateIo:  'SettleAsset': Exchange parameter `SettleAsset` for exchange `GateIo` should be provided. Example: usdt
2026-08-20 15:32:34.012 +04:00 [INF] Discovery: spot tickers (supplemental ranking)
2026-08-20 15:32:37.023 +04:00 [WRN] Discovery fallback: автоподбор без объёмов (REST/geo) — curated mid-alts
2026-08-20 15:32:37.024 +04:00 [INF] Symbol refresh (curated-alts): [DOGEUSDT,ADAUSDT,AVAXUSDT,LINKUSDT,SUIUSDT,NEARUSDT,ARBUSDT,OPUSDT,INJUSDT,APTUSDT,SEIUSDT,TIAUSDT] → [DOGEUSDT,ADAUSDT,AVAXUSDT,LINKUSDT,SUIUSDT,NEARUSDT,ARBUSDT,OPUSDT,INJUSDT,APTUSDT,SEIUSDT,TIAUSDT] | changed=false
2026-08-20 15:49:01.508 +04:00 [INF] Funding cache refresh for 12 symbols × 3 exchanges (TTL 45m)
2026-08-20 15:49:10.140 +04:00 [INF] Funding cache entries: 36
2026-08-20 16:02:37.859 +04:00 [INF] Discovery: futures tickers on Binance,Bybit,OKX,Bitget,GateIo (exclude majors BTC,ETH,BNB)
2026-08-20 16:02:39.611 +04:00 [WRN] Futures tickers failed GateIo:  'SettleAsset': Exchange parameter `SettleAsset` for exchange `GateIo` should be provided. Example: usdt
2026-08-20 16:02:39.612 +04:00 [INF] Discovery: spot tickers (supplemental ranking)
2026-08-20 16:02:42.680 +04:00 [WRN] Discovery fallback: автоподбор без объёмов (REST/geo) — curated mid-alts
2026-08-20 16:02:42.682 +04:00 [INF] Symbol refresh (curated-alts): [DOGEUSDT,ADAUSDT,AVAXUSDT,LINKUSDT,SUIUSDT,NEARUSDT,ARBUSDT,OPUSDT,INJUSDT,APTUSDT,SEIUSDT,TIAUSDT] → [DOGEUSDT,ADAUSDT,AVAXUSDT,LINKUSDT,SUIUSDT,NEARUSDT,ARBUSDT,OPUSDT,INJUSDT,APTUSDT,SEIUSDT,TIAUSDT] | changed=false
2026-08-20 16:32:42.988 +04:00 [INF] Discovery: futures tickers on Binance,Bybit,OKX,Bitget,GateIo (exclude majors BTC,ETH,BNB)
2026-08-20 16:32:44.336 +04:00 [WRN] Futures tickers failed GateIo:  'SettleAsset': Exchange parameter `SettleAsset` for exchange `GateIo` should be provided. Example: usdt
2026-08-20 16:32:44.338 +04:00 [INF] Discovery: spot tickers (supplemental ranking)
2026-08-20 16:32:46.666 +04:00 [WRN] Discovery fallback: автоподбор без объёмов (REST/geo) — curated mid-alts
2026-08-20 16:32:46.667 +04:00 [INF] Symbol refresh (curated-alts): [DOGEUSDT,ADAUSDT,AVAXUSDT,LINKUSDT,SUIUSDT,NEARUSDT,ARBUSDT,OPUSDT,INJUSDT,APTUSDT,SEIUSDT,TIAUSDT] → [DOGEUSDT,ADAUSDT,AVAXUSDT,LINKUSDT,SUIUSDT,NEARUSDT,ARBUSDT,OPUSDT,INJUSDT,APTUSDT,SEIUSDT,TIAUSDT] | changed=false
2026-08-20 16:34:10.304 +04:00 [INF] Funding cache refresh for 12 symbols × 3 exchanges (TTL 45m)
2026-08-20 16:34:19.100 +04:00 [INF] Funding cache entries: 36
2026-08-20 17:02:47.734 +04:00 [INF] Discovery: futures tickers on Binance,Bybit,OKX,Bitget,GateIo (exclude majors BTC,ETH,BNB)
2026-08-20 17:02:49.156 +04:00 [WRN] Futures tickers failed GateIo:  'SettleAsset': Exchange parameter `SettleAsset` for exchange `GateIo` should be provided. Example: usdt
2026-08-20 17:02:49.157 +04:00 [INF] Discovery: spot tickers (supplemental ranking)
2026-08-20 17:02:51.568 +04:00 [WRN] Discovery fallback: автоподбор без объёмов (REST/geo) — curated mid-alts
2026-08-20 17:02:51.570 +04:00 [INF] Symbol refresh (curated-alts): [DOGEUSDT,ADAUSDT,AVAXUSDT,LINKUSDT,SUIUSDT,NEARUSDT,ARBUSDT,OPUSDT,INJUSDT,APTUSDT,SEIUSDT,TIAUSDT] → [DOGEUSDT,ADAUSDT,AVAXUSDT,LINKUSDT,SUIUSDT,NEARUSDT,ARBUSDT,OPUSDT,INJUSDT,APTUSDT,SEIUSDT,TIAUSDT] | changed=false
2026-08-20 17:19:19.130 +04:00 [INF] Funding cache refresh for 12 symbols × 3 exchanges (TTL 45m)
2026-08-20 17:19:27.663 +04:00 [INF] Funding cache entries: 36
2026-08-20 17:29:22.761 +04:00 [WRN] [Sckt 3] Ping response timeout, reconnecting
2026-08-20 17:29:23.771 +04:00 [WRN] Unified order book DOGE-USDT-SWAP connection lost
2026-08-20 17:29:23.773 +04:00 [INF] Unified order book DOGE-USDT-SWAP status changed: "Synced" => "Reconnecting"
2026-08-20 17:29:23.775 +04:00 [WRN] Unified order book ADA-USDT-SWAP connection lost
2026-08-20 17:29:23.775 +04:00 [INF] Unified order book ADA-USDT-SWAP status changed: "Synced" => "Reconnecting"
2026-08-20 17:29:23.776 +04:00 [WRN] Unified order book AVAX-USDT-SWAP connection lost
2026-08-20 17:29:23.777 +04:00 [INF] Unified order book AVAX-USDT-SWAP status changed: "Synced" => "Reconnecting"
2026-08-20 17:29:23.778 +04:00 [WRN] Unified order book LINK-USDT-SWAP connection lost
2026-08-20 17:29:23.779 +04:00 [INF] Unified order book LINK-USDT-SWAP status changed: "Synced" => "Reconnecting"
2026-08-20 17:29:23.780 +04:00 [WRN] Unified order book SUI-USDT-SWAP connection lost
2026-08-20 17:29:23.780 +04:00 [INF] Unified order book SUI-USDT-SWAP status changed: "Synced" => "Reconnecting"
2026-08-20 17:29:23.781 +04:00 [WRN] Unified order book NEAR-USDT-SWAP connection lost
2026-08-20 17:29:23.782 +04:00 [INF] Unified order book NEAR-USDT-SWAP status changed: "Synced" => "Reconnecting"
2026-08-20 17:29:23.784 +04:00 [WRN] Unified order book ARB-USDT-SWAP connection lost
2026-08-20 17:29:23.785 +04:00 [INF] Unified order book ARB-USDT-SWAP status changed: "Synced" => "Reconnecting"
2026-08-20 17:29:23.786 +04:00 [WRN] Unified order book OP-USDT-SWAP connection lost
2026-08-20 17:29:23.786 +04:00 [INF] Unified order book OP-USDT-SWAP status changed: "Synced" => "Reconnecting"
2026-08-20 17:29:23.790 +04:00 [WRN] Unified order book INJ-USDT-SWAP connection lost
2026-08-20 17:29:23.791 +04:00 [INF] Unified order book INJ-USDT-SWAP status changed: "Synced" => "Reconnecting"
2026-08-20 17:29:23.792 +04:00 [WRN] Unified order book APT-USDT-SWAP connection lost
2026-08-20 17:29:23.794 +04:00 [INF] Unified order book APT-USDT-SWAP status changed: "Synced" => "Reconnecting"
2026-08-20 17:29:27.588 +04:00 [WRN] [Sckt 8] Ping response timeout, reconnecting
2026-08-20 17:29:28.597 +04:00 [WRN] Unified order book SEI-USDT-SWAP connection lost
2026-08-20 17:29:28.598 +04:00 [INF] Unified order book SEI-USDT-SWAP status changed: "Synced" => "Reconnecting"
2026-08-20 17:29:28.599 +04:00 [WRN] Unified order book TIA-USDT-SWAP connection lost
2026-08-20 17:29:28.600 +04:00 [INF] Unified order book TIA-USDT-SWAP status changed: "Synced" => "Reconnecting"
2026-08-20 17:29:31.067 +04:00 [INF] Unified order book SEI-USDT-SWAP status changed: "Reconnecting" => "Syncing"
2026-08-20 17:29:31.068 +04:00 [INF] Unified order book TIA-USDT-SWAP status changed: "Reconnecting" => "Syncing"
2026-08-20 17:29:33.782 +04:00 [INF] Unified order book SEI-USDT-SWAP successfully resynchronized
2026-08-20 17:29:33.784 +04:00 [INF] Unified order book SEI-USDT-SWAP status changed: "Syncing" => "Synced"
2026-08-20 17:29:39.626 +04:00 [INF] Unified order book TIA-USDT-SWAP successfully resynchronized
2026-08-20 17:29:39.627 +04:00 [INF] Unified order book TIA-USDT-SWAP status changed: "Syncing" => "Synced"
2026-08-20 17:29:45.958 +04:00 [WRN] [Sckt 3] failed to subscribe: [TimeoutError.Timeout] Failed to receive a response from the server in time
2026-08-20 17:29:45.958 +04:00 [WRN] [Sckt 3] failed to subscribe: [TimeoutError.Timeout] Failed to receive a response from the server in time
2026-08-20 17:29:45.958 +04:00 [WRN] [Sckt 3] failed to subscribe: [TimeoutError.Timeout] Failed to receive a response from the server in time
2026-08-20 17:29:45.958 +04:00 [WRN] [Sckt 3] failed to subscribe: [TimeoutError.Timeout] Failed to receive a response from the server in time
2026-08-20 17:29:45.958 +04:00 [WRN] [Sckt 3] failed to subscribe: [TimeoutError.Timeout] Failed to receive a response from the server in time
2026-08-20 17:29:45.964 +04:00 [WRN] [Sckt 3] failed reconnect processing: [TimeoutError.Timeout] Failed to receive a response from the server in time, reconnecting again
2026-08-20 17:29:46.977 +04:00 [WRN] Unified order book DOGE-USDT-SWAP connection lost
2026-08-20 17:29:46.978 +04:00 [WRN] Unified order book ADA-USDT-SWAP connection lost
2026-08-20 17:29:46.979 +04:00 [WRN] Unified order book AVAX-USDT-SWAP connection lost
2026-08-20 17:29:46.980 +04:00 [WRN] Unified order book LINK-USDT-SWAP connection lost
2026-08-20 17:29:46.980 +04:00 [WRN] Unified order book SUI-USDT-SWAP connection lost
2026-08-20 17:29:46.981 +04:00 [WRN] Unified order book NEAR-USDT-SWAP connection lost
2026-08-20 17:29:46.982 +04:00 [WRN] Unified order book ARB-USDT-SWAP connection lost
2026-08-20 17:29:46.983 +04:00 [WRN] Unified order book OP-USDT-SWAP connection lost
2026-08-20 17:29:46.984 +04:00 [WRN] Unified order book INJ-USDT-SWAP connection lost
2026-08-20 17:29:46.985 +04:00 [WRN] Unified order book APT-USDT-SWAP connection lost
2026-08-20 17:29:52.602 +04:00 [WRN] [Sckt 8] Ping response timeout, reconnecting
2026-08-20 17:29:53.612 +04:00 [WRN] Unified order book SEI-USDT-SWAP connection lost
2026-08-20 17:29:53.614 +04:00 [INF] Unified order book SEI-USDT-SWAP status changed: "Synced" => "Reconnecting"
2026-08-20 17:29:53.615 +04:00 [WRN] Unified order book TIA-USDT-SWAP connection lost
2026-08-20 17:29:53.616 +04:00 [INF] Unified order book TIA-USDT-SWAP status changed: "Synced" => "Reconnecting"
2026-08-20 17:29:53.969 +04:00 [WRN] [Sckt 10] Ping response timeout, reconnecting
2026-08-20 17:29:54.985 +04:00 [WRN] PerpetualFutures order book SEI_USDT connection lost
2026-08-20 17:29:54.986 +04:00 [INF] PerpetualFutures order book SEI_USDT status changed: "Synced" => "Reconnecting"
2026-08-20 17:29:54.987 +04:00 [WRN] PerpetualFutures order book TIA_USDT connection lost
2026-08-20 17:29:54.988 +04:00 [INF] PerpetualFutures order book TIA_USDT status changed: "Synced" => "Reconnecting"
2026-08-20 17:29:57.005 +04:00 [ERR] [Sckt 3] connection failed: The operation was canceled.
System.Threading.Tasks.TaskCanceledException: The operation was canceled.
 ---> System.IO.IOException: Unable to read data from the transport connection: The I/O operation has been aborted because of either a thread exit or an application request..
 ---> System.Net.Sockets.SocketException (995): The I/O operation has been aborted because of either a thread exit or an application request.
   --- End of inner exception stack trace ---
   at System.Net.Sockets.Socket.AwaitableSocketAsyncEventArgs.ThrowException(SocketError error, CancellationToken cancellationToken)
   at System.Net.Sockets.Socket.AwaitableSocketAsyncEventArgs.System.Threading.Tasks.Sources.IValueTaskSource<System.Int32>.GetResult(Int16 token)
   at System.Net.Security.SslStream.EnsureFullTlsFrameAsync[TIOAdapter](CancellationToken cancellationToken, Int32 estimatedSize)
   at System.Runtime.CompilerServices.PoolingAsyncValueTaskMethodBuilder`1.StateMachineBox`1.System.Threading.Tasks.Sources.IValueTaskSource<TResult>.GetResult(Int16 token)
   at System.Net.Security.SslStream.ReadAsyncInternal[TIOAdapter](Memory`1 buffer, CancellationToken cancellationToken)
   at System.Runtime.CompilerServices.PoolingAsyncValueTaskMethodBuilder`1.StateMachineBox`1.System.Threading.Tasks.Sources.IValueTaskSource<TResult>.GetResult(Int16 token)
   at System.Net.Http.HttpConnection.InitialFillAsync(Boolean async)
   at System.Net.Http.HttpConnection.SendAsync(HttpRequestMessage request, Boolean async, CancellationToken cancellationToken)
   --- End of inner exception stack trace ---
   at System.Net.Http.HttpConnection.SendAsync(HttpRequestMessage request, Boolean async, CancellationToken cancellationToken)
   at System.Net.Http.HttpConnectionPool.SendWithVersionDetectionAndRetryAsync(HttpRequestMessage request, Boolean async, Boolean doRequestAuth, CancellationToken cancellationToken)
   at System.Net.Http.RedirectHandler.SendAsync(HttpRequestMessage request, Boolean async, CancellationToken cancellationToken)
   at System.Net.Http.SocketsHttpHandler.<SendAsync>g__CreateHandlerAndSendAsync|115_0(HttpRequestMessage request, CancellationToken cancellationToken)
   at System.Net.WebSockets.WebSocketHandle.ConnectAsync(Uri uri, HttpMessageInvoker invoker, CancellationToken cancellationToken, ClientWebSocketOptions options)
   at System.Net.WebSockets.ClientWebSocket.ConnectAsyncCore(Uri uri, HttpMessageInvoker invoker, CancellationToken cancellationToken)
   at CryptoExchange.Net.Sockets.Default.CryptoExchangeWebSocketClient.ConnectInternalAsync(CancellationToken ct)
2026-08-20 17:30:03.628 +04:00 [ERR] [Sckt 8] connection failed: The operation was canceled.
System.Threading.Tasks.TaskCanceledException: The operation was canceled.
 ---> System.IO.IOException: Unable to read data from the transport connection: The I/O operation has been aborted because of either a thread exit or an application request..
 ---> System.Net.Sockets.SocketException (995): The I/O operation has been aborted because of either a thread exit or an application request.
   --- End of inner exception stack trace ---
   at System.Net.Sockets.Socket.AwaitableSocketAsyncEventArgs.ThrowException(SocketError error, CancellationToken cancellationToken)
   at System.Net.Sockets.Socket.AwaitableSocketAsyncEventArgs.System.Threading.Tasks.Sources.IValueTaskSource<System.Int32>.GetResult(Int16 token)
   at System.Net.Security.SslStream.EnsureFullTlsFrameAsync[TIOAdapter](CancellationToken cancellationToken, Int32 estimatedSize)
   at System.Runtime.CompilerServices.PoolingAsyncValueTaskMethodBuilder`1.StateMachineBox`1.System.Threading.Tasks.Sources.IValueTaskSource<TResult>.GetResult(Int16 token)
   at System.Net.Security.SslStream.ReadAsyncInternal[TIOAdapter](Memory`1 buffer, CancellationToken cancellationToken)
   at System.Runtime.CompilerServices.PoolingAsyncValueTaskMethodBuilder`1.StateMachineBox`1.System.Threading.Tasks.Sources.IValueTaskSource<TResult>.GetResult(Int16 token)
   at System.Net.Http.HttpConnection.InitialFillAsync(Boolean async)
   at System.Net.Http.HttpConnection.SendAsync(HttpRequestMessage request, Boolean async, CancellationToken cancellationToken)
   --- End of inner exception stack trace ---
   at System.Net.Http.HttpConnection.SendAsync(HttpRequestMessage request, Boolean async, CancellationToken cancellationToken)
   at System.Net.Http.HttpConnectionPool.SendWithVersionDetectionAndRetryAsync(HttpRequestMessage request, Boolean async, Boolean doRequestAuth, CancellationToken cancellationToken)
   at System.Net.Http.RedirectHandler.SendAsync(HttpRequestMessage request, Boolean async, CancellationToken cancellationToken)
   at System.Net.Http.SocketsHttpHandler.<SendAsync>g__CreateHandlerAndSendAsync|115_0(HttpRequestMessage request, CancellationToken cancellationToken)
   at System.Net.WebSockets.WebSocketHandle.ConnectAsync(Uri uri, HttpMessageInvoker invoker, CancellationToken cancellationToken, ClientWebSocketOptions options)
   at System.Net.WebSockets.ClientWebSocket.ConnectAsyncCore(Uri uri, HttpMessageInvoker invoker, CancellationToken cancellationToken)
   at CryptoExchange.Net.Sockets.Default.CryptoExchangeWebSocketClient.ConnectInternalAsync(CancellationToken ct)
2026-08-20 17:30:05.013 +04:00 [ERR] [Sckt 10] connection failed: A task was canceled.
System.Threading.Tasks.TaskCanceledException: A task was canceled.
   at System.Threading.Tasks.TaskCompletionSourceWithCancellation`1.WaitWithCancellationAsync(CancellationToken cancellationToken)
   at System.Net.Http.HttpConnectionPool.SendWithVersionDetectionAndRetryAsync(HttpRequestMessage request, Boolean async, Boolean doRequestAuth, CancellationToken cancellationToken)
   at System.Net.Http.RedirectHandler.SendAsync(HttpRequestMessage request, Boolean async, CancellationToken cancellationToken)
   at System.Net.Http.SocketsHttpHandler.<SendAsync>g__CreateHandlerAndSendAsync|115_0(HttpRequestMessage request, CancellationToken cancellationToken)
   at System.Net.WebSockets.WebSocketHandle.ConnectAsync(Uri uri, HttpMessageInvoker invoker, CancellationToken cancellationToken, ClientWebSocketOptions options)
   at System.Net.WebSockets.ClientWebSocket.ConnectAsyncCore(Uri uri, HttpMessageInvoker invoker, CancellationToken cancellationToken)
   at CryptoExchange.Net.Sockets.Default.CryptoExchangeWebSocketClient.ConnectInternalAsync(CancellationToken ct)
2026-08-20 17:30:11.689 +04:00 [INF] PerpetualFutures order book SEI_USDT status changed: "Reconnecting" => "Syncing"
2026-08-20 17:30:11.691 +04:00 [INF] PerpetualFutures order book SEI_USDT successfully resynchronized
2026-08-20 17:30:11.691 +04:00 [INF] PerpetualFutures order book SEI_USDT status changed: "Syncing" => "Synced"
2026-08-20 17:30:11.692 +04:00 [INF] PerpetualFutures order book TIA_USDT status changed: "Reconnecting" => "Syncing"
2026-08-20 17:30:11.694 +04:00 [INF] PerpetualFutures order book TIA_USDT successfully resynchronized
2026-08-20 17:30:11.695 +04:00 [INF] PerpetualFutures order book TIA_USDT status changed: "Syncing" => "Synced"
2026-08-20 17:30:12.032 +04:00 [ERR] [Sckt 3] connection failed: The operation was canceled.
System.Threading.Tasks.TaskCanceledException: The operation was canceled.
 ---> System.IO.IOException: Unable to read data from the transport connection: The I/O operation has been aborted because of either a thread exit or an application request..
 ---> System.Net.Sockets.SocketException (995): The I/O operation has been aborted because of either a thread exit or an application request.
   --- End of inner exception stack trace ---
   at System.Net.Sockets.Socket.AwaitableSocketAsyncEventArgs.ThrowException(SocketError error, CancellationToken cancellationToken)
   at System.Net.Sockets.Socket.AwaitableSocketAsyncEventArgs.System.Threading.Tasks.Sources.IValueTaskSource<System.Int32>.GetResult(Int16 token)
   at System.Net.Security.SslStream.EnsureFullTlsFrameAsync[TIOAdapter](CancellationToken cancellationToken, Int32 estimatedSize)
   at System.Runtime.CompilerServices.PoolingAsyncValueTaskMethodBuilder`1.StateMachineBox`1.System.Threading.Tasks.Sources.IValueTaskSource<TResult>.GetResult(Int16 token)
   at System.Net.Security.SslStream.ReadAsyncInternal[TIOAdapter](Memory`1 buffer, CancellationToken cancellationToken)
   at System.Runtime.CompilerServices.PoolingAsyncValueTaskMethodBuilder`1.StateMachineBox`1.System.Threading.Tasks.Sources.IValueTaskSource<TResult>.GetResult(Int16 token)
   at System.Net.Http.HttpConnection.InitialFillAsync(Boolean async)
   at System.Net.Http.HttpConnection.SendAsync(HttpRequestMessage request, Boolean async, CancellationToken cancellationToken)
   --- End of inner exception stack trace ---
   at System.Net.Http.HttpConnection.SendAsync(HttpRequestMessage request, Boolean async, CancellationToken cancellationToken)
   at System.Net.Http.HttpConnectionPool.SendWithVersionDetectionAndRetryAsync(HttpRequestMessage request, Boolean async, Boolean doRequestAuth, CancellationToken cancellationToken)
   at System.Net.Http.RedirectHandler.SendAsync(HttpRequestMessage request, Boolean async, CancellationToken cancellationToken)
   at System.Net.Http.SocketsHttpHandler.<SendAsync>g__CreateHandlerAndSendAsync|115_0(HttpRequestMessage request, CancellationToken cancellationToken)
   at System.Net.WebSockets.WebSocketHandle.ConnectAsync(Uri uri, HttpMessageInvoker invoker, CancellationToken cancellationToken, ClientWebSocketOptions options)
   at System.Net.WebSockets.ClientWebSocket.ConnectAsyncCore(Uri uri, HttpMessageInvoker invoker, CancellationToken cancellationToken)
   at CryptoExchange.Net.Sockets.Default.CryptoExchangeWebSocketClient.ConnectInternalAsync(CancellationToken ct)
2026-08-20 17:30:18.654 +04:00 [ERR] [Sckt 8] connection failed: The operation was canceled.
System.Threading.Tasks.TaskCanceledException: The operation was canceled.
 ---> System.IO.IOException: Unable to read data from the transport connection: The I/O operation has been aborted because of either a thread exit or an application request..
 ---> System.Net.Sockets.SocketException (995): The I/O operation has been aborted because of either a thread exit or an application request.
   --- End of inner exception stack trace ---
   at System.Net.Sockets.Socket.AwaitableSocketAsyncEventArgs.ThrowException(SocketError error, CancellationToken cancellationToken)
   at System.Net.Sockets.Socket.AwaitableSocketAsyncEventArgs.System.Threading.Tasks.Sources.IValueTaskSource<System.Int32>.GetResult(Int16 token)
   at System.Net.Security.SslStream.EnsureFullTlsFrameAsync[TIOAdapter](CancellationToken cancellationToken, Int32 estimatedSize)
   at System.Runtime.CompilerServices.PoolingAsyncValueTaskMethodBuilder`1.StateMachineBox`1.System.Threading.Tasks.Sources.IValueTaskSource<TResult>.GetResult(Int16 token)
   at System.Net.Security.SslStream.ReadAsyncInternal[TIOAdapter](Memory`1 buffer, CancellationToken cancellationToken)
   at System.Runtime.CompilerServices.PoolingAsyncValueTaskMethodBuilder`1.StateMachineBox`1.System.Threading.Tasks.Sources.IValueTaskSource<TResult>.GetResult(Int16 token)
   at System.Net.Http.HttpConnection.InitialFillAsync(Boolean async)
   at System.Net.Http.HttpConnection.SendAsync(HttpRequestMessage request, Boolean async, CancellationToken cancellationToken)
   --- End of inner exception stack trace ---
   at System.Net.Http.HttpConnection.SendAsync(HttpRequestMessage request, Boolean async, CancellationToken cancellationToken)
   at System.Net.Http.HttpConnectionPool.SendWithVersionDetectionAndRetryAsync(HttpRequestMessage request, Boolean async, Boolean doRequestAuth, CancellationToken cancellationToken)
   at System.Net.Http.RedirectHandler.SendAsync(HttpRequestMessage request, Boolean async, CancellationToken cancellationToken)
   at System.Net.Http.SocketsHttpHandler.<SendAsync>g__CreateHandlerAndSendAsync|115_0(HttpRequestMessage request, CancellationToken cancellationToken)
   at System.Net.WebSockets.WebSocketHandle.ConnectAsync(Uri uri, HttpMessageInvoker invoker, CancellationToken cancellationToken, ClientWebSocketOptions options)
   at System.Net.WebSockets.ClientWebSocket.ConnectAsyncCore(Uri uri, HttpMessageInvoker invoker, CancellationToken cancellationToken)
   at CryptoExchange.Net.Sockets.Default.CryptoExchangeWebSocketClient.ConnectInternalAsync(CancellationToken ct)
2026-08-20 17:30:19.039 +04:00 [INF] FUT PAPER OPEN ADAUSDT L:Bybit S:OKX qty=2065.971539 lev=5x margin=80.00 edge=0.265%
2026-08-20 17:30:19.041 +04:00 [INF] Opened futures paper hedge: ADAUSDT: L Bybit@0.19 / S OKX@0.19 | RT 0.160% fund 0.000% → 0.160%
2026-08-20 17:30:21.414 +04:00 [INF] Unified order book DOGE-USDT-SWAP status changed: "Reconnecting" => "Syncing"
2026-08-20 17:30:21.415 +04:00 [INF] Unified order book DOGE-USDT-SWAP successfully resynchronized
2026-08-20 17:30:21.416 +04:00 [INF] Unified order book DOGE-USDT-SWAP status changed: "Syncing" => "Synced"
2026-08-20 17:30:21.417 +04:00 [INF] Unified order book ADA-USDT-SWAP status changed: "Reconnecting" => "Syncing"
2026-08-20 17:30:21.418 +04:00 [INF] Unified order book ADA-USDT-SWAP successfully resynchronized
2026-08-20 17:30:21.418 +04:00 [INF] Unified order book ADA-USDT-SWAP status changed: "Syncing" => "Synced"
2026-08-20 17:30:21.419 +04:00 [INF] Unified order book AVAX-USDT-SWAP status changed: "Reconnecting" => "Syncing"
2026-08-20 17:30:21.420 +04:00 [INF] Unified order book AVAX-USDT-SWAP successfully resynchronized
2026-08-20 17:30:21.421 +04:00 [INF] Unified order book AVAX-USDT-SWAP status changed: "Syncing" => "Synced"
2026-08-20 17:30:21.421 +04:00 [INF] Unified order book LINK-USDT-SWAP status changed: "Reconnecting" => "Syncing"
2026-08-20 17:30:21.422 +04:00 [INF] Unified order book LINK-USDT-SWAP successfully resynchronized
2026-08-20 17:30:21.426 +04:00 [INF] Unified order book LINK-USDT-SWAP status changed: "Syncing" => "Synced"
2026-08-20 17:30:21.427 +04:00 [INF] Unified order book SUI-USDT-SWAP status changed: "Reconnecting" => "Syncing"
2026-08-20 17:30:21.428 +04:00 [INF] Unified order book SUI-USDT-SWAP successfully resynchronized
2026-08-20 17:30:21.428 +04:00 [INF] Unified order book SUI-USDT-SWAP status changed: "Syncing" => "Synced"
2026-08-20 17:30:21.429 +04:00 [INF] Unified order book NEAR-USDT-SWAP status changed: "Reconnecting" => "Syncing"
2026-08-20 17:30:21.430 +04:00 [INF] Unified order book NEAR-USDT-SWAP successfully resynchronized
2026-08-20 17:30:21.431 +04:00 [INF] Unified order book NEAR-USDT-SWAP status changed: "Syncing" => "Synced"
2026-08-20 17:30:21.431 +04:00 [INF] Unified order book ARB-USDT-SWAP status changed: "Reconnecting" => "Syncing"
2026-08-20 17:30:21.432 +04:00 [INF] Unified order book ARB-USDT-SWAP successfully resynchronized
2026-08-20 17:30:21.435 +04:00 [INF] Unified order book ARB-USDT-SWAP status changed: "Syncing" => "Synced"
2026-08-20 17:30:21.436 +04:00 [INF] Unified order book OP-USDT-SWAP status changed: "Reconnecting" => "Syncing"
2026-08-20 17:30:21.436 +04:00 [INF] Unified order book OP-USDT-SWAP successfully resynchronized
2026-08-20 17:30:21.437 +04:00 [INF] Unified order book OP-USDT-SWAP status changed: "Syncing" => "Synced"
2026-08-20 17:30:21.438 +04:00 [INF] Unified order book INJ-USDT-SWAP status changed: "Reconnecting" => "Syncing"
2026-08-20 17:30:21.441 +04:00 [INF] Unified order book INJ-USDT-SWAP successfully resynchronized
2026-08-20 17:30:21.442 +04:00 [INF] Unified order book INJ-USDT-SWAP status changed: "Syncing" => "Synced"
2026-08-20 17:30:21.443 +04:00 [INF] Unified order book APT-USDT-SWAP status changed: "Reconnecting" => "Syncing"
2026-08-20 17:30:21.684 +04:00 [INF] Unified order book APT-USDT-SWAP successfully resynchronized
2026-08-20 17:30:21.697 +04:00 [INF] Unified order book APT-USDT-SWAP status changed: "Syncing" => "Synced"
2026-08-20 17:30:22.090 +04:00 [INF] FUT PAPER CLOSE ADAUSDT pnl=0.8494 reason=converge lev=5x
2026-08-20 17:30:25.881 +04:00 [INF] Unified order book SEI-USDT-SWAP status changed: "Reconnecting" => "Syncing"
2026-08-20 17:30:25.883 +04:00 [INF] Unified order book TIA-USDT-SWAP status changed: "Reconnecting" => "Syncing"
2026-08-20 17:30:26.432 +04:00 [INF] Unified order book SEI-USDT-SWAP successfully resynchronized
2026-08-20 17:30:26.432 +04:00 [INF] Unified order book TIA-USDT-SWAP successfully resynchronized
2026-08-20 17:30:26.434 +04:00 [INF] Unified order book SEI-USDT-SWAP status changed: "Syncing" => "Synced"
2026-08-20 17:30:26.435 +04:00 [INF] Unified order book TIA-USDT-SWAP status changed: "Syncing" => "Synced"
2026-08-20 17:32:52.780 +04:00 [INF] Discovery: futures tickers on Binance,Bybit,OKX,Bitget,GateIo (exclude majors BTC,ETH,BNB)
2026-08-20 17:32:53.877 +04:00 [WRN] Futures tickers failed GateIo:  'SettleAsset': Exchange parameter `SettleAsset` for exchange `GateIo` should be provided. Example: usdt
2026-08-20 17:32:53.878 +04:00 [INF] Discovery: spot tickers (supplemental ranking)
2026-08-20 17:32:56.276 +04:00 [WRN] Discovery fallback: автоподбор без объёмов (REST/geo) — curated mid-alts
2026-08-20 17:32:56.278 +04:00 [INF] Symbol refresh (curated-alts): [DOGEUSDT,ADAUSDT,AVAXUSDT,LINKUSDT,SUIUSDT,NEARUSDT,ARBUSDT,OPUSDT,INJUSDT,APTUSDT,SEIUSDT,TIAUSDT] → [DOGEUSDT,ADAUSDT,AVAXUSDT,LINKUSDT,SUIUSDT,NEARUSDT,ARBUSDT,OPUSDT,INJUSDT,APTUSDT,SEIUSDT,TIAUSDT] | changed=false
2026-08-20 18:02:56.920 +04:00 [INF] Discovery: futures tickers on Binance,Bybit,OKX,Bitget,GateIo (exclude majors BTC,ETH,BNB)
2026-08-20 18:02:58.321 +04:00 [WRN] Futures tickers failed GateIo:  'SettleAsset': Exchange parameter `SettleAsset` for exchange `GateIo` should be provided. Example: usdt
2026-08-20 18:02:58.322 +04:00 [INF] Discovery: spot tickers (supplemental ranking)
2026-08-20 18:03:00.595 +04:00 [WRN] Discovery fallback: автоподбор без объёмов (REST/geo) — curated mid-alts
2026-08-20 18:03:00.596 +04:00 [INF] Symbol refresh (curated-alts): [DOGEUSDT,ADAUSDT,AVAXUSDT,LINKUSDT,SUIUSDT,NEARUSDT,ARBUSDT,OPUSDT,INJUSDT,APTUSDT,SEIUSDT,TIAUSDT] → [DOGEUSDT,ADAUSDT,AVAXUSDT,LINKUSDT,SUIUSDT,NEARUSDT,ARBUSDT,OPUSDT,INJUSDT,APTUSDT,SEIUSDT,TIAUSDT] | changed=false
2026-08-20 18:04:28.923 +04:00 [INF] Funding cache refresh for 12 symbols × 3 exchanges (TTL 45m)
2026-08-20 18:04:38.563 +04:00 [INF] Funding cache entries: 36
2026-08-20 18:33:00.785 +04:00 [INF] Discovery: futures tickers on Binance,Bybit,OKX,Bitget,GateIo (exclude majors BTC,ETH,BNB)
2026-08-20 18:33:02.145 +04:00 [WRN] Futures tickers failed GateIo:  'SettleAsset': Exchange parameter `SettleAsset` for exchange `GateIo` should be provided. Example: usdt
2026-08-20 18:33:02.147 +04:00 [INF] Discovery: spot tickers (supplemental ranking)
2026-08-20 18:33:04.460 +04:00 [WRN] Discovery fallback: автоподбор без объёмов (REST/geo) — curated mid-alts
2026-08-20 18:33:04.461 +04:00 [INF] Symbol refresh (curated-alts): [DOGEUSDT,ADAUSDT,AVAXUSDT,LINKUSDT,SUIUSDT,NEARUSDT,ARBUSDT,OPUSDT,INJUSDT,APTUSDT,SEIUSDT,TIAUSDT] → [DOGEUSDT,ADAUSDT,AVAXUSDT,LINKUSDT,SUIUSDT,NEARUSDT,ARBUSDT,OPUSDT,INJUSDT,APTUSDT,SEIUSDT,TIAUSDT] | changed=false
2026-08-20 18:49:39.763 +04:00 [INF] Funding cache refresh for 12 symbols × 3 exchanges (TTL 45m)
2026-08-20 18:49:48.275 +04:00 [INF] Funding cache entries: 36
2026-08-20 19:03:05.538 +04:00 [INF] Discovery: futures tickers on Binance,Bybit,OKX,Bitget,GateIo (exclude majors BTC,ETH,BNB)
2026-08-20 19:03:06.942 +04:00 [WRN] Futures tickers failed GateIo:  'SettleAsset': Exchange parameter `SettleAsset` for exchange `GateIo` should be provided. Example: usdt
2026-08-20 19:03:06.943 +04:00 [INF] Discovery: spot tickers (supplemental ranking)
2026-08-20 19:03:09.375 +04:00 [WRN] Discovery fallback: автоподбор без объёмов (REST/geo) — curated mid-alts
2026-08-20 19:03:09.376 +04:00 [INF] Symbol refresh (curated-alts): [DOGEUSDT,ADAUSDT,AVAXUSDT,LINKUSDT,SUIUSDT,NEARUSDT,ARBUSDT,OPUSDT,INJUSDT,APTUSDT,SEIUSDT,TIAUSDT] → [DOGEUSDT,ADAUSDT,AVAXUSDT,LINKUSDT,SUIUSDT,NEARUSDT,ARBUSDT,OPUSDT,INJUSDT,APTUSDT,SEIUSDT,TIAUSDT] | changed=false
2026-08-20 19:33:10.521 +04:00 [INF] Discovery: futures tickers on Binance,Bybit,OKX,Bitget,GateIo (exclude majors BTC,ETH,BNB)
2026-08-20 19:33:11.880 +04:00 [WRN] Futures tickers failed GateIo:  'SettleAsset': Exchange parameter `SettleAsset` for exchange `GateIo` should be provided. Example: usdt
2026-08-20 19:33:11.883 +04:00 [INF] Discovery: spot tickers (supplemental ranking)
2026-08-20 19:33:14.339 +04:00 [WRN] Discovery fallback: автоподбор без объёмов (REST/geo) — curated mid-alts
2026-08-20 19:33:14.340 +04:00 [INF] Symbol refresh (curated-alts): [DOGEUSDT,ADAUSDT,AVAXUSDT,LINKUSDT,SUIUSDT,NEARUSDT,ARBUSDT,OPUSDT,INJUSDT,APTUSDT,SEIUSDT,TIAUSDT] → [DOGEUSDT,ADAUSDT,AVAXUSDT,LINKUSDT,SUIUSDT,NEARUSDT,ARBUSDT,OPUSDT,INJUSDT,APTUSDT,SEIUSDT,TIAUSDT] | changed=false
2026-08-20 19:34:48.686 +04:00 [INF] Funding cache refresh for 12 symbols × 3 exchanges (TTL 45m)
2026-08-20 19:34:57.642 +04:00 [INF] Funding cache entries: 36
2026-08-20 20:00:42.319 +04:00 [WRN] Unable to configure Browser Link script injection on the response. 
2026-08-20 20:00:42.353 +04:00 [WRN] Unable to configure browser refresh script injection on the response. Consider manually adding '<script src="/_framework/aspnetcore-browser-refresh.js"></script>' to the body of the page.
2026-08-20 20:01:26.728 +04:00 [INF] Paper analytics store: D:\Users\karap\source\repos\ArbitrageBot\ArbitrageBot\data\paper
2026-08-20 20:01:26.758 +04:00 [INF] Realtime broadcast started (WS books → SignalR every ~300ms)
2026-08-20 20:01:26.766 +04:00 [INF] Discovery: futures tickers on Binance,Bybit,OKX,Bitget,GateIo (exclude majors BTC,ETH,BNB)
2026-08-20 20:01:30.787 +04:00 [INF] Discovery: spot tickers (supplemental ranking)
2026-08-20 20:01:31.492 +04:00 [WRN] Discovery fallback: автоподбор без объёмов (REST/geo) — curated mid-alts
2026-08-20 20:01:31.496 +04:00 [INF] Start | Strategy=FuturesCross | Mode=PAPER | Symbols=DOGEUSDT,ADAUSDT,AVAXUSDT,LINKUSDT,SUIUSDT,NEARUSDT,ARBUSDT,OPUSDT,INJUSDT,APTUSDT | Ex=Binance,Bybit,OKX,Bitget,GateIo
2026-08-20 20:01:31.502 +04:00 [INF] Futures paper margin initialized: 10000 USDT x 5 exchanges
2026-08-20 20:01:31.532 +04:00 [INF] UsdFutures order book DOGEUSDT status changed: "Disconnected" => "Connecting"
2026-08-20 20:01:33.273 +04:00 [INF] [Sckt 1] subscription 16 completed successfully
2026-08-20 20:01:33.277 +04:00 [INF] UsdFutures order book DOGEUSDT status changed: "Connecting" => "Syncing"
2026-08-20 20:01:33.676 +04:00 [INF] UsdFutures order book DOGEUSDT status changed: "Syncing" => "Synced"
2026-08-20 20:01:33.682 +04:00 [INF] Futures book Binance:DOGEUSDT "Synced"
2026-08-20 20:01:33.705 +04:00 [INF] V5 order book DOGEUSDT status changed: "Disconnected" => "Connecting"
2026-08-20 20:01:34.638 +04:00 [INF] [Sckt 2] subscription 20 completed successfully
2026-08-20 20:01:34.640 +04:00 [INF] V5 order book DOGEUSDT status changed: "Connecting" => "Syncing"
2026-08-20 20:01:34.641 +04:00 [INF] V5 order book DOGEUSDT status changed: "Syncing" => "Synced"
2026-08-20 20:01:34.642 +04:00 [INF] Futures book Bybit:DOGEUSDT "Synced"
2026-08-20 20:01:34.646 +04:00 [INF] Unified order book DOGE-USDT-SWAP status changed: "Disconnected" => "Connecting"
2026-08-20 20:01:35.995 +04:00 [INF] [Sckt 3] subscription 24 completed successfully
2026-08-20 20:01:35.998 +04:00 [INF] Unified order book DOGE-USDT-SWAP status changed: "Connecting" => "Syncing"
2026-08-20 20:01:36.620 +04:00 [INF] Unified order book DOGE-USDT-SWAP status changed: "Syncing" => "Synced"
2026-08-20 20:01:36.622 +04:00 [INF] Futures book OKX:DOGEUSDT "Synced"
2026-08-20 20:01:36.626 +04:00 [INF] Futures order book DOGEUSDT status changed: "Disconnected" => "Connecting"
2026-08-20 20:01:38.106 +04:00 [INF] [Sckt 4] subscription 26 completed successfully
2026-08-20 20:01:38.109 +04:00 [INF] Futures order book DOGEUSDT status changed: "Connecting" => "Syncing"
2026-08-20 20:01:38.162 +04:00 [INF] Futures order book DOGEUSDT status changed: "Syncing" => "Synced"
2026-08-20 20:01:38.163 +04:00 [INF] Futures book Bitget:DOGEUSDT "Synced"
2026-08-20 20:01:38.168 +04:00 [INF] PerpetualFutures order book DOGE_USDT status changed: "Disconnected" => "Connecting"
2026-08-20 20:01:39.853 +04:00 [INF] [Sckt 5] subscription 28 completed successfully
2026-08-20 20:01:39.855 +04:00 [INF] PerpetualFutures order book DOGE_USDT status changed: "Connecting" => "Syncing"
2026-08-20 20:01:39.856 +04:00 [INF] PerpetualFutures order book DOGE_USDT status changed: "Syncing" => "Synced"
2026-08-20 20:01:39.857 +04:00 [INF] Futures book GateIo:DOGEUSDT "Synced"
2026-08-20 20:01:39.858 +04:00 [INF] UsdFutures order book ADAUSDT status changed: "Disconnected" => "Connecting"
2026-08-20 20:01:40.263 +04:00 [INF] [Sckt 1] subscription 31 completed successfully
2026-08-20 20:01:40.265 +04:00 [INF] UsdFutures order book ADAUSDT status changed: "Connecting" => "Syncing"
2026-08-20 20:01:40.644 +04:00 [INF] UsdFutures order book ADAUSDT status changed: "Syncing" => "Synced"
2026-08-20 20:01:40.646 +04:00 [INF] Futures book Binance:ADAUSDT "Synced"
2026-08-20 20:01:40.647 +04:00 [INF] V5 order book ADAUSDT status changed: "Disconnected" => "Connecting"
2026-08-20 20:01:40.849 +04:00 [INF] [Sckt 2] subscription 35 completed successfully
2026-08-20 20:01:40.850 +04:00 [INF] V5 order book ADAUSDT status changed: "Connecting" => "Syncing"
2026-08-20 20:01:40.851 +04:00 [INF] V5 order book ADAUSDT status changed: "Syncing" => "Synced"
2026-08-20 20:01:40.852 +04:00 [INF] Futures book Bybit:ADAUSDT "Synced"
2026-08-20 20:01:40.853 +04:00 [INF] Unified order book ADA-USDT-SWAP status changed: "Disconnected" => "Connecting"
2026-08-20 20:01:41.175 +04:00 [INF] [Sckt 3] subscription 38 completed successfully
2026-08-20 20:01:41.176 +04:00 [INF] Unified order book ADA-USDT-SWAP status changed: "Connecting" => "Syncing"
2026-08-20 20:01:41.361 +04:00 [INF] Unified order book ADA-USDT-SWAP status changed: "Syncing" => "Synced"
2026-08-20 20:01:41.362 +04:00 [INF] Futures book OKX:ADAUSDT "Synced"
2026-08-20 20:01:41.363 +04:00 [INF] Futures order book ADAUSDT status changed: "Disconnected" => "Connecting"
2026-08-20 20:01:41.650 +04:00 [INF] [Sckt 4] subscription 40 completed successfully
2026-08-20 20:01:41.652 +04:00 [INF] Futures order book ADAUSDT status changed: "Connecting" => "Syncing"
2026-08-20 20:01:41.653 +04:00 [INF] Futures order book ADAUSDT status changed: "Syncing" => "Synced"
2026-08-20 20:01:41.654 +04:00 [INF] Futures book Bitget:ADAUSDT "Synced"
2026-08-20 20:01:41.656 +04:00 [INF] PerpetualFutures order book ADA_USDT status changed: "Disconnected" => "Connecting"
2026-08-20 20:01:41.975 +04:00 [INF] [Sckt 5] subscription 42 completed successfully
2026-08-20 20:01:41.977 +04:00 [INF] PerpetualFutures order book ADA_USDT status changed: "Connecting" => "Syncing"
2026-08-20 20:01:41.978 +04:00 [INF] PerpetualFutures order book ADA_USDT status changed: "Syncing" => "Synced"
2026-08-20 20:01:41.980 +04:00 [INF] Futures book GateIo:ADAUSDT "Synced"
2026-08-20 20:01:41.981 +04:00 [INF] UsdFutures order book AVAXUSDT status changed: "Disconnected" => "Connecting"
2026-08-20 20:01:42.365 +04:00 [INF] [Sckt 1] subscription 45 completed successfully
2026-08-20 20:01:42.366 +04:00 [INF] UsdFutures order book AVAXUSDT status changed: "Connecting" => "Syncing"
2026-08-20 20:01:42.750 +04:00 [INF] UsdFutures order book AVAXUSDT status changed: "Syncing" => "Synced"
2026-08-20 20:01:42.751 +04:00 [INF] Futures book Binance:AVAXUSDT "Synced"
2026-08-20 20:01:42.752 +04:00 [INF] V5 order book AVAXUSDT status changed: "Disconnected" => "Connecting"
2026-08-20 20:01:42.952 +04:00 [INF] [Sckt 2] subscription 49 completed successfully
2026-08-20 20:01:42.953 +04:00 [INF] V5 order book AVAXUSDT status changed: "Connecting" => "Syncing"
2026-08-20 20:01:42.954 +04:00 [INF] V5 order book AVAXUSDT status changed: "Syncing" => "Synced"
2026-08-20 20:01:42.955 +04:00 [INF] Futures book Bybit:AVAXUSDT "Synced"
2026-08-20 20:01:42.956 +04:00 [INF] Unified order book AVAX-USDT-SWAP status changed: "Disconnected" => "Connecting"
2026-08-20 20:01:43.290 +04:00 [INF] [Sckt 3] subscription 52 completed successfully
2026-08-20 20:01:43.291 +04:00 [INF] Unified order book AVAX-USDT-SWAP status changed: "Connecting" => "Syncing"
2026-08-20 20:01:43.469 +04:00 [INF] Unified order book AVAX-USDT-SWAP status changed: "Syncing" => "Synced"
2026-08-20 20:01:43.471 +04:00 [INF] Futures book OKX:AVAXUSDT "Synced"
2026-08-20 20:01:43.472 +04:00 [INF] Futures order book AVAXUSDT status changed: "Disconnected" => "Connecting"
2026-08-20 20:01:43.751 +04:00 [INF] [Sckt 4] subscription 54 completed successfully
2026-08-20 20:01:43.752 +04:00 [INF] Futures order book AVAXUSDT status changed: "Connecting" => "Syncing"
2026-08-20 20:01:43.753 +04:00 [INF] Futures order book AVAXUSDT status changed: "Syncing" => "Synced"
2026-08-20 20:01:43.754 +04:00 [INF] Futures book Bitget:AVAXUSDT "Synced"
2026-08-20 20:01:43.755 +04:00 [INF] PerpetualFutures order book AVAX_USDT status changed: "Disconnected" => "Connecting"
2026-08-20 20:01:44.074 +04:00 [INF] [Sckt 5] subscription 56 completed successfully
2026-08-20 20:01:44.076 +04:00 [INF] PerpetualFutures order book AVAX_USDT status changed: "Connecting" => "Syncing"
2026-08-20 20:01:44.077 +04:00 [INF] PerpetualFutures order book AVAX_USDT status changed: "Syncing" => "Synced"
2026-08-20 20:01:44.078 +04:00 [INF] Futures book GateIo:AVAXUSDT "Synced"
2026-08-20 20:01:44.080 +04:00 [INF] UsdFutures order book LINKUSDT status changed: "Disconnected" => "Connecting"
2026-08-20 20:01:44.467 +04:00 [INF] [Sckt 1] subscription 59 completed successfully
2026-08-20 20:01:44.469 +04:00 [INF] UsdFutures order book LINKUSDT status changed: "Connecting" => "Syncing"
2026-08-20 20:01:44.864 +04:00 [INF] UsdFutures order book LINKUSDT status changed: "Syncing" => "Synced"
2026-08-20 20:01:44.866 +04:00 [INF] Futures book Binance:LINKUSDT "Synced"
2026-08-20 20:01:44.866 +04:00 [INF] V5 order book LINKUSDT status changed: "Disconnected" => "Connecting"
2026-08-20 20:01:45.066 +04:00 [INF] [Sckt 2] subscription 63 completed successfully
2026-08-20 20:01:45.068 +04:00 [INF] V5 order book LINKUSDT status changed: "Connecting" => "Syncing"
2026-08-20 20:01:45.069 +04:00 [INF] V5 order book LINKUSDT status changed: "Syncing" => "Synced"
2026-08-20 20:01:45.071 +04:00 [INF] Futures book Bybit:LINKUSDT "Synced"
2026-08-20 20:01:45.072 +04:00 [INF] Unified order book LINK-USDT-SWAP status changed: "Disconnected" => "Connecting"
2026-08-20 20:01:45.397 +04:00 [INF] [Sckt 3] subscription 66 completed successfully
2026-08-20 20:01:45.400 +04:00 [INF] Unified order book LINK-USDT-SWAP status changed: "Connecting" => "Syncing"
2026-08-20 20:01:45.581 +04:00 [INF] Unified order book LINK-USDT-SWAP status changed: "Syncing" => "Synced"
2026-08-20 20:01:45.583 +04:00 [INF] Futures book OKX:LINKUSDT "Synced"
2026-08-20 20:01:45.585 +04:00 [INF] Futures order book LINKUSDT status changed: "Disconnected" => "Connecting"
2026-08-20 20:01:45.854 +04:00 [INF] [Sckt 4] subscription 68 completed successfully
2026-08-20 20:01:45.856 +04:00 [INF] Futures order book LINKUSDT status changed: "Connecting" => "Syncing"
2026-08-20 20:01:45.857 +04:00 [INF] Futures order book LINKUSDT status changed: "Syncing" => "Synced"
2026-08-20 20:01:45.858 +04:00 [INF] Futures book Bitget:LINKUSDT "Synced"
2026-08-20 20:01:45.859 +04:00 [INF] PerpetualFutures order book LINK_USDT status changed: "Disconnected" => "Connecting"
2026-08-20 20:01:46.179 +04:00 [INF] [Sckt 5] subscription 70 completed successfully
2026-08-20 20:01:46.181 +04:00 [INF] PerpetualFutures order book LINK_USDT status changed: "Connecting" => "Syncing"
2026-08-20 20:01:46.181 +04:00 [INF] PerpetualFutures order book LINK_USDT status changed: "Syncing" => "Synced"
2026-08-20 20:01:46.183 +04:00 [INF] Futures book GateIo:LINKUSDT "Synced"
2026-08-20 20:01:46.184 +04:00 [INF] UsdFutures order book SUIUSDT status changed: "Disconnected" => "Connecting"
2026-08-20 20:01:46.568 +04:00 [INF] [Sckt 1] subscription 73 completed successfully
2026-08-20 20:01:46.571 +04:00 [INF] UsdFutures order book SUIUSDT status changed: "Connecting" => "Syncing"
2026-08-20 20:01:46.959 +04:00 [INF] UsdFutures order book SUIUSDT status changed: "Syncing" => "Synced"
2026-08-20 20:01:46.961 +04:00 [INF] Futures book Binance:SUIUSDT "Synced"
2026-08-20 20:01:46.962 +04:00 [INF] V5 order book SUIUSDT status changed: "Disconnected" => "Connecting"
2026-08-20 20:01:47.161 +04:00 [INF] [Sckt 2] subscription 77 completed successfully
2026-08-20 20:01:47.162 +04:00 [INF] V5 order book SUIUSDT status changed: "Connecting" => "Syncing"
2026-08-20 20:01:47.163 +04:00 [INF] V5 order book SUIUSDT status changed: "Syncing" => "Synced"
2026-08-20 20:01:47.164 +04:00 [INF] Futures book Bybit:SUIUSDT "Synced"
2026-08-20 20:01:47.165 +04:00 [INF] Unified order book SUI-USDT-SWAP status changed: "Disconnected" => "Connecting"
2026-08-20 20:01:47.491 +04:00 [INF] [Sckt 3] subscription 80 completed successfully
2026-08-20 20:01:47.492 +04:00 [INF] Unified order book SUI-USDT-SWAP status changed: "Connecting" => "Syncing"
2026-08-20 20:01:47.669 +04:00 [INF] Unified order book SUI-USDT-SWAP status changed: "Syncing" => "Synced"
2026-08-20 20:01:47.670 +04:00 [INF] Futures book OKX:SUIUSDT "Synced"
2026-08-20 20:01:47.671 +04:00 [INF] Futures order book SUIUSDT status changed: "Disconnected" => "Connecting"
2026-08-20 20:01:47.986 +04:00 [INF] [Sckt 4] subscription 82 completed successfully
2026-08-20 20:01:47.986 +04:00 [INF] Futures order book SUIUSDT status changed: "Connecting" => "Syncing"
2026-08-20 20:01:47.987 +04:00 [INF] Futures order book SUIUSDT status changed: "Syncing" => "Synced"
2026-08-20 20:01:47.989 +04:00 [INF] Futures book Bitget:SUIUSDT "Synced"
2026-08-20 20:01:47.990 +04:00 [INF] PerpetualFutures order book SUI_USDT status changed: "Disconnected" => "Connecting"
2026-08-20 20:01:48.314 +04:00 [INF] [Sckt 5] subscription 84 completed successfully
2026-08-20 20:01:48.315 +04:00 [INF] PerpetualFutures order book SUI_USDT status changed: "Connecting" => "Syncing"
2026-08-20 20:01:48.316 +04:00 [INF] PerpetualFutures order book SUI_USDT status changed: "Syncing" => "Synced"
2026-08-20 20:01:48.316 +04:00 [INF] Futures book GateIo:SUIUSDT "Synced"
2026-08-20 20:01:48.317 +04:00 [INF] UsdFutures order book NEARUSDT status changed: "Disconnected" => "Connecting"
2026-08-20 20:01:48.673 +04:00 [INF] [Sckt 1] subscription 87 completed successfully
2026-08-20 20:01:48.674 +04:00 [INF] UsdFutures order book NEARUSDT status changed: "Connecting" => "Syncing"
2026-08-20 20:01:49.056 +04:00 [INF] UsdFutures order book NEARUSDT status changed: "Syncing" => "Synced"
2026-08-20 20:01:49.058 +04:00 [INF] Futures book Binance:NEARUSDT "Synced"
2026-08-20 20:01:49.060 +04:00 [INF] V5 order book NEARUSDT status changed: "Disconnected" => "Connecting"
2026-08-20 20:01:49.259 +04:00 [INF] [Sckt 2] subscription 91 completed successfully
2026-08-20 20:01:49.261 +04:00 [INF] V5 order book NEARUSDT status changed: "Connecting" => "Syncing"
2026-08-20 20:01:49.262 +04:00 [INF] V5 order book NEARUSDT status changed: "Syncing" => "Synced"
2026-08-20 20:01:49.263 +04:00 [INF] Futures book Bybit:NEARUSDT "Synced"
2026-08-20 20:01:49.264 +04:00 [INF] Unified order book NEAR-USDT-SWAP status changed: "Disconnected" => "Connecting"
2026-08-20 20:01:49.588 +04:00 [INF] [Sckt 3] subscription 94 completed successfully
2026-08-20 20:01:49.590 +04:00 [INF] Unified order book NEAR-USDT-SWAP status changed: "Connecting" => "Syncing"
2026-08-20 20:01:49.766 +04:00 [INF] Unified order book NEAR-USDT-SWAP status changed: "Syncing" => "Synced"
2026-08-20 20:01:49.767 +04:00 [INF] Futures book OKX:NEARUSDT "Synced"
2026-08-20 20:01:49.768 +04:00 [INF] Futures order book NEARUSDT status changed: "Disconnected" => "Connecting"
2026-08-20 20:01:50.132 +04:00 [INF] [Sckt 4] subscription 96 completed successfully
2026-08-20 20:01:50.133 +04:00 [INF] Futures order book NEARUSDT status changed: "Connecting" => "Syncing"
2026-08-20 20:01:50.134 +04:00 [INF] Futures order book NEARUSDT status changed: "Syncing" => "Synced"
2026-08-20 20:01:50.135 +04:00 [INF] Futures book Bitget:NEARUSDT "Synced"
2026-08-20 20:01:50.136 +04:00 [INF] PerpetualFutures order book NEAR_USDT status changed: "Disconnected" => "Connecting"
2026-08-20 20:01:50.471 +04:00 [INF] [Sckt 5] subscription 98 completed successfully
2026-08-20 20:01:50.472 +04:00 [INF] PerpetualFutures order book NEAR_USDT status changed: "Connecting" => "Syncing"
2026-08-20 20:01:50.473 +04:00 [INF] PerpetualFutures order book NEAR_USDT status changed: "Syncing" => "Synced"
2026-08-20 20:01:50.474 +04:00 [INF] Futures book GateIo:NEARUSDT "Synced"
2026-08-20 20:01:50.475 +04:00 [INF] UsdFutures order book ARBUSDT status changed: "Disconnected" => "Connecting"
2026-08-20 20:01:50.874 +04:00 [INF] [Sckt 1] subscription 101 completed successfully
2026-08-20 20:01:50.876 +04:00 [INF] UsdFutures order book ARBUSDT status changed: "Connecting" => "Syncing"
2026-08-20 20:01:51.256 +04:00 [INF] UsdFutures order book ARBUSDT status changed: "Syncing" => "Synced"
2026-08-20 20:01:51.257 +04:00 [INF] Futures book Binance:ARBUSDT "Synced"
2026-08-20 20:01:51.258 +04:00 [INF] V5 order book ARBUSDT status changed: "Disconnected" => "Connecting"
2026-08-20 20:01:51.459 +04:00 [INF] [Sckt 2] subscription 105 completed successfully
2026-08-20 20:01:51.460 +04:00 [INF] V5 order book ARBUSDT status changed: "Connecting" => "Syncing"
2026-08-20 20:01:51.461 +04:00 [INF] V5 order book ARBUSDT status changed: "Syncing" => "Synced"
2026-08-20 20:01:51.462 +04:00 [INF] Futures book Bybit:ARBUSDT "Synced"
2026-08-20 20:01:51.463 +04:00 [INF] Unified order book ARB-USDT-SWAP status changed: "Disconnected" => "Connecting"
2026-08-20 20:01:51.785 +04:00 [INF] [Sckt 3] subscription 108 completed successfully
2026-08-20 20:01:51.787 +04:00 [INF] Unified order book ARB-USDT-SWAP status changed: "Connecting" => "Syncing"
2026-08-20 20:01:51.844 +04:00 [INF] Unified order book ARB-USDT-SWAP status changed: "Syncing" => "Synced"
2026-08-20 20:01:51.845 +04:00 [INF] Futures book OKX:ARBUSDT "Synced"
2026-08-20 20:01:51.846 +04:00 [INF] Futures order book ARBUSDT status changed: "Disconnected" => "Connecting"
2026-08-20 20:01:52.114 +04:00 [INF] [Sckt 4] subscription 110 completed successfully
2026-08-20 20:01:52.116 +04:00 [INF] Futures order book ARBUSDT status changed: "Connecting" => "Syncing"
2026-08-20 20:01:52.168 +04:00 [INF] Futures order book ARBUSDT status changed: "Syncing" => "Synced"
2026-08-20 20:01:52.170 +04:00 [INF] Futures book Bitget:ARBUSDT "Synced"
2026-08-20 20:01:52.171 +04:00 [INF] PerpetualFutures order book ARB_USDT status changed: "Disconnected" => "Connecting"
2026-08-20 20:01:52.809 +04:00 [INF] [Sckt 5] subscription 112 completed successfully
2026-08-20 20:01:52.810 +04:00 [INF] PerpetualFutures order book ARB_USDT status changed: "Connecting" => "Syncing"
2026-08-20 20:01:52.811 +04:00 [INF] PerpetualFutures order book ARB_USDT status changed: "Syncing" => "Synced"
2026-08-20 20:01:52.812 +04:00 [INF] Futures book GateIo:ARBUSDT "Synced"
2026-08-20 20:01:52.813 +04:00 [INF] UsdFutures order book OPUSDT status changed: "Disconnected" => "Connecting"
2026-08-20 20:01:53.181 +04:00 [INF] [Sckt 1] subscription 115 completed successfully
2026-08-20 20:01:53.182 +04:00 [INF] UsdFutures order book OPUSDT status changed: "Connecting" => "Syncing"
2026-08-20 20:01:53.567 +04:00 [INF] UsdFutures order book OPUSDT status changed: "Syncing" => "Synced"
2026-08-20 20:01:53.569 +04:00 [INF] Futures book Binance:OPUSDT "Synced"
2026-08-20 20:01:53.570 +04:00 [INF] V5 order book OPUSDT status changed: "Disconnected" => "Connecting"
2026-08-20 20:01:53.770 +04:00 [INF] [Sckt 2] subscription 119 completed successfully
2026-08-20 20:01:53.771 +04:00 [INF] V5 order book OPUSDT status changed: "Connecting" => "Syncing"
2026-08-20 20:01:53.772 +04:00 [INF] V5 order book OPUSDT status changed: "Syncing" => "Synced"
2026-08-20 20:01:53.773 +04:00 [INF] Futures book Bybit:OPUSDT "Synced"
2026-08-20 20:01:53.774 +04:00 [INF] Unified order book OP-USDT-SWAP status changed: "Disconnected" => "Connecting"
2026-08-20 20:01:54.098 +04:00 [INF] [Sckt 3] subscription 124 completed successfully
2026-08-20 20:01:54.099 +04:00 [INF] Unified order book OP-USDT-SWAP status changed: "Connecting" => "Syncing"
2026-08-20 20:01:54.283 +04:00 [INF] Unified order book OP-USDT-SWAP status changed: "Syncing" => "Synced"
2026-08-20 20:01:54.285 +04:00 [INF] Futures book OKX:OPUSDT "Synced"
2026-08-20 20:01:54.286 +04:00 [INF] Futures order book OPUSDT status changed: "Disconnected" => "Connecting"
2026-08-20 20:01:54.558 +04:00 [INF] [Sckt 4] subscription 126 completed successfully
2026-08-20 20:01:54.560 +04:00 [INF] Futures order book OPUSDT status changed: "Connecting" => "Syncing"
2026-08-20 20:01:54.561 +04:00 [INF] Futures order book OPUSDT status changed: "Syncing" => "Synced"
2026-08-20 20:01:54.563 +04:00 [INF] Futures book Bitget:OPUSDT "Synced"
2026-08-20 20:01:54.564 +04:00 [INF] PerpetualFutures order book OP_USDT status changed: "Disconnected" => "Connecting"
2026-08-20 20:01:54.883 +04:00 [INF] [Sckt 5] subscription 128 completed successfully
2026-08-20 20:01:54.884 +04:00 [INF] PerpetualFutures order book OP_USDT status changed: "Connecting" => "Syncing"
2026-08-20 20:01:54.885 +04:00 [INF] PerpetualFutures order book OP_USDT status changed: "Syncing" => "Synced"
2026-08-20 20:01:54.887 +04:00 [INF] Futures book GateIo:OPUSDT "Synced"
2026-08-20 20:01:54.887 +04:00 [INF] UsdFutures order book INJUSDT status changed: "Disconnected" => "Connecting"
2026-08-20 20:01:55.277 +04:00 [INF] [Sckt 1] subscription 132 completed successfully
2026-08-20 20:01:55.279 +04:00 [INF] UsdFutures order book INJUSDT status changed: "Connecting" => "Syncing"
2026-08-20 20:01:55.664 +04:00 [INF] UsdFutures order book INJUSDT status changed: "Syncing" => "Synced"
2026-08-20 20:01:55.666 +04:00 [INF] Futures book Binance:INJUSDT "Synced"
2026-08-20 20:01:55.667 +04:00 [INF] V5 order book INJUSDT status changed: "Disconnected" => "Connecting"
2026-08-20 20:01:55.866 +04:00 [INF] [Sckt 2] subscription 136 completed successfully
2026-08-20 20:01:55.867 +04:00 [INF] V5 order book INJUSDT status changed: "Connecting" => "Syncing"
2026-08-20 20:01:55.869 +04:00 [INF] V5 order book INJUSDT status changed: "Syncing" => "Synced"
2026-08-20 20:01:55.870 +04:00 [INF] Futures book Bybit:INJUSDT "Synced"
2026-08-20 20:01:55.871 +04:00 [INF] Unified order book INJ-USDT-SWAP status changed: "Disconnected" => "Connecting"
2026-08-20 20:01:56.194 +04:00 [INF] [Sckt 3] subscription 139 completed successfully
2026-08-20 20:01:56.195 +04:00 [INF] Unified order book INJ-USDT-SWAP status changed: "Connecting" => "Syncing"
2026-08-20 20:01:56.373 +04:00 [INF] Unified order book INJ-USDT-SWAP status changed: "Syncing" => "Synced"
2026-08-20 20:01:56.374 +04:00 [INF] Futures book OKX:INJUSDT "Synced"
2026-08-20 20:01:56.375 +04:00 [INF] Futures order book INJUSDT status changed: "Disconnected" => "Connecting"
2026-08-20 20:01:56.652 +04:00 [INF] [Sckt 4] subscription 141 completed successfully
2026-08-20 20:01:56.654 +04:00 [INF] Futures order book INJUSDT status changed: "Connecting" => "Syncing"
2026-08-20 20:01:56.654 +04:00 [INF] Futures order book INJUSDT status changed: "Syncing" => "Synced"
2026-08-20 20:01:56.655 +04:00 [INF] Futures book Bitget:INJUSDT "Synced"
2026-08-20 20:01:56.657 +04:00 [INF] PerpetualFutures order book INJ_USDT status changed: "Disconnected" => "Connecting"
2026-08-20 20:01:56.982 +04:00 [INF] [Sckt 5] subscription 143 completed successfully
2026-08-20 20:01:56.983 +04:00 [INF] PerpetualFutures order book INJ_USDT status changed: "Connecting" => "Syncing"
2026-08-20 20:01:56.985 +04:00 [INF] PerpetualFutures order book INJ_USDT status changed: "Syncing" => "Synced"
2026-08-20 20:01:56.986 +04:00 [INF] Futures book GateIo:INJUSDT "Synced"
2026-08-20 20:01:56.986 +04:00 [INF] UsdFutures order book APTUSDT status changed: "Disconnected" => "Connecting"
2026-08-20 20:01:57.396 +04:00 [INF] [Sckt 1] subscription 146 completed successfully
2026-08-20 20:01:57.398 +04:00 [INF] UsdFutures order book APTUSDT status changed: "Connecting" => "Syncing"
2026-08-20 20:01:57.819 +04:00 [INF] UsdFutures order book APTUSDT status changed: "Syncing" => "Synced"
2026-08-20 20:01:57.820 +04:00 [INF] Futures book Binance:APTUSDT "Synced"
2026-08-20 20:01:57.822 +04:00 [INF] V5 order book APTUSDT status changed: "Disconnected" => "Connecting"
2026-08-20 20:01:58.020 +04:00 [INF] [Sckt 2] subscription 150 completed successfully
2026-08-20 20:01:58.022 +04:00 [INF] V5 order book APTUSDT status changed: "Connecting" => "Syncing"
2026-08-20 20:01:58.023 +04:00 [INF] V5 order book APTUSDT status changed: "Syncing" => "Synced"
2026-08-20 20:01:58.024 +04:00 [INF] Futures book Bybit:APTUSDT "Synced"
2026-08-20 20:01:58.024 +04:00 [INF] Unified order book APT-USDT-SWAP status changed: "Disconnected" => "Connecting"
2026-08-20 20:01:58.349 +04:00 [INF] [Sckt 3] subscription 153 completed successfully
2026-08-20 20:01:58.350 +04:00 [INF] Unified order book APT-USDT-SWAP status changed: "Connecting" => "Syncing"
2026-08-20 20:01:58.477 +04:00 [INF] Unified order book APT-USDT-SWAP status changed: "Syncing" => "Synced"
2026-08-20 20:01:58.478 +04:00 [INF] Futures book OKX:APTUSDT "Synced"
2026-08-20 20:01:58.480 +04:00 [INF] Futures order book APTUSDT status changed: "Disconnected" => "Connecting"
2026-08-20 20:01:58.756 +04:00 [INF] [Sckt 4] subscription 155 completed successfully
2026-08-20 20:01:58.757 +04:00 [INF] Futures order book APTUSDT status changed: "Connecting" => "Syncing"
2026-08-20 20:01:58.759 +04:00 [INF] Futures order book APTUSDT status changed: "Syncing" => "Synced"
2026-08-20 20:01:58.760 +04:00 [INF] Futures book Bitget:APTUSDT "Synced"
2026-08-20 20:01:58.761 +04:00 [INF] PerpetualFutures order book APT_USDT status changed: "Disconnected" => "Connecting"
2026-08-20 20:01:59.087 +04:00 [INF] [Sckt 5] subscription 157 completed successfully
2026-08-20 20:01:59.088 +04:00 [INF] PerpetualFutures order book APT_USDT status changed: "Connecting" => "Syncing"
2026-08-20 20:01:59.090 +04:00 [INF] PerpetualFutures order book APT_USDT status changed: "Syncing" => "Synced"
2026-08-20 20:01:59.091 +04:00 [INF] Futures book GateIo:APTUSDT "Synced"
2026-08-20 20:01:59.095 +04:00 [INF] Exchange Binance: 10/10 streams live
2026-08-20 20:01:59.096 +04:00 [INF] Exchange Bybit: 10/10 streams live
2026-08-20 20:01:59.097 +04:00 [INF] Exchange OKX: 10/10 streams live
2026-08-20 20:01:59.098 +04:00 [INF] Exchange Bitget: 10/10 streams live
2026-08-20 20:01:59.099 +04:00 [INF] Exchange GateIo: 10/10 streams live
2026-08-20 20:01:59.101 +04:00 [INF] Futures books: GateIo:ADAUSDT=Synced; Binance:ARBUSDT=Synced; Bybit:INJUSDT=Synced; Bybit:LINKUSDT=Synced; Binance:SUIUSDT=Synced; Bitget:INJUSDT=Synced; GateIo:OPUSDT=Synced; Bitget:APTUSDT=Synced; Bybit:SUIUSDT=Synced; Binance:NEARUSDT=Synced; Bybit:DOGEUSDT=Synced; Binance:APTUSDT=Synced; Bitget:LINKUSDT=Synced; OKX:APTUSDT=Synced; Bitget:ARBUSDT=Synced; Bybit:AVAXUSDT=Synced; GateIo:NEARUSDT=Synced; Bitget:NEARUSDT=Synced; Binance:AVAXUSDT=Synced; Binance:DOGEUSDT=Synced; Bitget:DOGEUSDT=Synced; OKX:DOGEUSDT=Synced; Binance:ADAUSDT=Synced; OKX:INJUSDT=Synced; OKX:ADAUSDT=Synced; OKX:LINKUSDT=Synced; Binance:OPUSDT=Synced; OKX:OPUSDT=Synced; GateIo:INJUSDT=Synced; OKX:SUIUSDT=Synced; OKX:ARBUSDT=Synced; Bitget:AVAXUSDT=Synced; Bitget:OPUSDT=Synced; Binance:LINKUSDT=Synced; GateIo:AVAXUSDT=Synced; OKX:AVAXUSDT=Synced; Bybit:NEARUSDT=Synced; GateIo:SUIUSDT=Synced; Bybit:APTUSDT=Synced; Bybit:ADAUSDT=Synced; GateIo:LINKUSDT=Synced; Binance:INJUSDT=Synced; OKX:NEARUSDT=Synced; GateIo:ARBUSDT=Synced; Bybit:OPUSDT=Synced; Bybit:ARBUSDT=Synced; GateIo:DOGEUSDT=Synced; Bitget:SUIUSDT=Synced; Bitget:ADAUSDT=Synced; GateIo:APTUSDT=Synced
2026-08-20 20:02:01.611 +04:00 [INF] Funding cache refresh for 10 symbols × 3 exchanges (TTL 45m)
2026-08-20 20:02:08.718 +04:00 [INF] Funding cache entries: 30
2026-08-20 20:09:17.486 +04:00 [INF] Futures scan: 2 candidate(s), best RT=-0.050% open=0.050%
2026-08-20 20:09:17.502 +04:00 [INF] FUT PAPER OPEN OPUSDT L:OKX S:Binance qty=2102.607233 lev=5x margin=40.00 edge=0.050%
2026-08-20 20:09:17.506 +04:00 [INF] Opened futures paper hedge: OPUSDT: L OKX@0.09 / S Binance@0.10 | RT -0.050% fund -0.010% → -0.061%
2026-08-20 20:09:18.748 +04:00 [INF] FUT PAPER CLOSE OPUSDT pnl=0.0573 reason=converge lev=5x
2026-08-20 20:26:23.861 +04:00 [INF] Futures scan: 1 candidate(s), best RT=-0.051% open=0.059%
2026-08-20 20:26:23.867 +04:00 [INF] FUT PAPER OPEN INJUSDT L:Binance S:Bitget qty=42.122999 lev=5x margin=40.00 edge=0.059%
2026-08-20 20:26:23.870 +04:00 [INF] Opened futures paper hedge: INJUSDT: L Binance@4.74 / S Bitget@4.75 | RT -0.051% fund 0.000% → -0.051%
2026-08-20 20:26:25.091 +04:00 [INF] FUT PAPER CLOSE INJUSDT pnl=0.0745 reason=converge lev=5x
2026-08-20 20:30:49.083 +04:00 [INF] Paper analytics store: D:\Users\karap\source\repos\ArbitrageBot\ArbitrageBot\data\paper
2026-08-20 20:30:49.116 +04:00 [INF] Realtime broadcast started (WS books → SignalR every ~300ms)
2026-08-20 20:30:49.120 +04:00 [INF] Discovery: public tickers Binance/Bybit/OKX (arb band 8000000–400000000 USDT vol, top 12)
2026-08-20 20:30:49.680 +04:00 [INF] Binance fapi: 692 USDT perps with volume
2026-08-20 20:30:50.276 +04:00 [INF] Bybit linear: 724 USDT perps with volume
2026-08-20 20:30:50.669 +04:00 [INF] OKX SWAP: 432 USDT perps with volume
2026-08-20 20:30:51.445 +04:00 [INF] Discovered 12 arb pairs: WLDUSDT@3ex/222.6M, ENAUSDT@3ex/186.9M, SUIUSDT@3ex/124.7M, ZECUSDT@3ex/193.7M, REUSDT@3ex/241.4M, XAUUSDT@3ex/242.7M, ADAUSDT@3ex/257.7M, SOXLUSDT@3ex/265.6M, TRUMPUSDT@3ex/163.1M, ARBUSDT@3ex/66.2M, SNDKUSDT@3ex/298.1M, BEATUSDT@3ex/124.9M
2026-08-20 20:30:51.448 +04:00 [INF] Start | Strategy=FuturesCross | Mode=PAPER | Symbols=WLDUSDT,ENAUSDT,SUIUSDT,ZECUSDT,REUSDT,XAUUSDT,ADAUSDT,SOXLUSDT,TRUMPUSDT,ARBUSDT,SNDKUSDT,BEATUSDT | Ex=Binance,Bybit,OKX,Bitget,GateIo
2026-08-20 20:30:51.451 +04:00 [INF] Futures paper margin initialized: 10000 USDT x 5 exchanges
2026-08-20 20:30:51.479 +04:00 [INF] UsdFutures order book WLDUSDT status changed: "Disconnected" => "Connecting"
2026-08-20 20:30:53.298 +04:00 [INF] [Sckt 1] subscription 6 completed successfully
2026-08-20 20:30:53.302 +04:00 [INF] UsdFutures order book WLDUSDT status changed: "Connecting" => "Syncing"
2026-08-20 20:30:53.869 +04:00 [INF] UsdFutures order book WLDUSDT status changed: "Syncing" => "Synced"
2026-08-20 20:30:53.875 +04:00 [INF] Futures book Binance:WLDUSDT "Synced"
2026-08-20 20:30:53.881 +04:00 [INF] V5 order book WLDUSDT status changed: "Disconnected" => "Connecting"
2026-08-20 20:30:54.962 +04:00 [INF] [Sckt 2] subscription 10 completed successfully
2026-08-20 20:30:54.969 +04:00 [INF] V5 order book WLDUSDT status changed: "Connecting" => "Syncing"
2026-08-20 20:30:54.971 +04:00 [INF] V5 order book WLDUSDT status changed: "Syncing" => "Synced"
2026-08-20 20:30:54.973 +04:00 [INF] Futures book Bybit:WLDUSDT "Synced"
2026-08-20 20:30:54.977 +04:00 [INF] Unified order book WLD-USDT-SWAP status changed: "Disconnected" => "Connecting"
2026-08-20 20:30:56.326 +04:00 [INF] [Sckt 3] subscription 14 completed successfully
2026-08-20 20:30:56.329 +04:00 [INF] Unified order book WLD-USDT-SWAP status changed: "Connecting" => "Syncing"
2026-08-20 20:30:56.697 +04:00 [INF] Unified order book WLD-USDT-SWAP status changed: "Syncing" => "Synced"
2026-08-20 20:30:56.701 +04:00 [INF] Futures book OKX:WLDUSDT "Synced"
2026-08-20 20:30:56.718 +04:00 [INF] Futures order book WLDUSDT status changed: "Disconnected" => "Connecting"
2026-08-20 20:30:58.334 +04:00 [INF] [Sckt 4] subscription 16 completed successfully
2026-08-20 20:30:58.336 +04:00 [INF] Futures order book WLDUSDT status changed: "Connecting" => "Syncing"
2026-08-20 20:30:58.392 +04:00 [INF] Futures order book WLDUSDT status changed: "Syncing" => "Synced"
2026-08-20 20:30:58.393 +04:00 [INF] Futures book Bitget:WLDUSDT "Synced"
2026-08-20 20:30:58.410 +04:00 [INF] PerpetualFutures order book WLD_USDT status changed: "Disconnected" => "Connecting"
2026-08-20 20:31:00.154 +04:00 [INF] [Sckt 5] subscription 18 completed successfully
2026-08-20 20:31:00.156 +04:00 [INF] PerpetualFutures order book WLD_USDT status changed: "Connecting" => "Syncing"
2026-08-20 20:31:00.157 +04:00 [INF] PerpetualFutures order book WLD_USDT status changed: "Syncing" => "Synced"
2026-08-20 20:31:00.158 +04:00 [INF] Futures book GateIo:WLDUSDT "Synced"
2026-08-20 20:31:00.160 +04:00 [INF] UsdFutures order book ENAUSDT status changed: "Disconnected" => "Connecting"
2026-08-20 20:31:00.491 +04:00 [INF] [Sckt 1] subscription 21 completed successfully
2026-08-20 20:31:00.493 +04:00 [INF] UsdFutures order book ENAUSDT status changed: "Connecting" => "Syncing"
2026-08-20 20:31:00.891 +04:00 [INF] UsdFutures order book ENAUSDT status changed: "Syncing" => "Synced"
2026-08-20 20:31:00.892 +04:00 [INF] Futures book Binance:ENAUSDT "Synced"
2026-08-20 20:31:00.893 +04:00 [INF] V5 order book ENAUSDT status changed: "Disconnected" => "Connecting"
2026-08-20 20:31:01.094 +04:00 [INF] [Sckt 2] subscription 25 completed successfully
2026-08-20 20:31:01.097 +04:00 [INF] V5 order book ENAUSDT status changed: "Connecting" => "Syncing"
2026-08-20 20:31:01.098 +04:00 [INF] V5 order book ENAUSDT status changed: "Syncing" => "Synced"
2026-08-20 20:31:01.106 +04:00 [INF] Futures book Bybit:ENAUSDT "Synced"
2026-08-20 20:31:01.108 +04:00 [INF] Unified order book ENA-USDT-SWAP status changed: "Disconnected" => "Connecting"
2026-08-20 20:31:01.432 +04:00 [INF] [Sckt 3] subscription 28 completed successfully
2026-08-20 20:31:01.433 +04:00 [INF] Unified order book ENA-USDT-SWAP status changed: "Connecting" => "Syncing"
2026-08-20 20:31:01.496 +04:00 [INF] Unified order book ENA-USDT-SWAP status changed: "Syncing" => "Synced"
2026-08-20 20:31:01.500 +04:00 [INF] Futures book OKX:ENAUSDT "Synced"
2026-08-20 20:31:01.501 +04:00 [INF] Futures order book ENAUSDT status changed: "Disconnected" => "Connecting"
2026-08-20 20:31:01.784 +04:00 [INF] [Sckt 4] subscription 30 completed successfully
2026-08-20 20:31:01.785 +04:00 [INF] Futures order book ENAUSDT status changed: "Connecting" => "Syncing"
2026-08-20 20:31:01.786 +04:00 [INF] Futures order book ENAUSDT status changed: "Syncing" => "Synced"
2026-08-20 20:31:01.787 +04:00 [INF] Futures book Bitget:ENAUSDT "Synced"
2026-08-20 20:31:01.789 +04:00 [INF] PerpetualFutures order book ENA_USDT status changed: "Disconnected" => "Connecting"
2026-08-20 20:31:02.118 +04:00 [INF] [Sckt 5] subscription 32 completed successfully
2026-08-20 20:31:02.120 +04:00 [INF] PerpetualFutures order book ENA_USDT status changed: "Connecting" => "Syncing"
2026-08-20 20:31:02.121 +04:00 [INF] PerpetualFutures order book ENA_USDT status changed: "Syncing" => "Synced"
2026-08-20 20:31:02.122 +04:00 [INF] Futures book GateIo:ENAUSDT "Synced"
2026-08-20 20:31:02.123 +04:00 [INF] UsdFutures order book SUIUSDT status changed: "Disconnected" => "Connecting"
2026-08-20 20:31:02.492 +04:00 [INF] [Sckt 1] subscription 35 completed successfully
2026-08-20 20:31:02.494 +04:00 [INF] UsdFutures order book SUIUSDT status changed: "Connecting" => "Syncing"
2026-08-20 20:31:02.888 +04:00 [INF] UsdFutures order book SUIUSDT status changed: "Syncing" => "Synced"
2026-08-20 20:31:02.890 +04:00 [INF] Futures book Binance:SUIUSDT "Synced"
2026-08-20 20:31:02.890 +04:00 [INF] V5 order book SUIUSDT status changed: "Disconnected" => "Connecting"
2026-08-20 20:31:03.090 +04:00 [INF] [Sckt 2] subscription 39 completed successfully
2026-08-20 20:31:03.092 +04:00 [INF] V5 order book SUIUSDT status changed: "Connecting" => "Syncing"
2026-08-20 20:31:03.093 +04:00 [INF] V5 order book SUIUSDT status changed: "Syncing" => "Synced"
2026-08-20 20:31:03.094 +04:00 [INF] Futures book Bybit:SUIUSDT "Synced"
2026-08-20 20:31:03.095 +04:00 [INF] Unified order book SUI-USDT-SWAP status changed: "Disconnected" => "Connecting"
2026-08-20 20:31:03.418 +04:00 [INF] [Sckt 3] subscription 42 completed successfully
2026-08-20 20:31:03.420 +04:00 [INF] Unified order book SUI-USDT-SWAP status changed: "Connecting" => "Syncing"
2026-08-20 20:31:03.599 +04:00 [INF] Unified order book SUI-USDT-SWAP status changed: "Syncing" => "Synced"
2026-08-20 20:31:03.601 +04:00 [INF] Futures book OKX:SUIUSDT "Synced"
2026-08-20 20:31:03.602 +04:00 [INF] Futures order book SUIUSDT status changed: "Disconnected" => "Connecting"
2026-08-20 20:31:03.932 +04:00 [INF] [Sckt 4] subscription 44 completed successfully
2026-08-20 20:31:03.934 +04:00 [INF] Futures order book SUIUSDT status changed: "Connecting" => "Syncing"
2026-08-20 20:31:03.934 +04:00 [INF] Futures order book SUIUSDT status changed: "Syncing" => "Synced"
2026-08-20 20:31:03.936 +04:00 [INF] Futures book Bitget:SUIUSDT "Synced"
2026-08-20 20:31:03.937 +04:00 [INF] PerpetualFutures order book SUI_USDT status changed: "Disconnected" => "Connecting"
2026-08-20 20:31:04.266 +04:00 [INF] [Sckt 5] subscription 46 completed successfully
2026-08-20 20:31:04.268 +04:00 [INF] PerpetualFutures order book SUI_USDT status changed: "Connecting" => "Syncing"
2026-08-20 20:31:04.269 +04:00 [INF] PerpetualFutures order book SUI_USDT status changed: "Syncing" => "Synced"
2026-08-20 20:31:04.270 +04:00 [INF] Futures book GateIo:SUIUSDT "Synced"
2026-08-20 20:31:04.271 +04:00 [INF] UsdFutures order book ZECUSDT status changed: "Disconnected" => "Connecting"
2026-08-20 20:31:04.597 +04:00 [INF] [Sckt 1] subscription 49 completed successfully
2026-08-20 20:31:04.599 +04:00 [INF] UsdFutures order book ZECUSDT status changed: "Connecting" => "Syncing"
2026-08-20 20:31:04.987 +04:00 [INF] UsdFutures order book ZECUSDT status changed: "Syncing" => "Synced"
2026-08-20 20:31:04.988 +04:00 [INF] Futures book Binance:ZECUSDT "Synced"
2026-08-20 20:31:04.989 +04:00 [INF] V5 order book ZECUSDT status changed: "Disconnected" => "Connecting"
2026-08-20 20:31:05.218 +04:00 [INF] [Sckt 2] subscription 53 completed successfully
2026-08-20 20:31:05.219 +04:00 [INF] V5 order book ZECUSDT status changed: "Connecting" => "Syncing"
2026-08-20 20:31:05.220 +04:00 [INF] V5 order book ZECUSDT status changed: "Syncing" => "Synced"
2026-08-20 20:31:05.221 +04:00 [INF] Futures book Bybit:ZECUSDT "Synced"
2026-08-20 20:31:05.222 +04:00 [INF] Unified order book ZEC-USDT-SWAP status changed: "Disconnected" => "Connecting"
2026-08-20 20:31:05.544 +04:00 [INF] [Sckt 3] subscription 56 completed successfully
2026-08-20 20:31:05.545 +04:00 [INF] Unified order book ZEC-USDT-SWAP status changed: "Connecting" => "Syncing"
2026-08-20 20:31:05.659 +04:00 [INF] Unified order book ZEC-USDT-SWAP status changed: "Syncing" => "Synced"
2026-08-20 20:31:05.661 +04:00 [INF] Futures book OKX:ZECUSDT "Synced"
2026-08-20 20:31:05.662 +04:00 [INF] Futures order book ZECUSDT status changed: "Disconnected" => "Connecting"
2026-08-20 20:31:05.942 +04:00 [INF] [Sckt 4] subscription 58 completed successfully
2026-08-20 20:31:05.943 +04:00 [INF] Futures order book ZECUSDT status changed: "Connecting" => "Syncing"
2026-08-20 20:31:05.944 +04:00 [INF] Futures order book ZECUSDT status changed: "Syncing" => "Synced"
2026-08-20 20:31:05.945 +04:00 [INF] Futures book Bitget:ZECUSDT "Synced"
2026-08-20 20:31:05.946 +04:00 [INF] PerpetualFutures order book ZEC_USDT status changed: "Disconnected" => "Connecting"
2026-08-20 20:31:06.275 +04:00 [INF] [Sckt 5] subscription 60 completed successfully
2026-08-20 20:31:06.276 +04:00 [INF] PerpetualFutures order book ZEC_USDT status changed: "Connecting" => "Syncing"
2026-08-20 20:31:06.277 +04:00 [INF] PerpetualFutures order book ZEC_USDT status changed: "Syncing" => "Synced"
2026-08-20 20:31:06.278 +04:00 [INF] Futures book GateIo:ZECUSDT "Synced"
2026-08-20 20:31:06.280 +04:00 [INF] UsdFutures order book REUSDT status changed: "Disconnected" => "Connecting"
2026-08-20 20:31:06.698 +04:00 [INF] [Sckt 1] subscription 64 completed successfully
2026-08-20 20:31:06.700 +04:00 [INF] UsdFutures order book REUSDT status changed: "Connecting" => "Syncing"
2026-08-20 20:31:07.137 +04:00 [INF] UsdFutures order book REUSDT status changed: "Syncing" => "Synced"
2026-08-20 20:31:07.139 +04:00 [INF] Futures book Binance:REUSDT "Synced"
2026-08-20 20:31:07.140 +04:00 [INF] V5 order book REUSDT status changed: "Disconnected" => "Connecting"
2026-08-20 20:31:07.342 +04:00 [INF] [Sckt 2] subscription 68 completed successfully
2026-08-20 20:31:07.344 +04:00 [INF] V5 order book REUSDT status changed: "Connecting" => "Syncing"
2026-08-20 20:31:07.345 +04:00 [INF] V5 order book REUSDT status changed: "Syncing" => "Synced"
2026-08-20 20:31:07.345 +04:00 [INF] Futures book Bybit:REUSDT "Synced"
2026-08-20 20:31:07.346 +04:00 [INF] Unified order book RE-USDT-SWAP status changed: "Disconnected" => "Connecting"
2026-08-20 20:31:07.671 +04:00 [INF] [Sckt 3] subscription 71 completed successfully
2026-08-20 20:31:07.673 +04:00 [INF] Unified order book RE-USDT-SWAP status changed: "Connecting" => "Syncing"
2026-08-20 20:31:07.853 +04:00 [INF] Unified order book RE-USDT-SWAP status changed: "Syncing" => "Synced"
2026-08-20 20:31:07.855 +04:00 [INF] Futures book OKX:REUSDT "Synced"
2026-08-20 20:31:07.856 +04:00 [INF] Futures order book REUSDT status changed: "Disconnected" => "Connecting"
2026-08-20 20:31:08.164 +04:00 [INF] [Sckt 4] subscription 73 completed successfully
2026-08-20 20:31:08.166 +04:00 [INF] Futures order book REUSDT status changed: "Connecting" => "Syncing"
2026-08-20 20:31:08.166 +04:00 [INF] Futures order book REUSDT status changed: "Syncing" => "Synced"
2026-08-20 20:31:08.168 +04:00 [INF] Futures book Bitget:REUSDT "Synced"
2026-08-20 20:31:08.169 +04:00 [INF] PerpetualFutures order book RE_USDT status changed: "Disconnected" => "Connecting"
2026-08-20 20:31:08.497 +04:00 [INF] [Sckt 5] subscription 75 completed successfully
2026-08-20 20:31:08.499 +04:00 [INF] PerpetualFutures order book RE_USDT status changed: "Connecting" => "Syncing"
2026-08-20 20:31:08.500 +04:00 [INF] PerpetualFutures order book RE_USDT status changed: "Syncing" => "Synced"
2026-08-20 20:31:08.501 +04:00 [INF] Futures book GateIo:REUSDT "Synced"
2026-08-20 20:31:08.502 +04:00 [INF] UsdFutures order book XAUUSDT status changed: "Disconnected" => "Connecting"
2026-08-20 20:31:08.900 +04:00 [INF] [Sckt 1] subscription 78 completed successfully
2026-08-20 20:31:08.901 +04:00 [INF] UsdFutures order book XAUUSDT status changed: "Connecting" => "Syncing"
2026-08-20 20:31:09.283 +04:00 [INF] UsdFutures order book XAUUSDT status changed: "Syncing" => "Synced"
2026-08-20 20:31:09.285 +04:00 [INF] Futures book Binance:XAUUSDT "Synced"
2026-08-20 20:31:09.286 +04:00 [INF] V5 order book XAUUSDT status changed: "Disconnected" => "Connecting"
2026-08-20 20:31:09.491 +04:00 [INF] [Sckt 2] subscription 82 completed successfully
2026-08-20 20:31:09.492 +04:00 [INF] V5 order book XAUUSDT status changed: "Connecting" => "Syncing"
2026-08-20 20:31:09.493 +04:00 [INF] V5 order book XAUUSDT status changed: "Syncing" => "Synced"
2026-08-20 20:31:09.494 +04:00 [INF] Futures book Bybit:XAUUSDT "Synced"
2026-08-20 20:31:09.495 +04:00 [INF] Unified order book XAU-USDT-SWAP status changed: "Disconnected" => "Connecting"
2026-08-20 20:31:09.817 +04:00 [INF] [Sckt 3] subscription 85 completed successfully
2026-08-20 20:31:09.819 +04:00 [INF] Unified order book XAU-USDT-SWAP status changed: "Connecting" => "Syncing"
2026-08-20 20:31:09.875 +04:00 [INF] Unified order book XAU-USDT-SWAP status changed: "Syncing" => "Synced"
2026-08-20 20:31:09.876 +04:00 [INF] Futures book OKX:XAUUSDT "Synced"
2026-08-20 20:31:09.877 +04:00 [INF] Futures order book XAUUSDT status changed: "Disconnected" => "Connecting"
2026-08-20 20:31:10.180 +04:00 [INF] [Sckt 4] subscription 87 completed successfully
2026-08-20 20:31:10.182 +04:00 [INF] Futures order book XAUUSDT status changed: "Connecting" => "Syncing"
2026-08-20 20:31:10.184 +04:00 [INF] Futures order book XAUUSDT status changed: "Syncing" => "Synced"
2026-08-20 20:31:10.185 +04:00 [INF] Futures book Bitget:XAUUSDT "Synced"
2026-08-20 20:31:10.186 +04:00 [INF] PerpetualFutures order book XAU_USDT status changed: "Disconnected" => "Connecting"
2026-08-20 20:31:10.518 +04:00 [INF] [Sckt 5] subscription 89 completed successfully
2026-08-20 20:31:10.520 +04:00 [INF] PerpetualFutures order book XAU_USDT status changed: "Connecting" => "Syncing"
2026-08-20 20:31:10.521 +04:00 [INF] PerpetualFutures order book XAU_USDT status changed: "Syncing" => "Synced"
2026-08-20 20:31:10.522 +04:00 [INF] Futures book GateIo:XAUUSDT "Synced"
2026-08-20 20:31:10.523 +04:00 [INF] UsdFutures order book ADAUSDT status changed: "Disconnected" => "Connecting"
2026-08-20 20:31:10.901 +04:00 [INF] [Sckt 1] subscription 92 completed successfully
2026-08-20 20:31:10.902 +04:00 [INF] UsdFutures order book ADAUSDT status changed: "Connecting" => "Syncing"
2026-08-20 20:31:11.289 +04:00 [INF] UsdFutures order book ADAUSDT status changed: "Syncing" => "Synced"
2026-08-20 20:31:11.290 +04:00 [INF] Futures book Binance:ADAUSDT "Synced"
2026-08-20 20:31:11.291 +04:00 [INF] V5 order book ADAUSDT status changed: "Disconnected" => "Connecting"
2026-08-20 20:31:11.491 +04:00 [INF] [Sckt 2] subscription 96 completed successfully
2026-08-20 20:31:11.492 +04:00 [INF] V5 order book ADAUSDT status changed: "Connecting" => "Syncing"
2026-08-20 20:31:11.494 +04:00 [INF] V5 order book ADAUSDT status changed: "Syncing" => "Synced"
2026-08-20 20:31:11.495 +04:00 [INF] Futures book Bybit:ADAUSDT "Synced"
2026-08-20 20:31:11.496 +04:00 [INF] Unified order book ADA-USDT-SWAP status changed: "Disconnected" => "Connecting"
2026-08-20 20:31:11.822 +04:00 [INF] [Sckt 3] subscription 99 completed successfully
2026-08-20 20:31:11.823 +04:00 [INF] Unified order book ADA-USDT-SWAP status changed: "Connecting" => "Syncing"
2026-08-20 20:31:12.252 +04:00 [INF] Unified order book ADA-USDT-SWAP status changed: "Syncing" => "Synced"
2026-08-20 20:31:12.253 +04:00 [INF] Futures book OKX:ADAUSDT "Synced"
2026-08-20 20:31:12.254 +04:00 [INF] Futures order book ADAUSDT status changed: "Disconnected" => "Connecting"
2026-08-20 20:31:12.523 +04:00 [INF] [Sckt 4] subscription 101 completed successfully
2026-08-20 20:31:12.524 +04:00 [INF] Futures order book ADAUSDT status changed: "Connecting" => "Syncing"
2026-08-20 20:31:12.525 +04:00 [INF] Futures order book ADAUSDT status changed: "Syncing" => "Synced"
2026-08-20 20:31:12.525 +04:00 [INF] Futures book Bitget:ADAUSDT "Synced"
2026-08-20 20:31:12.526 +04:00 [INF] PerpetualFutures order book ADA_USDT status changed: "Disconnected" => "Connecting"
2026-08-20 20:31:12.854 +04:00 [INF] [Sckt 5] subscription 103 completed successfully
2026-08-20 20:31:12.856 +04:00 [INF] PerpetualFutures order book ADA_USDT status changed: "Connecting" => "Syncing"
2026-08-20 20:31:12.857 +04:00 [INF] PerpetualFutures order book ADA_USDT status changed: "Syncing" => "Synced"
2026-08-20 20:31:12.857 +04:00 [INF] Futures book GateIo:ADAUSDT "Synced"
2026-08-20 20:31:12.859 +04:00 [INF] UsdFutures order book SOXLUSDT status changed: "Disconnected" => "Connecting"
2026-08-20 20:31:13.206 +04:00 [INF] [Sckt 1] subscription 106 completed successfully
2026-08-20 20:31:13.207 +04:00 [INF] UsdFutures order book SOXLUSDT status changed: "Connecting" => "Syncing"
2026-08-20 20:31:13.608 +04:00 [INF] UsdFutures order book SOXLUSDT status changed: "Syncing" => "Synced"
2026-08-20 20:31:13.610 +04:00 [INF] Futures book Binance:SOXLUSDT "Synced"
2026-08-20 20:31:13.611 +04:00 [INF] V5 order book SOXLUSDT status changed: "Disconnected" => "Connecting"
2026-08-20 20:31:13.814 +04:00 [INF] [Sckt 2] subscription 110 completed successfully
2026-08-20 20:31:13.817 +04:00 [INF] V5 order book SOXLUSDT status changed: "Connecting" => "Syncing"
2026-08-20 20:31:13.819 +04:00 [INF] V5 order book SOXLUSDT status changed: "Syncing" => "Synced"
2026-08-20 20:31:13.820 +04:00 [INF] Futures book Bybit:SOXLUSDT "Synced"
2026-08-20 20:31:13.821 +04:00 [INF] Unified order book SOXL-USDT-SWAP status changed: "Disconnected" => "Connecting"
2026-08-20 20:31:14.143 +04:00 [INF] [Sckt 3] subscription 113 completed successfully
2026-08-20 20:31:14.145 +04:00 [INF] Unified order book SOXL-USDT-SWAP status changed: "Connecting" => "Syncing"
2026-08-20 20:31:14.389 +04:00 [INF] Unified order book SOXL-USDT-SWAP status changed: "Syncing" => "Synced"
2026-08-20 20:31:14.390 +04:00 [INF] Futures book OKX:SOXLUSDT "Synced"
2026-08-20 20:31:14.391 +04:00 [INF] Futures order book SOXLUSDT status changed: "Disconnected" => "Connecting"
2026-08-20 20:31:14.664 +04:00 [INF] [Sckt 4] subscription 117 completed successfully
2026-08-20 20:31:14.666 +04:00 [INF] Futures order book SOXLUSDT status changed: "Connecting" => "Syncing"
2026-08-20 20:31:14.667 +04:00 [INF] Futures order book SOXLUSDT status changed: "Syncing" => "Synced"
2026-08-20 20:31:14.667 +04:00 [INF] Futures book Bitget:SOXLUSDT "Synced"
2026-08-20 20:31:14.668 +04:00 [INF] PerpetualFutures order book SOXL_USDT status changed: "Disconnected" => "Connecting"
2026-08-20 20:31:14.997 +04:00 [INF] [Sckt 5] subscription 119 completed successfully
2026-08-20 20:31:14.999 +04:00 [INF] PerpetualFutures order book SOXL_USDT status changed: "Connecting" => "Syncing"
2026-08-20 20:31:15.001 +04:00 [INF] PerpetualFutures order book SOXL_USDT status changed: "Syncing" => "Synced"
2026-08-20 20:31:15.002 +04:00 [INF] Futures book GateIo:SOXLUSDT "Synced"
2026-08-20 20:31:15.002 +04:00 [INF] UsdFutures order book TRUMPUSDT status changed: "Disconnected" => "Connecting"
2026-08-20 20:31:15.407 +04:00 [INF] [Sckt 1] subscription 122 completed successfully
2026-08-20 20:31:15.409 +04:00 [INF] UsdFutures order book TRUMPUSDT status changed: "Connecting" => "Syncing"
2026-08-20 20:31:15.963 +04:00 [INF] UsdFutures order book TRUMPUSDT status changed: "Syncing" => "Synced"
2026-08-20 20:31:15.965 +04:00 [INF] Futures book Binance:TRUMPUSDT "Synced"
2026-08-20 20:31:15.965 +04:00 [INF] V5 order book TRUMPUSDT status changed: "Disconnected" => "Connecting"
2026-08-20 20:31:16.169 +04:00 [INF] [Sckt 2] subscription 127 completed successfully
2026-08-20 20:31:16.171 +04:00 [INF] V5 order book TRUMPUSDT status changed: "Connecting" => "Syncing"
2026-08-20 20:31:16.172 +04:00 [INF] V5 order book TRUMPUSDT status changed: "Syncing" => "Synced"
2026-08-20 20:31:16.173 +04:00 [INF] Futures book Bybit:TRUMPUSDT "Synced"
2026-08-20 20:31:16.174 +04:00 [INF] Unified order book TRUMP-USDT-SWAP status changed: "Disconnected" => "Connecting"
2026-08-20 20:31:16.496 +04:00 [INF] [Sckt 3] subscription 130 completed successfully
2026-08-20 20:31:16.497 +04:00 [INF] Unified order book TRUMP-USDT-SWAP status changed: "Connecting" => "Syncing"
2026-08-20 20:31:16.807 +04:00 [INF] Unified order book TRUMP-USDT-SWAP status changed: "Syncing" => "Synced"
2026-08-20 20:31:16.809 +04:00 [INF] Futures book OKX:TRUMPUSDT "Synced"
2026-08-20 20:31:16.811 +04:00 [INF] Futures order book TRUMPUSDT status changed: "Disconnected" => "Connecting"
2026-08-20 20:31:17.091 +04:00 [INF] [Sckt 4] subscription 132 completed successfully
2026-08-20 20:31:17.093 +04:00 [INF] Futures order book TRUMPUSDT status changed: "Connecting" => "Syncing"
2026-08-20 20:31:17.094 +04:00 [INF] Futures order book TRUMPUSDT status changed: "Syncing" => "Synced"
2026-08-20 20:31:17.095 +04:00 [INF] Futures book Bitget:TRUMPUSDT "Synced"
2026-08-20 20:31:17.096 +04:00 [INF] PerpetualFutures order book TRUMP_USDT status changed: "Disconnected" => "Connecting"
2026-08-20 20:31:17.424 +04:00 [INF] [Sckt 5] subscription 134 completed successfully
2026-08-20 20:31:17.425 +04:00 [INF] PerpetualFutures order book TRUMP_USDT status changed: "Connecting" => "Syncing"
2026-08-20 20:31:17.426 +04:00 [INF] PerpetualFutures order book TRUMP_USDT status changed: "Syncing" => "Synced"
2026-08-20 20:31:17.427 +04:00 [INF] Futures book GateIo:TRUMPUSDT "Synced"
2026-08-20 20:31:17.430 +04:00 [INF] UsdFutures order book ARBUSDT status changed: "Disconnected" => "Connecting"
2026-08-20 20:31:17.946 +04:00 [INF] [Sckt 1] subscription 137 completed successfully
2026-08-20 20:31:17.949 +04:00 [INF] UsdFutures order book ARBUSDT status changed: "Connecting" => "Syncing"
2026-08-20 20:31:18.376 +04:00 [INF] UsdFutures order book ARBUSDT status changed: "Syncing" => "Synced"
2026-08-20 20:31:18.379 +04:00 [INF] Futures book Binance:ARBUSDT "Synced"
2026-08-20 20:31:18.380 +04:00 [INF] V5 order book ARBUSDT status changed: "Disconnected" => "Connecting"
2026-08-20 20:31:18.582 +04:00 [INF] [Sckt 2] subscription 141 completed successfully
2026-08-20 20:31:18.583 +04:00 [INF] V5 order book ARBUSDT status changed: "Connecting" => "Syncing"
2026-08-20 20:31:18.584 +04:00 [INF] V5 order book ARBUSDT status changed: "Syncing" => "Synced"
2026-08-20 20:31:18.585 +04:00 [INF] Futures book Bybit:ARBUSDT "Synced"
2026-08-20 20:31:18.586 +04:00 [INF] Unified order book ARB-USDT-SWAP status changed: "Disconnected" => "Connecting"
2026-08-20 20:31:18.910 +04:00 [INF] [Sckt 3] subscription 144 completed successfully
2026-08-20 20:31:18.912 +04:00 [INF] Unified order book ARB-USDT-SWAP status changed: "Connecting" => "Syncing"
2026-08-20 20:31:19.213 +04:00 [INF] Unified order book ARB-USDT-SWAP status changed: "Syncing" => "Synced"
2026-08-20 20:31:19.215 +04:00 [INF] Futures book OKX:ARBUSDT "Synced"
2026-08-20 20:31:19.216 +04:00 [INF] Futures order book ARBUSDT status changed: "Disconnected" => "Connecting"
2026-08-20 20:31:19.499 +04:00 [INF] [Sckt 4] subscription 146 completed successfully
2026-08-20 20:31:19.501 +04:00 [INF] Futures order book ARBUSDT status changed: "Connecting" => "Syncing"
2026-08-20 20:31:19.502 +04:00 [INF] Futures order book ARBUSDT status changed: "Syncing" => "Synced"
2026-08-20 20:31:19.503 +04:00 [INF] Futures book Bitget:ARBUSDT "Synced"
2026-08-20 20:31:19.504 +04:00 [INF] PerpetualFutures order book ARB_USDT status changed: "Disconnected" => "Connecting"
2026-08-20 20:31:19.832 +04:00 [INF] [Sckt 5] subscription 148 completed successfully
2026-08-20 20:31:19.833 +04:00 [INF] PerpetualFutures order book ARB_USDT status changed: "Connecting" => "Syncing"
2026-08-20 20:31:19.834 +04:00 [INF] PerpetualFutures order book ARB_USDT status changed: "Syncing" => "Synced"
2026-08-20 20:31:19.835 +04:00 [INF] Futures book GateIo:ARBUSDT "Synced"
2026-08-20 20:31:19.836 +04:00 [INF] UsdFutures order book SNDKUSDT status changed: "Disconnected" => "Connecting"
2026-08-20 20:31:21.558 +04:00 [INF] [Sckt 6] subscription 151 completed successfully
2026-08-20 20:31:21.560 +04:00 [INF] UsdFutures order book SNDKUSDT status changed: "Connecting" => "Syncing"
2026-08-20 20:31:21.956 +04:00 [INF] UsdFutures order book SNDKUSDT status changed: "Syncing" => "Synced"
2026-08-20 20:31:21.957 +04:00 [INF] Futures book Binance:SNDKUSDT "Synced"
2026-08-20 20:31:21.958 +04:00 [INF] V5 order book SNDKUSDT status changed: "Disconnected" => "Connecting"
2026-08-20 20:31:22.767 +04:00 [INF] [Sckt 7] subscription 155 completed successfully
2026-08-20 20:31:22.768 +04:00 [INF] V5 order book SNDKUSDT status changed: "Connecting" => "Syncing"
2026-08-20 20:31:22.770 +04:00 [INF] V5 order book SNDKUSDT status changed: "Syncing" => "Synced"
2026-08-20 20:31:22.771 +04:00 [INF] Futures book Bybit:SNDKUSDT "Synced"
2026-08-20 20:31:22.772 +04:00 [INF] Unified order book SNDK-USDT-SWAP status changed: "Disconnected" => "Connecting"
2026-08-20 20:31:24.060 +04:00 [INF] [Sckt 8] subscription 158 completed successfully
2026-08-20 20:31:24.061 +04:00 [INF] Unified order book SNDK-USDT-SWAP status changed: "Connecting" => "Syncing"
2026-08-20 20:31:24.606 +04:00 [INF] Unified order book SNDK-USDT-SWAP status changed: "Syncing" => "Synced"
2026-08-20 20:31:24.607 +04:00 [INF] Futures book OKX:SNDKUSDT "Synced"
2026-08-20 20:31:24.608 +04:00 [INF] Futures order book SNDKUSDT status changed: "Disconnected" => "Connecting"
2026-08-20 20:31:25.735 +04:00 [INF] [Sckt 9] subscription 160 completed successfully
2026-08-20 20:31:25.737 +04:00 [INF] Futures order book SNDKUSDT status changed: "Connecting" => "Syncing"
2026-08-20 20:31:25.738 +04:00 [INF] Futures order book SNDKUSDT status changed: "Syncing" => "Synced"
2026-08-20 20:31:25.739 +04:00 [INF] Futures book Bitget:SNDKUSDT "Synced"
2026-08-20 20:31:25.741 +04:00 [INF] PerpetualFutures order book SNDK_USDT status changed: "Disconnected" => "Connecting"
2026-08-20 20:31:27.363 +04:00 [INF] [Sckt 10] subscription 162 completed successfully
2026-08-20 20:31:27.364 +04:00 [INF] PerpetualFutures order book SNDK_USDT status changed: "Connecting" => "Syncing"
2026-08-20 20:31:27.366 +04:00 [INF] PerpetualFutures order book SNDK_USDT status changed: "Syncing" => "Synced"
2026-08-20 20:31:27.366 +04:00 [INF] Futures book GateIo:SNDKUSDT "Synced"
2026-08-20 20:31:27.367 +04:00 [INF] UsdFutures order book BEATUSDT status changed: "Disconnected" => "Connecting"
2026-08-20 20:31:27.846 +04:00 [INF] [Sckt 6] subscription 166 completed successfully
2026-08-20 20:31:27.847 +04:00 [INF] UsdFutures order book BEATUSDT status changed: "Connecting" => "Syncing"
2026-08-20 20:31:28.296 +04:00 [INF] UsdFutures order book BEATUSDT status changed: "Syncing" => "Synced"
2026-08-20 20:31:28.298 +04:00 [INF] Futures book Binance:BEATUSDT "Synced"
2026-08-20 20:31:28.299 +04:00 [INF] V5 order book BEATUSDT status changed: "Disconnected" => "Connecting"
2026-08-20 20:31:28.500 +04:00 [INF] [Sckt 7] subscription 170 completed successfully
2026-08-20 20:31:28.501 +04:00 [INF] V5 order book BEATUSDT status changed: "Connecting" => "Syncing"
2026-08-20 20:31:28.502 +04:00 [INF] V5 order book BEATUSDT status changed: "Syncing" => "Synced"
2026-08-20 20:31:28.503 +04:00 [INF] Futures book Bybit:BEATUSDT "Synced"
2026-08-20 20:31:28.504 +04:00 [INF] Unified order book BEAT-USDT-SWAP status changed: "Disconnected" => "Connecting"
2026-08-20 20:31:28.820 +04:00 [INF] [Sckt 8] subscription 175 completed successfully
2026-08-20 20:31:28.821 +04:00 [INF] Unified order book BEAT-USDT-SWAP status changed: "Connecting" => "Syncing"
2026-08-20 20:31:29.069 +04:00 [INF] Unified order book BEAT-USDT-SWAP status changed: "Syncing" => "Synced"
2026-08-20 20:31:29.070 +04:00 [INF] Futures book OKX:BEATUSDT "Synced"
2026-08-20 20:31:29.071 +04:00 [INF] Futures order book BEATUSDT status changed: "Disconnected" => "Connecting"
2026-08-20 20:31:29.348 +04:00 [INF] [Sckt 9] subscription 177 completed successfully
2026-08-20 20:31:29.354 +04:00 [INF] Futures order book BEATUSDT status changed: "Connecting" => "Syncing"
2026-08-20 20:31:29.355 +04:00 [INF] Futures order book BEATUSDT status changed: "Syncing" => "Synced"
2026-08-20 20:31:29.356 +04:00 [INF] Futures book Bitget:BEATUSDT "Synced"
2026-08-20 20:31:29.357 +04:00 [INF] PerpetualFutures order book BEAT_USDT status changed: "Disconnected" => "Connecting"
2026-08-20 20:31:29.681 +04:00 [INF] [Sckt 10] subscription 179 completed successfully
2026-08-20 20:31:29.682 +04:00 [INF] PerpetualFutures order book BEAT_USDT status changed: "Connecting" => "Syncing"
2026-08-20 20:31:29.683 +04:00 [INF] PerpetualFutures order book BEAT_USDT status changed: "Syncing" => "Synced"
2026-08-20 20:31:29.684 +04:00 [INF] Futures book GateIo:BEATUSDT "Synced"
2026-08-20 20:31:29.687 +04:00 [INF] Exchange Binance: 12/12 streams live
2026-08-20 20:31:29.688 +04:00 [INF] Exchange Bybit: 12/12 streams live
2026-08-20 20:31:29.689 +04:00 [INF] Exchange OKX: 12/12 streams live
2026-08-20 20:31:29.690 +04:00 [INF] Exchange Bitget: 12/12 streams live
2026-08-20 20:31:29.691 +04:00 [INF] Exchange GateIo: 12/12 streams live
2026-08-20 20:31:29.693 +04:00 [INF] Futures books: Binance:SUIUSDT=Synced; Bitget:SOXLUSDT=Synced; Bybit:ADAUSDT=Synced; Bitget:TRUMPUSDT=Synced; Bitget:ARBUSDT=Synced; OKX:ARBUSDT=Synced; Bitget:ADAUSDT=Synced; OKX:SUIUSDT=Synced; OKX:SOXLUSDT=Synced; OKX:REUSDT=Synced; Binance:XAUUSDT=Synced; Binance:SOXLUSDT=Synced; GateIo:ADAUSDT=Synced; OKX:ENAUSDT=Synced; GateIo:ENAUSDT=Synced; Binance:WLDUSDT=Synced; Bybit:SUIUSDT=Synced; Binance:ADAUSDT=Synced; Bybit:ENAUSDT=Synced; Bitget:REUSDT=Synced; GateIo:ARBUSDT=Synced; Bybit:REUSDT=Synced; OKX:ZECUSDT=Synced; Bybit:SOXLUSDT=Synced; Bitget:SUIUSDT=Synced; Bybit:ZECUSDT=Synced; OKX:BEATUSDT=Synced; Binance:BEATUSDT=Synced; Bybit:ARBUSDT=Synced; Binance:ZECUSDT=Synced; Bybit:BEATUSDT=Synced; OKX:WLDUSDT=Synced; Bybit:XAUUSDT=Synced; GateIo:ZECUSDT=Synced; GateIo:WLDUSDT=Synced; GateIo:SOXLUSDT=Synced; Bitget:SNDKUSDT=Synced; Binance:ARBUSDT=Synced; Bitget:BEATUSDT=Synced; Bitget:XAUUSDT=Synced; Bybit:TRUMPUSDT=Synced; Bybit:SNDKUSDT=Synced; GateIo:XAUUSDT=Synced; GateIo:REUSDT=Synced; OKX:XAUUSDT=Synced; Bitget:WLDUSDT=Synced; Binance:REUSDT=Synced; GateIo:BEATUSDT=Synced; GateIo:SUIUSDT=Synced; Binance:TRUMPUSDT=Synced; GateIo:SNDKUSDT=Synced; OKX:ADAUSDT=Synced; Binance:SNDKUSDT=Synced; Bitget:ZECUSDT=Synced; Binance:ENAUSDT=Synced; OKX:SNDKUSDT=Synced; Bybit:WLDUSDT=Synced; Bitget:ENAUSDT=Synced; GateIo:TRUMPUSDT=Synced; OKX:TRUMPUSDT=Synced
2026-08-20 20:31:32.214 +04:00 [INF] Funding cache refresh for 12 symbols × 3 exchanges (TTL 45m)
2026-08-20 20:31:40.777 +04:00 [INF] Funding cache entries: 36
2026-08-20 20:32:02.822 +04:00 [INF] Futures scan: 2 candidate(s), best RT=-0.057% open=0.058%
2026-08-20 20:32:02.838 +04:00 [INF] FUT PAPER OPEN ZECUSDT L:Bitget S:Bybit qty=0.344430 lev=5x margin=40.00 edge=0.058%
2026-08-20 20:32:02.840 +04:00 [INF] Opened futures paper hedge: ZECUSDT: L Bitget@579.67 / S Bybit@580.67 | RT -0.057% fund 0.000% → -0.057%
2026-08-20 20:32:04.063 +04:00 [INF] Futures scan: 1 candidate(s), best RT=-0.045% open=0.060%
2026-08-20 20:32:04.066 +04:00 [INF] Paper skip ZECUSDT: Cooldown 6000ms open=0.060% RT=-0.045%
2026-08-20 20:32:16.278 +04:00 [INF] Futures scan: 1 candidate(s), best RT=-0.057% open=0.048%
2026-08-20 20:32:16.281 +04:00 [INF] Paper skip ZECUSDT: Already open on symbol open=0.048% RT=-0.057%
2026-08-20 20:32:19.945 +04:00 [INF] Futures scan: 2 candidate(s), best RT=-0.007% open=0.098%
2026-08-20 20:32:19.947 +04:00 [INF] Paper skip ZECUSDT: Already open on symbol open=0.098% RT=-0.007%
2026-08-20 20:32:19.948 +04:00 [INF] Paper skip ZECUSDT: Already open on symbol open=0.074% RT=-0.031%
2026-08-20 20:32:30.939 +04:00 [INF] Futures scan: 1 candidate(s), best RT=-0.072% open=0.033%
2026-08-20 20:32:30.941 +04:00 [INF] Paper skip ZECUSDT: Already open on symbol open=0.033% RT=-0.072%
2026-08-20 20:32:37.058 +04:00 [INF] FUT PAPER CLOSE ZECUSDT pnl=-0.0149 reason=converge lev=5x
2026-08-20 20:32:41.943 +04:00 [INF] Futures scan: 1 candidate(s), best RT=-0.061% open=0.044%
2026-08-20 20:32:41.949 +04:00 [INF] FUT PAPER OPEN ZECUSDT L:Binance S:Bybit qty=0.341740 lev=5x margin=40.00 edge=0.044%
2026-08-20 20:32:41.952 +04:00 [INF] Opened futures paper hedge: ZECUSDT: L Binance@584.37 / S Bybit@585.24 | RT -0.061% fund 0.009% → -0.053%
2026-08-20 20:34:47.732 +04:00 [INF] Futures scan: 2 candidate(s), best RT=-0.057% open=0.048%
2026-08-20 20:34:47.734 +04:00 [INF] Paper skip ZECUSDT: Already open on symbol open=0.048% RT=-0.057%
2026-08-20 20:34:47.736 +04:00 [INF] Paper skip ZECUSDT: Already open on symbol open=0.030% RT=-0.075%
2026-08-20 20:35:02.403 +04:00 [INF] FUT PAPER CLOSE ZECUSDT pnl=0.0708 reason=converge lev=5x
2026-08-20 20:35:26.866 +04:00 [INF] Futures scan: 1 candidate(s), best RT=-0.064% open=0.041%
2026-08-20 20:35:26.873 +04:00 [INF] FUT PAPER OPEN ZECUSDT L:Binance S:Bybit qty=0.342202 lev=5x margin=40.00 edge=0.041%
2026-08-20 20:35:26.875 +04:00 [INF] Opened futures paper hedge: ZECUSDT: L Binance@583.60 / S Bybit@584.45 | RT -0.064% fund 0.009% → -0.056%
2026-08-20 20:35:28.101 +04:00 [INF] Futures scan: 1 candidate(s), best RT=-0.066% open=0.039%
2026-08-20 20:35:28.103 +04:00 [INF] Paper skip ZECUSDT: Cooldown 6000ms open=0.039% RT=-0.066%
2026-08-20 20:36:24.388 +04:00 [INF] Futures scan: 1 candidate(s), best RT=-0.073% open=0.032%
2026-08-20 20:36:24.389 +04:00 [INF] Paper skip ZECUSDT: Already open on symbol open=0.032% RT=-0.073%
2026-08-20 20:36:25.617 +04:00 [INF] Futures scan: 1 candidate(s), best RT=-0.071% open=0.034%
2026-08-20 20:36:25.619 +04:00 [INF] Paper skip ZECUSDT: Already open on symbol open=0.034% RT=-0.071%
2026-08-20 20:36:28.067 +04:00 [INF] Futures scan: 1 candidate(s), best RT=-0.073% open=0.032%
2026-08-20 20:36:28.068 +04:00 [INF] Paper skip ZECUSDT: Already open on symbol open=0.032% RT=-0.073%
2026-08-20 20:36:32.958 +04:00 [INF] Futures scan: 1 candidate(s), best RT=-0.072% open=0.033%
2026-08-20 20:36:32.960 +04:00 [INF] Paper skip ZECUSDT: Already open on symbol open=0.033% RT=-0.072%
2026-08-20 20:36:58.654 +04:00 [INF] Futures scan: 1 candidate(s), best RT=-0.074% open=0.031%
2026-08-20 20:36:58.657 +04:00 [INF] Paper skip ZECUSDT: Already open on symbol open=0.031% RT=-0.074%
2026-08-20 20:37:09.659 +04:00 [INF] Futures scan: 2 candidate(s), best RT=-0.013% open=0.092%
2026-08-20 20:37:09.661 +04:00 [INF] Paper skip ZECUSDT: Already open on symbol open=0.092% RT=-0.013%
2026-08-20 20:37:09.663 +04:00 [INF] Paper skip ZECUSDT: Already open on symbol open=0.081% RT=-0.024%
2026-08-20 20:37:10.888 +04:00 [INF] Futures scan: 2 candidate(s), best RT=-0.058% open=0.047%
2026-08-20 20:37:10.890 +04:00 [INF] Paper skip ZECUSDT: Already open on symbol open=0.047% RT=-0.058%
2026-08-20 20:37:10.891 +04:00 [INF] Paper skip ZECUSDT: Already open on symbol open=0.042% RT=-0.058%
2026-08-20 20:37:12.120 +04:00 [INF] FUT PAPER CLOSE ZECUSDT pnl=-0.0070 reason=converge lev=5x
2026-08-20 20:37:15.797 +04:00 [INF] Futures scan: 1 candidate(s), best RT=-0.050% open=0.055%
2026-08-20 20:37:15.801 +04:00 [INF] FUT PAPER OPEN ZECUSDT L:Binance S:Bybit qty=0.336927 lev=5x margin=40.00 edge=0.055%
2026-08-20 20:37:15.804 +04:00 [INF] Opened futures paper hedge: ZECUSDT: L Binance@592.65 / S Bybit@593.60 | RT -0.050% fund 0.009% → -0.041%
2026-08-20 20:37:17.036 +04:00 [INF] Futures scan: 3 candidate(s), best RT=-0.039% open=0.066%
2026-08-20 20:37:17.040 +04:00 [INF] Paper skip ZECUSDT: Cooldown 6000ms open=0.066% RT=-0.039%
2026-08-20 20:37:17.048 +04:00 [INF] Paper skip ZECUSDT: Cooldown 6000ms open=0.033% RT=-0.072%
2026-08-20 20:37:17.054 +04:00 [INF] Paper skip ZECUSDT: Cooldown 6000ms open=0.030% RT=-0.075%
2026-08-20 20:37:19.484 +04:00 [INF] Futures scan: 2 candidate(s), best RT=-0.021% open=0.084%
2026-08-20 20:37:19.486 +04:00 [INF] Paper skip ZECUSDT: Cooldown 6000ms open=0.084% RT=-0.021%
2026-08-20 20:37:19.488 +04:00 [INF] Paper skip ZECUSDT: Cooldown 6000ms open=0.033% RT=-0.072%
2026-08-20 20:37:29.289 +04:00 [INF] Futures scan: 1 candidate(s), best RT=0.007% open=0.112%
2026-08-20 20:37:29.291 +04:00 [INF] Paper skip ZECUSDT: Already open on symbol open=0.112% RT=0.007%
2026-08-20 20:37:32.965 +04:00 [INF] Futures scan: 1 candidate(s), best RT=-0.030% open=0.075%
2026-08-20 20:37:32.971 +04:00 [INF] FUT PAPER OPEN TRUMPUSDT L:Bybit S:Binance qty=120.048019 lev=5x margin=40.00 edge=0.075%
2026-08-20 20:37:32.972 +04:00 [INF] Opened futures paper hedge: TRUMPUSDT: L Bybit@1.66 / S Binance@1.67 | RT -0.030% fund 0.000% → -0.030%
2026-08-20 20:37:40.336 +04:00 [INF] Futures scan: 1 candidate(s), best RT=-0.033% open=0.072%
2026-08-20 20:37:40.339 +04:00 [INF] Paper skip ZECUSDT: Already open on symbol open=0.072% RT=-0.033%
2026-08-20 20:37:41.570 +04:00 [INF] Futures scan: 1 candidate(s), best RT=-0.072% open=0.033%
2026-08-20 20:37:41.571 +04:00 [INF] Paper skip ZECUSDT: Already open on symbol open=0.033% RT=-0.072%
2026-08-20 20:37:48.923 +04:00 [INF] Futures scan: 1 candidate(s), best RT=-0.074% open=0.031%
2026-08-20 20:37:48.925 +04:00 [INF] Paper skip ZECUSDT: Already open on symbol open=0.031% RT=-0.074%
2026-08-20 20:37:51.371 +04:00 [INF] Futures scan: 1 candidate(s), best RT=-0.053% open=0.052%
2026-08-20 20:37:51.375 +04:00 [INF] Paper skip ZECUSDT: Already open on symbol open=0.052% RT=-0.053%
2026-08-20 20:37:53.809 +04:00 [INF] Futures scan: 1 candidate(s), best RT=-0.074% open=0.031%
2026-08-20 20:37:53.811 +04:00 [INF] Paper skip ZECUSDT: Already open on symbol open=0.031% RT=-0.074%
2026-08-20 20:37:55.032 +04:00 [INF] Futures scan: 1 candidate(s), best RT=-0.069% open=0.036%
2026-08-20 20:37:55.034 +04:00 [INF] Paper skip ZECUSDT: Already open on symbol open=0.036% RT=-0.069%
2026-08-20 20:37:57.484 +04:00 [INF] Futures scan: 1 candidate(s), best RT=-0.062% open=0.043%
2026-08-20 20:37:57.487 +04:00 [INF] Paper skip ZECUSDT: Already open on symbol open=0.043% RT=-0.062%
2026-08-20 20:37:58.720 +04:00 [INF] Futures scan: 2 candidate(s), best RT=-0.032% open=0.073%
2026-08-20 20:37:58.722 +04:00 [INF] Paper skip ZECUSDT: Already open on symbol open=0.073% RT=-0.032%
2026-08-20 20:37:58.723 +04:00 [INF] Paper skip ZECUSDT: Already open on symbol open=0.050% RT=-0.055%
2026-08-20 20:38:07.304 +04:00 [INF] Futures scan: 1 candidate(s), best RT=-0.062% open=0.043%
2026-08-20 20:38:07.307 +04:00 [INF] Paper skip ZECUSDT: Already open on symbol open=0.043% RT=-0.062%
2026-08-20 20:38:08.541 +04:00 [INF] Futures scan: 1 candidate(s), best RT=-0.069% open=0.036%
2026-08-20 20:38:08.544 +04:00 [INF] Paper skip ZECUSDT: Already open on symbol open=0.036% RT=-0.069%
2026-08-20 20:38:17.120 +04:00 [INF] Futures scan: 1 candidate(s), best RT=-0.067% open=0.038%
2026-08-20 20:38:17.122 +04:00 [INF] Paper skip ZECUSDT: Already open on symbol open=0.038% RT=-0.067%
2026-08-20 20:38:19.563 +04:00 [INF] Futures scan: 1 candidate(s), best RT=-0.070% open=0.035%
2026-08-20 20:38:19.564 +04:00 [INF] Paper skip ZECUSDT: Already open on symbol open=0.035% RT=-0.070%
2026-08-20 20:38:20.788 +04:00 [INF] Futures scan: 1 candidate(s), best RT=-0.072% open=0.033%
2026-08-20 20:38:20.790 +04:00 [INF] Paper skip ZECUSDT: Already open on symbol open=0.033% RT=-0.072%
2026-08-20 20:38:24.463 +04:00 [INF] Futures scan: 1 candidate(s), best RT=-0.069% open=0.036%
2026-08-20 20:38:24.465 +04:00 [INF] Paper skip ZECUSDT: Already open on symbol open=0.036% RT=-0.069%
2026-08-20 20:38:34.288 +04:00 [INF] Futures scan: 1 candidate(s), best RT=-0.070% open=0.035%
2026-08-20 20:38:34.293 +04:00 [INF] Paper skip ZECUSDT: Already open on symbol open=0.035% RT=-0.070%
2026-08-20 20:38:37.965 +04:00 [INF] Futures scan: 1 candidate(s), best RT=-0.071% open=0.034%
2026-08-20 20:38:37.968 +04:00 [INF] Paper skip ZECUSDT: Already open on symbol open=0.034% RT=-0.071%
2026-08-20 20:39:01.194 +04:00 [INF] Futures scan: 1 candidate(s), best RT=-0.075% open=0.030%
2026-08-20 20:39:01.197 +04:00 [INF] Paper skip ZECUSDT: Already open on symbol open=0.030% RT=-0.075%
2026-08-20 20:39:10.976 +04:00 [INF] Futures scan: 1 candidate(s), best RT=-0.072% open=0.033%
2026-08-20 20:39:10.979 +04:00 [INF] Paper skip ZECUSDT: Already open on symbol open=0.033% RT=-0.072%
2026-08-20 20:39:34.217 +04:00 [INF] Futures scan: 1 candidate(s), best RT=-0.073% open=0.032%
2026-08-20 20:39:34.220 +04:00 [INF] Paper skip ZECUSDT: Already open on symbol open=0.032% RT=-0.073%
2026-08-20 20:39:35.450 +04:00 [INF] Futures scan: 1 candidate(s), best RT=-0.055% open=0.050%
2026-08-20 20:39:35.452 +04:00 [INF] Paper skip ZECUSDT: Already open on symbol open=0.050% RT=-0.055%
2026-08-20 20:39:58.710 +04:00 [INF] Futures scan: 1 candidate(s), best RT=-0.073% open=0.032%
2026-08-20 20:39:58.711 +04:00 [INF] Paper skip ZECUSDT: Already open on symbol open=0.032% RT=-0.073%
2026-08-20 20:40:01.155 +04:00 [INF] Futures scan: 1 candidate(s), best RT=-0.072% open=0.033%
2026-08-20 20:40:01.157 +04:00 [INF] Paper skip ZECUSDT: Already open on symbol open=0.033% RT=-0.072%
2026-08-20 20:40:10.961 +04:00 [INF] Futures scan: 1 candidate(s), best RT=-0.071% open=0.034%
2026-08-20 20:40:10.963 +04:00 [INF] Paper skip ZECUSDT: Already open on symbol open=0.034% RT=-0.071%
2026-08-20 20:40:14.638 +04:00 [INF] Futures scan: 1 candidate(s), best RT=-0.071% open=0.034%
2026-08-20 20:40:14.640 +04:00 [INF] Paper skip ZECUSDT: Already open on symbol open=0.034% RT=-0.071%
2026-08-20 20:40:23.211 +04:00 [INF] Futures scan: 1 candidate(s), best RT=-0.071% open=0.034%
2026-08-20 20:40:23.212 +04:00 [INF] Paper skip ZECUSDT: Already open on symbol open=0.034% RT=-0.071%
2026-08-20 20:40:24.440 +04:00 [INF] Futures scan: 1 candidate(s), best RT=-0.071% open=0.034%
2026-08-20 20:40:24.446 +04:00 [INF] Paper skip ZECUSDT: Already open on symbol open=0.034% RT=-0.071%
2026-08-20 20:40:25.677 +04:00 [INF] Futures scan: 1 candidate(s), best RT=-0.066% open=0.039%
2026-08-20 20:40:25.688 +04:00 [INF] Paper skip ZECUSDT: Already open on symbol open=0.039% RT=-0.066%
2026-08-20 20:40:44.038 +04:00 [INF] Futures scan: 1 candidate(s), best RT=-0.059% open=0.046%
2026-08-20 20:40:44.041 +04:00 [INF] Paper skip ZECUSDT: Already open on symbol open=0.046% RT=-0.059%
2026-08-20 20:40:45.277 +04:00 [INF] Futures scan: 1 candidate(s), best RT=-0.073% open=0.032%
2026-08-20 20:40:45.279 +04:00 [INF] Paper skip ZECUSDT: Already open on symbol open=0.032% RT=-0.073%
2026-08-20 20:40:48.950 +04:00 [INF] Futures scan: 1 candidate(s), best RT=-0.071% open=0.034%
2026-08-20 20:40:48.953 +04:00 [INF] Paper skip ZECUSDT: Already open on symbol open=0.034% RT=-0.071%
2026-08-20 20:40:50.188 +04:00 [INF] Futures scan: 1 candidate(s), best RT=-0.071% open=0.034%
2026-08-20 20:40:50.197 +04:00 [INF] Paper skip ZECUSDT: Already open on symbol open=0.034% RT=-0.071%
2026-08-20 20:40:53.860 +04:00 [INF] Futures scan: 1 candidate(s), best RT=-0.073% open=0.032%
2026-08-20 20:40:53.862 +04:00 [INF] Paper skip ZECUSDT: Already open on symbol open=0.032% RT=-0.073%
2026-08-20 20:41:02.429 +04:00 [INF] Futures scan: 1 candidate(s), best RT=-0.059% open=0.046%
2026-08-20 20:41:02.431 +04:00 [INF] Paper skip ZECUSDT: Already open on symbol open=0.046% RT=-0.059%
2026-08-20 20:41:03.659 +04:00 [INF] Futures scan: 1 candidate(s), best RT=-0.071% open=0.034%
2026-08-20 20:41:03.662 +04:00 [INF] Paper skip ZECUSDT: Already open on symbol open=0.034% RT=-0.071%
2026-08-20 20:41:06.108 +04:00 [INF] Futures scan: 1 candidate(s), best RT=-0.059% open=0.046%
2026-08-20 20:41:06.110 +04:00 [INF] Paper skip ZECUSDT: Already open on symbol open=0.046% RT=-0.059%
2026-08-20 20:41:07.341 +04:00 [INF] Futures scan: 1 candidate(s), best RT=-0.069% open=0.036%
2026-08-20 20:41:07.348 +04:00 [INF] Paper skip ZECUSDT: Already open on symbol open=0.036% RT=-0.069%
2026-08-20 20:41:13.471 +04:00 [INF] Futures scan: 1 candidate(s), best RT=-0.061% open=0.044%
2026-08-20 20:41:13.474 +04:00 [INF] Paper skip ZECUSDT: Already open on symbol open=0.044% RT=-0.061%
2026-08-20 20:41:14.699 +04:00 [INF] Futures scan: 1 candidate(s), best RT=-0.075% open=0.030%
2026-08-20 20:41:14.701 +04:00 [INF] Paper skip ZECUSDT: Already open on symbol open=0.030% RT=-0.075%
2026-08-20 20:41:18.376 +04:00 [INF] Futures scan: 1 candidate(s), best RT=-0.066% open=0.039%
2026-08-20 20:41:18.378 +04:00 [INF] Paper skip ZECUSDT: Already open on symbol open=0.039% RT=-0.066%
2026-08-20 20:41:20.825 +04:00 [INF] Futures scan: 1 candidate(s), best RT=-0.073% open=0.032%
2026-08-20 20:41:20.827 +04:00 [INF] Paper skip ZECUSDT: Already open on symbol open=0.032% RT=-0.073%
2026-08-20 20:41:22.079 +04:00 [INF] Futures scan: 1 candidate(s), best RT=-0.072% open=0.033%
2026-08-20 20:41:22.080 +04:00 [INF] Paper skip ZECUSDT: Already open on symbol open=0.033% RT=-0.072%
2026-08-20 20:41:23.312 +04:00 [INF] Futures scan: 1 candidate(s), best RT=-0.069% open=0.036%
2026-08-20 20:41:23.314 +04:00 [INF] Paper skip ZECUSDT: Already open on symbol open=0.036% RT=-0.069%
2026-08-20 20:41:24.551 +04:00 [INF] FUT PAPER CLOSE TRUMPUSDT pnl=0.0297 reason=converge lev=5x
2026-08-20 20:41:24.553 +04:00 [INF] Futures scan: 1 candidate(s), best RT=-0.061% open=0.044%
2026-08-20 20:41:24.554 +04:00 [INF] Paper skip ZECUSDT: Already open on symbol open=0.044% RT=-0.061%
2026-08-20 20:41:25.773 +04:00 [INF] Futures scan: 1 candidate(s), best RT=-0.054% open=0.051%
2026-08-20 20:41:25.776 +04:00 [INF] Paper skip ZECUSDT: Already open on symbol open=0.051% RT=-0.054%
2026-08-20 20:41:27.005 +04:00 [INF] Futures scan: 1 candidate(s), best RT=-0.068% open=0.037%
2026-08-20 20:41:27.007 +04:00 [INF] Paper skip ZECUSDT: Already open on symbol open=0.037% RT=-0.068%
2026-08-20 20:41:28.223 +04:00 [INF] Futures scan: 1 candidate(s), best RT=-0.052% open=0.053%
2026-08-20 20:41:28.225 +04:00 [INF] Paper skip ZECUSDT: Already open on symbol open=0.053% RT=-0.052%
2026-08-20 20:41:29.455 +04:00 [INF] Futures scan: 1 candidate(s), best RT=-0.052% open=0.053%
2026-08-20 20:41:29.457 +04:00 [INF] Paper skip ZECUSDT: Already open on symbol open=0.053% RT=-0.052%
2026-08-20 20:41:30.681 +04:00 [INF] Futures scan: 1 candidate(s), best RT=-0.057% open=0.048%
2026-08-20 20:41:30.683 +04:00 [INF] Paper skip ZECUSDT: Already open on symbol open=0.048% RT=-0.057%
2026-08-20 20:41:31.907 +04:00 [INF] Futures scan: 1 candidate(s), best RT=-0.050% open=0.055%
2026-08-20 20:41:31.909 +04:00 [INF] Paper skip ZECUSDT: Already open on symbol open=0.055% RT=-0.050%
2026-08-20 20:41:33.136 +04:00 [INF] Futures scan: 1 candidate(s), best RT=-0.047% open=0.058%
2026-08-20 20:41:33.138 +04:00 [INF] Paper skip ZECUSDT: Already open on symbol open=0.058% RT=-0.047%
2026-08-20 20:41:35.605 +04:00 [INF] Futures scan: 1 candidate(s), best RT=-0.069% open=0.036%
2026-08-20 20:41:35.606 +04:00 [INF] Paper skip ZECUSDT: Already open on symbol open=0.036% RT=-0.069%
2026-08-20 20:41:36.832 +04:00 [INF] Futures scan: 1 candidate(s), best RT=-0.068% open=0.037%
2026-08-20 20:41:36.835 +04:00 [INF] Paper skip ZECUSDT: Already open on symbol open=0.037% RT=-0.068%
2026-08-20 20:41:39.277 +04:00 [INF] Futures scan: 1 candidate(s), best RT=-0.056% open=0.049%
2026-08-20 20:41:39.279 +04:00 [INF] Paper skip ZECUSDT: Already open on symbol open=0.049% RT=-0.056%
2026-08-20 20:41:40.510 +04:00 [INF] Futures scan: 1 candidate(s), best RT=-0.068% open=0.037%
2026-08-20 20:41:40.513 +04:00 [INF] Paper skip ZECUSDT: Already open on symbol open=0.037% RT=-0.068%
2026-08-20 20:41:41.735 +04:00 [INF] Futures scan: 1 candidate(s), best RT=-0.074% open=0.031%
2026-08-20 20:41:41.737 +04:00 [INF] Paper skip ZECUSDT: Already open on symbol open=0.031% RT=-0.074%
2026-08-20 20:41:58.885 +04:00 [INF] Futures scan: 1 candidate(s), best RT=-0.073% open=0.032%
2026-08-20 20:41:58.888 +04:00 [INF] Paper skip ZECUSDT: Already open on symbol open=0.032% RT=-0.073%
2026-08-20 20:42:07.439 +04:00 [INF] Futures scan: 1 candidate(s), best RT=-0.074% open=0.031%
2026-08-20 20:42:07.441 +04:00 [INF] Paper skip ZECUSDT: Already open on symbol open=0.031% RT=-0.074%
2026-08-20 20:42:09.882 +04:00 [INF] Futures scan: 1 candidate(s), best RT=-0.074% open=0.031%
2026-08-20 20:42:09.885 +04:00 [INF] Paper skip ZECUSDT: Already open on symbol open=0.031% RT=-0.074%
2026-08-20 20:42:11.100 +04:00 [INF] Futures scan: 1 candidate(s), best RT=-0.072% open=0.033%
2026-08-20 20:42:11.102 +04:00 [INF] Paper skip ZECUSDT: Already open on symbol open=0.033% RT=-0.072%
2026-08-20 20:42:12.323 +04:00 [INF] Futures scan: 1 candidate(s), best RT=-0.071% open=0.034%
2026-08-20 20:42:12.325 +04:00 [INF] Paper skip ZECUSDT: Already open on symbol open=0.034% RT=-0.071%
2026-08-20 20:42:18.440 +04:00 [INF] Futures scan: 1 candidate(s), best RT=-0.073% open=0.032%
2026-08-20 20:42:18.442 +04:00 [INF] Paper skip ZECUSDT: Already open on symbol open=0.032% RT=-0.073%
2026-08-20 20:42:22.120 +04:00 [INF] Futures scan: 1 candidate(s), best RT=-0.057% open=0.048%
2026-08-20 20:42:22.121 +04:00 [INF] Paper skip ZECUSDT: Already open on symbol open=0.048% RT=-0.057%
2026-08-20 20:42:23.349 +04:00 [INF] Futures scan: 1 candidate(s), best RT=-0.073% open=0.032%
2026-08-20 20:42:23.351 +04:00 [INF] Paper skip ZECUSDT: Already open on symbol open=0.032% RT=-0.073%
2026-08-20 20:42:24.579 +04:00 [INF] Futures scan: 1 candidate(s), best RT=-0.060% open=0.045%
2026-08-20 20:42:24.581 +04:00 [INF] Paper skip ZECUSDT: Already open on symbol open=0.045% RT=-0.060%
2026-08-20 20:42:25.797 +04:00 [INF] Futures scan: 1 candidate(s), best RT=-0.074% open=0.031%
2026-08-20 20:42:25.799 +04:00 [INF] Paper skip ZECUSDT: Already open on symbol open=0.031% RT=-0.074%
2026-08-20 20:42:28.244 +04:00 [INF] Futures scan: 1 candidate(s), best RT=-0.068% open=0.037%
2026-08-20 20:42:28.246 +04:00 [INF] Paper skip ZECUSDT: Already open on symbol open=0.037% RT=-0.068%
2026-08-20 20:42:29.468 +04:00 [INF] Futures scan: 1 candidate(s), best RT=-0.057% open=0.048%
2026-08-20 20:42:29.469 +04:00 [INF] Paper skip ZECUSDT: Already open on symbol open=0.048% RT=-0.057%
2026-08-20 20:42:30.695 +04:00 [INF] Futures scan: 1 candidate(s), best RT=-0.061% open=0.044%
2026-08-20 20:42:30.696 +04:00 [INF] Paper skip ZECUSDT: Already open on symbol open=0.044% RT=-0.061%
2026-08-20 20:42:34.371 +04:00 [INF] Futures scan: 1 candidate(s), best RT=-0.069% open=0.036%
2026-08-20 20:42:34.373 +04:00 [INF] Paper skip ZECUSDT: Already open on symbol open=0.036% RT=-0.069%
2026-08-20 20:42:36.817 +04:00 [INF] Futures scan: 1 candidate(s), best RT=-0.069% open=0.036%
2026-08-20 20:42:36.820 +04:00 [INF] Paper skip ZECUSDT: Already open on symbol open=0.036% RT=-0.069%
2026-08-20 20:42:41.740 +04:00 [INF] Futures scan: 1 candidate(s), best RT=-0.074% open=0.031%
2026-08-20 20:42:41.741 +04:00 [INF] Paper skip ZECUSDT: Already open on symbol open=0.031% RT=-0.074%
2026-08-20 20:43:24.616 +04:00 [INF] Futures scan: 1 candidate(s), best RT=-0.065% open=0.040%
2026-08-20 20:43:24.620 +04:00 [INF] Paper skip ZECUSDT: Already open on symbol open=0.040% RT=-0.065%
2026-08-20 20:43:38.093 +04:00 [INF] Futures scan: 1 candidate(s), best RT=-0.074% open=0.031%
2026-08-20 20:43:38.095 +04:00 [INF] Paper skip ZECUSDT: Already open on symbol open=0.031% RT=-0.074%
2026-08-20 20:43:39.318 +04:00 [INF] Futures scan: 1 candidate(s), best RT=-0.069% open=0.036%
2026-08-20 20:43:39.320 +04:00 [INF] Paper skip ZECUSDT: Already open on symbol open=0.036% RT=-0.069%
2026-08-20 20:43:40.545 +04:00 [INF] Futures scan: 1 candidate(s), best RT=-0.069% open=0.036%
2026-08-20 20:43:40.546 +04:00 [INF] Paper skip ZECUSDT: Already open on symbol open=0.036% RT=-0.069%
2026-08-20 20:44:02.555 +04:00 [INF] Futures scan: 1 candidate(s), best RT=-0.070% open=0.035%
2026-08-20 20:44:02.557 +04:00 [INF] Paper skip ZECUSDT: Already open on symbol open=0.035% RT=-0.070%
2026-08-20 20:44:08.680 +04:00 [INF] Futures scan: 1 candidate(s), best RT=-0.036% open=0.064%
2026-08-20 20:44:08.687 +04:00 [INF] FUT PAPER OPEN BEATUSDT L:Binance S:OKX qty=1633.986928 lev=5x margin=40.00 edge=0.064%
2026-08-20 20:44:08.690 +04:00 [INF] Opened futures paper hedge: BEATUSDT: L Binance@0.12 / S OKX@0.12 | RT -0.036% fund 0.016% → -0.020%
2026-08-20 20:44:27.063 +04:00 [INF] Futures scan: 1 candidate(s), best RT=-0.037% open=0.063%
2026-08-20 20:44:27.065 +04:00 [INF] Paper skip BEATUSDT: Already open on symbol open=0.063% RT=-0.037%
2026-08-20 20:45:02.528 +04:00 [INF] Futures scan: 1 candidate(s), best RT=0.013% open=0.118%
2026-08-20 20:45:02.530 +04:00 [INF] Paper skip BEATUSDT: Already open on symbol open=0.118% RT=0.013%
2026-08-20 20:45:07.445 +04:00 [INF] Futures scan: 1 candidate(s), best RT=-0.067% open=0.038%
2026-08-20 20:45:07.447 +04:00 [INF] Paper skip ZECUSDT: Already open on symbol open=0.038% RT=-0.067%
2026-08-20 20:46:16.043 +04:00 [INF] Futures scan: 1 candidate(s), best RT=-0.073% open=0.032%
2026-08-20 20:46:16.046 +04:00 [INF] Paper skip ZECUSDT: Already open on symbol open=0.032% RT=-0.073%
2026-08-20 20:46:18.502 +04:00 [INF] Futures scan: 1 candidate(s), best RT=-0.068% open=0.037%
2026-08-20 20:46:18.504 +04:00 [INF] Paper skip ZECUSDT: Already open on symbol open=0.037% RT=-0.068%
2026-08-20 20:46:24.620 +04:00 [INF] Futures scan: 1 candidate(s), best RT=-0.058% open=0.047%
2026-08-20 20:46:24.622 +04:00 [INF] Paper skip ZECUSDT: Already open on symbol open=0.047% RT=-0.058%
2026-08-20 20:47:05.088 +04:00 [INF] Futures scan: 1 candidate(s), best RT=-0.072% open=0.033%
2026-08-20 20:47:05.090 +04:00 [INF] Paper skip ZECUSDT: Already open on symbol open=0.033% RT=-0.072%
2026-08-20 20:47:29.268 +04:00 [INF] Trading UI settings saved (paper=true)
2026-08-20 20:47:38.045 +04:00 [INF] Trading UI settings saved (paper=true)
2026-08-20 20:48:46.843 +04:00 [INF] Futures scan: 1 candidate(s), best RT=-0.069% open=0.036%
2026-08-20 20:48:46.845 +04:00 [INF] Paper skip ZECUSDT: Already open on symbol open=0.036% RT=-0.069%
2026-08-20 20:49:19.889 +04:00 [INF] Futures scan: 1 candidate(s), best RT=-0.066% open=0.039%
2026-08-20 20:49:19.891 +04:00 [INF] Paper skip ZECUSDT: Already open on symbol open=0.039% RT=-0.066%
2026-08-20 20:50:14.933 +04:00 [INF] Futures scan: 1 candidate(s), best RT=-0.061% open=0.044%
2026-08-20 20:50:14.938 +04:00 [INF] Paper skip ZECUSDT: Already open on symbol open=0.044% RT=-0.061%
2026-08-20 20:50:16.166 +04:00 [INF] Futures scan: 1 candidate(s), best RT=-0.061% open=0.044%
2026-08-20 20:50:16.168 +04:00 [INF] Paper skip ZECUSDT: Already open on symbol open=0.044% RT=-0.061%
2026-08-20 20:50:22.288 +04:00 [INF] Futures scan: 1 candidate(s), best RT=-0.068% open=0.037%
2026-08-20 20:50:22.291 +04:00 [INF] Paper skip ZECUSDT: Already open on symbol open=0.037% RT=-0.068%
2026-08-20 20:50:36.996 +04:00 [INF] Futures scan: 1 candidate(s), best RT=-0.075% open=0.030%
2026-08-20 20:50:36.998 +04:00 [INF] Paper skip ZECUSDT: Already open on symbol open=0.030% RT=-0.075%
2026-08-20 20:50:43.109 +04:00 [INF] Futures scan: 1 candidate(s), best RT=-0.071% open=0.034%
2026-08-20 20:50:43.111 +04:00 [INF] Paper skip ZECUSDT: Already open on symbol open=0.034% RT=-0.071%
2026-08-20 20:50:51.656 +04:00 [INF] Discovery: public tickers Binance/Bybit/OKX (arb band 8000000–400000000 USDT vol, top 12)
2026-08-20 20:50:52.454 +04:00 [INF] Binance fapi: 692 USDT perps with volume
2026-08-20 20:50:52.978 +04:00 [INF] Bybit linear: 724 USDT perps with volume
2026-08-20 20:50:53.351 +04:00 [INF] OKX SWAP: 432 USDT perps with volume
2026-08-20 20:50:53.953 +04:00 [INF] Discovered 12 arb pairs: WLDUSDT@3ex/223.7M, ENAUSDT@3ex/185.4M, SUIUSDT@3ex/126.3M, ZECUSDT@3ex/204.2M, REUSDT@3ex/233.3M, XAUUSDT@3ex/242.9M, ADAUSDT@3ex/261.1M, TRUMPUSDT@3ex/163.7M, SOXLUSDT@3ex/267M, ARBUSDT@3ex/66.2M, SNDKUSDT@3ex/298.5M, SKHYNIXUSDT@3ex/124.3M
2026-08-20 20:50:53.955 +04:00 [INF] Symbol refresh (http-tickers-arb): [WLDUSDT,ENAUSDT,SUIUSDT,ZECUSDT,REUSDT,XAUUSDT,ADAUSDT,SOXLUSDT,TRUMPUSDT,ARBUSDT,SNDKUSDT,BEATUSDT] → [WLDUSDT,ENAUSDT,SUIUSDT,ZECUSDT,REUSDT,XAUUSDT,ADAUSDT,TRUMPUSDT,SOXLUSDT,ARBUSDT,SNDKUSDT,SKHYNIXUSDT] | changed=true
2026-08-20 20:50:53.956 +04:00 [INF] Restarting futures books for new symbol set…
2026-08-20 20:50:54.314 +04:00 [INF] [Sckt 1] subscription 35 unsubscribed
2026-08-20 20:50:54.316 +04:00 [INF] UsdFutures order book SUIUSDT status changed: "Synced" => "Disconnected"
2026-08-20 20:50:54.584 +04:00 [INF] [Sckt 4] subscription 117 unsubscribed
2026-08-20 20:50:54.585 +04:00 [INF] Futures order book SOXLUSDT status changed: "Synced" => "Disconnected"
2026-08-20 20:50:54.878 +04:00 [INF] [Sckt 2] subscription 96 unsubscribed
2026-08-20 20:50:54.880 +04:00 [INF] V5 order book ADAUSDT status changed: "Synced" => "Disconnected"
2026-08-20 20:50:55.147 +04:00 [INF] [Sckt 4] subscription 132 unsubscribed
2026-08-20 20:50:55.148 +04:00 [INF] Futures order book TRUMPUSDT status changed: "Synced" => "Disconnected"
2026-08-20 20:50:55.425 +04:00 [INF] [Sckt 4] subscription 146 unsubscribed
2026-08-20 20:50:55.426 +04:00 [INF] Futures order book ARBUSDT status changed: "Synced" => "Disconnected"
2026-08-20 20:50:55.749 +04:00 [INF] [Sckt 3] subscription 144 unsubscribed
2026-08-20 20:50:55.750 +04:00 [INF] Unified order book ARB-USDT-SWAP status changed: "Synced" => "Disconnected"
2026-08-20 20:50:56.033 +04:00 [INF] [Sckt 4] subscription 101 unsubscribed
2026-08-20 20:50:56.045 +04:00 [INF] Futures order book ADAUSDT status changed: "Synced" => "Disconnected"
2026-08-20 20:50:56.367 +04:00 [INF] [Sckt 3] subscription 42 unsubscribed
2026-08-20 20:50:56.368 +04:00 [INF] Unified order book SUI-USDT-SWAP status changed: "Synced" => "Disconnected"
2026-08-20 20:50:56.690 +04:00 [INF] [Sckt 3] subscription 113 unsubscribed
2026-08-20 20:50:56.691 +04:00 [INF] Unified order book SOXL-USDT-SWAP status changed: "Synced" => "Disconnected"
2026-08-20 20:50:57.013 +04:00 [INF] [Sckt 3] subscription 71 unsubscribed
2026-08-20 20:50:57.014 +04:00 [INF] Unified order book RE-USDT-SWAP status changed: "Synced" => "Disconnected"
2026-08-20 20:50:57.415 +04:00 [INF] [Sckt 1] subscription 78 unsubscribed
2026-08-20 20:50:57.416 +04:00 [INF] UsdFutures order book XAUUSDT status changed: "Synced" => "Disconnected"
2026-08-20 20:50:57.819 +04:00 [INF] [Sckt 1] subscription 106 unsubscribed
2026-08-20 20:50:57.820 +04:00 [INF] UsdFutures order book SOXLUSDT status changed: "Synced" => "Disconnected"
2026-08-20 20:50:58.160 +04:00 [INF] [Sckt 5] subscription 103 unsubscribed
2026-08-20 20:50:58.162 +04:00 [INF] PerpetualFutures order book ADA_USDT status changed: "Synced" => "Disconnected"
2026-08-20 20:50:58.485 +04:00 [INF] [Sckt 3] subscription 28 unsubscribed
2026-08-20 20:50:58.485 +04:00 [INF] Unified order book ENA-USDT-SWAP status changed: "Synced" => "Disconnected"
2026-08-20 20:50:58.814 +04:00 [INF] [Sckt 5] subscription 32 unsubscribed
2026-08-20 20:50:58.816 +04:00 [INF] PerpetualFutures order book ENA_USDT status changed: "Synced" => "Disconnected"
2026-08-20 20:50:59.217 +04:00 [INF] [Sckt 1] subscription 6 unsubscribed
2026-08-20 20:50:59.218 +04:00 [INF] UsdFutures order book WLDUSDT status changed: "Synced" => "Disconnected"
2026-08-20 20:50:59.430 +04:00 [INF] [Sckt 2] subscription 39 unsubscribed
2026-08-20 20:50:59.431 +04:00 [INF] V5 order book SUIUSDT status changed: "Synced" => "Disconnected"
2026-08-20 20:50:59.817 +04:00 [INF] [Sckt 1] subscription 92 unsubscribed
2026-08-20 20:50:59.818 +04:00 [INF] UsdFutures order book ADAUSDT status changed: "Synced" => "Disconnected"
2026-08-20 20:51:00.019 +04:00 [INF] [Sckt 2] subscription 25 unsubscribed
2026-08-20 20:51:00.020 +04:00 [INF] V5 order book ENAUSDT status changed: "Synced" => "Disconnected"
2026-08-20 20:51:00.288 +04:00 [INF] [Sckt 4] subscription 73 unsubscribed
2026-08-20 20:51:00.289 +04:00 [INF] Futures order book REUSDT status changed: "Synced" => "Disconnected"
2026-08-20 20:51:00.618 +04:00 [INF] [Sckt 5] subscription 148 unsubscribed
2026-08-20 20:51:00.619 +04:00 [INF] PerpetualFutures order book ARB_USDT status changed: "Synced" => "Disconnected"
2026-08-20 20:51:00.824 +04:00 [INF] [Sckt 2] subscription 68 unsubscribed
2026-08-20 20:51:00.826 +04:00 [INF] V5 order book REUSDT status changed: "Synced" => "Disconnected"
2026-08-20 20:51:01.151 +04:00 [INF] [Sckt 3] subscription 56 unsubscribed
2026-08-20 20:51:01.152 +04:00 [INF] Unified order book ZEC-USDT-SWAP status changed: "Synced" => "Disconnected"
2026-08-20 20:51:01.360 +04:00 [INF] [Sckt 2] subscription 110 unsubscribed
2026-08-20 20:51:01.361 +04:00 [INF] V5 order book SOXLUSDT status changed: "Synced" => "Disconnected"
2026-08-20 20:51:01.686 +04:00 [INF] [Sckt 4] subscription 44 unsubscribed
2026-08-20 20:51:01.689 +04:00 [INF] Futures order book SUIUSDT status changed: "Synced" => "Disconnected"
2026-08-20 20:51:01.890 +04:00 [INF] [Sckt 2] subscription 53 unsubscribed
2026-08-20 20:51:01.891 +04:00 [INF] V5 order book ZECUSDT status changed: "Synced" => "Disconnected"
2026-08-20 20:51:02.207 +04:00 [INF] [Sckt 8] subscription 175 unsubscribed
2026-08-20 20:51:02.208 +04:00 [INF] Unified order book BEAT-USDT-SWAP status changed: "Synced" => "Disconnected"
2026-08-20 20:51:02.569 +04:00 [INF] [Sckt 6] subscription 166 unsubscribed
2026-08-20 20:51:02.570 +04:00 [INF] UsdFutures order book BEATUSDT status changed: "Synced" => "Disconnected"
2026-08-20 20:51:02.770 +04:00 [INF] [Sckt 2] subscription 141 unsubscribed
2026-08-20 20:51:02.771 +04:00 [INF] V5 order book ARBUSDT status changed: "Synced" => "Disconnected"
2026-08-20 20:51:03.123 +04:00 [INF] [Sckt 1] subscription 49 unsubscribed
2026-08-20 20:51:03.125 +04:00 [INF] UsdFutures order book ZECUSDT status changed: "Synced" => "Disconnected"
2026-08-20 20:51:03.331 +04:00 [INF] [Sckt 7] subscription 170 unsubscribed
2026-08-20 20:51:03.332 +04:00 [INF] V5 order book BEATUSDT status changed: "Synced" => "Disconnected"
2026-08-20 20:51:03.654 +04:00 [INF] [Sckt 3] subscription 14 unsubscribed
2026-08-20 20:51:03.656 +04:00 [INF] Unified order book WLD-USDT-SWAP status changed: "Synced" => "Disconnected"
2026-08-20 20:51:03.926 +04:00 [INF] [Sckt 2] subscription 82 unsubscribed
2026-08-20 20:51:03.928 +04:00 [INF] V5 order book XAUUSDT status changed: "Synced" => "Disconnected"
2026-08-20 20:51:04.254 +04:00 [INF] [Sckt 5] subscription 60 unsubscribed
2026-08-20 20:51:04.257 +04:00 [INF] PerpetualFutures order book ZEC_USDT status changed: "Synced" => "Disconnected"
2026-08-20 20:51:04.584 +04:00 [INF] [Sckt 5] subscription 18 unsubscribed
2026-08-20 20:51:04.586 +04:00 [INF] PerpetualFutures order book WLD_USDT status changed: "Synced" => "Disconnected"
2026-08-20 20:51:04.914 +04:00 [INF] [Sckt 5] subscription 119 unsubscribed
2026-08-20 20:51:04.915 +04:00 [INF] PerpetualFutures order book SOXL_USDT status changed: "Synced" => "Disconnected"
2026-08-20 20:51:05.200 +04:00 [INF] [Sckt 9] subscription 160 unsubscribed
2026-08-20 20:51:05.202 +04:00 [INF] Futures order book SNDKUSDT status changed: "Synced" => "Disconnected"
2026-08-20 20:51:05.625 +04:00 [INF] [Sckt 1] subscription 137 unsubscribed
2026-08-20 20:51:05.627 +04:00 [INF] UsdFutures order book ARBUSDT status changed: "Synced" => "Disconnected"
2026-08-20 20:51:05.923 +04:00 [INF] Futures order book BEATUSDT status changed: "Synced" => "Disconnected"
2026-08-20 20:51:06.195 +04:00 [INF] [Sckt 4] subscription 87 unsubscribed
2026-08-20 20:51:06.196 +04:00 [INF] Futures order book XAUUSDT status changed: "Synced" => "Disconnected"
2026-08-20 20:51:06.453 +04:00 [INF] [Sckt 2] subscription 127 unsubscribed
2026-08-20 20:51:06.454 +04:00 [INF] V5 order book TRUMPUSDT status changed: "Synced" => "Disconnected"
2026-08-20 20:51:06.669 +04:00 [INF] V5 order book SNDKUSDT status changed: "Synced" => "Disconnected"
2026-08-20 20:51:06.998 +04:00 [INF] [Sckt 5] subscription 89 unsubscribed
2026-08-20 20:51:07.049 +04:00 [INF] PerpetualFutures order book XAU_USDT status changed: "Synced" => "Disconnected"
2026-08-20 20:51:07.376 +04:00 [INF] [Sckt 5] subscription 75 unsubscribed
2026-08-20 20:51:07.377 +04:00 [INF] PerpetualFutures order book RE_USDT status changed: "Synced" => "Disconnected"
2026-08-20 20:51:07.701 +04:00 [INF] [Sckt 3] subscription 85 unsubscribed
2026-08-20 20:51:07.702 +04:00 [INF] Unified order book XAU-USDT-SWAP status changed: "Synced" => "Disconnected"
2026-08-20 20:51:07.979 +04:00 [INF] [Sckt 4] subscription 16 unsubscribed
2026-08-20 20:51:07.980 +04:00 [INF] Futures order book WLDUSDT status changed: "Synced" => "Disconnected"
2026-08-20 20:51:08.327 +04:00 [INF] [Sckt 1] subscription 64 unsubscribed
2026-08-20 20:51:08.328 +04:00 [INF] UsdFutures order book REUSDT status changed: "Synced" => "Disconnected"
2026-08-20 20:51:08.653 +04:00 [INF] [Sckt 10] subscription 179 unsubscribed
2026-08-20 20:51:08.654 +04:00 [INF] PerpetualFutures order book BEAT_USDT status changed: "Synced" => "Disconnected"
2026-08-20 20:51:08.982 +04:00 [INF] [Sckt 5] subscription 46 unsubscribed
2026-08-20 20:51:08.983 +04:00 [INF] PerpetualFutures order book SUI_USDT status changed: "Synced" => "Disconnected"
2026-08-20 20:51:09.328 +04:00 [INF] [Sckt 1] subscription 122 unsubscribed
2026-08-20 20:51:09.329 +04:00 [INF] UsdFutures order book TRUMPUSDT status changed: "Synced" => "Disconnected"
2026-08-20 20:51:09.669 +04:00 [INF] PerpetualFutures order book SNDK_USDT status changed: "Synced" => "Disconnected"
2026-08-20 20:51:09.992 +04:00 [INF] [Sckt 3] subscription 99 unsubscribed
2026-08-20 20:51:09.993 +04:00 [INF] Unified order book ADA-USDT-SWAP status changed: "Synced" => "Disconnected"
2026-08-20 20:51:10.399 +04:00 [INF] UsdFutures order book SNDKUSDT status changed: "Synced" => "Disconnected"
2026-08-20 20:51:10.666 +04:00 [INF] [Sckt 4] subscription 58 unsubscribed
2026-08-20 20:51:10.667 +04:00 [INF] Futures order book ZECUSDT status changed: "Synced" => "Disconnected"
2026-08-20 20:51:11.050 +04:00 [INF] UsdFutures order book ENAUSDT status changed: "Synced" => "Disconnected"
2026-08-20 20:51:11.389 +04:00 [INF] Unified order book SNDK-USDT-SWAP status changed: "Synced" => "Disconnected"
2026-08-20 20:51:11.606 +04:00 [INF] V5 order book WLDUSDT status changed: "Synced" => "Disconnected"
2026-08-20 20:51:11.931 +04:00 [INF] Futures order book ENAUSDT status changed: "Synced" => "Disconnected"
2026-08-20 20:51:12.288 +04:00 [INF] PerpetualFutures order book TRUMP_USDT status changed: "Synced" => "Disconnected"
2026-08-20 20:51:12.628 +04:00 [INF] Unified order book TRUMP-USDT-SWAP status changed: "Synced" => "Disconnected"
2026-08-20 20:51:12.631 +04:00 [INF] UsdFutures order book WLDUSDT status changed: "Disconnected" => "Connecting"
2026-08-20 20:51:14.343 +04:00 [INF] [Sckt 11] subscription 886 completed successfully
2026-08-20 20:51:14.345 +04:00 [INF] UsdFutures order book WLDUSDT status changed: "Connecting" => "Syncing"
2026-08-20 20:51:14.731 +04:00 [INF] UsdFutures order book WLDUSDT status changed: "Syncing" => "Synced"
2026-08-20 20:51:14.732 +04:00 [INF] Futures book Binance:WLDUSDT "Synced"
2026-08-20 20:51:14.733 +04:00 [INF] V5 order book WLDUSDT status changed: "Disconnected" => "Connecting"
2026-08-20 20:51:15.714 +04:00 [INF] [Sckt 12] subscription 890 completed successfully
2026-08-20 20:51:15.715 +04:00 [INF] V5 order book WLDUSDT status changed: "Connecting" => "Syncing"
2026-08-20 20:51:15.716 +04:00 [INF] V5 order book WLDUSDT status changed: "Syncing" => "Synced"
2026-08-20 20:51:15.718 +04:00 [INF] Futures book Bybit:WLDUSDT "Synced"
2026-08-20 20:51:15.718 +04:00 [INF] Unified order book WLD-USDT-SWAP status changed: "Disconnected" => "Connecting"
2026-08-20 20:51:17.012 +04:00 [INF] [Sckt 13] subscription 893 completed successfully
2026-08-20 20:51:17.013 +04:00 [INF] Unified order book WLD-USDT-SWAP status changed: "Connecting" => "Syncing"
2026-08-20 20:51:17.386 +04:00 [INF] Unified order book WLD-USDT-SWAP status changed: "Syncing" => "Synced"
2026-08-20 20:51:17.388 +04:00 [INF] Futures book OKX:WLDUSDT "Synced"
2026-08-20 20:51:17.388 +04:00 [INF] Futures order book WLDUSDT status changed: "Disconnected" => "Connecting"
2026-08-20 20:51:18.760 +04:00 [INF] [Sckt 14] subscription 895 completed successfully
2026-08-20 20:51:18.761 +04:00 [INF] Futures order book WLDUSDT status changed: "Connecting" => "Syncing"
2026-08-20 20:51:18.762 +04:00 [INF] Futures order book WLDUSDT status changed: "Syncing" => "Synced"
2026-08-20 20:51:18.762 +04:00 [INF] Futures book Bitget:WLDUSDT "Synced"
2026-08-20 20:51:18.763 +04:00 [INF] PerpetualFutures order book WLD_USDT status changed: "Disconnected" => "Connecting"
2026-08-20 20:51:20.469 +04:00 [INF] [Sckt 15] subscription 897 completed successfully
2026-08-20 20:51:20.470 +04:00 [INF] PerpetualFutures order book WLD_USDT status changed: "Connecting" => "Syncing"
2026-08-20 20:51:20.470 +04:00 [INF] PerpetualFutures order book WLD_USDT status changed: "Syncing" => "Synced"
2026-08-20 20:51:20.471 +04:00 [INF] Futures book GateIo:WLDUSDT "Synced"
2026-08-20 20:51:20.472 +04:00 [INF] UsdFutures order book ENAUSDT status changed: "Disconnected" => "Connecting"
2026-08-20 20:51:20.849 +04:00 [INF] [Sckt 11] subscription 900 completed successfully
2026-08-20 20:51:20.850 +04:00 [INF] UsdFutures order book ENAUSDT status changed: "Connecting" => "Syncing"
2026-08-20 20:51:21.241 +04:00 [INF] UsdFutures order book ENAUSDT status changed: "Syncing" => "Synced"
2026-08-20 20:51:21.242 +04:00 [INF] Futures book Binance:ENAUSDT "Synced"
2026-08-20 20:51:21.243 +04:00 [INF] V5 order book ENAUSDT status changed: "Disconnected" => "Connecting"
2026-08-20 20:51:21.445 +04:00 [INF] [Sckt 12] subscription 904 completed successfully
2026-08-20 20:51:21.447 +04:00 [INF] V5 order book ENAUSDT status changed: "Connecting" => "Syncing"
2026-08-20 20:51:21.448 +04:00 [INF] V5 order book ENAUSDT status changed: "Syncing" => "Synced"
2026-08-20 20:51:21.448 +04:00 [INF] Futures book Bybit:ENAUSDT "Synced"
2026-08-20 20:51:21.449 +04:00 [INF] Unified order book ENA-USDT-SWAP status changed: "Disconnected" => "Connecting"
2026-08-20 20:51:21.766 +04:00 [INF] [Sckt 13] subscription 907 completed successfully
2026-08-20 20:51:21.768 +04:00 [INF] Unified order book ENA-USDT-SWAP status changed: "Connecting" => "Syncing"
2026-08-20 20:51:21.892 +04:00 [INF] Unified order book ENA-USDT-SWAP status changed: "Syncing" => "Synced"
2026-08-20 20:51:21.893 +04:00 [INF] Futures book OKX:ENAUSDT "Synced"
2026-08-20 20:51:21.895 +04:00 [INF] Futures order book ENAUSDT status changed: "Disconnected" => "Connecting"
2026-08-20 20:51:22.171 +04:00 [INF] [Sckt 14] subscription 909 completed successfully
2026-08-20 20:51:22.172 +04:00 [INF] Futures order book ENAUSDT status changed: "Connecting" => "Syncing"
2026-08-20 20:51:22.173 +04:00 [INF] Futures order book ENAUSDT status changed: "Syncing" => "Synced"
2026-08-20 20:51:22.174 +04:00 [INF] Futures book Bitget:ENAUSDT "Synced"
2026-08-20 20:51:22.175 +04:00 [INF] PerpetualFutures order book ENA_USDT status changed: "Disconnected" => "Connecting"
2026-08-20 20:51:22.496 +04:00 [INF] [Sckt 15] subscription 911 completed successfully
2026-08-20 20:51:22.498 +04:00 [INF] PerpetualFutures order book ENA_USDT status changed: "Connecting" => "Syncing"
2026-08-20 20:51:22.499 +04:00 [INF] PerpetualFutures order book ENA_USDT status changed: "Syncing" => "Synced"
2026-08-20 20:51:22.499 +04:00 [INF] Futures book GateIo:ENAUSDT "Synced"
2026-08-20 20:51:22.500 +04:00 [INF] UsdFutures order book SUIUSDT status changed: "Disconnected" => "Connecting"
2026-08-20 20:51:22.858 +04:00 [INF] [Sckt 11] subscription 914 completed successfully
2026-08-20 20:51:22.859 +04:00 [INF] UsdFutures order book SUIUSDT status changed: "Connecting" => "Syncing"
2026-08-20 20:51:23.290 +04:00 [INF] UsdFutures order book SUIUSDT status changed: "Syncing" => "Synced"
2026-08-20 20:51:23.291 +04:00 [INF] Futures book Binance:SUIUSDT "Synced"
2026-08-20 20:51:23.291 +04:00 [INF] V5 order book SUIUSDT status changed: "Disconnected" => "Connecting"
2026-08-20 20:51:23.490 +04:00 [INF] [Sckt 12] subscription 918 completed successfully
2026-08-20 20:51:23.491 +04:00 [INF] V5 order book SUIUSDT status changed: "Connecting" => "Syncing"
2026-08-20 20:51:23.493 +04:00 [INF] V5 order book SUIUSDT status changed: "Syncing" => "Synced"
2026-08-20 20:51:23.493 +04:00 [INF] Futures book Bybit:SUIUSDT "Synced"
2026-08-20 20:51:23.494 +04:00 [INF] Unified order book SUI-USDT-SWAP status changed: "Disconnected" => "Connecting"
2026-08-20 20:51:23.815 +04:00 [INF] [Sckt 13] subscription 921 completed successfully
2026-08-20 20:51:23.817 +04:00 [INF] Unified order book SUI-USDT-SWAP status changed: "Connecting" => "Syncing"
2026-08-20 20:51:24.007 +04:00 [INF] Unified order book SUI-USDT-SWAP status changed: "Syncing" => "Synced"
2026-08-20 20:51:24.009 +04:00 [INF] Futures book OKX:SUIUSDT "Synced"
2026-08-20 20:51:24.010 +04:00 [INF] Futures order book SUIUSDT status changed: "Disconnected" => "Connecting"
2026-08-20 20:51:24.280 +04:00 [INF] [Sckt 14] subscription 923 completed successfully
2026-08-20 20:51:24.281 +04:00 [INF] Futures order book SUIUSDT status changed: "Connecting" => "Syncing"
2026-08-20 20:51:24.336 +04:00 [INF] Futures order book SUIUSDT status changed: "Syncing" => "Synced"
2026-08-20 20:51:24.338 +04:00 [INF] Futures book Bitget:SUIUSDT "Synced"
2026-08-20 20:51:24.340 +04:00 [INF] PerpetualFutures order book SUI_USDT status changed: "Disconnected" => "Connecting"
2026-08-20 20:51:24.660 +04:00 [INF] [Sckt 15] subscription 925 completed successfully
2026-08-20 20:51:24.661 +04:00 [INF] PerpetualFutures order book SUI_USDT status changed: "Connecting" => "Syncing"
2026-08-20 20:51:24.662 +04:00 [INF] PerpetualFutures order book SUI_USDT status changed: "Syncing" => "Synced"
2026-08-20 20:51:24.662 +04:00 [INF] Futures book GateIo:SUIUSDT "Synced"
2026-08-20 20:51:24.663 +04:00 [INF] UsdFutures order book ZECUSDT status changed: "Disconnected" => "Connecting"
2026-08-20 20:51:25.057 +04:00 [INF] [Sckt 11] subscription 928 completed successfully
2026-08-20 20:51:25.058 +04:00 [INF] UsdFutures order book ZECUSDT status changed: "Connecting" => "Syncing"
2026-08-20 20:51:25.450 +04:00 [INF] UsdFutures order book ZECUSDT status changed: "Syncing" => "Synced"
2026-08-20 20:51:25.451 +04:00 [INF] Futures book Binance:ZECUSDT "Synced"
2026-08-20 20:51:25.452 +04:00 [INF] V5 order book ZECUSDT status changed: "Disconnected" => "Connecting"
2026-08-20 20:51:25.654 +04:00 [INF] [Sckt 12] subscription 932 completed successfully
2026-08-20 20:51:25.655 +04:00 [INF] V5 order book ZECUSDT status changed: "Connecting" => "Syncing"
2026-08-20 20:51:25.656 +04:00 [INF] V5 order book ZECUSDT status changed: "Syncing" => "Synced"
2026-08-20 20:51:25.657 +04:00 [INF] Futures book Bybit:ZECUSDT "Synced"
2026-08-20 20:51:25.658 +04:00 [INF] Unified order book ZEC-USDT-SWAP status changed: "Disconnected" => "Connecting"
2026-08-20 20:51:25.975 +04:00 [INF] [Sckt 13] subscription 935 completed successfully
2026-08-20 20:51:25.977 +04:00 [INF] Unified order book ZEC-USDT-SWAP status changed: "Connecting" => "Syncing"
2026-08-20 20:51:26.090 +04:00 [INF] Unified order book ZEC-USDT-SWAP status changed: "Syncing" => "Synced"
2026-08-20 20:51:26.092 +04:00 [INF] Futures book OKX:ZECUSDT "Synced"
2026-08-20 20:51:26.093 +04:00 [INF] Futures order book ZECUSDT status changed: "Disconnected" => "Connecting"
2026-08-20 20:51:26.372 +04:00 [INF] [Sckt 14] subscription 937 completed successfully
2026-08-20 20:51:26.374 +04:00 [INF] Futures order book ZECUSDT status changed: "Connecting" => "Syncing"
2026-08-20 20:51:26.433 +04:00 [INF] Futures order book ZECUSDT status changed: "Syncing" => "Synced"
2026-08-20 20:51:26.435 +04:00 [INF] Futures book Bitget:ZECUSDT "Synced"
2026-08-20 20:51:26.436 +04:00 [INF] PerpetualFutures order book ZEC_USDT status changed: "Disconnected" => "Connecting"
2026-08-20 20:51:26.756 +04:00 [INF] [Sckt 15] subscription 939 completed successfully
2026-08-20 20:51:26.757 +04:00 [INF] PerpetualFutures order book ZEC_USDT status changed: "Connecting" => "Syncing"
2026-08-20 20:51:26.759 +04:00 [INF] PerpetualFutures order book ZEC_USDT status changed: "Syncing" => "Synced"
2026-08-20 20:51:26.760 +04:00 [INF] Futures book GateIo:ZECUSDT "Synced"
2026-08-20 20:51:26.761 +04:00 [INF] UsdFutures order book REUSDT status changed: "Disconnected" => "Connecting"
2026-08-20 20:51:27.159 +04:00 [INF] [Sckt 11] subscription 942 completed successfully
2026-08-20 20:51:27.160 +04:00 [INF] UsdFutures order book REUSDT status changed: "Connecting" => "Syncing"
2026-08-20 20:51:27.552 +04:00 [INF] UsdFutures order book REUSDT status changed: "Syncing" => "Synced"
2026-08-20 20:51:27.553 +04:00 [INF] Futures book Binance:REUSDT "Synced"
2026-08-20 20:51:27.554 +04:00 [INF] V5 order book REUSDT status changed: "Disconnected" => "Connecting"
2026-08-20 20:51:27.752 +04:00 [INF] [Sckt 12] subscription 946 completed successfully
2026-08-20 20:51:27.753 +04:00 [INF] V5 order book REUSDT status changed: "Connecting" => "Syncing"
2026-08-20 20:51:27.754 +04:00 [INF] V5 order book REUSDT status changed: "Syncing" => "Synced"
2026-08-20 20:51:27.755 +04:00 [INF] Futures book Bybit:REUSDT "Synced"
2026-08-20 20:51:27.756 +04:00 [INF] Unified order book RE-USDT-SWAP status changed: "Disconnected" => "Connecting"
2026-08-20 20:51:28.072 +04:00 [INF] [Sckt 13] subscription 949 completed successfully
2026-08-20 20:51:28.074 +04:00 [INF] Unified order book RE-USDT-SWAP status changed: "Connecting" => "Syncing"
2026-08-20 20:51:28.189 +04:00 [INF] Unified order book RE-USDT-SWAP status changed: "Syncing" => "Synced"
2026-08-20 20:51:28.190 +04:00 [INF] Futures book OKX:REUSDT "Synced"
2026-08-20 20:51:28.191 +04:00 [INF] Futures order book REUSDT status changed: "Disconnected" => "Connecting"
2026-08-20 20:51:28.459 +04:00 [INF] [Sckt 14] subscription 951 completed successfully
2026-08-20 20:51:28.461 +04:00 [INF] Futures order book REUSDT status changed: "Connecting" => "Syncing"
2026-08-20 20:51:28.525 +04:00 [INF] Futures order book REUSDT status changed: "Syncing" => "Synced"
2026-08-20 20:51:28.527 +04:00 [INF] Futures book Bitget:REUSDT "Synced"
2026-08-20 20:51:28.528 +04:00 [INF] PerpetualFutures order book RE_USDT status changed: "Disconnected" => "Connecting"
2026-08-20 20:51:28.848 +04:00 [INF] [Sckt 15] subscription 953 completed successfully
2026-08-20 20:51:28.850 +04:00 [INF] PerpetualFutures order book RE_USDT status changed: "Connecting" => "Syncing"
2026-08-20 20:51:28.851 +04:00 [INF] PerpetualFutures order book RE_USDT status changed: "Syncing" => "Synced"
2026-08-20 20:51:28.851 +04:00 [INF] Futures book GateIo:REUSDT "Synced"
2026-08-20 20:51:28.852 +04:00 [INF] UsdFutures order book XAUUSDT status changed: "Disconnected" => "Connecting"
2026-08-20 20:51:29.261 +04:00 [INF] [Sckt 11] subscription 956 completed successfully
2026-08-20 20:51:29.262 +04:00 [INF] UsdFutures order book XAUUSDT status changed: "Connecting" => "Syncing"
2026-08-20 20:51:29.649 +04:00 [INF] UsdFutures order book XAUUSDT status changed: "Syncing" => "Synced"
2026-08-20 20:51:29.651 +04:00 [INF] Futures book Binance:XAUUSDT "Synced"
2026-08-20 20:51:29.651 +04:00 [INF] V5 order book XAUUSDT status changed: "Disconnected" => "Connecting"
2026-08-20 20:51:29.850 +04:00 [INF] [Sckt 12] subscription 960 completed successfully
2026-08-20 20:51:29.851 +04:00 [INF] V5 order book XAUUSDT status changed: "Connecting" => "Syncing"
2026-08-20 20:51:29.852 +04:00 [INF] V5 order book XAUUSDT status changed: "Syncing" => "Synced"
2026-08-20 20:51:29.853 +04:00 [INF] Futures book Bybit:XAUUSDT "Synced"
2026-08-20 20:51:29.853 +04:00 [INF] Unified order book XAU-USDT-SWAP status changed: "Disconnected" => "Connecting"
2026-08-20 20:51:30.171 +04:00 [INF] [Sckt 13] subscription 963 completed successfully
2026-08-20 20:51:30.172 +04:00 [INF] Unified order book XAU-USDT-SWAP status changed: "Connecting" => "Syncing"
2026-08-20 20:51:30.288 +04:00 [INF] Unified order book XAU-USDT-SWAP status changed: "Syncing" => "Synced"
2026-08-20 20:51:30.289 +04:00 [INF] Futures book OKX:XAUUSDT "Synced"
2026-08-20 20:51:30.290 +04:00 [INF] Futures order book XAUUSDT status changed: "Disconnected" => "Connecting"
2026-08-20 20:51:30.579 +04:00 [INF] [Sckt 14] subscription 965 completed successfully
2026-08-20 20:51:30.580 +04:00 [INF] Futures order book XAUUSDT status changed: "Connecting" => "Syncing"
2026-08-20 20:51:30.581 +04:00 [INF] Futures order book XAUUSDT status changed: "Syncing" => "Synced"
2026-08-20 20:51:30.582 +04:00 [INF] Futures book Bitget:XAUUSDT "Synced"
2026-08-20 20:51:30.583 +04:00 [INF] PerpetualFutures order book XAU_USDT status changed: "Disconnected" => "Connecting"
2026-08-20 20:51:30.903 +04:00 [INF] [Sckt 15] subscription 967 completed successfully
2026-08-20 20:51:30.904 +04:00 [INF] PerpetualFutures order book XAU_USDT status changed: "Connecting" => "Syncing"
2026-08-20 20:51:30.905 +04:00 [INF] PerpetualFutures order book XAU_USDT status changed: "Syncing" => "Synced"
2026-08-20 20:51:30.906 +04:00 [INF] Futures book GateIo:XAUUSDT "Synced"
2026-08-20 20:51:30.907 +04:00 [INF] UsdFutures order book ADAUSDT status changed: "Disconnected" => "Connecting"
2026-08-20 20:51:31.267 +04:00 [INF] [Sckt 11] subscription 970 completed successfully
2026-08-20 20:51:31.268 +04:00 [INF] UsdFutures order book ADAUSDT status changed: "Connecting" => "Syncing"
2026-08-20 20:51:31.700 +04:00 [INF] UsdFutures order book ADAUSDT status changed: "Syncing" => "Synced"
2026-08-20 20:51:31.701 +04:00 [INF] Futures book Binance:ADAUSDT "Synced"
2026-08-20 20:51:31.701 +04:00 [INF] V5 order book ADAUSDT status changed: "Disconnected" => "Connecting"
2026-08-20 20:51:31.901 +04:00 [INF] [Sckt 12] subscription 974 completed successfully
2026-08-20 20:51:31.902 +04:00 [INF] V5 order book ADAUSDT status changed: "Connecting" => "Syncing"
2026-08-20 20:51:31.902 +04:00 [INF] V5 order book ADAUSDT status changed: "Syncing" => "Synced"
2026-08-20 20:51:31.903 +04:00 [INF] Futures book Bybit:ADAUSDT "Synced"
2026-08-20 20:51:31.904 +04:00 [INF] Unified order book ADA-USDT-SWAP status changed: "Disconnected" => "Connecting"
2026-08-20 20:51:32.222 +04:00 [INF] [Sckt 13] subscription 977 completed successfully
2026-08-20 20:51:32.223 +04:00 [INF] Unified order book ADA-USDT-SWAP status changed: "Connecting" => "Syncing"
2026-08-20 20:51:32.409 +04:00 [INF] Unified order book ADA-USDT-SWAP status changed: "Syncing" => "Synced"
2026-08-20 20:51:32.411 +04:00 [INF] Futures book OKX:ADAUSDT "Synced"
2026-08-20 20:51:32.411 +04:00 [INF] Futures order book ADAUSDT status changed: "Disconnected" => "Connecting"
2026-08-20 20:51:32.684 +04:00 [INF] [Sckt 14] subscription 979 completed successfully
2026-08-20 20:51:32.685 +04:00 [INF] Futures order book ADAUSDT status changed: "Connecting" => "Syncing"
2026-08-20 20:51:32.686 +04:00 [INF] Futures order book ADAUSDT status changed: "Syncing" => "Synced"
2026-08-20 20:51:32.687 +04:00 [INF] Futures book Bitget:ADAUSDT "Synced"
2026-08-20 20:51:32.688 +04:00 [INF] PerpetualFutures order book ADA_USDT status changed: "Disconnected" => "Connecting"
2026-08-20 20:51:33.008 +04:00 [INF] [Sckt 15] subscription 981 completed successfully
2026-08-20 20:51:33.009 +04:00 [INF] PerpetualFutures order book ADA_USDT status changed: "Connecting" => "Syncing"
2026-08-20 20:51:33.010 +04:00 [INF] PerpetualFutures order book ADA_USDT status changed: "Syncing" => "Synced"
2026-08-20 20:51:33.011 +04:00 [INF] Futures book GateIo:ADAUSDT "Synced"
2026-08-20 20:51:33.011 +04:00 [INF] UsdFutures order book TRUMPUSDT status changed: "Disconnected" => "Connecting"
2026-08-20 20:51:33.369 +04:00 [INF] [Sckt 11] subscription 984 completed successfully
2026-08-20 20:51:33.370 +04:00 [INF] UsdFutures order book TRUMPUSDT status changed: "Connecting" => "Syncing"
2026-08-20 20:51:33.755 +04:00 [INF] UsdFutures order book TRUMPUSDT status changed: "Syncing" => "Synced"
2026-08-20 20:51:33.757 +04:00 [INF] Futures book Binance:TRUMPUSDT "Synced"
2026-08-20 20:51:33.757 +04:00 [INF] V5 order book TRUMPUSDT status changed: "Disconnected" => "Connecting"
2026-08-20 20:51:33.972 +04:00 [INF] [Sckt 12] subscription 988 completed successfully
2026-08-20 20:51:33.973 +04:00 [INF] V5 order book TRUMPUSDT status changed: "Connecting" => "Syncing"
2026-08-20 20:51:33.974 +04:00 [INF] V5 order book TRUMPUSDT status changed: "Syncing" => "Synced"
2026-08-20 20:51:33.975 +04:00 [INF] Futures book Bybit:TRUMPUSDT "Synced"
2026-08-20 20:51:33.975 +04:00 [INF] Unified order book TRUMP-USDT-SWAP status changed: "Disconnected" => "Connecting"
2026-08-20 20:51:34.293 +04:00 [INF] [Sckt 13] subscription 991 completed successfully
2026-08-20 20:51:34.294 +04:00 [INF] Unified order book TRUMP-USDT-SWAP status changed: "Connecting" => "Syncing"
2026-08-20 20:51:34.472 +04:00 [INF] Unified order book TRUMP-USDT-SWAP status changed: "Syncing" => "Synced"
2026-08-20 20:51:34.474 +04:00 [INF] Futures book OKX:TRUMPUSDT "Synced"
2026-08-20 20:51:34.474 +04:00 [INF] Futures order book TRUMPUSDT status changed: "Disconnected" => "Connecting"
2026-08-20 20:51:34.743 +04:00 [INF] [Sckt 14] subscription 993 completed successfully
2026-08-20 20:51:34.744 +04:00 [INF] Futures order book TRUMPUSDT status changed: "Connecting" => "Syncing"
2026-08-20 20:51:34.745 +04:00 [INF] Futures order book TRUMPUSDT status changed: "Syncing" => "Synced"
2026-08-20 20:51:34.746 +04:00 [INF] Futures book Bitget:TRUMPUSDT "Synced"
2026-08-20 20:51:34.747 +04:00 [INF] PerpetualFutures order book TRUMP_USDT status changed: "Disconnected" => "Connecting"
2026-08-20 20:51:35.067 +04:00 [INF] [Sckt 15] subscription 997 completed successfully
2026-08-20 20:51:35.069 +04:00 [INF] PerpetualFutures order book TRUMP_USDT status changed: "Connecting" => "Syncing"
2026-08-20 20:51:35.070 +04:00 [INF] PerpetualFutures order book TRUMP_USDT status changed: "Syncing" => "Synced"
2026-08-20 20:51:35.070 +04:00 [INF] Futures book GateIo:TRUMPUSDT "Synced"
2026-08-20 20:51:35.071 +04:00 [INF] UsdFutures order book SOXLUSDT status changed: "Disconnected" => "Connecting"
2026-08-20 20:51:35.470 +04:00 [INF] [Sckt 11] subscription 1000 completed successfully
2026-08-20 20:51:35.471 +04:00 [INF] UsdFutures order book SOXLUSDT status changed: "Connecting" => "Syncing"
2026-08-20 20:51:35.850 +04:00 [INF] UsdFutures order book SOXLUSDT status changed: "Syncing" => "Synced"
2026-08-20 20:51:35.851 +04:00 [INF] Futures book Binance:SOXLUSDT "Synced"
2026-08-20 20:51:35.852 +04:00 [INF] V5 order book SOXLUSDT status changed: "Disconnected" => "Connecting"
2026-08-20 20:51:36.050 +04:00 [INF] [Sckt 12] subscription 1005 completed successfully
2026-08-20 20:51:36.051 +04:00 [INF] V5 order book SOXLUSDT status changed: "Connecting" => "Syncing"
2026-08-20 20:51:36.052 +04:00 [INF] V5 order book SOXLUSDT status changed: "Syncing" => "Synced"
2026-08-20 20:51:36.053 +04:00 [INF] Futures book Bybit:SOXLUSDT "Synced"
2026-08-20 20:51:36.053 +04:00 [INF] Unified order book SOXL-USDT-SWAP status changed: "Disconnected" => "Connecting"
2026-08-20 20:51:36.371 +04:00 [INF] [Sckt 13] subscription 1008 completed successfully
2026-08-20 20:51:36.372 +04:00 [INF] Unified order book SOXL-USDT-SWAP status changed: "Connecting" => "Syncing"
2026-08-20 20:51:36.611 +04:00 [INF] Unified order book SOXL-USDT-SWAP status changed: "Syncing" => "Synced"
2026-08-20 20:51:36.613 +04:00 [INF] Futures book OKX:SOXLUSDT "Synced"
2026-08-20 20:51:36.613 +04:00 [INF] Futures order book SOXLUSDT status changed: "Disconnected" => "Connecting"
2026-08-20 20:51:36.884 +04:00 [INF] [Sckt 14] subscription 1010 completed successfully
2026-08-20 20:51:36.885 +04:00 [INF] Futures order book SOXLUSDT status changed: "Connecting" => "Syncing"
2026-08-20 20:51:36.886 +04:00 [INF] Futures order book SOXLUSDT status changed: "Syncing" => "Synced"
2026-08-20 20:51:36.887 +04:00 [INF] Futures book Bitget:SOXLUSDT "Synced"
2026-08-20 20:51:36.887 +04:00 [INF] PerpetualFutures order book SOXL_USDT status changed: "Disconnected" => "Connecting"
2026-08-20 20:51:37.208 +04:00 [INF] [Sckt 15] subscription 1012 completed successfully
2026-08-20 20:51:37.209 +04:00 [INF] PerpetualFutures order book SOXL_USDT status changed: "Connecting" => "Syncing"
2026-08-20 20:51:37.210 +04:00 [INF] PerpetualFutures order book SOXL_USDT status changed: "Syncing" => "Synced"
2026-08-20 20:51:37.210 +04:00 [INF] Futures book GateIo:SOXLUSDT "Synced"
2026-08-20 20:51:37.211 +04:00 [INF] UsdFutures order book ARBUSDT status changed: "Disconnected" => "Connecting"
2026-08-20 20:51:37.573 +04:00 [INF] [Sckt 11] subscription 1015 completed successfully
2026-08-20 20:51:37.574 +04:00 [INF] UsdFutures order book ARBUSDT status changed: "Connecting" => "Syncing"
2026-08-20 20:51:37.968 +04:00 [INF] UsdFutures order book ARBUSDT status changed: "Syncing" => "Synced"
2026-08-20 20:51:37.970 +04:00 [INF] Futures book Binance:ARBUSDT "Synced"
2026-08-20 20:51:37.970 +04:00 [INF] V5 order book ARBUSDT status changed: "Disconnected" => "Connecting"
2026-08-20 20:51:38.208 +04:00 [INF] [Sckt 12] subscription 1019 completed successfully
2026-08-20 20:51:38.209 +04:00 [INF] V5 order book ARBUSDT status changed: "Connecting" => "Syncing"
2026-08-20 20:51:38.210 +04:00 [INF] V5 order book ARBUSDT status changed: "Syncing" => "Synced"
2026-08-20 20:51:38.211 +04:00 [INF] Futures book Bybit:ARBUSDT "Synced"
2026-08-20 20:51:38.211 +04:00 [INF] Unified order book ARB-USDT-SWAP status changed: "Disconnected" => "Connecting"
2026-08-20 20:51:38.567 +04:00 [INF] [Sckt 13] subscription 1022 completed successfully
2026-08-20 20:51:38.569 +04:00 [INF] Unified order book ARB-USDT-SWAP status changed: "Connecting" => "Syncing"
2026-08-20 20:51:38.688 +04:00 [INF] Unified order book ARB-USDT-SWAP status changed: "Syncing" => "Synced"
2026-08-20 20:51:38.690 +04:00 [INF] Futures book OKX:ARBUSDT "Synced"
2026-08-20 20:51:38.690 +04:00 [INF] Futures order book ARBUSDT status changed: "Disconnected" => "Connecting"
2026-08-20 20:51:38.972 +04:00 [INF] [Sckt 14] subscription 1024 completed successfully
2026-08-20 20:51:38.973 +04:00 [INF] Futures order book ARBUSDT status changed: "Connecting" => "Syncing"
2026-08-20 20:51:38.973 +04:00 [INF] Futures order book ARBUSDT status changed: "Syncing" => "Synced"
2026-08-20 20:51:38.974 +04:00 [INF] Futures book Bitget:ARBUSDT "Synced"
2026-08-20 20:51:38.975 +04:00 [INF] PerpetualFutures order book ARB_USDT status changed: "Disconnected" => "Connecting"
2026-08-20 20:51:39.295 +04:00 [INF] [Sckt 15] subscription 1026 completed successfully
2026-08-20 20:51:39.296 +04:00 [INF] PerpetualFutures order book ARB_USDT status changed: "Connecting" => "Syncing"
2026-08-20 20:51:39.297 +04:00 [INF] PerpetualFutures order book ARB_USDT status changed: "Syncing" => "Synced"
2026-08-20 20:51:39.298 +04:00 [INF] Futures book GateIo:ARBUSDT "Synced"
2026-08-20 20:51:39.299 +04:00 [INF] UsdFutures order book SNDKUSDT status changed: "Disconnected" => "Connecting"
2026-08-20 20:51:40.926 +04:00 [INF] [Sckt 16] subscription 1029 completed successfully
2026-08-20 20:51:40.928 +04:00 [INF] UsdFutures order book SNDKUSDT status changed: "Connecting" => "Syncing"
2026-08-20 20:51:41.341 +04:00 [INF] UsdFutures order book SNDKUSDT status changed: "Syncing" => "Synced"
2026-08-20 20:51:41.342 +04:00 [INF] Futures book Binance:SNDKUSDT "Synced"
2026-08-20 20:51:41.343 +04:00 [INF] V5 order book SNDKUSDT status changed: "Disconnected" => "Connecting"
2026-08-20 20:51:42.351 +04:00 [INF] [Sckt 17] subscription 1033 completed successfully
2026-08-20 20:51:42.352 +04:00 [INF] V5 order book SNDKUSDT status changed: "Connecting" => "Syncing"
2026-08-20 20:51:42.353 +04:00 [INF] V5 order book SNDKUSDT status changed: "Syncing" => "Synced"
2026-08-20 20:51:42.354 +04:00 [INF] Futures book Bybit:SNDKUSDT "Synced"
2026-08-20 20:51:42.355 +04:00 [INF] Unified order book SNDK-USDT-SWAP status changed: "Disconnected" => "Connecting"
2026-08-20 20:51:43.656 +04:00 [INF] [Sckt 18] subscription 1036 completed successfully
2026-08-20 20:51:43.658 +04:00 [INF] Unified order book SNDK-USDT-SWAP status changed: "Connecting" => "Syncing"
2026-08-20 20:51:44.088 +04:00 [INF] Unified order book SNDK-USDT-SWAP status changed: "Syncing" => "Synced"
2026-08-20 20:51:44.094 +04:00 [INF] Futures book OKX:SNDKUSDT "Synced"
2026-08-20 20:51:44.096 +04:00 [INF] Futures order book SNDKUSDT status changed: "Disconnected" => "Connecting"
2026-08-20 20:51:45.181 +04:00 [INF] [Sckt 19] subscription 1038 completed successfully
2026-08-20 20:51:45.182 +04:00 [INF] Futures order book SNDKUSDT status changed: "Connecting" => "Syncing"
2026-08-20 20:51:45.183 +04:00 [INF] Futures order book SNDKUSDT status changed: "Syncing" => "Synced"
2026-08-20 20:51:45.184 +04:00 [INF] Futures book Bitget:SNDKUSDT "Synced"
2026-08-20 20:51:45.185 +04:00 [INF] PerpetualFutures order book SNDK_USDT status changed: "Disconnected" => "Connecting"
2026-08-20 20:51:46.818 +04:00 [INF] [Sckt 20] subscription 1040 completed successfully
2026-08-20 20:51:46.819 +04:00 [INF] PerpetualFutures order book SNDK_USDT status changed: "Connecting" => "Syncing"
2026-08-20 20:51:46.825 +04:00 [INF] PerpetualFutures order book SNDK_USDT status changed: "Syncing" => "Synced"
2026-08-20 20:51:46.826 +04:00 [INF] Futures book GateIo:SNDKUSDT "Synced"
2026-08-20 20:51:46.827 +04:00 [INF] UsdFutures order book SKHYNIXUSDT status changed: "Disconnected" => "Connecting"
2026-08-20 20:51:47.233 +04:00 [INF] [Sckt 16] subscription 1043 completed successfully
2026-08-20 20:51:47.234 +04:00 [INF] UsdFutures order book SKHYNIXUSDT status changed: "Connecting" => "Syncing"
2026-08-20 20:51:47.674 +04:00 [INF] UsdFutures order book SKHYNIXUSDT status changed: "Syncing" => "Synced"
2026-08-20 20:51:47.675 +04:00 [INF] Futures book Binance:SKHYNIXUSDT "Synced"
2026-08-20 20:51:47.676 +04:00 [INF] V5 order book SKHYNIXUSDT status changed: "Disconnected" => "Connecting"
2026-08-20 20:51:47.896 +04:00 [INF] [Sckt 17] subscription 1048 completed successfully
2026-08-20 20:51:47.898 +04:00 [INF] V5 order book SKHYNIXUSDT status changed: "Connecting" => "Syncing"
2026-08-20 20:51:47.898 +04:00 [INF] V5 order book SKHYNIXUSDT status changed: "Syncing" => "Synced"
2026-08-20 20:51:47.899 +04:00 [INF] Futures book Bybit:SKHYNIXUSDT "Synced"
2026-08-20 20:51:47.900 +04:00 [INF] Unified order book SKHYNIX-USDT-SWAP status changed: "Disconnected" => "Connecting"
2026-08-20 20:51:48.298 +04:00 [INF] [Sckt 18] subscription 1051 completed successfully
2026-08-20 20:51:48.300 +04:00 [INF] Unified order book SKHYNIX-USDT-SWAP status changed: "Connecting" => "Syncing"
2026-08-20 20:51:48.604 +04:00 [INF] Unified order book SKHYNIX-USDT-SWAP status changed: "Syncing" => "Synced"
2026-08-20 20:51:48.605 +04:00 [INF] Futures book OKX:SKHYNIXUSDT "Synced"
2026-08-20 20:51:48.605 +04:00 [INF] Futures order book SKHYNIXUSDT status changed: "Disconnected" => "Connecting"
2026-08-20 20:51:48.876 +04:00 [INF] [Sckt 19] subscription 1053 completed successfully
2026-08-20 20:51:48.877 +04:00 [INF] Futures order book SKHYNIXUSDT status changed: "Connecting" => "Syncing"
2026-08-20 20:51:48.879 +04:00 [INF] Futures order book SKHYNIXUSDT status changed: "Syncing" => "Synced"
2026-08-20 20:51:48.879 +04:00 [INF] Futures book Bitget:SKHYNIXUSDT "Synced"
2026-08-20 20:51:48.880 +04:00 [INF] PerpetualFutures order book SKHYNIX_USDT status changed: "Disconnected" => "Connecting"
2026-08-20 20:51:49.205 +04:00 [INF] [Sckt 20] subscription 1057 completed successfully
2026-08-20 20:51:49.207 +04:00 [INF] PerpetualFutures order book SKHYNIX_USDT status changed: "Connecting" => "Syncing"
2026-08-20 20:51:49.208 +04:00 [INF] PerpetualFutures order book SKHYNIX_USDT status changed: "Syncing" => "Synced"
2026-08-20 20:51:49.210 +04:00 [INF] Futures book GateIo:SKHYNIXUSDT "Synced"
2026-08-20 20:51:49.210 +04:00 [INF] Exchange Binance: 12/12 streams live
2026-08-20 20:51:49.211 +04:00 [INF] Exchange Bybit: 12/12 streams live
2026-08-20 20:51:49.212 +04:00 [INF] Exchange OKX: 12/12 streams live
2026-08-20 20:51:49.213 +04:00 [INF] Exchange Bitget: 12/12 streams live
2026-08-20 20:51:49.213 +04:00 [INF] Exchange GateIo: 12/12 streams live
2026-08-20 20:51:52.881 +04:00 [INF] Futures scan: 1 candidate(s), best RT=-0.074% open=0.031%
2026-08-20 20:51:52.883 +04:00 [INF] Paper skip ZECUSDT: Already open on symbol open=0.031% RT=-0.074%
2026-08-20 20:51:56.540 +04:00 [INF] Futures scan: 1 candidate(s), best RT=-0.074% open=0.031%
2026-08-20 20:51:56.542 +04:00 [INF] Paper skip ZECUSDT: Already open on symbol open=0.031% RT=-0.074%
2026-08-20 20:52:06.305 +04:00 [INF] Futures scan: 1 candidate(s), best RT=-0.073% open=0.032%
2026-08-20 20:52:06.306 +04:00 [INF] Paper skip ZECUSDT: Already open on symbol open=0.032% RT=-0.073%
2026-08-20 20:52:13.630 +04:00 [INF] Futures scan: 1 candidate(s), best RT=-0.072% open=0.033%
2026-08-20 20:52:13.632 +04:00 [INF] Paper skip ZECUSDT: Already open on symbol open=0.033% RT=-0.072%
2026-08-20 20:52:16.059 +04:00 [INF] FUT PAPER CLOSE ZECUSDT pnl=-0.1678 reason=timeout lev=5x
2026-08-20 20:52:16.063 +04:00 [INF] Futures scan: 1 candidate(s), best RT=-0.072% open=0.033%
2026-08-20 20:52:16.070 +04:00 [INF] FUT PAPER OPEN ZECUSDT L:Binance S:Bybit qty=0.340507 lev=5x margin=40.00 edge=0.033%
2026-08-20 20:52:16.072 +04:00 [INF] Opened futures paper hedge: ZECUSDT: L Binance@586.55 / S Bybit@587.36 | RT -0.072% fund 0.009% → -0.064%
2026-08-20 20:52:18.522 +04:00 [INF] Futures scan: 1 candidate(s), best RT=-0.070% open=0.035%
2026-08-20 20:52:18.524 +04:00 [INF] Paper skip ZECUSDT: Cooldown 6000ms open=0.035% RT=-0.070%
2026-08-20 20:52:22.192 +04:00 [INF] Futures scan: 1 candidate(s), best RT=-0.070% open=0.035%
2026-08-20 20:52:22.194 +04:00 [INF] Paper skip ZECUSDT: Already open on symbol open=0.035% RT=-0.070%
2026-08-20 20:52:46.579 +04:00 [INF] Futures scan: 1 candidate(s), best RT=-0.050% open=0.055%
2026-08-20 20:52:46.581 +04:00 [INF] Paper skip ZECUSDT: Already open on symbol open=0.055% RT=-0.050%
2026-08-20 20:53:07.305 +04:00 [INF] Futures scan: 1 candidate(s), best RT=-0.070% open=0.035%
2026-08-20 20:53:07.306 +04:00 [INF] Paper skip ZECUSDT: Already open on symbol open=0.035% RT=-0.070%
2026-08-20 20:53:15.846 +04:00 [INF] Futures scan: 1 candidate(s), best RT=-0.065% open=0.040%
2026-08-20 20:53:15.848 +04:00 [INF] Paper skip ZECUSDT: Already open on symbol open=0.040% RT=-0.065%
2026-08-20 20:53:18.288 +04:00 [INF] Futures scan: 1 candidate(s), best RT=-0.068% open=0.037%
2026-08-20 20:53:18.290 +04:00 [INF] Paper skip ZECUSDT: Already open on symbol open=0.037% RT=-0.068%
2026-08-20 20:53:19.510 +04:00 [INF] Futures scan: 1 candidate(s), best RT=-0.063% open=0.042%
2026-08-20 20:53:19.512 +04:00 [INF] Paper skip ZECUSDT: Already open on symbol open=0.042% RT=-0.063%
2026-08-20 20:53:21.963 +04:00 [INF] Futures scan: 1 candidate(s), best RT=-0.070% open=0.035%
2026-08-20 20:53:21.965 +04:00 [INF] Paper skip ZECUSDT: Already open on symbol open=0.035% RT=-0.070%
2026-08-20 20:53:23.183 +04:00 [INF] Futures scan: 1 candidate(s), best RT=-0.075% open=0.030%
2026-08-20 20:53:23.184 +04:00 [INF] Paper skip ZECUSDT: Already open on symbol open=0.030% RT=-0.075%
2026-08-20 20:53:36.608 +04:00 [INF] Futures scan: 1 candidate(s), best RT=-0.074% open=0.031%
2026-08-20 20:53:36.610 +04:00 [INF] Paper skip ZECUSDT: Already open on symbol open=0.031% RT=-0.074%
2026-08-20 20:53:46.386 +04:00 [INF] Futures scan: 1 candidate(s), best RT=-0.068% open=0.037%
2026-08-20 20:53:46.388 +04:00 [INF] Paper skip ZECUSDT: Already open on symbol open=0.037% RT=-0.068%
2026-08-20 20:55:00.834 +04:00 [INF] Futures scan: 2 candidate(s), best RT=-0.046% open=0.059%
2026-08-20 20:55:00.840 +04:00 [INF] FUT PAPER OPEN WLDUSDT L:Bybit S:OKX qty=544.810678 lev=5x margin=40.00 edge=0.059%
2026-08-20 20:55:00.842 +04:00 [INF] Opened futures paper hedge: WLDUSDT: L Bybit@0.37 / S OKX@0.37 | RT -0.046% fund 0.000% → -0.046%
2026-08-20 20:55:02.059 +04:00 [INF] FUT PAPER CLOSE WLDUSDT pnl=0.0083 reason=converge lev=5x
2026-08-20 20:55:02.061 +04:00 [INF] Futures scan: 1 candidate(s), best RT=-0.059% open=0.046%
2026-08-20 20:55:02.063 +04:00 [INF] Paper skip ZECUSDT: Cooldown 6000ms open=0.046% RT=-0.059%
2026-08-20 20:55:04.520 +04:00 [INF] Futures scan: 1 candidate(s), best RT=-0.072% open=0.033%
2026-08-20 20:55:04.523 +04:00 [INF] Paper skip ZECUSDT: Cooldown 6000ms open=0.033% RT=-0.072%
2026-08-20 20:55:05.746 +04:00 [INF] Futures scan: 1 candidate(s), best RT=-0.074% open=0.031%
2026-08-20 20:55:05.748 +04:00 [INF] Paper skip ZECUSDT: Cooldown 6000ms open=0.031% RT=-0.074%
2026-08-20 20:55:19.216 +04:00 [INF] Futures scan: 1 candidate(s), best RT=-0.067% open=0.038%
2026-08-20 20:55:19.219 +04:00 [INF] Paper skip ZECUSDT: Already open on symbol open=0.038% RT=-0.067%
2026-08-20 20:55:20.442 +04:00 [INF] Futures scan: 1 candidate(s), best RT=-0.066% open=0.039%
2026-08-20 20:55:20.444 +04:00 [INF] Paper skip ZECUSDT: Already open on symbol open=0.039% RT=-0.066%
2026-08-20 20:56:15.474 +04:00 [INF] Futures scan: 1 candidate(s), best RT=-0.069% open=0.036%
2026-08-20 20:56:15.475 +04:00 [INF] Paper skip ZECUSDT: Already open on symbol open=0.036% RT=-0.069%
2026-08-20 20:56:22.812 +04:00 [INF] Futures scan: 1 candidate(s), best RT=-0.040% open=0.065%
2026-08-20 20:56:22.814 +04:00 [INF] Paper skip ZECUSDT: Already open on symbol open=0.065% RT=-0.040%
2026-08-20 20:56:44.841 +04:00 [INF] Futures scan: 1 candidate(s), best RT=-0.072% open=0.033%
2026-08-20 20:56:44.843 +04:00 [INF] Paper skip ZECUSDT: Already open on symbol open=0.033% RT=-0.072%
2026-08-20 20:58:36.169 +04:00 [INF] Futures scan: 1 candidate(s), best RT=-0.072% open=0.033%
2026-08-20 20:58:36.170 +04:00 [INF] Paper skip ZECUSDT: Already open on symbol open=0.033% RT=-0.072%
2026-08-20 20:58:37.396 +04:00 [INF] Futures scan: 1 candidate(s), best RT=-0.072% open=0.033%
2026-08-20 20:58:37.398 +04:00 [INF] Paper skip ZECUSDT: Already open on symbol open=0.033% RT=-0.072%
2026-08-20 20:59:36.123 +04:00 [INF] Futures scan: 1 candidate(s), best RT=-0.067% open=0.038%
2026-08-20 20:59:36.126 +04:00 [INF] Paper skip ZECUSDT: Already open on symbol open=0.038% RT=-0.067%
2026-08-20 20:59:37.360 +04:00 [INF] Futures scan: 1 candidate(s), best RT=-0.067% open=0.038%
2026-08-20 20:59:37.361 +04:00 [INF] Paper skip ZECUSDT: Already open on symbol open=0.038% RT=-0.067%
2026-08-20 21:00:21.435 +04:00 [INF] Futures scan: 1 candidate(s), best RT=-0.069% open=0.036%
2026-08-20 21:00:21.437 +04:00 [INF] Paper skip ZECUSDT: Already open on symbol open=0.036% RT=-0.069%
2026-08-20 21:00:54.492 +04:00 [INF] Futures scan: 1 candidate(s), best RT=-0.073% open=0.032%
2026-08-20 21:00:54.524 +04:00 [INF] Paper skip ZECUSDT: Already open on symbol open=0.032% RT=-0.073%
2026-08-20 21:02:48.363 +04:00 [INF] Futures scan: 1 candidate(s), best RT=-0.057% open=0.048%
2026-08-20 21:02:48.366 +04:00 [INF] Paper skip ZECUSDT: Already open on symbol open=0.048% RT=-0.057%
2026-08-20 21:04:10.422 +04:00 [INF] FUT PAPER CLOSE ZECUSDT pnl=-0.0436 reason=converge lev=5x
2026-08-20 21:09:44.182 +04:00 [INF] Paper analytics store: D:\Users\karap\source\repos\ArbitrageBot\ArbitrageBot\data\paper
2026-08-20 21:09:44.216 +04:00 [INF] Realtime broadcast started (WS books → SignalR every ~300ms)
2026-08-20 21:09:44.221 +04:00 [INF] Discovery: public tickers Binance/Bybit/OKX (arb band 5000000–500000000 USDT vol, top 15)
2026-08-20 21:09:45.322 +04:00 [INF] Binance fapi: 692 USDT perps with volume
2026-08-20 21:09:46.318 +04:00 [INF] Bybit linear: 724 USDT perps with volume
2026-08-20 21:09:46.720 +04:00 [INF] OKX SWAP: 432 USDT perps with volume
2026-08-20 21:09:47.353 +04:00 [INF] Bitget USDT-FUTURES: 755 tickers with volume
2026-08-20 21:09:50.327 +04:00 [INF] GateIo USDT futures: 935 tickers with volume
2026-08-20 21:09:50.946 +04:00 [INF] Discovered 15 arb pairs: DOGEUSDT@5ex/287.8M, SUIUSDT@5ex/89.9M, SNDKUSDT@5ex/302M, SOXLUSDT@5ex/194.4M, XAUUSDT@5ex/192M, ENAUSDT@5ex/78.7M, HYPEUSDT@5ex/364.6M, SOLUSDT@5ex/393.1M, SKHYNIXUSDT@5ex/170.2M, SPCXUSDT@5ex/147.9M, WLDUSDT@5ex/59.6M, ADAUSDT@5ex/119M, TRUMPUSDT@5ex/98.1M, KORUUSDT@5ex/92.3M, ARBUSDT@5ex/33.6M
2026-08-20 21:09:50.948 +04:00 [INF] Start | Strategy=FuturesCross | Mode=PAPER | Symbols=DOGEUSDT,SUIUSDT,SNDKUSDT,SOXLUSDT,XAUUSDT,ENAUSDT,HYPEUSDT,SOLUSDT,SKHYNIXUSDT,SPCXUSDT,WLDUSDT,ADAUSDT,TRUMPUSDT,KORUUSDT,ARBUSDT | Ex=Binance,Bybit,OKX,Bitget,GateIo
2026-08-20 21:09:50.952 +04:00 [INF] Futures paper margin initialized: 50000 USDT x 5 exchanges
2026-08-20 21:09:50.980 +04:00 [INF] UsdFutures order book DOGEUSDT status changed: "Disconnected" => "Connecting"
2026-08-20 21:09:52.802 +04:00 [INF] [Sckt 1] subscription 6 completed successfully
2026-08-20 21:09:52.805 +04:00 [INF] UsdFutures order book DOGEUSDT status changed: "Connecting" => "Syncing"
2026-08-20 21:09:53.217 +04:00 [INF] UsdFutures order book DOGEUSDT status changed: "Syncing" => "Synced"
2026-08-20 21:09:53.225 +04:00 [INF] Futures book Binance:DOGEUSDT "Synced"
2026-08-20 21:09:53.231 +04:00 [INF] V5 order book DOGEUSDT status changed: "Disconnected" => "Connecting"
2026-08-20 21:09:54.303 +04:00 [INF] [Sckt 2] subscription 10 completed successfully
2026-08-20 21:09:54.305 +04:00 [INF] V5 order book DOGEUSDT status changed: "Connecting" => "Syncing"
2026-08-20 21:09:54.306 +04:00 [INF] V5 order book DOGEUSDT status changed: "Syncing" => "Synced"
2026-08-20 21:09:54.307 +04:00 [INF] Futures book Bybit:DOGEUSDT "Synced"
2026-08-20 21:09:54.313 +04:00 [INF] Unified order book DOGE-USDT-SWAP status changed: "Disconnected" => "Connecting"
2026-08-20 21:09:55.677 +04:00 [INF] [Sckt 3] subscription 14 completed successfully
2026-08-20 21:09:55.679 +04:00 [INF] Unified order book DOGE-USDT-SWAP status changed: "Connecting" => "Syncing"
2026-08-20 21:09:56.110 +04:00 [INF] Unified order book DOGE-USDT-SWAP status changed: "Syncing" => "Synced"
2026-08-20 21:09:56.111 +04:00 [INF] Futures book OKX:DOGEUSDT "Synced"
2026-08-20 21:09:56.125 +04:00 [INF] Futures order book DOGEUSDT status changed: "Disconnected" => "Connecting"
2026-08-20 21:09:57.747 +04:00 [INF] [Sckt 4] subscription 16 completed successfully
2026-08-20 21:09:57.750 +04:00 [INF] Futures order book DOGEUSDT status changed: "Connecting" => "Syncing"
2026-08-20 21:09:57.807 +04:00 [INF] Futures order book DOGEUSDT status changed: "Syncing" => "Synced"
2026-08-20 21:09:57.809 +04:00 [INF] Futures book Bitget:DOGEUSDT "Synced"
2026-08-20 21:09:57.826 +04:00 [INF] PerpetualFutures order book DOGE_USDT status changed: "Disconnected" => "Connecting"
2026-08-20 21:09:59.685 +04:00 [INF] [Sckt 5] subscription 18 completed successfully
2026-08-20 21:09:59.687 +04:00 [INF] PerpetualFutures order book DOGE_USDT status changed: "Connecting" => "Syncing"
2026-08-20 21:09:59.688 +04:00 [INF] PerpetualFutures order book DOGE_USDT status changed: "Syncing" => "Synced"
2026-08-20 21:09:59.689 +04:00 [INF] Futures book GateIo:DOGEUSDT "Synced"
2026-08-20 21:09:59.690 +04:00 [INF] UsdFutures order book SUIUSDT status changed: "Disconnected" => "Connecting"
2026-08-20 21:10:00.092 +04:00 [INF] [Sckt 1] subscription 21 completed successfully
2026-08-20 21:10:00.094 +04:00 [INF] UsdFutures order book SUIUSDT status changed: "Connecting" => "Syncing"
2026-08-20 21:10:00.548 +04:00 [INF] UsdFutures order book SUIUSDT status changed: "Syncing" => "Synced"
2026-08-20 21:10:00.552 +04:00 [INF] Futures book Binance:SUIUSDT "Synced"
2026-08-20 21:10:00.554 +04:00 [INF] V5 order book SUIUSDT status changed: "Disconnected" => "Connecting"
2026-08-20 21:10:00.812 +04:00 [INF] [Sckt 2] subscription 25 completed successfully
2026-08-20 21:10:00.813 +04:00 [INF] V5 order book SUIUSDT status changed: "Connecting" => "Syncing"
2026-08-20 21:10:00.814 +04:00 [INF] V5 order book SUIUSDT status changed: "Syncing" => "Synced"
2026-08-20 21:10:00.816 +04:00 [INF] Futures book Bybit:SUIUSDT "Synced"
2026-08-20 21:10:00.817 +04:00 [INF] Unified order book SUI-USDT-SWAP status changed: "Disconnected" => "Connecting"
2026-08-20 21:10:01.139 +04:00 [INF] [Sckt 3] subscription 28 completed successfully
2026-08-20 21:10:01.141 +04:00 [INF] Unified order book SUI-USDT-SWAP status changed: "Connecting" => "Syncing"
2026-08-20 21:10:01.206 +04:00 [INF] Unified order book SUI-USDT-SWAP status changed: "Syncing" => "Synced"
2026-08-20 21:10:01.207 +04:00 [INF] Futures book OKX:SUIUSDT "Synced"
2026-08-20 21:10:01.208 +04:00 [INF] Futures order book SUIUSDT status changed: "Disconnected" => "Connecting"
2026-08-20 21:10:01.693 +04:00 [INF] [Sckt 4] subscription 30 completed successfully
2026-08-20 21:10:01.694 +04:00 [INF] Futures order book SUIUSDT status changed: "Connecting" => "Syncing"
2026-08-20 21:10:01.695 +04:00 [INF] Futures order book SUIUSDT status changed: "Syncing" => "Synced"
2026-08-20 21:10:01.696 +04:00 [INF] Futures book Bitget:SUIUSDT "Synced"
2026-08-20 21:10:01.697 +04:00 [INF] PerpetualFutures order book SUI_USDT status changed: "Disconnected" => "Connecting"
2026-08-20 21:10:02.018 +04:00 [INF] [Sckt 5] subscription 32 completed successfully
2026-08-20 21:10:02.019 +04:00 [INF] PerpetualFutures order book SUI_USDT status changed: "Connecting" => "Syncing"
2026-08-20 21:10:02.021 +04:00 [INF] PerpetualFutures order book SUI_USDT status changed: "Syncing" => "Synced"
2026-08-20 21:10:02.022 +04:00 [INF] Futures book GateIo:SUIUSDT "Synced"
2026-08-20 21:10:02.023 +04:00 [INF] UsdFutures order book SNDKUSDT status changed: "Disconnected" => "Connecting"
2026-08-20 21:10:02.397 +04:00 [INF] [Sckt 1] subscription 35 completed successfully
2026-08-20 21:10:02.399 +04:00 [INF] UsdFutures order book SNDKUSDT status changed: "Connecting" => "Syncing"
2026-08-20 21:10:03.017 +04:00 [INF] UsdFutures order book SNDKUSDT status changed: "Syncing" => "Synced"
2026-08-20 21:10:03.018 +04:00 [INF] Futures book Binance:SNDKUSDT "Synced"
2026-08-20 21:10:03.019 +04:00 [INF] V5 order book SNDKUSDT status changed: "Disconnected" => "Connecting"
2026-08-20 21:10:03.334 +04:00 [INF] [Sckt 2] subscription 39 completed successfully
2026-08-20 21:10:03.335 +04:00 [INF] V5 order book SNDKUSDT status changed: "Connecting" => "Syncing"
2026-08-20 21:10:03.336 +04:00 [INF] V5 order book SNDKUSDT status changed: "Syncing" => "Synced"
2026-08-20 21:10:03.337 +04:00 [INF] Futures book Bybit:SNDKUSDT "Synced"
2026-08-20 21:10:03.338 +04:00 [INF] Unified order book SNDK-USDT-SWAP status changed: "Disconnected" => "Connecting"
2026-08-20 21:10:03.659 +04:00 [INF] [Sckt 3] subscription 42 completed successfully
2026-08-20 21:10:03.661 +04:00 [INF] Unified order book SNDK-USDT-SWAP status changed: "Connecting" => "Syncing"
2026-08-20 21:10:03.910 +04:00 [INF] Unified order book SNDK-USDT-SWAP status changed: "Syncing" => "Synced"
2026-08-20 21:10:03.912 +04:00 [INF] Futures book OKX:SNDKUSDT "Synced"
2026-08-20 21:10:03.913 +04:00 [INF] Futures order book SNDKUSDT status changed: "Disconnected" => "Connecting"
2026-08-20 21:10:04.229 +04:00 [INF] [Sckt 4] subscription 44 completed successfully
2026-08-20 21:10:04.231 +04:00 [INF] Futures order book SNDKUSDT status changed: "Connecting" => "Syncing"
2026-08-20 21:10:04.232 +04:00 [INF] Futures order book SNDKUSDT status changed: "Syncing" => "Synced"
2026-08-20 21:10:04.233 +04:00 [INF] Futures book Bitget:SNDKUSDT "Synced"
2026-08-20 21:10:04.234 +04:00 [INF] PerpetualFutures order book SNDK_USDT status changed: "Disconnected" => "Connecting"
2026-08-20 21:10:04.556 +04:00 [INF] [Sckt 5] subscription 46 completed successfully
2026-08-20 21:10:04.557 +04:00 [INF] PerpetualFutures order book SNDK_USDT status changed: "Connecting" => "Syncing"
2026-08-20 21:10:04.558 +04:00 [INF] PerpetualFutures order book SNDK_USDT status changed: "Syncing" => "Synced"
2026-08-20 21:10:04.560 +04:00 [INF] Futures book GateIo:SNDKUSDT "Synced"
2026-08-20 21:10:04.561 +04:00 [INF] UsdFutures order book SOXLUSDT status changed: "Disconnected" => "Connecting"
2026-08-20 21:10:04.934 +04:00 [INF] [Sckt 1] subscription 49 completed successfully
2026-08-20 21:10:04.935 +04:00 [INF] UsdFutures order book SOXLUSDT status changed: "Connecting" => "Syncing"
2026-08-20 21:10:05.474 +04:00 [INF] UsdFutures order book SOXLUSDT status changed: "Syncing" => "Synced"
2026-08-20 21:10:05.476 +04:00 [INF] Futures book Binance:SOXLUSDT "Synced"
2026-08-20 21:10:05.476 +04:00 [INF] V5 order book SOXLUSDT status changed: "Disconnected" => "Connecting"
2026-08-20 21:10:05.900 +04:00 [INF] [Sckt 2] subscription 53 completed successfully
2026-08-20 21:10:05.902 +04:00 [INF] V5 order book SOXLUSDT status changed: "Connecting" => "Syncing"
2026-08-20 21:10:05.903 +04:00 [INF] V5 order book SOXLUSDT status changed: "Syncing" => "Synced"
2026-08-20 21:10:05.904 +04:00 [INF] Futures book Bybit:SOXLUSDT "Synced"
2026-08-20 21:10:05.905 +04:00 [INF] Unified order book SOXL-USDT-SWAP status changed: "Disconnected" => "Connecting"
2026-08-20 21:10:06.226 +04:00 [INF] [Sckt 3] subscription 56 completed successfully
2026-08-20 21:10:06.228 +04:00 [INF] Unified order book SOXL-USDT-SWAP status changed: "Connecting" => "Syncing"
2026-08-20 21:10:06.284 +04:00 [INF] Unified order book SOXL-USDT-SWAP status changed: "Syncing" => "Synced"
2026-08-20 21:10:06.286 +04:00 [INF] Futures book OKX:SOXLUSDT "Synced"
2026-08-20 21:10:06.286 +04:00 [INF] Futures order book SOXLUSDT status changed: "Disconnected" => "Connecting"
2026-08-20 21:10:06.776 +04:00 [INF] [Sckt 4] subscription 58 completed successfully
2026-08-20 21:10:06.777 +04:00 [INF] Futures order book SOXLUSDT status changed: "Connecting" => "Syncing"
2026-08-20 21:10:06.778 +04:00 [INF] Futures order book SOXLUSDT status changed: "Syncing" => "Synced"
2026-08-20 21:10:06.779 +04:00 [INF] Futures book Bitget:SOXLUSDT "Synced"
2026-08-20 21:10:06.780 +04:00 [INF] PerpetualFutures order book SOXL_USDT status changed: "Disconnected" => "Connecting"
2026-08-20 21:10:07.103 +04:00 [INF] [Sckt 5] subscription 60 completed successfully
2026-08-20 21:10:07.104 +04:00 [INF] PerpetualFutures order book SOXL_USDT status changed: "Connecting" => "Syncing"
2026-08-20 21:10:07.105 +04:00 [INF] PerpetualFutures order book SOXL_USDT status changed: "Syncing" => "Synced"
2026-08-20 21:10:07.106 +04:00 [INF] Futures book GateIo:SOXLUSDT "Synced"
2026-08-20 21:10:07.107 +04:00 [INF] UsdFutures order book XAUUSDT status changed: "Disconnected" => "Connecting"
2026-08-20 21:10:07.836 +04:00 [INF] [Sckt 1] subscription 63 completed successfully
2026-08-20 21:10:07.838 +04:00 [INF] UsdFutures order book XAUUSDT status changed: "Connecting" => "Syncing"
2026-08-20 21:10:08.286 +04:00 [INF] UsdFutures order book XAUUSDT status changed: "Syncing" => "Synced"
2026-08-20 21:10:08.288 +04:00 [INF] Futures book Binance:XAUUSDT "Synced"
2026-08-20 21:10:08.288 +04:00 [INF] V5 order book XAUUSDT status changed: "Disconnected" => "Connecting"
2026-08-20 21:10:08.548 +04:00 [INF] [Sckt 2] subscription 67 completed successfully
2026-08-20 21:10:08.550 +04:00 [INF] V5 order book XAUUSDT status changed: "Connecting" => "Syncing"
2026-08-20 21:10:08.552 +04:00 [INF] V5 order book XAUUSDT status changed: "Syncing" => "Synced"
2026-08-20 21:10:08.553 +04:00 [INF] Futures book Bybit:XAUUSDT "Synced"
2026-08-20 21:10:08.554 +04:00 [INF] Unified order book XAU-USDT-SWAP status changed: "Disconnected" => "Connecting"
2026-08-20 21:10:08.878 +04:00 [INF] [Sckt 3] subscription 70 completed successfully
2026-08-20 21:10:08.880 +04:00 [INF] Unified order book XAU-USDT-SWAP status changed: "Connecting" => "Syncing"
2026-08-20 21:10:09.003 +04:00 [INF] Unified order book XAU-USDT-SWAP status changed: "Syncing" => "Synced"
2026-08-20 21:10:09.005 +04:00 [INF] Futures book OKX:XAUUSDT "Synced"
2026-08-20 21:10:09.006 +04:00 [INF] Futures order book XAUUSDT status changed: "Disconnected" => "Connecting"
2026-08-20 21:10:09.356 +04:00 [INF] [Sckt 4] subscription 72 completed successfully
2026-08-20 21:10:09.357 +04:00 [INF] Futures order book XAUUSDT status changed: "Connecting" => "Syncing"
2026-08-20 21:10:09.358 +04:00 [INF] Futures order book XAUUSDT status changed: "Syncing" => "Synced"
2026-08-20 21:10:09.359 +04:00 [INF] Futures book Bitget:XAUUSDT "Synced"
2026-08-20 21:10:09.361 +04:00 [INF] PerpetualFutures order book XAU_USDT status changed: "Disconnected" => "Connecting"
2026-08-20 21:10:09.683 +04:00 [INF] [Sckt 5] subscription 74 completed successfully
2026-08-20 21:10:09.685 +04:00 [INF] PerpetualFutures order book XAU_USDT status changed: "Connecting" => "Syncing"
2026-08-20 21:10:09.686 +04:00 [INF] PerpetualFutures order book XAU_USDT status changed: "Syncing" => "Synced"
2026-08-20 21:10:09.687 +04:00 [INF] Futures book GateIo:XAUUSDT "Synced"
2026-08-20 21:10:09.688 +04:00 [INF] UsdFutures order book ENAUSDT status changed: "Disconnected" => "Connecting"
2026-08-20 21:10:10.108 +04:00 [INF] [Sckt 1] subscription 77 completed successfully
2026-08-20 21:10:10.109 +04:00 [INF] UsdFutures order book ENAUSDT status changed: "Connecting" => "Syncing"
2026-08-20 21:10:10.523 +04:00 [INF] UsdFutures order book ENAUSDT status changed: "Syncing" => "Synced"
2026-08-20 21:10:10.542 +04:00 [INF] Futures book Binance:ENAUSDT "Synced"
2026-08-20 21:10:10.543 +04:00 [INF] V5 order book ENAUSDT status changed: "Disconnected" => "Connecting"
2026-08-20 21:10:10.800 +04:00 [INF] [Sckt 2] subscription 81 completed successfully
2026-08-20 21:10:10.806 +04:00 [INF] V5 order book ENAUSDT status changed: "Connecting" => "Syncing"
2026-08-20 21:10:10.807 +04:00 [INF] V5 order book ENAUSDT status changed: "Syncing" => "Synced"
2026-08-20 21:10:10.827 +04:00 [INF] Futures book Bybit:ENAUSDT "Synced"
2026-08-20 21:10:10.827 +04:00 [INF] Unified order book ENA-USDT-SWAP status changed: "Disconnected" => "Connecting"
2026-08-20 21:10:11.149 +04:00 [INF] [Sckt 3] subscription 84 completed successfully
2026-08-20 21:10:11.192 +04:00 [INF] Unified order book ENA-USDT-SWAP status changed: "Connecting" => "Syncing"
2026-08-20 21:10:11.378 +04:00 [INF] Unified order book ENA-USDT-SWAP status changed: "Syncing" => "Synced"
2026-08-20 21:10:11.436 +04:00 [INF] Futures book OKX:ENAUSDT "Synced"
2026-08-20 21:10:11.436 +04:00 [INF] Futures order book ENAUSDT status changed: "Disconnected" => "Connecting"
2026-08-20 21:10:11.755 +04:00 [INF] [Sckt 4] subscription 86 completed successfully
2026-08-20 21:10:11.756 +04:00 [INF] Futures order book ENAUSDT status changed: "Connecting" => "Syncing"
2026-08-20 21:10:11.757 +04:00 [INF] Futures order book ENAUSDT status changed: "Syncing" => "Synced"
2026-08-20 21:10:11.758 +04:00 [INF] Futures book Bitget:ENAUSDT "Synced"
2026-08-20 21:10:11.759 +04:00 [INF] PerpetualFutures order book ENA_USDT status changed: "Disconnected" => "Connecting"
2026-08-20 21:10:12.080 +04:00 [INF] [Sckt 5] subscription 88 completed successfully
2026-08-20 21:10:12.081 +04:00 [INF] PerpetualFutures order book ENA_USDT status changed: "Connecting" => "Syncing"
2026-08-20 21:10:12.082 +04:00 [INF] PerpetualFutures order book ENA_USDT status changed: "Syncing" => "Synced"
2026-08-20 21:10:12.083 +04:00 [INF] Futures book GateIo:ENAUSDT "Synced"
2026-08-20 21:10:12.084 +04:00 [INF] UsdFutures order book HYPEUSDT status changed: "Disconnected" => "Connecting"
2026-08-20 21:10:12.410 +04:00 [INF] [Sckt 1] subscription 91 completed successfully
2026-08-20 21:10:12.412 +04:00 [INF] UsdFutures order book HYPEUSDT status changed: "Connecting" => "Syncing"
2026-08-20 21:10:13.197 +04:00 [INF] UsdFutures order book HYPEUSDT status changed: "Syncing" => "Synced"
2026-08-20 21:10:13.199 +04:00 [INF] Futures book Binance:HYPEUSDT "Synced"
2026-08-20 21:10:13.200 +04:00 [INF] V5 order book HYPEUSDT status changed: "Disconnected" => "Connecting"
2026-08-20 21:10:13.404 +04:00 [INF] [Sckt 2] subscription 95 completed successfully
2026-08-20 21:10:13.407 +04:00 [INF] V5 order book HYPEUSDT status changed: "Connecting" => "Syncing"
2026-08-20 21:10:13.409 +04:00 [INF] V5 order book HYPEUSDT status changed: "Syncing" => "Synced"
2026-08-20 21:10:13.410 +04:00 [INF] Futures book Bybit:HYPEUSDT "Synced"
2026-08-20 21:10:13.411 +04:00 [INF] Unified order book HYPE-USDT-SWAP status changed: "Disconnected" => "Connecting"
2026-08-20 21:10:13.733 +04:00 [INF] [Sckt 3] subscription 100 completed successfully
2026-08-20 21:10:13.734 +04:00 [INF] Unified order book HYPE-USDT-SWAP status changed: "Connecting" => "Syncing"
2026-08-20 21:10:13.799 +04:00 [INF] Unified order book HYPE-USDT-SWAP status changed: "Syncing" => "Synced"
2026-08-20 21:10:13.800 +04:00 [INF] Futures book OKX:HYPEUSDT "Synced"
2026-08-20 21:10:13.801 +04:00 [INF] Futures order book HYPEUSDT status changed: "Disconnected" => "Connecting"
2026-08-20 21:10:14.070 +04:00 [INF] [Sckt 4] subscription 102 completed successfully
2026-08-20 21:10:14.072 +04:00 [INF] Futures order book HYPEUSDT status changed: "Connecting" => "Syncing"
2026-08-20 21:10:14.073 +04:00 [INF] Futures order book HYPEUSDT status changed: "Syncing" => "Synced"
2026-08-20 21:10:14.074 +04:00 [INF] Futures book Bitget:HYPEUSDT "Synced"
2026-08-20 21:10:14.075 +04:00 [INF] PerpetualFutures order book HYPE_USDT status changed: "Disconnected" => "Connecting"
2026-08-20 21:10:14.397 +04:00 [INF] [Sckt 5] subscription 104 completed successfully
2026-08-20 21:10:14.398 +04:00 [INF] PerpetualFutures order book HYPE_USDT status changed: "Connecting" => "Syncing"
2026-08-20 21:10:14.399 +04:00 [INF] PerpetualFutures order book HYPE_USDT status changed: "Syncing" => "Synced"
2026-08-20 21:10:14.400 +04:00 [INF] Futures book GateIo:HYPEUSDT "Synced"
2026-08-20 21:10:14.403 +04:00 [INF] UsdFutures order book SOLUSDT status changed: "Disconnected" => "Connecting"
2026-08-20 21:10:14.812 +04:00 [INF] [Sckt 1] subscription 108 completed successfully
2026-08-20 21:10:14.814 +04:00 [INF] UsdFutures order book SOLUSDT status changed: "Connecting" => "Syncing"
2026-08-20 21:10:15.480 +04:00 [INF] UsdFutures order book SOLUSDT status changed: "Syncing" => "Synced"
2026-08-20 21:10:15.482 +04:00 [INF] Futures book Binance:SOLUSDT "Synced"
2026-08-20 21:10:15.483 +04:00 [INF] V5 order book SOLUSDT status changed: "Disconnected" => "Connecting"
2026-08-20 21:10:15.719 +04:00 [INF] [Sckt 2] subscription 112 completed successfully
2026-08-20 21:10:15.720 +04:00 [INF] V5 order book SOLUSDT status changed: "Connecting" => "Syncing"
2026-08-20 21:10:15.723 +04:00 [INF] V5 order book SOLUSDT status changed: "Syncing" => "Synced"
2026-08-20 21:10:15.724 +04:00 [INF] Futures book Bybit:SOLUSDT "Synced"
2026-08-20 21:10:15.725 +04:00 [INF] Unified order book SOL-USDT-SWAP status changed: "Disconnected" => "Connecting"
2026-08-20 21:10:16.053 +04:00 [INF] [Sckt 3] subscription 115 completed successfully
2026-08-20 21:10:16.054 +04:00 [INF] Unified order book SOL-USDT-SWAP status changed: "Connecting" => "Syncing"
2026-08-20 21:10:16.176 +04:00 [INF] Unified order book SOL-USDT-SWAP status changed: "Syncing" => "Synced"
2026-08-20 21:10:16.177 +04:00 [INF] Futures book OKX:SOLUSDT "Synced"
2026-08-20 21:10:16.178 +04:00 [INF] Futures order book SOLUSDT status changed: "Disconnected" => "Connecting"
2026-08-20 21:10:16.502 +04:00 [INF] [Sckt 4] subscription 117 completed successfully
2026-08-20 21:10:16.503 +04:00 [INF] Futures order book SOLUSDT status changed: "Connecting" => "Syncing"
2026-08-20 21:10:16.504 +04:00 [INF] Futures order book SOLUSDT status changed: "Syncing" => "Synced"
2026-08-20 21:10:16.505 +04:00 [INF] Futures book Bitget:SOLUSDT "Synced"
2026-08-20 21:10:16.506 +04:00 [INF] PerpetualFutures order book SOL_USDT status changed: "Disconnected" => "Connecting"
2026-08-20 21:10:16.828 +04:00 [INF] [Sckt 5] subscription 119 completed successfully
2026-08-20 21:10:16.828 +04:00 [INF] PerpetualFutures order book SOL_USDT status changed: "Connecting" => "Syncing"
2026-08-20 21:10:16.829 +04:00 [INF] PerpetualFutures order book SOL_USDT status changed: "Syncing" => "Synced"
2026-08-20 21:10:16.830 +04:00 [INF] Futures book GateIo:SOLUSDT "Synced"
2026-08-20 21:10:16.831 +04:00 [INF] UsdFutures order book SKHYNIXUSDT status changed: "Disconnected" => "Connecting"
2026-08-20 21:10:17.214 +04:00 [INF] [Sckt 1] subscription 122 completed successfully
2026-08-20 21:10:17.216 +04:00 [INF] UsdFutures order book SKHYNIXUSDT status changed: "Connecting" => "Syncing"
2026-08-20 21:10:17.614 +04:00 [INF] UsdFutures order book SKHYNIXUSDT status changed: "Syncing" => "Synced"
2026-08-20 21:10:17.615 +04:00 [INF] Futures book Binance:SKHYNIXUSDT "Synced"
2026-08-20 21:10:17.617 +04:00 [INF] V5 order book SKHYNIXUSDT status changed: "Disconnected" => "Connecting"
2026-08-20 21:10:17.866 +04:00 [INF] [Sckt 2] subscription 126 completed successfully
2026-08-20 21:10:17.867 +04:00 [INF] V5 order book SKHYNIXUSDT status changed: "Connecting" => "Syncing"
2026-08-20 21:10:17.868 +04:00 [INF] V5 order book SKHYNIXUSDT status changed: "Syncing" => "Synced"
2026-08-20 21:10:17.868 +04:00 [INF] Futures book Bybit:SKHYNIXUSDT "Synced"
2026-08-20 21:10:17.869 +04:00 [INF] Unified order book SKHYNIX-USDT-SWAP status changed: "Disconnected" => "Connecting"
2026-08-20 21:10:18.195 +04:00 [INF] [Sckt 3] subscription 129 completed successfully
2026-08-20 21:10:18.196 +04:00 [INF] Unified order book SKHYNIX-USDT-SWAP status changed: "Connecting" => "Syncing"
2026-08-20 21:10:18.322 +04:00 [INF] Unified order book SKHYNIX-USDT-SWAP status changed: "Syncing" => "Synced"
2026-08-20 21:10:18.324 +04:00 [INF] Futures book OKX:SKHYNIXUSDT "Synced"
2026-08-20 21:10:18.325 +04:00 [INF] Futures order book SKHYNIXUSDT status changed: "Disconnected" => "Connecting"
2026-08-20 21:10:18.613 +04:00 [INF] [Sckt 4] subscription 131 completed successfully
2026-08-20 21:10:18.615 +04:00 [INF] Futures order book SKHYNIXUSDT status changed: "Connecting" => "Syncing"
2026-08-20 21:10:18.616 +04:00 [INF] Futures order book SKHYNIXUSDT status changed: "Syncing" => "Synced"
2026-08-20 21:10:18.616 +04:00 [INF] Futures book Bitget:SKHYNIXUSDT "Synced"
2026-08-20 21:10:18.617 +04:00 [INF] PerpetualFutures order book SKHYNIX_USDT status changed: "Disconnected" => "Connecting"
2026-08-20 21:10:18.939 +04:00 [INF] [Sckt 5] subscription 133 completed successfully
2026-08-20 21:10:18.940 +04:00 [INF] PerpetualFutures order book SKHYNIX_USDT status changed: "Connecting" => "Syncing"
2026-08-20 21:10:18.941 +04:00 [INF] PerpetualFutures order book SKHYNIX_USDT status changed: "Syncing" => "Synced"
2026-08-20 21:10:18.942 +04:00 [INF] Futures book GateIo:SKHYNIXUSDT "Synced"
2026-08-20 21:10:18.943 +04:00 [INF] UsdFutures order book SPCXUSDT status changed: "Disconnected" => "Connecting"
2026-08-20 21:10:19.320 +04:00 [INF] [Sckt 1] subscription 136 completed successfully
2026-08-20 21:10:19.322 +04:00 [INF] UsdFutures order book SPCXUSDT status changed: "Connecting" => "Syncing"
2026-08-20 21:10:19.740 +04:00 [INF] UsdFutures order book SPCXUSDT status changed: "Syncing" => "Synced"
2026-08-20 21:10:19.743 +04:00 [INF] Futures book Binance:SPCXUSDT "Synced"
2026-08-20 21:10:19.743 +04:00 [INF] V5 order book SPCXUSDT status changed: "Disconnected" => "Connecting"
2026-08-20 21:10:20.081 +04:00 [INF] [Sckt 2] subscription 140 completed successfully
2026-08-20 21:10:20.083 +04:00 [INF] V5 order book SPCXUSDT status changed: "Connecting" => "Syncing"
2026-08-20 21:10:20.084 +04:00 [INF] V5 order book SPCXUSDT status changed: "Syncing" => "Synced"
2026-08-20 21:10:20.085 +04:00 [INF] Futures book Bybit:SPCXUSDT "Synced"
2026-08-20 21:10:20.085 +04:00 [INF] Unified order book SPCX-USDT-SWAP status changed: "Disconnected" => "Connecting"
2026-08-20 21:10:20.411 +04:00 [INF] [Sckt 3] subscription 143 completed successfully
2026-08-20 21:10:20.413 +04:00 [INF] Unified order book SPCX-USDT-SWAP status changed: "Connecting" => "Syncing"
2026-08-20 21:10:20.901 +04:00 [INF] Unified order book SPCX-USDT-SWAP status changed: "Syncing" => "Synced"
2026-08-20 21:10:20.903 +04:00 [INF] Futures book OKX:SPCXUSDT "Synced"
2026-08-20 21:10:20.904 +04:00 [INF] Futures order book SPCXUSDT status changed: "Disconnected" => "Connecting"
2026-08-20 21:10:21.261 +04:00 [INF] [Sckt 4] subscription 145 completed successfully
2026-08-20 21:10:21.262 +04:00 [INF] Futures order book SPCXUSDT status changed: "Connecting" => "Syncing"
2026-08-20 21:10:21.263 +04:00 [INF] Futures order book SPCXUSDT status changed: "Syncing" => "Synced"
2026-08-20 21:10:21.264 +04:00 [INF] Futures book Bitget:SPCXUSDT "Synced"
2026-08-20 21:10:21.265 +04:00 [INF] PerpetualFutures order book SPCX_USDT status changed: "Disconnected" => "Connecting"
2026-08-20 21:10:21.587 +04:00 [INF] [Sckt 5] subscription 147 completed successfully
2026-08-20 21:10:21.588 +04:00 [INF] PerpetualFutures order book SPCX_USDT status changed: "Connecting" => "Syncing"
2026-08-20 21:10:21.589 +04:00 [INF] PerpetualFutures order book SPCX_USDT status changed: "Syncing" => "Synced"
2026-08-20 21:10:21.590 +04:00 [INF] Futures book GateIo:SPCXUSDT "Synced"
2026-08-20 21:10:21.591 +04:00 [INF] UsdFutures order book WLDUSDT status changed: "Disconnected" => "Connecting"
2026-08-20 21:10:23.376 +04:00 [INF] [Sckt 6] subscription 150 completed successfully
2026-08-20 21:10:23.377 +04:00 [INF] UsdFutures order book WLDUSDT status changed: "Connecting" => "Syncing"
2026-08-20 21:10:23.768 +04:00 [INF] UsdFutures order book WLDUSDT status changed: "Syncing" => "Synced"
2026-08-20 21:10:23.770 +04:00 [INF] Futures book Binance:WLDUSDT "Synced"
2026-08-20 21:10:23.771 +04:00 [INF] V5 order book WLDUSDT status changed: "Disconnected" => "Connecting"
2026-08-20 21:10:24.595 +04:00 [INF] [Sckt 7] subscription 154 completed successfully
2026-08-20 21:10:24.595 +04:00 [INF] V5 order book WLDUSDT status changed: "Connecting" => "Syncing"
2026-08-20 21:10:24.596 +04:00 [INF] V5 order book WLDUSDT status changed: "Syncing" => "Synced"
2026-08-20 21:10:24.597 +04:00 [INF] Futures book Bybit:WLDUSDT "Synced"
2026-08-20 21:10:24.598 +04:00 [INF] Unified order book WLD-USDT-SWAP status changed: "Disconnected" => "Connecting"
2026-08-20 21:10:25.929 +04:00 [INF] [Sckt 8] subscription 157 completed successfully
2026-08-20 21:10:25.931 +04:00 [INF] Unified order book WLD-USDT-SWAP status changed: "Connecting" => "Syncing"
2026-08-20 21:10:26.430 +04:00 [INF] Unified order book WLD-USDT-SWAP status changed: "Syncing" => "Synced"
2026-08-20 21:10:26.432 +04:00 [INF] Futures book OKX:WLDUSDT "Synced"
2026-08-20 21:10:26.433 +04:00 [INF] Futures order book WLDUSDT status changed: "Disconnected" => "Connecting"
2026-08-20 21:10:28.230 +04:00 [INF] [Sckt 9] subscription 160 completed successfully
2026-08-20 21:10:28.233 +04:00 [INF] Futures order book WLDUSDT status changed: "Connecting" => "Syncing"
2026-08-20 21:10:28.234 +04:00 [INF] Futures order book WLDUSDT status changed: "Syncing" => "Synced"
2026-08-20 21:10:28.235 +04:00 [INF] Futures book Bitget:WLDUSDT "Synced"
2026-08-20 21:10:28.236 +04:00 [INF] PerpetualFutures order book WLD_USDT status changed: "Disconnected" => "Connecting"
2026-08-20 21:10:30.043 +04:00 [INF] [Sckt 10] subscription 164 completed successfully
2026-08-20 21:10:30.044 +04:00 [INF] PerpetualFutures order book WLD_USDT status changed: "Connecting" => "Syncing"
2026-08-20 21:10:30.045 +04:00 [INF] PerpetualFutures order book WLD_USDT status changed: "Syncing" => "Synced"
2026-08-20 21:10:30.046 +04:00 [INF] Futures book GateIo:WLDUSDT "Synced"
2026-08-20 21:10:30.047 +04:00 [INF] UsdFutures order book ADAUSDT status changed: "Disconnected" => "Connecting"
2026-08-20 21:10:30.384 +04:00 [INF] [Sckt 6] subscription 167 completed successfully
2026-08-20 21:10:30.385 +04:00 [INF] UsdFutures order book ADAUSDT status changed: "Connecting" => "Syncing"
2026-08-20 21:10:30.768 +04:00 [INF] UsdFutures order book ADAUSDT status changed: "Syncing" => "Synced"
2026-08-20 21:10:30.770 +04:00 [INF] Futures book Binance:ADAUSDT "Synced"
2026-08-20 21:10:30.770 +04:00 [INF] V5 order book ADAUSDT status changed: "Disconnected" => "Connecting"
2026-08-20 21:10:30.970 +04:00 [INF] [Sckt 7] subscription 171 completed successfully
2026-08-20 21:10:30.971 +04:00 [INF] V5 order book ADAUSDT status changed: "Connecting" => "Syncing"
2026-08-20 21:10:30.972 +04:00 [INF] V5 order book ADAUSDT status changed: "Syncing" => "Synced"
2026-08-20 21:10:30.973 +04:00 [INF] Futures book Bybit:ADAUSDT "Synced"
2026-08-20 21:10:30.974 +04:00 [INF] Unified order book ADA-USDT-SWAP status changed: "Disconnected" => "Connecting"
2026-08-20 21:10:31.307 +04:00 [INF] [Sckt 8] subscription 174 completed successfully
2026-08-20 21:10:31.309 +04:00 [INF] Unified order book ADA-USDT-SWAP status changed: "Connecting" => "Syncing"
2026-08-20 21:10:31.678 +04:00 [INF] Unified order book ADA-USDT-SWAP status changed: "Syncing" => "Synced"
2026-08-20 21:10:31.680 +04:00 [INF] Futures book OKX:ADAUSDT "Synced"
2026-08-20 21:10:31.681 +04:00 [INF] Futures order book ADAUSDT status changed: "Disconnected" => "Connecting"
2026-08-20 21:10:31.954 +04:00 [INF] [Sckt 9] subscription 176 completed successfully
2026-08-20 21:10:31.956 +04:00 [INF] Futures order book ADAUSDT status changed: "Connecting" => "Syncing"
2026-08-20 21:10:31.957 +04:00 [INF] Futures order book ADAUSDT status changed: "Syncing" => "Synced"
2026-08-20 21:10:31.959 +04:00 [INF] Futures book Bitget:ADAUSDT "Synced"
2026-08-20 21:10:31.960 +04:00 [INF] PerpetualFutures order book ADA_USDT status changed: "Disconnected" => "Connecting"
2026-08-20 21:10:32.297 +04:00 [INF] [Sckt 10] subscription 178 completed successfully
2026-08-20 21:10:32.298 +04:00 [INF] PerpetualFutures order book ADA_USDT status changed: "Connecting" => "Syncing"
2026-08-20 21:10:32.299 +04:00 [INF] PerpetualFutures order book ADA_USDT status changed: "Syncing" => "Synced"
2026-08-20 21:10:32.300 +04:00 [INF] Futures book GateIo:ADAUSDT "Synced"
2026-08-20 21:10:32.301 +04:00 [INF] UsdFutures order book TRUMPUSDT status changed: "Disconnected" => "Connecting"
2026-08-20 21:10:32.686 +04:00 [INF] [Sckt 6] subscription 181 completed successfully
2026-08-20 21:10:32.687 +04:00 [INF] UsdFutures order book TRUMPUSDT status changed: "Connecting" => "Syncing"
2026-08-20 21:10:33.069 +04:00 [INF] UsdFutures order book TRUMPUSDT status changed: "Syncing" => "Synced"
2026-08-20 21:10:33.070 +04:00 [INF] Futures book Binance:TRUMPUSDT "Synced"
2026-08-20 21:10:33.073 +04:00 [INF] V5 order book TRUMPUSDT status changed: "Disconnected" => "Connecting"
2026-08-20 21:10:33.274 +04:00 [INF] [Sckt 7] subscription 185 completed successfully
2026-08-20 21:10:33.275 +04:00 [INF] V5 order book TRUMPUSDT status changed: "Connecting" => "Syncing"
2026-08-20 21:10:33.276 +04:00 [INF] V5 order book TRUMPUSDT status changed: "Syncing" => "Synced"
2026-08-20 21:10:33.277 +04:00 [INF] Futures book Bybit:TRUMPUSDT "Synced"
2026-08-20 21:10:33.278 +04:00 [INF] Unified order book TRUMP-USDT-SWAP status changed: "Disconnected" => "Connecting"
2026-08-20 21:10:33.600 +04:00 [INF] [Sckt 8] subscription 188 completed successfully
2026-08-20 21:10:33.601 +04:00 [INF] Unified order book TRUMP-USDT-SWAP status changed: "Connecting" => "Syncing"
2026-08-20 21:10:33.903 +04:00 [INF] Unified order book TRUMP-USDT-SWAP status changed: "Syncing" => "Synced"
2026-08-20 21:10:33.905 +04:00 [INF] Futures book OKX:TRUMPUSDT "Synced"
2026-08-20 21:10:33.906 +04:00 [INF] Futures order book TRUMPUSDT status changed: "Disconnected" => "Connecting"
2026-08-20 21:10:34.179 +04:00 [INF] [Sckt 9] subscription 192 completed successfully
2026-08-20 21:10:34.180 +04:00 [INF] Futures order book TRUMPUSDT status changed: "Connecting" => "Syncing"
2026-08-20 21:10:34.182 +04:00 [INF] Futures order book TRUMPUSDT status changed: "Syncing" => "Synced"
2026-08-20 21:10:34.184 +04:00 [INF] Futures book Bitget:TRUMPUSDT "Synced"
2026-08-20 21:10:34.185 +04:00 [INF] PerpetualFutures order book TRUMP_USDT status changed: "Disconnected" => "Connecting"
2026-08-20 21:10:34.522 +04:00 [INF] [Sckt 10] subscription 194 completed successfully
2026-08-20 21:10:34.524 +04:00 [INF] PerpetualFutures order book TRUMP_USDT status changed: "Connecting" => "Syncing"
2026-08-20 21:10:34.527 +04:00 [INF] PerpetualFutures order book TRUMP_USDT status changed: "Syncing" => "Synced"
2026-08-20 21:10:34.527 +04:00 [INF] Futures book GateIo:TRUMPUSDT "Synced"
2026-08-20 21:10:34.528 +04:00 [INF] UsdFutures order book KORUUSDT status changed: "Disconnected" => "Connecting"
2026-08-20 21:10:34.890 +04:00 [INF] [Sckt 6] subscription 197 completed successfully
2026-08-20 21:10:34.891 +04:00 [INF] UsdFutures order book KORUUSDT status changed: "Connecting" => "Syncing"
2026-08-20 21:10:35.296 +04:00 [INF] UsdFutures order book KORUUSDT status changed: "Syncing" => "Synced"
2026-08-20 21:10:35.297 +04:00 [INF] Futures book Binance:KORUUSDT "Synced"
2026-08-20 21:10:35.298 +04:00 [INF] V5 order book KORUUSDT status changed: "Disconnected" => "Connecting"
2026-08-20 21:10:35.500 +04:00 [INF] [Sckt 7] subscription 202 completed successfully
2026-08-20 21:10:35.506 +04:00 [INF] V5 order book KORUUSDT status changed: "Connecting" => "Syncing"
2026-08-20 21:10:35.508 +04:00 [INF] V5 order book KORUUSDT status changed: "Syncing" => "Synced"
2026-08-20 21:10:35.510 +04:00 [INF] Futures book Bybit:KORUUSDT "Synced"
2026-08-20 21:10:35.510 +04:00 [INF] Unified order book KORU-USDT-SWAP status changed: "Disconnected" => "Connecting"
2026-08-20 21:10:35.833 +04:00 [INF] [Sckt 8] subscription 205 completed successfully
2026-08-20 21:10:35.834 +04:00 [INF] Unified order book KORU-USDT-SWAP status changed: "Connecting" => "Syncing"
2026-08-20 21:10:36.010 +04:00 [INF] Unified order book KORU-USDT-SWAP status changed: "Syncing" => "Synced"
2026-08-20 21:10:36.012 +04:00 [INF] Futures book OKX:KORUUSDT "Synced"
2026-08-20 21:10:36.013 +04:00 [INF] Futures order book KORUUSDT status changed: "Disconnected" => "Connecting"
2026-08-20 21:10:36.285 +04:00 [INF] [Sckt 9] subscription 207 completed successfully
2026-08-20 21:10:36.286 +04:00 [INF] Futures order book KORUUSDT status changed: "Connecting" => "Syncing"
2026-08-20 21:10:36.350 +04:00 [INF] Futures order book KORUUSDT status changed: "Syncing" => "Synced"
2026-08-20 21:10:36.353 +04:00 [INF] Futures book Bitget:KORUUSDT "Synced"
2026-08-20 21:10:36.355 +04:00 [INF] PerpetualFutures order book KORU_USDT status changed: "Disconnected" => "Connecting"
2026-08-20 21:10:36.698 +04:00 [INF] [Sckt 10] subscription 209 completed successfully
2026-08-20 21:10:36.699 +04:00 [INF] PerpetualFutures order book KORU_USDT status changed: "Connecting" => "Syncing"
2026-08-20 21:10:36.700 +04:00 [INF] PerpetualFutures order book KORU_USDT status changed: "Syncing" => "Synced"
2026-08-20 21:10:36.701 +04:00 [INF] Futures book GateIo:KORUUSDT "Synced"
2026-08-20 21:10:36.702 +04:00 [INF] UsdFutures order book ARBUSDT status changed: "Disconnected" => "Connecting"
2026-08-20 21:10:37.092 +04:00 [INF] [Sckt 6] subscription 212 completed successfully
2026-08-20 21:10:37.094 +04:00 [INF] UsdFutures order book ARBUSDT status changed: "Connecting" => "Syncing"
2026-08-20 21:10:37.511 +04:00 [INF] UsdFutures order book ARBUSDT status changed: "Syncing" => "Synced"
2026-08-20 21:10:37.514 +04:00 [INF] Futures book Binance:ARBUSDT "Synced"
2026-08-20 21:10:37.515 +04:00 [INF] V5 order book ARBUSDT status changed: "Disconnected" => "Connecting"
2026-08-20 21:10:37.716 +04:00 [INF] [Sckt 7] subscription 216 completed successfully
2026-08-20 21:10:37.717 +04:00 [INF] V5 order book ARBUSDT status changed: "Connecting" => "Syncing"
2026-08-20 21:10:37.726 +04:00 [INF] V5 order book ARBUSDT status changed: "Syncing" => "Synced"
2026-08-20 21:10:37.727 +04:00 [INF] Futures book Bybit:ARBUSDT "Synced"
2026-08-20 21:10:37.728 +04:00 [INF] Unified order book ARB-USDT-SWAP status changed: "Disconnected" => "Connecting"
2026-08-20 21:10:38.053 +04:00 [INF] [Sckt 8] subscription 219 completed successfully
2026-08-20 21:10:38.054 +04:00 [INF] Unified order book ARB-USDT-SWAP status changed: "Connecting" => "Syncing"
2026-08-20 21:10:38.429 +04:00 [INF] Unified order book ARB-USDT-SWAP status changed: "Syncing" => "Synced"
2026-08-20 21:10:38.430 +04:00 [INF] Futures book OKX:ARBUSDT "Synced"
2026-08-20 21:10:38.431 +04:00 [INF] Futures order book ARBUSDT status changed: "Disconnected" => "Connecting"
2026-08-20 21:10:38.752 +04:00 [INF] [Sckt 9] subscription 221 completed successfully
2026-08-20 21:10:38.754 +04:00 [INF] Futures order book ARBUSDT status changed: "Connecting" => "Syncing"
2026-08-20 21:10:38.760 +04:00 [INF] Futures order book ARBUSDT status changed: "Syncing" => "Synced"
2026-08-20 21:10:38.761 +04:00 [INF] Futures book Bitget:ARBUSDT "Synced"
2026-08-20 21:10:38.762 +04:00 [INF] PerpetualFutures order book ARB_USDT status changed: "Disconnected" => "Connecting"
2026-08-20 21:10:39.099 +04:00 [INF] [Sckt 10] subscription 223 completed successfully
2026-08-20 21:10:39.100 +04:00 [INF] PerpetualFutures order book ARB_USDT status changed: "Connecting" => "Syncing"
2026-08-20 21:10:39.101 +04:00 [INF] PerpetualFutures order book ARB_USDT status changed: "Syncing" => "Synced"
2026-08-20 21:10:39.103 +04:00 [INF] Futures book GateIo:ARBUSDT "Synced"
2026-08-20 21:10:39.107 +04:00 [INF] Exchange Binance: 15/15 streams live
2026-08-20 21:10:39.108 +04:00 [INF] Exchange Bybit: 15/15 streams live
2026-08-20 21:10:39.109 +04:00 [INF] Exchange OKX: 15/15 streams live
2026-08-20 21:10:39.110 +04:00 [INF] Exchange Bitget: 15/15 streams live
2026-08-20 21:10:39.111 +04:00 [INF] Exchange GateIo: 15/15 streams live
2026-08-20 21:10:39.113 +04:00 [INF] Futures books: Bitget:SNDKUSDT=Synced; GateIo:WLDUSDT=Synced; Bybit:SOXLUSDT=Synced; Bitget:SOXLUSDT=Synced; Bybit:KORUUSDT=Synced; Binance:ARBUSDT=Synced; GateIo:ADAUSDT=Synced; OKX:SPCXUSDT=Synced; OKX:SOLUSDT=Synced; Bybit:SPCXUSDT=Synced; Bybit:WLDUSDT=Synced; Bybit:TRUMPUSDT=Synced; Binance:SOLUSDT=Synced; Binance:SUIUSDT=Synced; GateIo:SNDKUSDT=Synced; GateIo:KORUUSDT=Synced; GateIo:SOXLUSDT=Synced; GateIo:XAUUSDT=Synced; GateIo:SPCXUSDT=Synced; Binance:SNDKUSDT=Synced; Bitget:TRUMPUSDT=Synced; OKX:SOXLUSDT=Synced; Bybit:SUIUSDT=Synced; Bitget:HYPEUSDT=Synced; Bybit:DOGEUSDT=Synced; Binance:TRUMPUSDT=Synced; Bitget:ARBUSDT=Synced; OKX:KORUUSDT=Synced; Binance:WLDUSDT=Synced; GateIo:HYPEUSDT=Synced; Binance:XAUUSDT=Synced; Binance:DOGEUSDT=Synced; Binance:SPCXUSDT=Synced; Bitget:DOGEUSDT=Synced; Binance:KORUUSDT=Synced; OKX:DOGEUSDT=Synced; Bybit:SNDKUSDT=Synced; Binance:ADAUSDT=Synced; Bybit:ENAUSDT=Synced; OKX:ADAUSDT=Synced; Binance:ENAUSDT=Synced; OKX:SNDKUSDT=Synced; Bitget:KORUUSDT=Synced; OKX:SUIUSDT=Synced; OKX:ARBUSDT=Synced; Bitget:SPCXUSDT=Synced; GateIo:ENAUSDT=Synced; GateIo:SOLUSDT=Synced; Bybit:XAUUSDT=Synced; OKX:ENAUSDT=Synced; OKX:XAUUSDT=Synced; GateIo:SKHYNIXUSDT=Synced; OKX:WLDUSDT=Synced; GateIo:SUIUSDT=Synced; Binance:SOXLUSDT=Synced; Binance:HYPEUSDT=Synced; Bybit:HYPEUSDT=Synced; Bitget:SOLUSDT=Synced; Bybit:ADAUSDT=Synced; Bitget:SKHYNIXUSDT=Synced; Bybit:SKHYNIXUSDT=Synced; GateIo:ARBUSDT=Synced; OKX:HYPEUSDT=Synced; Bybit:ARBUSDT=Synced; GateIo:DOGEUSDT=Synced; OKX:SKHYNIXUSDT=Synced; Bitget:SUIUSDT=Synced; Bitget:ADAUSDT=Synced; Bitget:WLDUSDT=Synced; Bitget:XAUUSDT=Synced; Binance:SKHYNIXUSDT=Synced; Bitget:ENAUSDT=Synced; OKX:TRUMPUSDT=Synced; Bybit:SOLUSDT=Synced; GateIo:TRUMPUSDT=Synced
2026-08-20 21:10:41.631 +04:00 [INF] Funding cache refresh for 15 symbols × 3 exchanges (TTL 45m)
2026-08-20 21:10:52.253 +04:00 [INF] Funding cache entries: 45
2026-08-20 21:13:30.870 +04:00 [INF] Trading UI settings saved (paper=true)
2026-08-20 21:24:43.472 +04:00 [INF] Futures scan: 1 candidate(s), best RT=-0.048% open=0.052%
2026-08-20 21:24:43.489 +04:00 [INF] FUT PAPER OPEN SNDKUSDT L:GateIo S:OKX qty=1.256147 lev=5x margin=400.00 edge=0.052%
2026-08-20 21:24:43.492 +04:00 [INF] Opened futures paper hedge (1): SNDKUSDT: L GateIo@1589.75 / S OKX@1592.17 | RT -0.048% fund 0.000% → -0.048%
2026-08-20 21:24:44.546 +04:00 [INF] FUT PAPER CLOSE SNDKUSDT pnl=-0.1386 reason=converge lev=5x
2026-08-20 21:24:51.704 +04:00 [INF] Discovery: public tickers Binance/Bybit/OKX (arb band 5000000–500000000 USDT vol, top 15)
2026-08-20 21:24:52.177 +04:00 [INF] Binance fapi: 692 USDT perps with volume
2026-08-20 21:24:53.037 +04:00 [INF] Bybit linear: 724 USDT perps with volume
2026-08-20 21:24:53.516 +04:00 [INF] OKX SWAP: 432 USDT perps with volume
2026-08-20 21:24:53.952 +04:00 [INF] Bitget USDT-FUTURES: 755 tickers with volume
2026-08-20 21:24:57.150 +04:00 [INF] GateIo USDT futures: 935 tickers with volume
2026-08-20 21:24:57.655 +04:00 [INF] Discovered 15 arb pairs: DOGEUSDT@5ex/296.1M, SUIUSDT@5ex/90.4M, SNDKUSDT@5ex/300.7M, SOXLUSDT@5ex/194M, ENAUSDT@5ex/79.8M, XAUUSDT@5ex/192.4M, HYPEUSDT@5ex/365M, SOLUSDT@5ex/389.5M, SKHYNIXUSDT@5ex/170.2M, SPCXUSDT@5ex/148.3M, WLDUSDT@5ex/59.3M, ADAUSDT@5ex/118.9M, TRUMPUSDT@5ex/98.6M, KORUUSDT@5ex/91.8M, ARBUSDT@5ex/33.6M
2026-08-20 21:24:57.661 +04:00 [INF] Symbol refresh (http-tickers-arb): [DOGEUSDT,SUIUSDT,SNDKUSDT,SOXLUSDT,XAUUSDT,ENAUSDT,HYPEUSDT,SOLUSDT,SKHYNIXUSDT,SPCXUSDT,WLDUSDT,ADAUSDT,TRUMPUSDT,KORUUSDT,ARBUSDT] → [DOGEUSDT,SUIUSDT,SNDKUSDT,SOXLUSDT,ENAUSDT,XAUUSDT,HYPEUSDT,SOLUSDT,SKHYNIXUSDT,SPCXUSDT,WLDUSDT,ADAUSDT,TRUMPUSDT,KORUUSDT,ARBUSDT] | changed=false
2026-08-20 21:31:32.474 +04:00 [INF] Futures scan: 1 candidate(s), best RT=-0.083% open=0.027%
2026-08-20 21:31:32.480 +04:00 [INF] FUT PAPER OPEN SPCXUSDT L:GateIo S:Bitget qty=15.210282 lev=5x margin=400.00 edge=0.027%
2026-08-20 21:31:32.482 +04:00 [INF] Opened futures paper hedge (1): SPCXUSDT: L GateIo@131.31 / S Bitget@131.49 | RT -0.083% fund 0.000% → -0.083%
2026-08-20 21:31:33.525 +04:00 [INF] Futures scan: 1 candidate(s), best RT=-0.075% open=0.035%
2026-08-20 21:31:33.527 +04:00 [INF] Paper skip SPCXUSDT: Cooldown 4000ms open=0.035% RT=-0.075%
2026-08-20 21:31:34.557 +04:00 [INF] Futures scan: 1 candidate(s), best RT=-0.075% open=0.035%
2026-08-20 21:31:34.558 +04:00 [INF] Paper skip SPCXUSDT: Cooldown 4000ms open=0.035% RT=-0.075%
2026-08-20 21:31:35.616 +04:00 [INF] Futures scan: 1 candidate(s), best RT=-0.083% open=0.027%
2026-08-20 21:31:35.618 +04:00 [INF] Paper skip SPCXUSDT: Cooldown 4000ms open=0.027% RT=-0.083%
2026-08-20 21:31:51.136 +04:00 [INF] Futures scan: 1 candidate(s), best RT=-0.082% open=0.028%
2026-08-20 21:31:51.138 +04:00 [INF] Paper skip SPCXUSDT: Already open on symbol open=0.028% RT=-0.082%
2026-08-20 21:32:01.458 +04:00 [INF] Futures scan: 1 candidate(s), best RT=-0.074% open=0.036%
2026-08-20 21:32:01.459 +04:00 [INF] Paper skip SPCXUSDT: Already open on symbol open=0.036% RT=-0.074%
2026-08-20 21:32:08.671 +04:00 [INF] Futures scan: 1 candidate(s), best RT=-0.085% open=0.025%
2026-08-20 21:32:08.674 +04:00 [INF] Paper skip SPCXUSDT: Already open on symbol open=0.025% RT=-0.085%
2026-08-20 21:32:09.697 +04:00 [INF] Futures scan: 1 candidate(s), best RT=-0.080% open=0.030%
2026-08-20 21:32:09.699 +04:00 [INF] Paper skip SPCXUSDT: Already open on symbol open=0.030% RT=-0.080%
2026-08-20 21:32:11.758 +04:00 [INF] Futures scan: 1 candidate(s), best RT=-0.083% open=0.027%
2026-08-20 21:32:11.759 +04:00 [INF] Paper skip SPCXUSDT: Already open on symbol open=0.027% RT=-0.083%
2026-08-20 21:32:13.815 +04:00 [INF] Futures scan: 1 candidate(s), best RT=-0.083% open=0.027%
2026-08-20 21:32:13.817 +04:00 [INF] Paper skip SPCXUSDT: Already open on symbol open=0.027% RT=-0.083%
2026-08-20 21:33:02.285 +04:00 [INF] Futures scan: 1 candidate(s), best RT=-0.083% open=0.027%
2026-08-20 21:33:02.287 +04:00 [INF] Paper skip SPCXUSDT: Already open on symbol open=0.027% RT=-0.083%
2026-08-20 21:33:04.364 +04:00 [INF] Futures scan: 1 candidate(s), best RT=-0.083% open=0.027%
2026-08-20 21:33:04.368 +04:00 [INF] Paper skip SPCXUSDT: Already open on symbol open=0.027% RT=-0.083%
2026-08-20 21:33:06.442 +04:00 [INF] Futures scan: 1 candidate(s), best RT=-0.083% open=0.027%
2026-08-20 21:33:06.444 +04:00 [INF] Paper skip SPCXUSDT: Already open on symbol open=0.027% RT=-0.083%
2026-08-20 21:33:07.479 +04:00 [INF] Futures scan: 1 candidate(s), best RT=-0.075% open=0.035%
2026-08-20 21:33:07.488 +04:00 [INF] Paper skip SPCXUSDT: Already open on symbol open=0.035% RT=-0.075%
2026-08-20 21:34:28.299 +04:00 [INF] Paper analytics store: D:\Users\karap\source\repos\ArbitrageBot\ArbitrageBot\data\paper
2026-08-20 21:34:28.334 +04:00 [INF] Realtime broadcast started (in-memory WS books → SignalR every 900ms; no REST in this loop)
2026-08-20 21:34:28.337 +04:00 [INF] Discovery: public tickers Binance/Bybit/OKX (arb band 5000000–500000000 USDT vol, top 15)
2026-08-20 21:34:29.352 +04:00 [INF] Binance fapi: 692 USDT perps with volume
2026-08-20 21:34:30.194 +04:00 [INF] Bybit linear: 724 USDT perps with volume
2026-08-20 21:34:30.594 +04:00 [INF] OKX SWAP: 432 USDT perps with volume
2026-08-20 21:34:31.013 +04:00 [INF] Bitget USDT-FUTURES: 755 tickers with volume
2026-08-20 21:34:34.030 +04:00 [INF] GateIo USDT futures: 935 tickers with volume
2026-08-20 21:34:34.879 +04:00 [INF] Discovered 15 arb pairs: DOGEUSDT@5ex/298.4M, SUIUSDT@5ex/90.1M, SNDKUSDT@5ex/300.7M, ENAUSDT@5ex/80.7M, SOXLUSDT@5ex/193.7M, XAUUSDT@5ex/192.8M, HYPEUSDT@5ex/364.5M, SOLUSDT@5ex/386.6M, SKHYNIXUSDT@5ex/170.3M, SPCXUSDT@5ex/149M, WLDUSDT@5ex/59.4M, ADAUSDT@5ex/119.5M, TRUMPUSDT@5ex/98.6M, KORUUSDT@5ex/91.8M, ARBUSDT@5ex/33.6M
2026-08-20 21:34:34.882 +04:00 [INF] Start | Strategy=FuturesCross | Mode=PAPER | Symbols=DOGEUSDT,SUIUSDT,SNDKUSDT,ENAUSDT,SOXLUSDT,XAUUSDT,HYPEUSDT,SOLUSDT,SKHYNIXUSDT,SPCXUSDT,WLDUSDT,ADAUSDT,TRUMPUSDT,KORUUSDT,ARBUSDT | Ex=Binance,Bybit,OKX,Bitget,GateIo
2026-08-20 21:34:34.886 +04:00 [INF] Futures paper margin initialized: 50000 USDT x 5 exchanges
2026-08-20 21:34:34.914 +04:00 [INF] UsdFutures order book DOGEUSDT status changed: "Disconnected" => "Connecting"
2026-08-20 21:34:36.835 +04:00 [INF] [Sckt 1] subscription 6 completed successfully
2026-08-20 21:34:36.839 +04:00 [INF] UsdFutures order book DOGEUSDT status changed: "Connecting" => "Syncing"
2026-08-20 21:34:37.270 +04:00 [INF] UsdFutures order book DOGEUSDT status changed: "Syncing" => "Synced"
2026-08-20 21:34:37.277 +04:00 [INF] Futures book Binance:DOGEUSDT "Synced"
2026-08-20 21:34:37.284 +04:00 [INF] V5 order book DOGEUSDT status changed: "Disconnected" => "Connecting"
2026-08-20 21:34:38.202 +04:00 [INF] [Sckt 2] subscription 10 completed successfully
2026-08-20 21:34:38.204 +04:00 [INF] V5 order book DOGEUSDT status changed: "Connecting" => "Syncing"
2026-08-20 21:34:38.205 +04:00 [INF] V5 order book DOGEUSDT status changed: "Syncing" => "Synced"
2026-08-20 21:34:38.206 +04:00 [INF] Futures book Bybit:DOGEUSDT "Synced"
2026-08-20 21:34:38.210 +04:00 [INF] Unified order book DOGE-USDT-SWAP status changed: "Disconnected" => "Connecting"
2026-08-20 21:34:39.733 +04:00 [INF] [Sckt 3] subscription 14 completed successfully
2026-08-20 21:34:39.735 +04:00 [INF] Unified order book DOGE-USDT-SWAP status changed: "Connecting" => "Syncing"
2026-08-20 21:34:40.222 +04:00 [INF] Unified order book DOGE-USDT-SWAP status changed: "Syncing" => "Synced"
2026-08-20 21:34:40.224 +04:00 [INF] Futures book OKX:DOGEUSDT "Synced"
2026-08-20 21:34:40.236 +04:00 [INF] Futures order book DOGEUSDT status changed: "Disconnected" => "Connecting"
2026-08-20 21:34:41.784 +04:00 [INF] [Sckt 4] subscription 16 completed successfully
2026-08-20 21:34:41.787 +04:00 [INF] Futures order book DOGEUSDT status changed: "Connecting" => "Syncing"
2026-08-20 21:34:41.838 +04:00 [INF] Futures order book DOGEUSDT status changed: "Syncing" => "Synced"
2026-08-20 21:34:41.840 +04:00 [INF] Futures book Bitget:DOGEUSDT "Synced"
2026-08-20 21:34:41.869 +04:00 [INF] PerpetualFutures order book DOGE_USDT status changed: "Disconnected" => "Connecting"
2026-08-20 21:34:43.672 +04:00 [INF] [Sckt 5] subscription 18 completed successfully
2026-08-20 21:34:43.674 +04:00 [INF] PerpetualFutures order book DOGE_USDT status changed: "Connecting" => "Syncing"
2026-08-20 21:34:43.674 +04:00 [INF] PerpetualFutures order book DOGE_USDT status changed: "Syncing" => "Synced"
2026-08-20 21:34:43.675 +04:00 [INF] Futures book GateIo:DOGEUSDT "Synced"
2026-08-20 21:34:43.676 +04:00 [INF] UsdFutures order book SUIUSDT status changed: "Disconnected" => "Connecting"
2026-08-20 21:34:44.025 +04:00 [INF] [Sckt 1] subscription 21 completed successfully
2026-08-20 21:34:44.027 +04:00 [INF] UsdFutures order book SUIUSDT status changed: "Connecting" => "Syncing"
2026-08-20 21:34:44.418 +04:00 [INF] UsdFutures order book SUIUSDT status changed: "Syncing" => "Synced"
2026-08-20 21:34:44.420 +04:00 [INF] Futures book Binance:SUIUSDT "Synced"
2026-08-20 21:34:44.421 +04:00 [INF] V5 order book SUIUSDT status changed: "Disconnected" => "Connecting"
2026-08-20 21:34:44.666 +04:00 [INF] [Sckt 2] subscription 25 completed successfully
2026-08-20 21:34:44.668 +04:00 [INF] V5 order book SUIUSDT status changed: "Connecting" => "Syncing"
2026-08-20 21:34:44.668 +04:00 [INF] V5 order book SUIUSDT status changed: "Syncing" => "Synced"
2026-08-20 21:34:44.669 +04:00 [INF] Futures book Bybit:SUIUSDT "Synced"
2026-08-20 21:34:44.671 +04:00 [INF] Unified order book SUI-USDT-SWAP status changed: "Disconnected" => "Connecting"
2026-08-20 21:34:44.996 +04:00 [INF] [Sckt 3] subscription 28 completed successfully
2026-08-20 21:34:44.997 +04:00 [INF] Unified order book SUI-USDT-SWAP status changed: "Connecting" => "Syncing"
2026-08-20 21:34:45.311 +04:00 [INF] Unified order book SUI-USDT-SWAP status changed: "Syncing" => "Synced"
2026-08-20 21:34:45.312 +04:00 [INF] Futures book OKX:SUIUSDT "Synced"
2026-08-20 21:34:45.313 +04:00 [INF] Futures order book SUIUSDT status changed: "Disconnected" => "Connecting"
2026-08-20 21:34:45.585 +04:00 [INF] [Sckt 4] subscription 30 completed successfully
2026-08-20 21:34:45.587 +04:00 [INF] Futures order book SUIUSDT status changed: "Connecting" => "Syncing"
2026-08-20 21:34:45.651 +04:00 [INF] Futures order book SUIUSDT status changed: "Syncing" => "Synced"
2026-08-20 21:34:45.652 +04:00 [INF] Futures book Bitget:SUIUSDT "Synced"
2026-08-20 21:34:45.653 +04:00 [INF] PerpetualFutures order book SUI_USDT status changed: "Disconnected" => "Connecting"
2026-08-20 21:34:45.991 +04:00 [INF] [Sckt 5] subscription 32 completed successfully
2026-08-20 21:34:45.992 +04:00 [INF] PerpetualFutures order book SUI_USDT status changed: "Connecting" => "Syncing"
2026-08-20 21:34:45.993 +04:00 [INF] PerpetualFutures order book SUI_USDT status changed: "Syncing" => "Synced"
2026-08-20 21:34:45.994 +04:00 [INF] Futures book GateIo:SUIUSDT "Synced"
2026-08-20 21:34:45.994 +04:00 [INF] UsdFutures order book SNDKUSDT status changed: "Disconnected" => "Connecting"
2026-08-20 21:34:46.427 +04:00 [INF] [Sckt 1] subscription 35 completed successfully
2026-08-20 21:34:46.429 +04:00 [INF] UsdFutures order book SNDKUSDT status changed: "Connecting" => "Syncing"
2026-08-20 21:34:46.816 +04:00 [INF] UsdFutures order book SNDKUSDT status changed: "Syncing" => "Synced"
2026-08-20 21:34:46.818 +04:00 [INF] Futures book Binance:SNDKUSDT "Synced"
2026-08-20 21:34:46.819 +04:00 [INF] V5 order book SNDKUSDT status changed: "Disconnected" => "Connecting"
2026-08-20 21:34:47.019 +04:00 [INF] [Sckt 2] subscription 39 completed successfully
2026-08-20 21:34:47.021 +04:00 [INF] V5 order book SNDKUSDT status changed: "Connecting" => "Syncing"
2026-08-20 21:34:47.022 +04:00 [INF] V5 order book SNDKUSDT status changed: "Syncing" => "Synced"
2026-08-20 21:34:47.022 +04:00 [INF] Futures book Bybit:SNDKUSDT "Synced"
2026-08-20 21:34:47.023 +04:00 [INF] Unified order book SNDK-USDT-SWAP status changed: "Disconnected" => "Connecting"
2026-08-20 21:34:47.348 +04:00 [INF] [Sckt 3] subscription 42 completed successfully
2026-08-20 21:34:47.350 +04:00 [INF] Unified order book SNDK-USDT-SWAP status changed: "Connecting" => "Syncing"
2026-08-20 21:34:47.414 +04:00 [INF] Unified order book SNDK-USDT-SWAP status changed: "Syncing" => "Synced"
2026-08-20 21:34:47.416 +04:00 [INF] Futures book OKX:SNDKUSDT "Synced"
2026-08-20 21:34:47.416 +04:00 [INF] Futures order book SNDKUSDT status changed: "Disconnected" => "Connecting"
2026-08-20 21:34:47.687 +04:00 [INF] [Sckt 4] subscription 44 completed successfully
2026-08-20 21:34:47.688 +04:00 [INF] Futures order book SNDKUSDT status changed: "Connecting" => "Syncing"
2026-08-20 21:34:47.739 +04:00 [INF] Futures order book SNDKUSDT status changed: "Syncing" => "Synced"
2026-08-20 21:34:47.741 +04:00 [INF] Futures book Bitget:SNDKUSDT "Synced"
2026-08-20 21:34:47.742 +04:00 [INF] PerpetualFutures order book SNDK_USDT status changed: "Disconnected" => "Connecting"
2026-08-20 21:34:48.081 +04:00 [INF] [Sckt 5] subscription 46 completed successfully
2026-08-20 21:34:48.083 +04:00 [INF] PerpetualFutures order book SNDK_USDT status changed: "Connecting" => "Syncing"
2026-08-20 21:34:48.084 +04:00 [INF] PerpetualFutures order book SNDK_USDT status changed: "Syncing" => "Synced"
2026-08-20 21:34:48.085 +04:00 [INF] Futures book GateIo:SNDKUSDT "Synced"
2026-08-20 21:34:48.086 +04:00 [INF] UsdFutures order book ENAUSDT status changed: "Disconnected" => "Connecting"
2026-08-20 21:34:48.463 +04:00 [INF] [Sckt 1] subscription 49 completed successfully
2026-08-20 21:34:48.464 +04:00 [INF] UsdFutures order book ENAUSDT status changed: "Connecting" => "Syncing"
2026-08-20 21:34:49.094 +04:00 [INF] UsdFutures order book ENAUSDT status changed: "Syncing" => "Synced"
2026-08-20 21:34:49.095 +04:00 [INF] Futures book Binance:ENAUSDT "Synced"
2026-08-20 21:34:49.096 +04:00 [INF] V5 order book ENAUSDT status changed: "Disconnected" => "Connecting"
2026-08-20 21:34:49.315 +04:00 [INF] [Sckt 2] subscription 53 completed successfully
2026-08-20 21:34:49.316 +04:00 [INF] V5 order book ENAUSDT status changed: "Connecting" => "Syncing"
2026-08-20 21:34:49.317 +04:00 [INF] V5 order book ENAUSDT status changed: "Syncing" => "Synced"
2026-08-20 21:34:49.318 +04:00 [INF] Futures book Bybit:ENAUSDT "Synced"
2026-08-20 21:34:49.318 +04:00 [INF] Unified order book ENA-USDT-SWAP status changed: "Disconnected" => "Connecting"
2026-08-20 21:34:49.645 +04:00 [INF] [Sckt 3] subscription 56 completed successfully
2026-08-20 21:34:49.646 +04:00 [INF] Unified order book ENA-USDT-SWAP status changed: "Connecting" => "Syncing"
2026-08-20 21:34:49.834 +04:00 [INF] Unified order book ENA-USDT-SWAP status changed: "Syncing" => "Synced"
2026-08-20 21:34:49.835 +04:00 [INF] Futures book OKX:ENAUSDT "Synced"
2026-08-20 21:34:49.836 +04:00 [INF] Futures order book ENAUSDT status changed: "Disconnected" => "Connecting"
2026-08-20 21:34:50.116 +04:00 [INF] [Sckt 4] subscription 58 completed successfully
2026-08-20 21:34:50.117 +04:00 [INF] Futures order book ENAUSDT status changed: "Connecting" => "Syncing"
2026-08-20 21:34:50.177 +04:00 [INF] Futures order book ENAUSDT status changed: "Syncing" => "Synced"
2026-08-20 21:34:50.179 +04:00 [INF] Futures book Bitget:ENAUSDT "Synced"
2026-08-20 21:34:50.181 +04:00 [INF] PerpetualFutures order book ENA_USDT status changed: "Disconnected" => "Connecting"
2026-08-20 21:34:50.519 +04:00 [INF] [Sckt 5] subscription 60 completed successfully
2026-08-20 21:34:50.520 +04:00 [INF] PerpetualFutures order book ENA_USDT status changed: "Connecting" => "Syncing"
2026-08-20 21:34:50.522 +04:00 [INF] PerpetualFutures order book ENA_USDT status changed: "Syncing" => "Synced"
2026-08-20 21:34:50.522 +04:00 [INF] Futures book GateIo:ENAUSDT "Synced"
2026-08-20 21:34:50.523 +04:00 [INF] UsdFutures order book SOXLUSDT status changed: "Disconnected" => "Connecting"
2026-08-20 21:34:50.930 +04:00 [INF] [Sckt 1] subscription 63 completed successfully
2026-08-20 21:34:50.932 +04:00 [INF] UsdFutures order book SOXLUSDT status changed: "Connecting" => "Syncing"
2026-08-20 21:34:51.317 +04:00 [INF] UsdFutures order book SOXLUSDT status changed: "Syncing" => "Synced"
2026-08-20 21:34:51.319 +04:00 [INF] Futures book Binance:SOXLUSDT "Synced"
2026-08-20 21:34:51.320 +04:00 [INF] V5 order book SOXLUSDT status changed: "Disconnected" => "Connecting"
2026-08-20 21:34:51.522 +04:00 [INF] [Sckt 2] subscription 67 completed successfully
2026-08-20 21:34:51.523 +04:00 [INF] V5 order book SOXLUSDT status changed: "Connecting" => "Syncing"
2026-08-20 21:34:51.524 +04:00 [INF] V5 order book SOXLUSDT status changed: "Syncing" => "Synced"
2026-08-20 21:34:51.525 +04:00 [INF] Futures book Bybit:SOXLUSDT "Synced"
2026-08-20 21:34:51.525 +04:00 [INF] Unified order book SOXL-USDT-SWAP status changed: "Disconnected" => "Connecting"
2026-08-20 21:34:51.850 +04:00 [INF] [Sckt 3] subscription 70 completed successfully
2026-08-20 21:34:51.852 +04:00 [INF] Unified order book SOXL-USDT-SWAP status changed: "Connecting" => "Syncing"
2026-08-20 21:34:51.908 +04:00 [INF] Unified order book SOXL-USDT-SWAP status changed: "Syncing" => "Synced"
2026-08-20 21:34:51.911 +04:00 [INF] Futures book OKX:SOXLUSDT "Synced"
2026-08-20 21:34:51.911 +04:00 [INF] Futures order book SOXLUSDT status changed: "Disconnected" => "Connecting"
2026-08-20 21:34:52.182 +04:00 [INF] [Sckt 4] subscription 72 completed successfully
2026-08-20 21:34:52.183 +04:00 [INF] Futures order book SOXLUSDT status changed: "Connecting" => "Syncing"
2026-08-20 21:34:52.184 +04:00 [INF] Futures order book SOXLUSDT status changed: "Syncing" => "Synced"
2026-08-20 21:34:52.185 +04:00 [INF] Futures book Bitget:SOXLUSDT "Synced"
2026-08-20 21:34:52.185 +04:00 [INF] PerpetualFutures order book SOXL_USDT status changed: "Disconnected" => "Connecting"
2026-08-20 21:34:52.524 +04:00 [INF] [Sckt 5] subscription 74 completed successfully
2026-08-20 21:34:52.526 +04:00 [INF] PerpetualFutures order book SOXL_USDT status changed: "Connecting" => "Syncing"
2026-08-20 21:34:52.526 +04:00 [INF] PerpetualFutures order book SOXL_USDT status changed: "Syncing" => "Synced"
2026-08-20 21:34:52.527 +04:00 [INF] Futures book GateIo:SOXLUSDT "Synced"
2026-08-20 21:34:52.528 +04:00 [INF] UsdFutures order book XAUUSDT status changed: "Disconnected" => "Connecting"
2026-08-20 21:34:52.936 +04:00 [INF] [Sckt 1] subscription 77 completed successfully
2026-08-20 21:34:52.937 +04:00 [INF] UsdFutures order book XAUUSDT status changed: "Connecting" => "Syncing"
2026-08-20 21:34:53.328 +04:00 [INF] UsdFutures order book XAUUSDT status changed: "Syncing" => "Synced"
2026-08-20 21:34:53.330 +04:00 [INF] Futures book Binance:XAUUSDT "Synced"
2026-08-20 21:34:53.331 +04:00 [INF] V5 order book XAUUSDT status changed: "Disconnected" => "Connecting"
2026-08-20 21:34:53.534 +04:00 [INF] [Sckt 2] subscription 81 completed successfully
2026-08-20 21:34:53.536 +04:00 [INF] V5 order book XAUUSDT status changed: "Connecting" => "Syncing"
2026-08-20 21:34:53.536 +04:00 [INF] V5 order book XAUUSDT status changed: "Syncing" => "Synced"
2026-08-20 21:34:53.537 +04:00 [INF] Futures book Bybit:XAUUSDT "Synced"
2026-08-20 21:34:53.538 +04:00 [INF] Unified order book XAU-USDT-SWAP status changed: "Disconnected" => "Connecting"
2026-08-20 21:34:53.864 +04:00 [INF] [Sckt 3] subscription 84 completed successfully
2026-08-20 21:34:53.865 +04:00 [INF] Unified order book XAU-USDT-SWAP status changed: "Connecting" => "Syncing"
2026-08-20 21:34:53.983 +04:00 [INF] Unified order book XAU-USDT-SWAP status changed: "Syncing" => "Synced"
2026-08-20 21:34:53.984 +04:00 [INF] Futures book OKX:XAUUSDT "Synced"
2026-08-20 21:34:53.985 +04:00 [INF] Futures order book XAUUSDT status changed: "Disconnected" => "Connecting"
2026-08-20 21:34:54.261 +04:00 [INF] [Sckt 4] subscription 86 completed successfully
2026-08-20 21:34:54.262 +04:00 [INF] Futures order book XAUUSDT status changed: "Connecting" => "Syncing"
2026-08-20 21:34:54.327 +04:00 [INF] Futures order book XAUUSDT status changed: "Syncing" => "Synced"
2026-08-20 21:34:54.329 +04:00 [INF] Futures book Bitget:XAUUSDT "Synced"
2026-08-20 21:34:54.330 +04:00 [INF] PerpetualFutures order book XAU_USDT status changed: "Disconnected" => "Connecting"
2026-08-20 21:34:54.667 +04:00 [INF] [Sckt 5] subscription 88 completed successfully
2026-08-20 21:34:54.669 +04:00 [INF] PerpetualFutures order book XAU_USDT status changed: "Connecting" => "Syncing"
2026-08-20 21:34:54.670 +04:00 [INF] PerpetualFutures order book XAU_USDT status changed: "Syncing" => "Synced"
2026-08-20 21:34:54.671 +04:00 [INF] Futures book GateIo:XAUUSDT "Synced"
2026-08-20 21:34:54.672 +04:00 [INF] UsdFutures order book HYPEUSDT status changed: "Disconnected" => "Connecting"
2026-08-20 21:34:55.039 +04:00 [INF] [Sckt 1] subscription 91 completed successfully
2026-08-20 21:34:55.040 +04:00 [INF] UsdFutures order book HYPEUSDT status changed: "Connecting" => "Syncing"
2026-08-20 21:34:55.434 +04:00 [INF] UsdFutures order book HYPEUSDT status changed: "Syncing" => "Synced"
2026-08-20 21:34:55.436 +04:00 [INF] Futures book Binance:HYPEUSDT "Synced"
2026-08-20 21:34:55.437 +04:00 [INF] V5 order book HYPEUSDT status changed: "Disconnected" => "Connecting"
2026-08-20 21:34:55.643 +04:00 [INF] [Sckt 2] subscription 95 completed successfully
2026-08-20 21:34:55.644 +04:00 [INF] V5 order book HYPEUSDT status changed: "Connecting" => "Syncing"
2026-08-20 21:34:55.645 +04:00 [INF] V5 order book HYPEUSDT status changed: "Syncing" => "Synced"
2026-08-20 21:34:55.646 +04:00 [INF] Futures book Bybit:HYPEUSDT "Synced"
2026-08-20 21:34:55.647 +04:00 [INF] Unified order book HYPE-USDT-SWAP status changed: "Disconnected" => "Connecting"
2026-08-20 21:34:55.971 +04:00 [INF] [Sckt 3] subscription 98 completed successfully
2026-08-20 21:34:55.972 +04:00 [INF] Unified order book HYPE-USDT-SWAP status changed: "Connecting" => "Syncing"
2026-08-20 21:34:56.083 +04:00 [INF] Unified order book HYPE-USDT-SWAP status changed: "Syncing" => "Synced"
2026-08-20 21:34:56.084 +04:00 [INF] Futures book OKX:HYPEUSDT "Synced"
2026-08-20 21:34:56.085 +04:00 [INF] Futures order book HYPEUSDT status changed: "Disconnected" => "Connecting"
2026-08-20 21:34:56.370 +04:00 [INF] [Sckt 4] subscription 100 completed successfully
2026-08-20 21:34:56.371 +04:00 [INF] Futures order book HYPEUSDT status changed: "Connecting" => "Syncing"
2026-08-20 21:34:56.372 +04:00 [INF] Futures order book HYPEUSDT status changed: "Syncing" => "Synced"
2026-08-20 21:34:56.373 +04:00 [INF] Futures book Bitget:HYPEUSDT "Synced"
2026-08-20 21:34:56.374 +04:00 [INF] PerpetualFutures order book HYPE_USDT status changed: "Disconnected" => "Connecting"
2026-08-20 21:34:56.712 +04:00 [INF] [Sckt 5] subscription 102 completed successfully
2026-08-20 21:34:56.713 +04:00 [INF] PerpetualFutures order book HYPE_USDT status changed: "Connecting" => "Syncing"
2026-08-20 21:34:56.714 +04:00 [INF] PerpetualFutures order book HYPE_USDT status changed: "Syncing" => "Synced"
2026-08-20 21:34:56.714 +04:00 [INF] Futures book GateIo:HYPEUSDT "Synced"
2026-08-20 21:34:56.715 +04:00 [INF] UsdFutures order book SOLUSDT status changed: "Disconnected" => "Connecting"
2026-08-20 21:34:57.142 +04:00 [INF] [Sckt 1] subscription 105 completed successfully
2026-08-20 21:34:57.143 +04:00 [INF] UsdFutures order book SOLUSDT status changed: "Connecting" => "Syncing"
2026-08-20 21:34:57.538 +04:00 [INF] UsdFutures order book SOLUSDT status changed: "Syncing" => "Synced"
2026-08-20 21:34:57.539 +04:00 [INF] Futures book Binance:SOLUSDT "Synced"
2026-08-20 21:34:57.540 +04:00 [INF] V5 order book SOLUSDT status changed: "Disconnected" => "Connecting"
2026-08-20 21:34:57.741 +04:00 [INF] [Sckt 2] subscription 111 completed successfully
2026-08-20 21:34:57.742 +04:00 [INF] V5 order book SOLUSDT status changed: "Connecting" => "Syncing"
2026-08-20 21:34:57.743 +04:00 [INF] V5 order book SOLUSDT status changed: "Syncing" => "Synced"
2026-08-20 21:34:57.744 +04:00 [INF] Futures book Bybit:SOLUSDT "Synced"
2026-08-20 21:34:57.744 +04:00 [INF] Unified order book SOL-USDT-SWAP status changed: "Disconnected" => "Connecting"
2026-08-20 21:34:58.071 +04:00 [INF] [Sckt 3] subscription 114 completed successfully
2026-08-20 21:34:58.073 +04:00 [INF] Unified order book SOL-USDT-SWAP status changed: "Connecting" => "Syncing"
2026-08-20 21:34:58.190 +04:00 [INF] Unified order book SOL-USDT-SWAP status changed: "Syncing" => "Synced"
2026-08-20 21:34:58.192 +04:00 [INF] Futures book OKX:SOLUSDT "Synced"
2026-08-20 21:34:58.193 +04:00 [INF] Futures order book SOLUSDT status changed: "Disconnected" => "Connecting"
2026-08-20 21:34:58.471 +04:00 [INF] [Sckt 4] subscription 116 completed successfully
2026-08-20 21:34:58.472 +04:00 [INF] Futures order book SOLUSDT status changed: "Connecting" => "Syncing"
2026-08-20 21:34:58.473 +04:00 [INF] Futures order book SOLUSDT status changed: "Syncing" => "Synced"
2026-08-20 21:34:58.474 +04:00 [INF] Futures book Bitget:SOLUSDT "Synced"
2026-08-20 21:34:58.475 +04:00 [INF] PerpetualFutures order book SOL_USDT status changed: "Disconnected" => "Connecting"
2026-08-20 21:34:59.171 +04:00 [INF] [Sckt 5] subscription 119 completed successfully
2026-08-20 21:34:59.171 +04:00 [INF] PerpetualFutures order book SOL_USDT status changed: "Connecting" => "Syncing"
2026-08-20 21:34:59.172 +04:00 [INF] PerpetualFutures order book SOL_USDT status changed: "Syncing" => "Synced"
2026-08-20 21:34:59.173 +04:00 [INF] Futures book GateIo:SOLUSDT "Synced"
2026-08-20 21:34:59.174 +04:00 [INF] UsdFutures order book SKHYNIXUSDT status changed: "Disconnected" => "Connecting"
2026-08-20 21:34:59.542 +04:00 [INF] [Sckt 1] subscription 122 completed successfully
2026-08-20 21:34:59.543 +04:00 [INF] UsdFutures order book SKHYNIXUSDT status changed: "Connecting" => "Syncing"
2026-08-20 21:34:59.934 +04:00 [INF] UsdFutures order book SKHYNIXUSDT status changed: "Syncing" => "Synced"
2026-08-20 21:34:59.936 +04:00 [INF] Futures book Binance:SKHYNIXUSDT "Synced"
2026-08-20 21:34:59.936 +04:00 [INF] V5 order book SKHYNIXUSDT status changed: "Disconnected" => "Connecting"
2026-08-20 21:35:00.153 +04:00 [INF] [Sckt 2] subscription 126 completed successfully
2026-08-20 21:35:00.158 +04:00 [INF] V5 order book SKHYNIXUSDT status changed: "Connecting" => "Syncing"
2026-08-20 21:35:00.160 +04:00 [INF] V5 order book SKHYNIXUSDT status changed: "Syncing" => "Synced"
2026-08-20 21:35:00.162 +04:00 [INF] Futures book Bybit:SKHYNIXUSDT "Synced"
2026-08-20 21:35:00.163 +04:00 [INF] Unified order book SKHYNIX-USDT-SWAP status changed: "Disconnected" => "Connecting"
2026-08-20 21:35:00.493 +04:00 [INF] [Sckt 3] subscription 129 completed successfully
2026-08-20 21:35:00.494 +04:00 [INF] Unified order book SKHYNIX-USDT-SWAP status changed: "Connecting" => "Syncing"
2026-08-20 21:35:00.611 +04:00 [INF] Unified order book SKHYNIX-USDT-SWAP status changed: "Syncing" => "Synced"
2026-08-20 21:35:00.612 +04:00 [INF] Futures book OKX:SKHYNIXUSDT "Synced"
2026-08-20 21:35:00.613 +04:00 [INF] Futures order book SKHYNIXUSDT status changed: "Disconnected" => "Connecting"
2026-08-20 21:35:00.919 +04:00 [INF] [Sckt 4] subscription 131 completed successfully
2026-08-20 21:35:00.921 +04:00 [INF] Futures order book SKHYNIXUSDT status changed: "Connecting" => "Syncing"
2026-08-20 21:35:00.922 +04:00 [INF] Futures order book SKHYNIXUSDT status changed: "Syncing" => "Synced"
2026-08-20 21:35:00.923 +04:00 [INF] Futures book Bitget:SKHYNIXUSDT "Synced"
2026-08-20 21:35:00.923 +04:00 [INF] PerpetualFutures order book SKHYNIX_USDT status changed: "Disconnected" => "Connecting"
2026-08-20 21:35:01.392 +04:00 [INF] [Sckt 5] subscription 133 completed successfully
2026-08-20 21:35:01.394 +04:00 [INF] PerpetualFutures order book SKHYNIX_USDT status changed: "Connecting" => "Syncing"
2026-08-20 21:35:01.395 +04:00 [INF] PerpetualFutures order book SKHYNIX_USDT status changed: "Syncing" => "Synced"
2026-08-20 21:35:01.396 +04:00 [INF] Futures book GateIo:SKHYNIXUSDT "Synced"
2026-08-20 21:35:01.396 +04:00 [INF] UsdFutures order book SPCXUSDT status changed: "Disconnected" => "Connecting"
2026-08-20 21:35:01.747 +04:00 [INF] [Sckt 1] subscription 136 completed successfully
2026-08-20 21:35:01.748 +04:00 [INF] UsdFutures order book SPCXUSDT status changed: "Connecting" => "Syncing"
2026-08-20 21:35:02.455 +04:00 [INF] UsdFutures order book SPCXUSDT status changed: "Syncing" => "Synced"
2026-08-20 21:35:02.455 +04:00 [INF] Futures book Binance:SPCXUSDT "Synced"
2026-08-20 21:35:02.457 +04:00 [INF] V5 order book SPCXUSDT status changed: "Disconnected" => "Connecting"
2026-08-20 21:35:02.666 +04:00 [INF] [Sckt 2] subscription 140 completed successfully
2026-08-20 21:35:02.667 +04:00 [INF] V5 order book SPCXUSDT status changed: "Connecting" => "Syncing"
2026-08-20 21:35:02.668 +04:00 [INF] V5 order book SPCXUSDT status changed: "Syncing" => "Synced"
2026-08-20 21:35:02.668 +04:00 [INF] Futures book Bybit:SPCXUSDT "Synced"
2026-08-20 21:35:02.669 +04:00 [INF] Unified order book SPCX-USDT-SWAP status changed: "Disconnected" => "Connecting"
2026-08-20 21:35:02.998 +04:00 [INF] [Sckt 3] subscription 143 completed successfully
2026-08-20 21:35:02.998 +04:00 [INF] Unified order book SPCX-USDT-SWAP status changed: "Connecting" => "Syncing"
2026-08-20 21:35:03.310 +04:00 [INF] Unified order book SPCX-USDT-SWAP status changed: "Syncing" => "Synced"
2026-08-20 21:35:03.312 +04:00 [INF] Futures book OKX:SPCXUSDT "Synced"
2026-08-20 21:35:03.313 +04:00 [INF] Futures order book SPCXUSDT status changed: "Disconnected" => "Connecting"
2026-08-20 21:35:03.585 +04:00 [INF] [Sckt 4] subscription 145 completed successfully
2026-08-20 21:35:03.586 +04:00 [INF] Futures order book SPCXUSDT status changed: "Connecting" => "Syncing"
2026-08-20 21:35:03.587 +04:00 [INF] Futures order book SPCXUSDT status changed: "Syncing" => "Synced"
2026-08-20 21:35:03.588 +04:00 [INF] Futures book Bitget:SPCXUSDT "Synced"
2026-08-20 21:35:03.589 +04:00 [INF] PerpetualFutures order book SPCX_USDT status changed: "Disconnected" => "Connecting"
2026-08-20 21:35:03.934 +04:00 [INF] [Sckt 5] subscription 147 completed successfully
2026-08-20 21:35:03.935 +04:00 [INF] PerpetualFutures order book SPCX_USDT status changed: "Connecting" => "Syncing"
2026-08-20 21:35:03.936 +04:00 [INF] PerpetualFutures order book SPCX_USDT status changed: "Syncing" => "Synced"
2026-08-20 21:35:03.937 +04:00 [INF] Futures book GateIo:SPCXUSDT "Synced"
2026-08-20 21:35:03.937 +04:00 [INF] UsdFutures order book WLDUSDT status changed: "Disconnected" => "Connecting"
2026-08-20 21:35:05.371 +04:00 [INF] [Sckt 6] subscription 150 completed successfully
2026-08-20 21:35:05.371 +04:00 [INF] UsdFutures order book WLDUSDT status changed: "Connecting" => "Syncing"
2026-08-20 21:35:05.783 +04:00 [INF] UsdFutures order book WLDUSDT status changed: "Syncing" => "Synced"
2026-08-20 21:35:05.784 +04:00 [INF] Futures book Binance:WLDUSDT "Synced"
2026-08-20 21:35:05.785 +04:00 [INF] V5 order book WLDUSDT status changed: "Disconnected" => "Connecting"
2026-08-20 21:35:06.592 +04:00 [INF] [Sckt 7] subscription 154 completed successfully
2026-08-20 21:35:06.593 +04:00 [INF] V5 order book WLDUSDT status changed: "Connecting" => "Syncing"
2026-08-20 21:35:06.594 +04:00 [INF] V5 order book WLDUSDT status changed: "Syncing" => "Synced"
2026-08-20 21:35:06.595 +04:00 [INF] Futures book Bybit:WLDUSDT "Synced"
2026-08-20 21:35:06.595 +04:00 [INF] Unified order book WLD-USDT-SWAP status changed: "Disconnected" => "Connecting"
2026-08-20 21:35:07.957 +04:00 [INF] [Sckt 8] subscription 157 completed successfully
2026-08-20 21:35:07.958 +04:00 [INF] Unified order book WLD-USDT-SWAP status changed: "Connecting" => "Syncing"
2026-08-20 21:35:08.456 +04:00 [INF] Unified order book WLD-USDT-SWAP status changed: "Syncing" => "Synced"
2026-08-20 21:35:08.458 +04:00 [INF] Futures book OKX:WLDUSDT "Synced"
2026-08-20 21:35:08.459 +04:00 [INF] Futures order book WLDUSDT status changed: "Disconnected" => "Connecting"
2026-08-20 21:35:09.910 +04:00 [INF] [Sckt 9] subscription 159 completed successfully
2026-08-20 21:35:09.912 +04:00 [INF] Futures order book WLDUSDT status changed: "Connecting" => "Syncing"
2026-08-20 21:35:09.914 +04:00 [INF] Futures order book WLDUSDT status changed: "Syncing" => "Synced"
2026-08-20 21:35:09.914 +04:00 [INF] Futures book Bitget:WLDUSDT "Synced"
2026-08-20 21:35:09.915 +04:00 [INF] PerpetualFutures order book WLD_USDT status changed: "Disconnected" => "Connecting"
2026-08-20 21:35:11.531 +04:00 [INF] [Sckt 10] subscription 161 completed successfully
2026-08-20 21:35:11.533 +04:00 [INF] PerpetualFutures order book WLD_USDT status changed: "Connecting" => "Syncing"
2026-08-20 21:35:11.534 +04:00 [INF] PerpetualFutures order book WLD_USDT status changed: "Syncing" => "Synced"
2026-08-20 21:35:11.535 +04:00 [INF] Futures book GateIo:WLDUSDT "Synced"
2026-08-20 21:35:11.536 +04:00 [INF] UsdFutures order book ADAUSDT status changed: "Disconnected" => "Connecting"
2026-08-20 21:35:11.879 +04:00 [INF] [Sckt 6] subscription 165 completed successfully
2026-08-20 21:35:11.881 +04:00 [INF] UsdFutures order book ADAUSDT status changed: "Connecting" => "Syncing"
2026-08-20 21:35:12.265 +04:00 [INF] UsdFutures order book ADAUSDT status changed: "Syncing" => "Synced"
2026-08-20 21:35:12.266 +04:00 [INF] Futures book Binance:ADAUSDT "Synced"
2026-08-20 21:35:12.267 +04:00 [INF] V5 order book ADAUSDT status changed: "Disconnected" => "Connecting"
2026-08-20 21:35:12.465 +04:00 [INF] [Sckt 7] subscription 171 completed successfully
2026-08-20 21:35:12.467 +04:00 [INF] V5 order book ADAUSDT status changed: "Connecting" => "Syncing"
2026-08-20 21:35:12.467 +04:00 [INF] V5 order book ADAUSDT status changed: "Syncing" => "Synced"
2026-08-20 21:35:12.468 +04:00 [INF] Futures book Bybit:ADAUSDT "Synced"
2026-08-20 21:35:12.469 +04:00 [INF] Unified order book ADA-USDT-SWAP status changed: "Disconnected" => "Connecting"
2026-08-20 21:35:12.796 +04:00 [INF] [Sckt 8] subscription 174 completed successfully
2026-08-20 21:35:12.797 +04:00 [INF] Unified order book ADA-USDT-SWAP status changed: "Connecting" => "Syncing"
2026-08-20 21:35:12.921 +04:00 [INF] Unified order book ADA-USDT-SWAP status changed: "Syncing" => "Synced"
2026-08-20 21:35:12.923 +04:00 [INF] Futures book OKX:ADAUSDT "Synced"
2026-08-20 21:35:12.924 +04:00 [INF] Futures order book ADAUSDT status changed: "Disconnected" => "Connecting"
2026-08-20 21:35:13.191 +04:00 [INF] [Sckt 9] subscription 176 completed successfully
2026-08-20 21:35:13.192 +04:00 [INF] Futures order book ADAUSDT status changed: "Connecting" => "Syncing"
2026-08-20 21:35:13.256 +04:00 [INF] Futures order book ADAUSDT status changed: "Syncing" => "Synced"
2026-08-20 21:35:13.257 +04:00 [INF] Futures book Bitget:ADAUSDT "Synced"
2026-08-20 21:35:13.264 +04:00 [INF] PerpetualFutures order book ADA_USDT status changed: "Disconnected" => "Connecting"
2026-08-20 21:35:13.587 +04:00 [INF] [Sckt 10] subscription 178 completed successfully
2026-08-20 21:35:13.588 +04:00 [INF] PerpetualFutures order book ADA_USDT status changed: "Connecting" => "Syncing"
2026-08-20 21:35:13.589 +04:00 [INF] PerpetualFutures order book ADA_USDT status changed: "Syncing" => "Synced"
2026-08-20 21:35:13.590 +04:00 [INF] Futures book GateIo:ADAUSDT "Synced"
2026-08-20 21:35:13.591 +04:00 [INF] UsdFutures order book TRUMPUSDT status changed: "Disconnected" => "Connecting"
2026-08-20 21:35:13.981 +04:00 [INF] [Sckt 6] subscription 181 completed successfully
2026-08-20 21:35:13.983 +04:00 [INF] UsdFutures order book TRUMPUSDT status changed: "Connecting" => "Syncing"
2026-08-20 21:35:14.607 +04:00 [INF] UsdFutures order book TRUMPUSDT status changed: "Syncing" => "Synced"
2026-08-20 21:35:14.609 +04:00 [INF] Futures book Binance:TRUMPUSDT "Synced"
2026-08-20 21:35:14.609 +04:00 [INF] V5 order book TRUMPUSDT status changed: "Disconnected" => "Connecting"
2026-08-20 21:35:14.809 +04:00 [INF] [Sckt 7] subscription 185 completed successfully
2026-08-20 21:35:14.813 +04:00 [INF] V5 order book TRUMPUSDT status changed: "Connecting" => "Syncing"
2026-08-20 21:35:14.813 +04:00 [INF] V5 order book TRUMPUSDT status changed: "Syncing" => "Synced"
2026-08-20 21:35:14.815 +04:00 [INF] Futures book Bybit:TRUMPUSDT "Synced"
2026-08-20 21:35:14.815 +04:00 [INF] Unified order book TRUMP-USDT-SWAP status changed: "Disconnected" => "Connecting"
2026-08-20 21:35:15.139 +04:00 [INF] [Sckt 8] subscription 188 completed successfully
2026-08-20 21:35:15.142 +04:00 [INF] Unified order book TRUMP-USDT-SWAP status changed: "Connecting" => "Syncing"
2026-08-20 21:35:15.325 +04:00 [INF] Unified order book TRUMP-USDT-SWAP status changed: "Syncing" => "Synced"
2026-08-20 21:35:15.327 +04:00 [INF] Futures book OKX:TRUMPUSDT "Synced"
2026-08-20 21:35:15.328 +04:00 [INF] Futures order book TRUMPUSDT status changed: "Disconnected" => "Connecting"
2026-08-20 21:35:15.667 +04:00 [INF] [Sckt 9] subscription 190 completed successfully
2026-08-20 21:35:15.668 +04:00 [INF] Futures order book TRUMPUSDT status changed: "Connecting" => "Syncing"
2026-08-20 21:35:15.669 +04:00 [INF] Futures order book TRUMPUSDT status changed: "Syncing" => "Synced"
2026-08-20 21:35:15.671 +04:00 [INF] Futures book Bitget:TRUMPUSDT "Synced"
2026-08-20 21:35:15.672 +04:00 [INF] PerpetualFutures order book TRUMP_USDT status changed: "Disconnected" => "Connecting"
2026-08-20 21:35:16.043 +04:00 [INF] [Sckt 10] subscription 192 completed successfully
2026-08-20 21:35:16.044 +04:00 [INF] PerpetualFutures order book TRUMP_USDT status changed: "Connecting" => "Syncing"
2026-08-20 21:35:16.046 +04:00 [INF] PerpetualFutures order book TRUMP_USDT status changed: "Syncing" => "Synced"
2026-08-20 21:35:16.047 +04:00 [INF] Futures book GateIo:TRUMPUSDT "Synced"
2026-08-20 21:35:16.047 +04:00 [INF] UsdFutures order book KORUUSDT status changed: "Disconnected" => "Connecting"
2026-08-20 21:35:16.383 +04:00 [INF] [Sckt 6] subscription 195 completed successfully
2026-08-20 21:35:16.384 +04:00 [INF] UsdFutures order book KORUUSDT status changed: "Connecting" => "Syncing"
2026-08-20 21:35:16.778 +04:00 [INF] UsdFutures order book KORUUSDT status changed: "Syncing" => "Synced"
2026-08-20 21:35:16.779 +04:00 [INF] Futures book Binance:KORUUSDT "Synced"
2026-08-20 21:35:16.781 +04:00 [INF] V5 order book KORUUSDT status changed: "Disconnected" => "Connecting"
2026-08-20 21:35:17.012 +04:00 [INF] [Sckt 7] subscription 199 completed successfully
2026-08-20 21:35:17.014 +04:00 [INF] V5 order book KORUUSDT status changed: "Connecting" => "Syncing"
2026-08-20 21:35:17.015 +04:00 [INF] V5 order book KORUUSDT status changed: "Syncing" => "Synced"
2026-08-20 21:35:17.016 +04:00 [INF] Futures book Bybit:KORUUSDT "Synced"
2026-08-20 21:35:17.017 +04:00 [INF] Unified order book KORU-USDT-SWAP status changed: "Disconnected" => "Connecting"
2026-08-20 21:35:19.845 +04:00 [INF] [Sckt 8] subscription 202 completed successfully
2026-08-20 21:35:19.846 +04:00 [INF] Unified order book KORU-USDT-SWAP status changed: "Connecting" => "Syncing"
2026-08-20 21:35:19.899 +04:00 [INF] Unified order book KORU-USDT-SWAP status changed: "Syncing" => "Synced"
2026-08-20 21:35:19.902 +04:00 [INF] Futures book OKX:KORUUSDT "Synced"
2026-08-20 21:35:19.903 +04:00 [INF] Futures order book KORUUSDT status changed: "Disconnected" => "Connecting"
2026-08-20 21:35:20.169 +04:00 [INF] [Sckt 9] subscription 207 completed successfully
2026-08-20 21:35:20.172 +04:00 [INF] Futures order book KORUUSDT status changed: "Connecting" => "Syncing"
2026-08-20 21:35:20.238 +04:00 [INF] Futures order book KORUUSDT status changed: "Syncing" => "Synced"
2026-08-20 21:35:20.240 +04:00 [INF] Futures book Bitget:KORUUSDT "Synced"
2026-08-20 21:35:20.242 +04:00 [INF] PerpetualFutures order book KORU_USDT status changed: "Disconnected" => "Connecting"
2026-08-20 21:35:20.578 +04:00 [INF] [Sckt 10] subscription 209 completed successfully
2026-08-20 21:35:20.578 +04:00 [INF] PerpetualFutures order book KORU_USDT status changed: "Connecting" => "Syncing"
2026-08-20 21:35:20.579 +04:00 [INF] PerpetualFutures order book KORU_USDT status changed: "Syncing" => "Synced"
2026-08-20 21:35:20.580 +04:00 [INF] Futures book GateIo:KORUUSDT "Synced"
2026-08-20 21:35:20.581 +04:00 [INF] UsdFutures order book ARBUSDT status changed: "Disconnected" => "Connecting"
2026-08-20 21:35:20.989 +04:00 [INF] [Sckt 6] subscription 212 completed successfully
2026-08-20 21:35:20.991 +04:00 [INF] UsdFutures order book ARBUSDT status changed: "Connecting" => "Syncing"
2026-08-20 21:35:21.397 +04:00 [INF] UsdFutures order book ARBUSDT status changed: "Syncing" => "Synced"
2026-08-20 21:35:21.398 +04:00 [INF] Futures book Binance:ARBUSDT "Synced"
2026-08-20 21:35:21.399 +04:00 [INF] V5 order book ARBUSDT status changed: "Disconnected" => "Connecting"
2026-08-20 21:35:21.599 +04:00 [INF] [Sckt 7] subscription 216 completed successfully
2026-08-20 21:35:21.600 +04:00 [INF] V5 order book ARBUSDT status changed: "Connecting" => "Syncing"
2026-08-20 21:35:21.604 +04:00 [INF] V5 order book ARBUSDT status changed: "Syncing" => "Synced"
2026-08-20 21:35:21.606 +04:00 [INF] Futures book Bybit:ARBUSDT "Synced"
2026-08-20 21:35:21.607 +04:00 [INF] Unified order book ARB-USDT-SWAP status changed: "Disconnected" => "Connecting"
2026-08-20 21:35:21.931 +04:00 [INF] [Sckt 8] subscription 219 completed successfully
2026-08-20 21:35:21.932 +04:00 [INF] Unified order book ARB-USDT-SWAP status changed: "Connecting" => "Syncing"
2026-08-20 21:35:22.170 +04:00 [INF] Unified order book ARB-USDT-SWAP status changed: "Syncing" => "Synced"
2026-08-20 21:35:22.173 +04:00 [INF] Futures book OKX:ARBUSDT "Synced"
2026-08-20 21:35:22.173 +04:00 [INF] Futures order book ARBUSDT status changed: "Disconnected" => "Connecting"
2026-08-20 21:35:22.449 +04:00 [INF] [Sckt 9] subscription 221 completed successfully
2026-08-20 21:35:22.451 +04:00 [INF] Futures order book ARBUSDT status changed: "Connecting" => "Syncing"
2026-08-20 21:35:22.452 +04:00 [INF] Futures order book ARBUSDT status changed: "Syncing" => "Synced"
2026-08-20 21:35:22.454 +04:00 [INF] Futures book Bitget:ARBUSDT "Synced"
2026-08-20 21:35:22.454 +04:00 [INF] PerpetualFutures order book ARB_USDT status changed: "Disconnected" => "Connecting"
2026-08-20 21:35:22.777 +04:00 [INF] [Sckt 10] subscription 223 completed successfully
2026-08-20 21:35:22.778 +04:00 [INF] PerpetualFutures order book ARB_USDT status changed: "Connecting" => "Syncing"
2026-08-20 21:35:22.779 +04:00 [INF] PerpetualFutures order book ARB_USDT status changed: "Syncing" => "Synced"
2026-08-20 21:35:22.780 +04:00 [INF] Futures book GateIo:ARBUSDT "Synced"
2026-08-20 21:35:22.786 +04:00 [INF] Exchange Binance: 15/15 streams live
2026-08-20 21:35:22.787 +04:00 [INF] Exchange Bybit: 15/15 streams live
2026-08-20 21:35:22.788 +04:00 [INF] Exchange OKX: 15/15 streams live
2026-08-20 21:35:22.789 +04:00 [INF] Exchange Bitget: 15/15 streams live
2026-08-20 21:35:22.789 +04:00 [INF] Exchange GateIo: 15/15 streams live
2026-08-20 21:35:22.792 +04:00 [INF] Futures books: Bitget:SNDKUSDT=Synced; GateIo:WLDUSDT=Synced; Bybit:SOXLUSDT=Synced; Bitget:SOXLUSDT=Synced; Bybit:KORUUSDT=Synced; Binance:ARBUSDT=Synced; GateIo:ADAUSDT=Synced; OKX:SPCXUSDT=Synced; OKX:SOLUSDT=Synced; Bybit:SPCXUSDT=Synced; Bybit:WLDUSDT=Synced; Bybit:TRUMPUSDT=Synced; Binance:SOLUSDT=Synced; Binance:SUIUSDT=Synced; GateIo:SNDKUSDT=Synced; GateIo:KORUUSDT=Synced; GateIo:SOXLUSDT=Synced; GateIo:XAUUSDT=Synced; GateIo:SPCXUSDT=Synced; Binance:SNDKUSDT=Synced; Bitget:TRUMPUSDT=Synced; OKX:SOXLUSDT=Synced; Bybit:SUIUSDT=Synced; Bitget:HYPEUSDT=Synced; Bybit:DOGEUSDT=Synced; Binance:TRUMPUSDT=Synced; Bitget:ARBUSDT=Synced; OKX:KORUUSDT=Synced; Binance:WLDUSDT=Synced; GateIo:HYPEUSDT=Synced; Binance:XAUUSDT=Synced; Binance:DOGEUSDT=Synced; Binance:SPCXUSDT=Synced; Bitget:DOGEUSDT=Synced; Binance:KORUUSDT=Synced; OKX:DOGEUSDT=Synced; Bybit:SNDKUSDT=Synced; Binance:ADAUSDT=Synced; Bybit:ENAUSDT=Synced; OKX:ADAUSDT=Synced; Binance:ENAUSDT=Synced; OKX:SNDKUSDT=Synced; Bitget:KORUUSDT=Synced; OKX:SUIUSDT=Synced; OKX:ARBUSDT=Synced; Bitget:SPCXUSDT=Synced; GateIo:ENAUSDT=Synced; GateIo:SOLUSDT=Synced; Bybit:XAUUSDT=Synced; OKX:ENAUSDT=Synced; OKX:XAUUSDT=Synced; GateIo:SKHYNIXUSDT=Synced; OKX:WLDUSDT=Synced; GateIo:SUIUSDT=Synced; Binance:SOXLUSDT=Synced; Binance:HYPEUSDT=Synced; Bybit:HYPEUSDT=Synced; Bitget:SOLUSDT=Synced; Bybit:ADAUSDT=Synced; Bitget:SKHYNIXUSDT=Synced; Bybit:SKHYNIXUSDT=Synced; GateIo:ARBUSDT=Synced; OKX:HYPEUSDT=Synced; Bybit:ARBUSDT=Synced; GateIo:DOGEUSDT=Synced; OKX:SKHYNIXUSDT=Synced; Bitget:SUIUSDT=Synced; Bitget:ADAUSDT=Synced; Bitget:WLDUSDT=Synced; Bitget:XAUUSDT=Synced; Binance:SKHYNIXUSDT=Synced; Bitget:ENAUSDT=Synced; OKX:TRUMPUSDT=Synced; Bybit:SOLUSDT=Synced; GateIo:TRUMPUSDT=Synced
2026-08-20 21:35:25.303 +04:00 [INF] Funding cache refresh for 15 symbols × 3 exchanges (TTL 45m)
2026-08-20 21:35:36.577 +04:00 [INF] Funding cache entries: 45
2026-08-20 21:36:46.214 +04:00 [INF] Futures scan: 2 candidate(s), best RT=-0.075% open=0.035%
2026-08-20 21:36:46.228 +04:00 [INF] FUT PAPER OPEN SPCXUSDT L:GateIo S:Bitget qty=15.218384 lev=5x margin=400.00 edge=0.035%
2026-08-20 21:36:46.230 +04:00 [INF] Opened futures paper hedge (1): SPCXUSDT: L GateIo@131.23 / S Bitget@131.42 | RT -0.075% fund 0.000% → -0.075%
2026-08-20 21:36:46.232 +04:00 [INF] Paper skip SPCXUSDT: Cooldown 4000ms open=0.027% RT=-0.078%
2026-08-20 21:36:48.280 +04:00 [INF] Futures scan: 1 candidate(s), best RT=-0.083% open=0.027%
2026-08-20 21:36:48.281 +04:00 [INF] Paper skip SPCXUSDT: Cooldown 4000ms open=0.027% RT=-0.083%
2026-08-20 21:36:50.326 +04:00 [INF] Futures scan: 1 candidate(s), best RT=-0.083% open=0.027%
2026-08-20 21:36:50.328 +04:00 [INF] Paper skip SPCXUSDT: Already open on symbol open=0.027% RT=-0.083%
2026-08-20 21:36:51.359 +04:00 [INF] Futures scan: 1 candidate(s), best RT=-0.084% open=0.026%
2026-08-20 21:36:51.360 +04:00 [INF] Paper skip SPCXUSDT: Already open on symbol open=0.026% RT=-0.084%
2026-08-20 21:36:53.395 +04:00 [INF] Futures scan: 1 candidate(s), best RT=-0.084% open=0.026%
2026-08-20 21:36:53.397 +04:00 [INF] Paper skip SPCXUSDT: Already open on symbol open=0.026% RT=-0.084%
2026-08-20 21:36:54.418 +04:00 [INF] Futures scan: 1 candidate(s), best RT=-0.082% open=0.028%
2026-08-20 21:36:54.419 +04:00 [INF] Paper skip SPCXUSDT: Already open on symbol open=0.028% RT=-0.082%
2026-08-20 21:36:57.489 +04:00 [INF] Futures scan: 1 candidate(s), best RT=-0.072% open=0.038%
2026-08-20 21:36:57.490 +04:00 [INF] Paper skip SPCXUSDT: Already open on symbol open=0.038% RT=-0.072%
2026-08-20 21:36:58.512 +04:00 [INF] Futures scan: 1 candidate(s), best RT=-0.068% open=0.042%
2026-08-20 21:36:58.514 +04:00 [INF] Paper skip SPCXUSDT: Already open on symbol open=0.042% RT=-0.068%
2026-08-20 21:36:59.531 +04:00 [INF] Futures scan: 1 candidate(s), best RT=-0.076% open=0.034%
2026-08-20 21:36:59.533 +04:00 [INF] Paper skip SPCXUSDT: Already open on symbol open=0.034% RT=-0.076%
2026-08-20 21:37:05.664 +04:00 [INF] Futures scan: 1 candidate(s), best RT=-0.082% open=0.028%
2026-08-20 21:37:05.666 +04:00 [INF] Paper skip SPCXUSDT: Already open on symbol open=0.028% RT=-0.082%
2026-08-20 21:37:06.686 +04:00 [INF] Futures scan: 1 candidate(s), best RT=-0.084% open=0.026%
2026-08-20 21:37:06.688 +04:00 [INF] Paper skip SPCXUSDT: Already open on symbol open=0.026% RT=-0.084%
2026-08-20 21:37:07.717 +04:00 [INF] Futures scan: 1 candidate(s), best RT=-0.075% open=0.035%
2026-08-20 21:37:07.719 +04:00 [INF] Paper skip SPCXUSDT: Already open on symbol open=0.035% RT=-0.075%
2026-08-20 21:37:08.740 +04:00 [INF] Futures scan: 1 candidate(s), best RT=-0.075% open=0.035%
2026-08-20 21:37:08.742 +04:00 [INF] Paper skip SPCXUSDT: Already open on symbol open=0.035% RT=-0.075%
2026-08-20 21:37:09.764 +04:00 [INF] Futures scan: 2 candidate(s), best RT=-0.071% open=0.035%
2026-08-20 21:37:09.766 +04:00 [INF] Paper skip SPCXUSDT: Already open on symbol open=0.035% RT=-0.075%
2026-08-20 21:37:09.768 +04:00 [INF] Paper skip SPCXUSDT: Already open on symbol open=0.029% RT=-0.071%
2026-08-20 21:37:10.799 +04:00 [INF] Futures scan: 2 candidate(s), best RT=-0.071% open=0.035%
2026-08-20 21:37:10.801 +04:00 [INF] Paper skip SPCXUSDT: Already open on symbol open=0.035% RT=-0.075%
2026-08-20 21:37:10.802 +04:00 [INF] Paper skip SPCXUSDT: Already open on symbol open=0.029% RT=-0.071%
2026-08-20 21:37:11.829 +04:00 [INF] Futures scan: 2 candidate(s), best RT=-0.071% open=0.035%
2026-08-20 21:37:11.831 +04:00 [INF] Paper skip SPCXUSDT: Already open on symbol open=0.035% RT=-0.075%
2026-08-20 21:37:11.832 +04:00 [INF] Paper skip SPCXUSDT: Already open on symbol open=0.029% RT=-0.071%
2026-08-20 21:37:12.852 +04:00 [INF] Futures scan: 1 candidate(s), best RT=-0.071% open=0.039%
2026-08-20 21:37:12.854 +04:00 [INF] Paper skip SPCXUSDT: Already open on symbol open=0.039% RT=-0.071%
2026-08-20 21:37:13.873 +04:00 [INF] Futures scan: 1 candidate(s), best RT=-0.083% open=0.027%
2026-08-20 21:37:13.876 +04:00 [INF] Paper skip SPCXUSDT: Already open on symbol open=0.027% RT=-0.083%
2026-08-20 21:37:17.978 +04:00 [INF] Futures scan: 1 candidate(s), best RT=-0.082% open=0.028%
2026-08-20 21:37:17.981 +04:00 [INF] Paper skip SPCXUSDT: Already open on symbol open=0.028% RT=-0.082%
2026-08-20 21:37:19.004 +04:00 [INF] Futures scan: 1 candidate(s), best RT=-0.084% open=0.026%
2026-08-20 21:37:19.005 +04:00 [INF] Paper skip SPCXUSDT: Already open on symbol open=0.026% RT=-0.084%
2026-08-20 21:37:20.022 +04:00 [INF] Futures scan: 1 candidate(s), best RT=-0.081% open=0.029%
2026-08-20 21:37:20.023 +04:00 [INF] Paper skip SPCXUSDT: Already open on symbol open=0.029% RT=-0.081%
2026-08-20 21:37:21.042 +04:00 [INF] Futures scan: 1 candidate(s), best RT=-0.083% open=0.027%
2026-08-20 21:37:21.044 +04:00 [INF] Paper skip SPCXUSDT: Already open on symbol open=0.027% RT=-0.083%
2026-08-20 21:37:45.646 +04:00 [INF] Futures scan: 1 candidate(s), best RT=-0.083% open=0.027%
2026-08-20 21:37:45.647 +04:00 [INF] Paper skip SPCXUSDT: Already open on symbol open=0.027% RT=-0.083%
2026-08-20 21:37:46.666 +04:00 [INF] Futures scan: 1 candidate(s), best RT=-0.083% open=0.027%
2026-08-20 21:37:46.669 +04:00 [INF] Paper skip SPCXUSDT: Already open on symbol open=0.027% RT=-0.083%
2026-08-20 21:38:22.474 +04:00 [INF] Futures scan: 1 candidate(s), best RT=-0.083% open=0.027%
2026-08-20 21:38:22.476 +04:00 [INF] Paper skip SPCXUSDT: Already open on symbol open=0.027% RT=-0.083%
2026-08-20 21:38:23.505 +04:00 [INF] Futures scan: 1 candidate(s), best RT=-0.083% open=0.027%
2026-08-20 21:38:23.507 +04:00 [INF] Paper skip SPCXUSDT: Already open on symbol open=0.027% RT=-0.083%
2026-08-20 21:38:28.639 +04:00 [INF] Futures scan: 1 candidate(s), best RT=-0.075% open=0.035%
2026-08-20 21:38:28.642 +04:00 [INF] Paper skip SPCXUSDT: Already open on symbol open=0.035% RT=-0.075%
2026-08-20 21:38:44.992 +04:00 [INF] Futures scan: 1 candidate(s), best RT=-0.082% open=0.028%
2026-08-20 21:38:44.993 +04:00 [INF] Paper skip SPCXUSDT: Already open on symbol open=0.028% RT=-0.082%
2026-08-20 21:38:54.211 +04:00 [INF] Futures scan: 1 candidate(s), best RT=-0.083% open=0.027%
2026-08-20 21:38:54.213 +04:00 [INF] Paper skip SPCXUSDT: Already open on symbol open=0.027% RT=-0.083%
2026-08-20 21:38:55.235 +04:00 [INF] Futures scan: 1 candidate(s), best RT=-0.079% open=0.031%
2026-08-20 21:38:55.237 +04:00 [INF] Paper skip SPCXUSDT: Already open on symbol open=0.031% RT=-0.079%
2026-08-20 21:39:30.011 +04:00 [INF] Futures scan: 1 candidate(s), best RT=-0.082% open=0.028%
2026-08-20 21:39:30.025 +04:00 [INF] Paper skip SPCXUSDT: Already open on symbol open=0.028% RT=-0.082%
2026-08-20 21:39:34.145 +04:00 [INF] Futures scan: 1 candidate(s), best RT=-0.083% open=0.027%
2026-08-20 21:39:34.148 +04:00 [INF] Paper skip SPCXUSDT: Already open on symbol open=0.027% RT=-0.083%
2026-08-20 21:39:44.372 +04:00 [INF] Futures scan: 1 candidate(s), best RT=-0.072% open=0.038%
2026-08-20 21:39:44.374 +04:00 [INF] Paper skip SPCXUSDT: Already open on symbol open=0.038% RT=-0.072%
2026-08-20 21:39:50.508 +04:00 [INF] Futures scan: 1 candidate(s), best RT=-0.080% open=0.030%
2026-08-20 21:39:50.510 +04:00 [INF] Paper skip SPCXUSDT: Already open on symbol open=0.030% RT=-0.080%
2026-08-20 21:40:14.015 +04:00 [INF] Futures scan: 1 candidate(s), best RT=-0.078% open=0.032%
2026-08-20 21:40:14.016 +04:00 [INF] Paper skip SPCXUSDT: Already open on symbol open=0.032% RT=-0.078%
2026-08-20 21:40:37.556 +04:00 [INF] Futures scan: 1 candidate(s), best RT=-0.083% open=0.027%
2026-08-20 21:40:37.558 +04:00 [INF] Paper skip SPCXUSDT: Already open on symbol open=0.027% RT=-0.083%
2026-08-20 21:40:44.735 +04:00 [INF] Futures scan: 1 candidate(s), best RT=-0.083% open=0.027%
2026-08-20 21:40:44.737 +04:00 [INF] Paper skip SPCXUSDT: Already open on symbol open=0.027% RT=-0.083%
2026-08-20 21:40:46.783 +04:00 [INF] Futures scan: 1 candidate(s), best RT=-0.085% open=0.025%
2026-08-20 21:40:46.785 +04:00 [INF] Paper skip SPCXUSDT: Already open on symbol open=0.025% RT=-0.085%
2026-08-20 21:40:49.845 +04:00 [INF] Futures scan: 1 candidate(s), best RT=-0.083% open=0.027%
2026-08-20 21:40:49.848 +04:00 [INF] Paper skip SPCXUSDT: Already open on symbol open=0.027% RT=-0.083%
2026-08-20 21:40:50.872 +04:00 [INF] Futures scan: 1 candidate(s), best RT=-0.082% open=0.028%
2026-08-20 21:40:50.873 +04:00 [INF] Paper skip SPCXUSDT: Already open on symbol open=0.028% RT=-0.082%
2026-08-20 21:41:13.358 +04:00 [INF] Futures scan: 1 candidate(s), best RT=-0.078% open=0.032%
2026-08-20 21:41:13.360 +04:00 [INF] Paper skip SPCXUSDT: Already open on symbol open=0.032% RT=-0.078%
2026-08-20 21:41:27.729 +04:00 [INF] Futures scan: 1 candidate(s), best RT=-0.082% open=0.028%
2026-08-20 21:41:27.730 +04:00 [INF] Paper skip SPCXUSDT: Already open on symbol open=0.028% RT=-0.082%
2026-08-20 21:42:13.792 +04:00 [INF] Futures scan: 1 candidate(s), best RT=-0.075% open=0.035%
2026-08-20 21:42:13.793 +04:00 [INF] Paper skip SPCXUSDT: Already open on symbol open=0.035% RT=-0.075%
2026-08-20 21:42:43.801 +04:00 [INF] Trading UI settings saved (paper=true)
2026-08-20 21:42:57.848 +04:00 [INF] Futures scan: 1 candidate(s), best RT=-0.071% open=0.039%
2026-08-20 21:42:57.850 +04:00 [INF] Paper skip SPCXUSDT: Already open on symbol open=0.039% RT=-0.071%
2026-08-20 21:43:02.965 +04:00 [INF] Futures scan: 1 candidate(s), best RT=-0.084% open=0.026%
2026-08-20 21:43:02.967 +04:00 [INF] Paper skip SPCXUSDT: Already open on symbol open=0.026% RT=-0.084%
2026-08-20 21:43:17.323 +04:00 [INF] Futures scan: 1 candidate(s), best RT=-0.083% open=0.027%
2026-08-20 21:43:17.325 +04:00 [INF] Paper skip SPCXUSDT: Already open on symbol open=0.027% RT=-0.083%
2026-08-20 21:44:12.322 +04:00 [INF] Paper analytics store: D:\Users\karap\source\repos\ArbitrageBot\ArbitrageBot\data\paper
2026-08-20 21:44:12.355 +04:00 [INF] Realtime broadcast started (in-memory WS books → SignalR every 900ms; no REST in this loop)
2026-08-20 21:44:12.359 +04:00 [INF] Discovery: public tickers Binance/Bybit/OKX (arb band 5000000–500000000 USDT vol, top 15)
2026-08-20 21:44:12.922 +04:00 [INF] Binance fapi: 692 USDT perps with volume
2026-08-20 21:44:13.684 +04:00 [INF] Bybit linear: 724 USDT perps with volume
2026-08-20 21:44:14.106 +04:00 [INF] OKX SWAP: 432 USDT perps with volume
2026-08-20 21:44:14.640 +04:00 [INF] Bitget USDT-FUTURES: 755 tickers with volume
2026-08-20 21:44:17.629 +04:00 [INF] GateIo USDT futures: 935 tickers with volume
2026-08-20 21:44:18.609 +04:00 [INF] Discovered 15 arb pairs: DOGEUSDT@5ex/301.5M, SNDKUSDT@5ex/299.5M, SUIUSDT@5ex/90M, ENAUSDT@5ex/82.1M, SOXLUSDT@5ex/193.6M, XAUUSDT@5ex/193.1M, HYPEUSDT@5ex/365.8M, SOLUSDT@5ex/385.7M, SKHYNIXUSDT@5ex/170.3M, SPCXUSDT@5ex/149.8M, WLDUSDT@5ex/59.5M, ADAUSDT@5ex/120.1M, TRUMPUSDT@5ex/98.8M, KORUUSDT@5ex/91.7M, ARBUSDT@5ex/33.6M
2026-08-20 21:44:18.612 +04:00 [INF] Start | Strategy=FuturesCross | Mode=PAPER | Symbols=DOGEUSDT,SNDKUSDT,SUIUSDT,ENAUSDT,SOXLUSDT,XAUUSDT,HYPEUSDT,SOLUSDT,SKHYNIXUSDT,SPCXUSDT,WLDUSDT,ADAUSDT,TRUMPUSDT,KORUUSDT,ARBUSDT | Ex=Binance,Bybit,OKX,Bitget,GateIo
2026-08-20 21:44:18.617 +04:00 [INF] Futures paper margin initialized: 50000 USDT x 5 exchanges
2026-08-20 21:44:18.647 +04:00 [INF] UsdFutures order book DOGEUSDT status changed: "Disconnected" => "Connecting"
2026-08-20 21:44:20.521 +04:00 [INF] [Sckt 1] subscription 6 completed successfully
2026-08-20 21:44:20.525 +04:00 [INF] UsdFutures order book DOGEUSDT status changed: "Connecting" => "Syncing"
2026-08-20 21:44:20.962 +04:00 [INF] UsdFutures order book DOGEUSDT status changed: "Syncing" => "Synced"
2026-08-20 21:44:20.969 +04:00 [INF] Futures book Binance:DOGEUSDT "Synced"
2026-08-20 21:44:20.976 +04:00 [INF] V5 order book DOGEUSDT status changed: "Disconnected" => "Connecting"
2026-08-20 21:44:21.854 +04:00 [INF] [Sckt 2] subscription 10 completed successfully
2026-08-20 21:44:21.856 +04:00 [INF] V5 order book DOGEUSDT status changed: "Connecting" => "Syncing"
2026-08-20 21:44:21.858 +04:00 [INF] V5 order book DOGEUSDT status changed: "Syncing" => "Synced"
2026-08-20 21:44:21.858 +04:00 [INF] Futures book Bybit:DOGEUSDT "Synced"
2026-08-20 21:44:21.863 +04:00 [INF] Unified order book DOGE-USDT-SWAP status changed: "Disconnected" => "Connecting"
2026-08-20 21:44:23.246 +04:00 [INF] [Sckt 3] subscription 14 completed successfully
2026-08-20 21:44:23.248 +04:00 [INF] Unified order book DOGE-USDT-SWAP status changed: "Connecting" => "Syncing"
2026-08-20 21:44:23.727 +04:00 [INF] Unified order book DOGE-USDT-SWAP status changed: "Syncing" => "Synced"
2026-08-20 21:44:23.729 +04:00 [INF] Futures book OKX:DOGEUSDT "Synced"
2026-08-20 21:44:23.741 +04:00 [INF] Futures order book DOGEUSDT status changed: "Disconnected" => "Connecting"
2026-08-20 21:44:25.287 +04:00 [INF] [Sckt 4] subscription 16 completed successfully
2026-08-20 21:44:25.290 +04:00 [INF] Futures order book DOGEUSDT status changed: "Connecting" => "Syncing"
2026-08-20 21:44:25.352 +04:00 [INF] Futures order book DOGEUSDT status changed: "Syncing" => "Synced"
2026-08-20 21:44:25.353 +04:00 [INF] Futures book Bitget:DOGEUSDT "Synced"
2026-08-20 21:44:25.371 +04:00 [INF] PerpetualFutures order book DOGE_USDT status changed: "Disconnected" => "Connecting"
2026-08-20 21:44:27.142 +04:00 [INF] [Sckt 5] subscription 18 completed successfully
2026-08-20 21:44:27.145 +04:00 [INF] PerpetualFutures order book DOGE_USDT status changed: "Connecting" => "Syncing"
2026-08-20 21:44:27.146 +04:00 [INF] PerpetualFutures order book DOGE_USDT status changed: "Syncing" => "Synced"
2026-08-20 21:44:27.147 +04:00 [INF] Futures book GateIo:DOGEUSDT "Synced"
2026-08-20 21:44:27.148 +04:00 [INF] UsdFutures order book SNDKUSDT status changed: "Disconnected" => "Connecting"
2026-08-20 21:44:27.512 +04:00 [INF] [Sckt 1] subscription 21 completed successfully
2026-08-20 21:44:27.514 +04:00 [INF] UsdFutures order book SNDKUSDT status changed: "Connecting" => "Syncing"
2026-08-20 21:44:28.082 +04:00 [INF] UsdFutures order book SNDKUSDT status changed: "Syncing" => "Synced"
2026-08-20 21:44:28.084 +04:00 [INF] Futures book Binance:SNDKUSDT "Synced"
2026-08-20 21:44:28.085 +04:00 [INF] V5 order book SNDKUSDT status changed: "Disconnected" => "Connecting"
2026-08-20 21:44:28.285 +04:00 [INF] [Sckt 2] subscription 25 completed successfully
2026-08-20 21:44:28.287 +04:00 [INF] V5 order book SNDKUSDT status changed: "Connecting" => "Syncing"
2026-08-20 21:44:28.288 +04:00 [INF] V5 order book SNDKUSDT status changed: "Syncing" => "Synced"
2026-08-20 21:44:28.289 +04:00 [INF] Futures book Bybit:SNDKUSDT "Synced"
2026-08-20 21:44:28.290 +04:00 [INF] Unified order book SNDK-USDT-SWAP status changed: "Disconnected" => "Connecting"
2026-08-20 21:44:28.630 +04:00 [INF] [Sckt 3] subscription 28 completed successfully
2026-08-20 21:44:28.631 +04:00 [INF] Unified order book SNDK-USDT-SWAP status changed: "Connecting" => "Syncing"
2026-08-20 21:44:28.867 +04:00 [INF] Unified order book SNDK-USDT-SWAP status changed: "Syncing" => "Synced"
2026-08-20 21:44:28.868 +04:00 [INF] Futures book OKX:SNDKUSDT "Synced"
2026-08-20 21:44:28.869 +04:00 [INF] Futures order book SNDKUSDT status changed: "Disconnected" => "Connecting"
2026-08-20 21:44:29.141 +04:00 [INF] [Sckt 4] subscription 30 completed successfully
2026-08-20 21:44:29.143 +04:00 [INF] Futures order book SNDKUSDT status changed: "Connecting" => "Syncing"
2026-08-20 21:44:29.205 +04:00 [INF] Futures order book SNDKUSDT status changed: "Syncing" => "Synced"
2026-08-20 21:44:29.207 +04:00 [INF] Futures book Bitget:SNDKUSDT "Synced"
2026-08-20 21:44:29.208 +04:00 [INF] PerpetualFutures order book SNDK_USDT status changed: "Disconnected" => "Connecting"
2026-08-20 21:44:29.535 +04:00 [INF] [Sckt 5] subscription 32 completed successfully
2026-08-20 21:44:29.537 +04:00 [INF] PerpetualFutures order book SNDK_USDT status changed: "Connecting" => "Syncing"
2026-08-20 21:44:29.538 +04:00 [INF] PerpetualFutures order book SNDK_USDT status changed: "Syncing" => "Synced"
2026-08-20 21:44:29.538 +04:00 [INF] Futures book GateIo:SNDKUSDT "Synced"
2026-08-20 21:44:29.539 +04:00 [INF] UsdFutures order book SUIUSDT status changed: "Disconnected" => "Connecting"
2026-08-20 21:44:29.915 +04:00 [INF] [Sckt 1] subscription 35 completed successfully
2026-08-20 21:44:29.916 +04:00 [INF] UsdFutures order book SUIUSDT status changed: "Connecting" => "Syncing"
2026-08-20 21:44:30.471 +04:00 [INF] UsdFutures order book SUIUSDT status changed: "Syncing" => "Synced"
2026-08-20 21:44:30.474 +04:00 [INF] Futures book Binance:SUIUSDT "Synced"
2026-08-20 21:44:30.475 +04:00 [INF] V5 order book SUIUSDT status changed: "Disconnected" => "Connecting"
2026-08-20 21:44:30.680 +04:00 [INF] [Sckt 2] subscription 39 completed successfully
2026-08-20 21:44:30.681 +04:00 [INF] V5 order book SUIUSDT status changed: "Connecting" => "Syncing"
2026-08-20 21:44:30.683 +04:00 [INF] V5 order book SUIUSDT status changed: "Syncing" => "Synced"
2026-08-20 21:44:30.684 +04:00 [INF] Futures book Bybit:SUIUSDT "Synced"
2026-08-20 21:44:30.685 +04:00 [INF] Unified order book SUI-USDT-SWAP status changed: "Disconnected" => "Connecting"
2026-08-20 21:44:31.003 +04:00 [INF] [Sckt 3] subscription 42 completed successfully
2026-08-20 21:44:31.005 +04:00 [INF] Unified order book SUI-USDT-SWAP status changed: "Connecting" => "Syncing"
2026-08-20 21:44:31.190 +04:00 [INF] Unified order book SUI-USDT-SWAP status changed: "Syncing" => "Synced"
2026-08-20 21:44:31.191 +04:00 [INF] Futures book OKX:SUIUSDT "Synced"
2026-08-20 21:44:31.192 +04:00 [INF] Futures order book SUIUSDT status changed: "Disconnected" => "Connecting"
2026-08-20 21:44:31.461 +04:00 [INF] [Sckt 4] subscription 44 completed successfully
2026-08-20 21:44:31.463 +04:00 [INF] Futures order book SUIUSDT status changed: "Connecting" => "Syncing"
2026-08-20 21:44:31.516 +04:00 [INF] Futures order book SUIUSDT status changed: "Syncing" => "Synced"
2026-08-20 21:44:31.517 +04:00 [INF] Futures book Bitget:SUIUSDT "Synced"
2026-08-20 21:44:31.518 +04:00 [INF] PerpetualFutures order book SUI_USDT status changed: "Disconnected" => "Connecting"
2026-08-20 21:44:31.845 +04:00 [INF] [Sckt 5] subscription 46 completed successfully
2026-08-20 21:44:31.846 +04:00 [INF] PerpetualFutures order book SUI_USDT status changed: "Connecting" => "Syncing"
2026-08-20 21:44:31.847 +04:00 [INF] PerpetualFutures order book SUI_USDT status changed: "Syncing" => "Synced"
2026-08-20 21:44:31.848 +04:00 [INF] Futures book GateIo:SUIUSDT "Synced"
2026-08-20 21:44:31.849 +04:00 [INF] UsdFutures order book ENAUSDT status changed: "Disconnected" => "Connecting"
2026-08-20 21:44:32.216 +04:00 [INF] [Sckt 1] subscription 49 completed successfully
2026-08-20 21:44:32.218 +04:00 [INF] UsdFutures order book ENAUSDT status changed: "Connecting" => "Syncing"
2026-08-20 21:44:32.634 +04:00 [INF] UsdFutures order book ENAUSDT status changed: "Syncing" => "Synced"
2026-08-20 21:44:32.635 +04:00 [INF] Futures book Binance:ENAUSDT "Synced"
2026-08-20 21:44:32.636 +04:00 [INF] V5 order book ENAUSDT status changed: "Disconnected" => "Connecting"
2026-08-20 21:44:32.837 +04:00 [INF] [Sckt 2] subscription 53 completed successfully
2026-08-20 21:44:32.838 +04:00 [INF] V5 order book ENAUSDT status changed: "Connecting" => "Syncing"
2026-08-20 21:44:32.839 +04:00 [INF] V5 order book ENAUSDT status changed: "Syncing" => "Synced"
2026-08-20 21:44:32.840 +04:00 [INF] Futures book Bybit:ENAUSDT "Synced"
2026-08-20 21:44:32.841 +04:00 [INF] Unified order book ENA-USDT-SWAP status changed: "Disconnected" => "Connecting"
2026-08-20 21:44:33.157 +04:00 [INF] [Sckt 3] subscription 56 completed successfully
2026-08-20 21:44:33.158 +04:00 [INF] Unified order book ENA-USDT-SWAP status changed: "Connecting" => "Syncing"
2026-08-20 21:44:33.276 +04:00 [INF] Unified order book ENA-USDT-SWAP status changed: "Syncing" => "Synced"
2026-08-20 21:44:33.277 +04:00 [INF] Futures book OKX:ENAUSDT "Synced"
2026-08-20 21:44:33.278 +04:00 [INF] Futures order book ENAUSDT status changed: "Disconnected" => "Connecting"
2026-08-20 21:44:33.577 +04:00 [INF] [Sckt 4] subscription 58 completed successfully
2026-08-20 21:44:33.579 +04:00 [INF] Futures order book ENAUSDT status changed: "Connecting" => "Syncing"
2026-08-20 21:44:33.632 +04:00 [INF] Futures order book ENAUSDT status changed: "Syncing" => "Synced"
2026-08-20 21:44:33.635 +04:00 [INF] Futures book Bitget:ENAUSDT "Synced"
2026-08-20 21:44:33.635 +04:00 [INF] PerpetualFutures order book ENA_USDT status changed: "Disconnected" => "Connecting"
2026-08-20 21:44:33.978 +04:00 [INF] [Sckt 5] subscription 60 completed successfully
2026-08-20 21:44:33.979 +04:00 [INF] PerpetualFutures order book ENA_USDT status changed: "Connecting" => "Syncing"
2026-08-20 21:44:33.980 +04:00 [INF] PerpetualFutures order book ENA_USDT status changed: "Syncing" => "Synced"
2026-08-20 21:44:33.981 +04:00 [INF] Futures book GateIo:ENAUSDT "Synced"
2026-08-20 21:44:33.981 +04:00 [INF] UsdFutures order book SOXLUSDT status changed: "Disconnected" => "Connecting"
2026-08-20 21:44:34.320 +04:00 [INF] [Sckt 1] subscription 63 completed successfully
2026-08-20 21:44:34.322 +04:00 [INF] UsdFutures order book SOXLUSDT status changed: "Connecting" => "Syncing"
2026-08-20 21:44:34.791 +04:00 [INF] UsdFutures order book SOXLUSDT status changed: "Syncing" => "Synced"
2026-08-20 21:44:34.793 +04:00 [INF] Futures book Binance:SOXLUSDT "Synced"
2026-08-20 21:44:34.795 +04:00 [INF] V5 order book SOXLUSDT status changed: "Disconnected" => "Connecting"
2026-08-20 21:44:34.995 +04:00 [INF] [Sckt 2] subscription 67 completed successfully
2026-08-20 21:44:34.997 +04:00 [INF] V5 order book SOXLUSDT status changed: "Connecting" => "Syncing"
2026-08-20 21:44:34.998 +04:00 [INF] V5 order book SOXLUSDT status changed: "Syncing" => "Synced"
2026-08-20 21:44:34.999 +04:00 [INF] Futures book Bybit:SOXLUSDT "Synced"
2026-08-20 21:44:35.000 +04:00 [INF] Unified order book SOXL-USDT-SWAP status changed: "Disconnected" => "Connecting"
2026-08-20 21:44:35.316 +04:00 [INF] [Sckt 3] subscription 70 completed successfully
2026-08-20 21:44:35.318 +04:00 [INF] Unified order book SOXL-USDT-SWAP status changed: "Connecting" => "Syncing"
2026-08-20 21:44:35.382 +04:00 [INF] Unified order book SOXL-USDT-SWAP status changed: "Syncing" => "Synced"
2026-08-20 21:44:35.384 +04:00 [INF] Futures book OKX:SOXLUSDT "Synced"
2026-08-20 21:44:35.385 +04:00 [INF] Futures order book SOXLUSDT status changed: "Disconnected" => "Connecting"
2026-08-20 21:44:35.659 +04:00 [INF] [Sckt 4] subscription 72 completed successfully
2026-08-20 21:44:35.660 +04:00 [INF] Futures order book SOXLUSDT status changed: "Connecting" => "Syncing"
2026-08-20 21:44:35.720 +04:00 [INF] Futures order book SOXLUSDT status changed: "Syncing" => "Synced"
2026-08-20 21:44:35.721 +04:00 [INF] Futures book Bitget:SOXLUSDT "Synced"
2026-08-20 21:44:35.722 +04:00 [INF] PerpetualFutures order book SOXL_USDT status changed: "Disconnected" => "Connecting"
2026-08-20 21:44:36.049 +04:00 [INF] [Sckt 5] subscription 74 completed successfully
2026-08-20 21:44:36.051 +04:00 [INF] PerpetualFutures order book SOXL_USDT status changed: "Connecting" => "Syncing"
2026-08-20 21:44:36.051 +04:00 [INF] PerpetualFutures order book SOXL_USDT status changed: "Syncing" => "Synced"
2026-08-20 21:44:36.052 +04:00 [INF] Futures book GateIo:SOXLUSDT "Synced"
2026-08-20 21:44:36.053 +04:00 [INF] UsdFutures order book XAUUSDT status changed: "Disconnected" => "Connecting"
2026-08-20 21:44:36.422 +04:00 [INF] [Sckt 1] subscription 77 completed successfully
2026-08-20 21:44:36.423 +04:00 [INF] UsdFutures order book XAUUSDT status changed: "Connecting" => "Syncing"
2026-08-20 21:44:36.814 +04:00 [INF] UsdFutures order book XAUUSDT status changed: "Syncing" => "Synced"
2026-08-20 21:44:36.816 +04:00 [INF] Futures book Binance:XAUUSDT "Synced"
2026-08-20 21:44:36.817 +04:00 [INF] V5 order book XAUUSDT status changed: "Disconnected" => "Connecting"
2026-08-20 21:44:37.019 +04:00 [INF] [Sckt 2] subscription 81 completed successfully
2026-08-20 21:44:37.020 +04:00 [INF] V5 order book XAUUSDT status changed: "Connecting" => "Syncing"
2026-08-20 21:44:37.021 +04:00 [INF] V5 order book XAUUSDT status changed: "Syncing" => "Synced"
2026-08-20 21:44:37.023 +04:00 [INF] Futures book Bybit:XAUUSDT "Synced"
2026-08-20 21:44:37.025 +04:00 [INF] Unified order book XAU-USDT-SWAP status changed: "Disconnected" => "Connecting"
2026-08-20 21:44:37.348 +04:00 [INF] [Sckt 3] subscription 84 completed successfully
2026-08-20 21:44:37.350 +04:00 [INF] Unified order book XAU-USDT-SWAP status changed: "Connecting" => "Syncing"
2026-08-20 21:44:37.473 +04:00 [INF] Unified order book XAU-USDT-SWAP status changed: "Syncing" => "Synced"
2026-08-20 21:44:37.475 +04:00 [INF] Futures book OKX:XAUUSDT "Synced"
2026-08-20 21:44:37.475 +04:00 [INF] Futures order book XAUUSDT status changed: "Disconnected" => "Connecting"
2026-08-20 21:44:37.756 +04:00 [INF] [Sckt 4] subscription 86 completed successfully
2026-08-20 21:44:37.757 +04:00 [INF] Futures order book XAUUSDT status changed: "Connecting" => "Syncing"
2026-08-20 21:44:37.758 +04:00 [INF] Futures order book XAUUSDT status changed: "Syncing" => "Synced"
2026-08-20 21:44:37.759 +04:00 [INF] Futures book Bitget:XAUUSDT "Synced"
2026-08-20 21:44:37.759 +04:00 [INF] PerpetualFutures order book XAU_USDT status changed: "Disconnected" => "Connecting"
2026-08-20 21:44:38.090 +04:00 [INF] [Sckt 5] subscription 88 completed successfully
2026-08-20 21:44:38.092 +04:00 [INF] PerpetualFutures order book XAU_USDT status changed: "Connecting" => "Syncing"
2026-08-20 21:44:38.093 +04:00 [INF] PerpetualFutures order book XAU_USDT status changed: "Syncing" => "Synced"
2026-08-20 21:44:38.096 +04:00 [INF] Futures book GateIo:XAUUSDT "Synced"
2026-08-20 21:44:38.097 +04:00 [INF] UsdFutures order book HYPEUSDT status changed: "Disconnected" => "Connecting"
2026-08-20 21:44:38.425 +04:00 [INF] [Sckt 1] subscription 91 completed successfully
2026-08-20 21:44:38.427 +04:00 [INF] UsdFutures order book HYPEUSDT status changed: "Connecting" => "Syncing"
2026-08-20 21:44:38.943 +04:00 [INF] UsdFutures order book HYPEUSDT status changed: "Syncing" => "Synced"
2026-08-20 21:44:38.945 +04:00 [INF] Futures book Binance:HYPEUSDT "Synced"
2026-08-20 21:44:38.946 +04:00 [INF] V5 order book HYPEUSDT status changed: "Disconnected" => "Connecting"
2026-08-20 21:44:39.175 +04:00 [INF] [Sckt 2] subscription 95 completed successfully
2026-08-20 21:44:39.176 +04:00 [INF] V5 order book HYPEUSDT status changed: "Connecting" => "Syncing"
2026-08-20 21:44:39.177 +04:00 [INF] V5 order book HYPEUSDT status changed: "Syncing" => "Synced"
2026-08-20 21:44:39.178 +04:00 [INF] Futures book Bybit:HYPEUSDT "Synced"
2026-08-20 21:44:39.178 +04:00 [INF] Unified order book HYPE-USDT-SWAP status changed: "Disconnected" => "Connecting"
2026-08-20 21:44:39.511 +04:00 [INF] [Sckt 3] subscription 98 completed successfully
2026-08-20 21:44:39.512 +04:00 [INF] Unified order book HYPE-USDT-SWAP status changed: "Connecting" => "Syncing"
2026-08-20 21:44:39.566 +04:00 [INF] Unified order book HYPE-USDT-SWAP status changed: "Syncing" => "Synced"
2026-08-20 21:44:39.568 +04:00 [INF] Futures book OKX:HYPEUSDT "Synced"
2026-08-20 21:44:39.569 +04:00 [INF] Futures order book HYPEUSDT status changed: "Disconnected" => "Connecting"
2026-08-20 21:44:39.842 +04:00 [INF] [Sckt 4] subscription 100 completed successfully
2026-08-20 21:44:39.843 +04:00 [INF] Futures order book HYPEUSDT status changed: "Connecting" => "Syncing"
2026-08-20 21:44:39.845 +04:00 [INF] Futures order book HYPEUSDT status changed: "Syncing" => "Synced"
2026-08-20 21:44:39.846 +04:00 [INF] Futures book Bitget:HYPEUSDT "Synced"
2026-08-20 21:44:39.847 +04:00 [INF] PerpetualFutures order book HYPE_USDT status changed: "Disconnected" => "Connecting"
2026-08-20 21:44:40.177 +04:00 [INF] [Sckt 5] subscription 102 completed successfully
2026-08-20 21:44:40.178 +04:00 [INF] PerpetualFutures order book HYPE_USDT status changed: "Connecting" => "Syncing"
2026-08-20 21:44:40.179 +04:00 [INF] PerpetualFutures order book HYPE_USDT status changed: "Syncing" => "Synced"
2026-08-20 21:44:40.180 +04:00 [INF] Futures book GateIo:HYPEUSDT "Synced"
2026-08-20 21:44:40.181 +04:00 [INF] UsdFutures order book SOLUSDT status changed: "Disconnected" => "Connecting"
2026-08-20 21:44:40.526 +04:00 [INF] [Sckt 1] subscription 105 completed successfully
2026-08-20 21:44:40.527 +04:00 [INF] UsdFutures order book SOLUSDT status changed: "Connecting" => "Syncing"
2026-08-20 21:44:41.037 +04:00 [INF] UsdFutures order book SOLUSDT status changed: "Syncing" => "Synced"
2026-08-20 21:44:41.038 +04:00 [INF] Futures book Binance:SOLUSDT "Synced"
2026-08-20 21:44:41.039 +04:00 [INF] V5 order book SOLUSDT status changed: "Disconnected" => "Connecting"
2026-08-20 21:44:41.241 +04:00 [INF] [Sckt 2] subscription 111 completed successfully
2026-08-20 21:44:41.242 +04:00 [INF] V5 order book SOLUSDT status changed: "Connecting" => "Syncing"
2026-08-20 21:44:41.243 +04:00 [INF] V5 order book SOLUSDT status changed: "Syncing" => "Synced"
2026-08-20 21:44:41.245 +04:00 [INF] Futures book Bybit:SOLUSDT "Synced"
2026-08-20 21:44:41.246 +04:00 [INF] Unified order book SOL-USDT-SWAP status changed: "Disconnected" => "Connecting"
2026-08-20 21:44:41.562 +04:00 [INF] [Sckt 3] subscription 114 completed successfully
2026-08-20 21:44:41.563 +04:00 [INF] Unified order book SOL-USDT-SWAP status changed: "Connecting" => "Syncing"
2026-08-20 21:44:41.690 +04:00 [INF] Unified order book SOL-USDT-SWAP status changed: "Syncing" => "Synced"
2026-08-20 21:44:41.692 +04:00 [INF] Futures book OKX:SOLUSDT "Synced"
2026-08-20 21:44:41.693 +04:00 [INF] Futures order book SOLUSDT status changed: "Disconnected" => "Connecting"
2026-08-20 21:44:41.973 +04:00 [INF] [Sckt 4] subscription 116 completed successfully
2026-08-20 21:44:41.975 +04:00 [INF] Futures order book SOLUSDT status changed: "Connecting" => "Syncing"
2026-08-20 21:44:41.976 +04:00 [INF] Futures order book SOLUSDT status changed: "Syncing" => "Synced"
2026-08-20 21:44:41.977 +04:00 [INF] Futures book Bitget:SOLUSDT "Synced"
2026-08-20 21:44:41.978 +04:00 [INF] PerpetualFutures order book SOL_USDT status changed: "Disconnected" => "Connecting"
2026-08-20 21:44:42.308 +04:00 [INF] [Sckt 5] subscription 119 completed successfully
2026-08-20 21:44:42.309 +04:00 [INF] PerpetualFutures order book SOL_USDT status changed: "Connecting" => "Syncing"
2026-08-20 21:44:42.311 +04:00 [INF] PerpetualFutures order book SOL_USDT status changed: "Syncing" => "Synced"
2026-08-20 21:44:42.312 +04:00 [INF] Futures book GateIo:SOLUSDT "Synced"
2026-08-20 21:44:42.312 +04:00 [INF] UsdFutures order book SKHYNIXUSDT status changed: "Disconnected" => "Connecting"
2026-08-20 21:44:42.726 +04:00 [INF] [Sckt 1] subscription 122 completed successfully
2026-08-20 21:44:42.727 +04:00 [INF] UsdFutures order book SKHYNIXUSDT status changed: "Connecting" => "Syncing"
2026-08-20 21:44:43.256 +04:00 [INF] UsdFutures order book SKHYNIXUSDT status changed: "Syncing" => "Synced"
2026-08-20 21:44:43.258 +04:00 [INF] Futures book Binance:SKHYNIXUSDT "Synced"
2026-08-20 21:44:43.259 +04:00 [INF] V5 order book SKHYNIXUSDT status changed: "Disconnected" => "Connecting"
2026-08-20 21:44:43.458 +04:00 [INF] [Sckt 2] subscription 126 completed successfully
2026-08-20 21:44:43.460 +04:00 [INF] V5 order book SKHYNIXUSDT status changed: "Connecting" => "Syncing"
2026-08-20 21:44:43.461 +04:00 [INF] V5 order book SKHYNIXUSDT status changed: "Syncing" => "Synced"
2026-08-20 21:44:43.462 +04:00 [INF] Futures book Bybit:SKHYNIXUSDT "Synced"
2026-08-20 21:44:43.463 +04:00 [INF] Unified order book SKHYNIX-USDT-SWAP status changed: "Disconnected" => "Connecting"
2026-08-20 21:44:43.800 +04:00 [INF] [Sckt 3] subscription 129 completed successfully
2026-08-20 21:44:43.802 +04:00 [INF] Unified order book SKHYNIX-USDT-SWAP status changed: "Connecting" => "Syncing"
2026-08-20 21:44:44.109 +04:00 [INF] Unified order book SKHYNIX-USDT-SWAP status changed: "Syncing" => "Synced"
2026-08-20 21:44:44.110 +04:00 [INF] Futures book OKX:SKHYNIXUSDT "Synced"
2026-08-20 21:44:44.111 +04:00 [INF] Futures order book SKHYNIXUSDT status changed: "Disconnected" => "Connecting"
2026-08-20 21:44:44.389 +04:00 [INF] [Sckt 4] subscription 131 completed successfully
2026-08-20 21:44:44.390 +04:00 [INF] Futures order book SKHYNIXUSDT status changed: "Connecting" => "Syncing"
2026-08-20 21:44:44.391 +04:00 [INF] Futures order book SKHYNIXUSDT status changed: "Syncing" => "Synced"
2026-08-20 21:44:44.392 +04:00 [INF] Futures book Bitget:SKHYNIXUSDT "Synced"
2026-08-20 21:44:44.393 +04:00 [INF] PerpetualFutures order book SKHYNIX_USDT status changed: "Disconnected" => "Connecting"
2026-08-20 21:44:44.721 +04:00 [INF] [Sckt 5] subscription 133 completed successfully
2026-08-20 21:44:44.723 +04:00 [INF] PerpetualFutures order book SKHYNIX_USDT status changed: "Connecting" => "Syncing"
2026-08-20 21:44:44.724 +04:00 [INF] PerpetualFutures order book SKHYNIX_USDT status changed: "Syncing" => "Synced"
2026-08-20 21:44:44.725 +04:00 [INF] Futures book GateIo:SKHYNIXUSDT "Synced"
2026-08-20 21:44:44.726 +04:00 [INF] UsdFutures order book SPCXUSDT status changed: "Disconnected" => "Connecting"
2026-08-20 21:44:45.131 +04:00 [INF] [Sckt 1] subscription 136 completed successfully
2026-08-20 21:44:45.131 +04:00 [INF] UsdFutures order book SPCXUSDT status changed: "Connecting" => "Syncing"
2026-08-20 21:44:45.602 +04:00 [INF] UsdFutures order book SPCXUSDT status changed: "Syncing" => "Synced"
2026-08-20 21:44:45.605 +04:00 [INF] Futures book Binance:SPCXUSDT "Synced"
2026-08-20 21:44:45.605 +04:00 [INF] V5 order book SPCXUSDT status changed: "Disconnected" => "Connecting"
2026-08-20 21:44:45.805 +04:00 [INF] [Sckt 2] subscription 140 completed successfully
2026-08-20 21:44:45.806 +04:00 [INF] V5 order book SPCXUSDT status changed: "Connecting" => "Syncing"
2026-08-20 21:44:45.807 +04:00 [INF] V5 order book SPCXUSDT status changed: "Syncing" => "Synced"
2026-08-20 21:44:45.808 +04:00 [INF] Futures book Bybit:SPCXUSDT "Synced"
2026-08-20 21:44:45.809 +04:00 [INF] Unified order book SPCX-USDT-SWAP status changed: "Disconnected" => "Connecting"
2026-08-20 21:44:46.133 +04:00 [INF] [Sckt 3] subscription 143 completed successfully
2026-08-20 21:44:46.134 +04:00 [INF] Unified order book SPCX-USDT-SWAP status changed: "Connecting" => "Syncing"
2026-08-20 21:44:46.191 +04:00 [INF] Unified order book SPCX-USDT-SWAP status changed: "Syncing" => "Synced"
2026-08-20 21:44:46.193 +04:00 [INF] Futures book OKX:SPCXUSDT "Synced"
2026-08-20 21:44:46.194 +04:00 [INF] Futures order book SPCXUSDT status changed: "Disconnected" => "Connecting"
2026-08-20 21:44:46.469 +04:00 [INF] [Sckt 4] subscription 145 completed successfully
2026-08-20 21:44:46.470 +04:00 [INF] Futures order book SPCXUSDT status changed: "Connecting" => "Syncing"
2026-08-20 21:44:46.472 +04:00 [INF] Futures order book SPCXUSDT status changed: "Syncing" => "Synced"
2026-08-20 21:44:46.473 +04:00 [INF] Futures book Bitget:SPCXUSDT "Synced"
2026-08-20 21:44:46.474 +04:00 [INF] PerpetualFutures order book SPCX_USDT status changed: "Disconnected" => "Connecting"
2026-08-20 21:44:46.803 +04:00 [INF] [Sckt 5] subscription 147 completed successfully
2026-08-20 21:44:46.805 +04:00 [INF] PerpetualFutures order book SPCX_USDT status changed: "Connecting" => "Syncing"
2026-08-20 21:44:46.806 +04:00 [INF] PerpetualFutures order book SPCX_USDT status changed: "Syncing" => "Synced"
2026-08-20 21:44:46.807 +04:00 [INF] Futures book GateIo:SPCXUSDT "Synced"
2026-08-20 21:44:46.808 +04:00 [INF] UsdFutures order book WLDUSDT status changed: "Disconnected" => "Connecting"
2026-08-20 21:44:48.578 +04:00 [INF] [Sckt 6] subscription 150 completed successfully
2026-08-20 21:44:48.579 +04:00 [INF] UsdFutures order book WLDUSDT status changed: "Connecting" => "Syncing"
2026-08-20 21:44:49.576 +04:00 [INF] UsdFutures order book WLDUSDT status changed: "Syncing" => "Synced"
2026-08-20 21:44:49.577 +04:00 [INF] Futures book Binance:WLDUSDT "Synced"
2026-08-20 21:44:49.578 +04:00 [INF] V5 order book WLDUSDT status changed: "Disconnected" => "Connecting"
2026-08-20 21:44:50.393 +04:00 [INF] [Sckt 7] subscription 154 completed successfully
2026-08-20 21:44:50.394 +04:00 [INF] V5 order book WLDUSDT status changed: "Connecting" => "Syncing"
2026-08-20 21:44:50.395 +04:00 [INF] V5 order book WLDUSDT status changed: "Syncing" => "Synced"
2026-08-20 21:44:50.396 +04:00 [INF] Futures book Bybit:WLDUSDT "Synced"
2026-08-20 21:44:50.397 +04:00 [INF] Unified order book WLD-USDT-SWAP status changed: "Disconnected" => "Connecting"
2026-08-20 21:44:51.716 +04:00 [INF] [Sckt 8] subscription 157 completed successfully
2026-08-20 21:44:51.718 +04:00 [INF] Unified order book WLD-USDT-SWAP status changed: "Connecting" => "Syncing"
2026-08-20 21:44:52.213 +04:00 [INF] Unified order book WLD-USDT-SWAP status changed: "Syncing" => "Synced"
2026-08-20 21:44:52.215 +04:00 [INF] Futures book OKX:WLDUSDT "Synced"
2026-08-20 21:44:52.216 +04:00 [INF] Futures order book WLDUSDT status changed: "Disconnected" => "Connecting"
2026-08-20 21:44:53.307 +04:00 [INF] [Sckt 9] subscription 159 completed successfully
2026-08-20 21:44:53.308 +04:00 [INF] Futures order book WLDUSDT status changed: "Connecting" => "Syncing"
2026-08-20 21:44:53.309 +04:00 [INF] Futures order book WLDUSDT status changed: "Syncing" => "Synced"
2026-08-20 21:44:53.310 +04:00 [INF] Futures book Bitget:WLDUSDT "Synced"
2026-08-20 21:44:53.311 +04:00 [INF] PerpetualFutures order book WLD_USDT status changed: "Disconnected" => "Connecting"
2026-08-20 21:44:55.041 +04:00 [INF] [Sckt 10] subscription 161 completed successfully
2026-08-20 21:44:55.042 +04:00 [INF] PerpetualFutures order book WLD_USDT status changed: "Connecting" => "Syncing"
2026-08-20 21:44:55.043 +04:00 [INF] PerpetualFutures order book WLD_USDT status changed: "Syncing" => "Synced"
2026-08-20 21:44:55.044 +04:00 [INF] Futures book GateIo:WLDUSDT "Synced"
2026-08-20 21:44:55.045 +04:00 [INF] UsdFutures order book ADAUSDT status changed: "Disconnected" => "Connecting"
2026-08-20 21:44:55.374 +04:00 [INF] [Sckt 6] subscription 165 completed successfully
2026-08-20 21:44:55.376 +04:00 [INF] UsdFutures order book ADAUSDT status changed: "Connecting" => "Syncing"
2026-08-20 21:44:55.829 +04:00 [INF] UsdFutures order book ADAUSDT status changed: "Syncing" => "Synced"
2026-08-20 21:44:55.831 +04:00 [INF] Futures book Binance:ADAUSDT "Synced"
2026-08-20 21:44:55.832 +04:00 [INF] V5 order book ADAUSDT status changed: "Disconnected" => "Connecting"
2026-08-20 21:44:56.031 +04:00 [INF] [Sckt 7] subscription 171 completed successfully
2026-08-20 21:44:56.032 +04:00 [INF] V5 order book ADAUSDT status changed: "Connecting" => "Syncing"
2026-08-20 21:44:56.033 +04:00 [INF] V5 order book ADAUSDT status changed: "Syncing" => "Synced"
2026-08-20 21:44:56.035 +04:00 [INF] Futures book Bybit:ADAUSDT "Synced"
2026-08-20 21:44:56.036 +04:00 [INF] Unified order book ADA-USDT-SWAP status changed: "Disconnected" => "Connecting"
2026-08-20 21:44:56.358 +04:00 [INF] [Sckt 8] subscription 174 completed successfully
2026-08-20 21:44:56.360 +04:00 [INF] Unified order book ADA-USDT-SWAP status changed: "Connecting" => "Syncing"
2026-08-20 21:44:56.425 +04:00 [INF] Unified order book ADA-USDT-SWAP status changed: "Syncing" => "Synced"
2026-08-20 21:44:56.426 +04:00 [INF] Futures book OKX:ADAUSDT "Synced"
2026-08-20 21:44:56.427 +04:00 [INF] Futures order book ADAUSDT status changed: "Disconnected" => "Connecting"
2026-08-20 21:44:56.698 +04:00 [INF] [Sckt 9] subscription 176 completed successfully
2026-08-20 21:44:56.699 +04:00 [INF] Futures order book ADAUSDT status changed: "Connecting" => "Syncing"
2026-08-20 21:44:56.752 +04:00 [INF] Futures order book ADAUSDT status changed: "Syncing" => "Synced"
2026-08-20 21:44:56.754 +04:00 [INF] Futures book Bitget:ADAUSDT "Synced"
2026-08-20 21:44:56.755 +04:00 [INF] PerpetualFutures order book ADA_USDT status changed: "Disconnected" => "Connecting"
2026-08-20 21:44:57.085 +04:00 [INF] [Sckt 10] subscription 178 completed successfully
2026-08-20 21:44:57.086 +04:00 [INF] PerpetualFutures order book ADA_USDT status changed: "Connecting" => "Syncing"
2026-08-20 21:44:57.087 +04:00 [INF] PerpetualFutures order book ADA_USDT status changed: "Syncing" => "Synced"
2026-08-20 21:44:57.088 +04:00 [INF] Futures book GateIo:ADAUSDT "Synced"
2026-08-20 21:44:57.089 +04:00 [INF] UsdFutures order book TRUMPUSDT status changed: "Disconnected" => "Connecting"
2026-08-20 21:44:57.479 +04:00 [INF] [Sckt 6] subscription 181 completed successfully
2026-08-20 21:44:57.480 +04:00 [INF] UsdFutures order book TRUMPUSDT status changed: "Connecting" => "Syncing"
2026-08-20 21:44:57.937 +04:00 [INF] UsdFutures order book TRUMPUSDT status changed: "Syncing" => "Synced"
2026-08-20 21:44:57.939 +04:00 [INF] Futures book Binance:TRUMPUSDT "Synced"
2026-08-20 21:44:57.939 +04:00 [INF] V5 order book TRUMPUSDT status changed: "Disconnected" => "Connecting"
2026-08-20 21:44:58.241 +04:00 [INF] [Sckt 7] subscription 185 completed successfully
2026-08-20 21:44:58.242 +04:00 [INF] V5 order book TRUMPUSDT status changed: "Connecting" => "Syncing"
2026-08-20 21:44:58.243 +04:00 [INF] V5 order book TRUMPUSDT status changed: "Syncing" => "Synced"
2026-08-20 21:44:58.244 +04:00 [INF] Futures book Bybit:TRUMPUSDT "Synced"
2026-08-20 21:44:58.245 +04:00 [INF] Unified order book TRUMP-USDT-SWAP status changed: "Disconnected" => "Connecting"
2026-08-20 21:44:58.572 +04:00 [INF] [Sckt 8] subscription 188 completed successfully
2026-08-20 21:44:58.573 +04:00 [INF] Unified order book TRUMP-USDT-SWAP status changed: "Connecting" => "Syncing"
2026-08-20 21:44:58.815 +04:00 [INF] Unified order book TRUMP-USDT-SWAP status changed: "Syncing" => "Synced"
2026-08-20 21:44:58.817 +04:00 [INF] Futures book OKX:TRUMPUSDT "Synced"
2026-08-20 21:44:58.817 +04:00 [INF] Futures order book TRUMPUSDT status changed: "Disconnected" => "Connecting"
2026-08-20 21:44:59.089 +04:00 [INF] [Sckt 9] subscription 190 completed successfully
2026-08-20 21:44:59.090 +04:00 [INF] Futures order book TRUMPUSDT status changed: "Connecting" => "Syncing"
2026-08-20 21:44:59.155 +04:00 [INF] Futures order book TRUMPUSDT status changed: "Syncing" => "Synced"
2026-08-20 21:44:59.156 +04:00 [INF] Futures book Bitget:TRUMPUSDT "Synced"
2026-08-20 21:44:59.157 +04:00 [INF] PerpetualFutures order book TRUMP_USDT status changed: "Disconnected" => "Connecting"
2026-08-20 21:44:59.485 +04:00 [INF] [Sckt 10] subscription 192 completed successfully
2026-08-20 21:44:59.487 +04:00 [INF] PerpetualFutures order book TRUMP_USDT status changed: "Connecting" => "Syncing"
2026-08-20 21:44:59.488 +04:00 [INF] PerpetualFutures order book TRUMP_USDT status changed: "Syncing" => "Synced"
2026-08-20 21:44:59.489 +04:00 [INF] Futures book GateIo:TRUMPUSDT "Synced"
2026-08-20 21:44:59.490 +04:00 [INF] UsdFutures order book KORUUSDT status changed: "Disconnected" => "Connecting"
2026-08-20 21:44:59.880 +04:00 [INF] [Sckt 6] subscription 195 completed successfully
2026-08-20 21:44:59.881 +04:00 [INF] UsdFutures order book KORUUSDT status changed: "Connecting" => "Syncing"
2026-08-20 21:45:00.325 +04:00 [INF] UsdFutures order book KORUUSDT status changed: "Syncing" => "Synced"
2026-08-20 21:45:00.327 +04:00 [INF] Futures book Binance:KORUUSDT "Synced"
2026-08-20 21:45:00.327 +04:00 [INF] V5 order book KORUUSDT status changed: "Disconnected" => "Connecting"
2026-08-20 21:45:00.527 +04:00 [INF] [Sckt 7] subscription 199 completed successfully
2026-08-20 21:45:00.529 +04:00 [INF] V5 order book KORUUSDT status changed: "Connecting" => "Syncing"
2026-08-20 21:45:00.529 +04:00 [INF] V5 order book KORUUSDT status changed: "Syncing" => "Synced"
2026-08-20 21:45:00.530 +04:00 [INF] Futures book Bybit:KORUUSDT "Synced"
2026-08-20 21:45:00.531 +04:00 [INF] Unified order book KORU-USDT-SWAP status changed: "Disconnected" => "Connecting"
2026-08-20 21:45:00.854 +04:00 [INF] [Sckt 8] subscription 202 completed successfully
2026-08-20 21:45:00.855 +04:00 [INF] Unified order book KORU-USDT-SWAP status changed: "Connecting" => "Syncing"
2026-08-20 21:45:00.922 +04:00 [INF] Unified order book KORU-USDT-SWAP status changed: "Syncing" => "Synced"
2026-08-20 21:45:00.923 +04:00 [INF] Futures book OKX:KORUUSDT "Synced"
2026-08-20 21:45:00.924 +04:00 [INF] Futures order book KORUUSDT status changed: "Disconnected" => "Connecting"
2026-08-20 21:45:01.197 +04:00 [INF] [Sckt 9] subscription 204 completed successfully
2026-08-20 21:45:01.198 +04:00 [INF] Futures order book KORUUSDT status changed: "Connecting" => "Syncing"
2026-08-20 21:45:01.200 +04:00 [INF] Futures order book KORUUSDT status changed: "Syncing" => "Synced"
2026-08-20 21:45:01.201 +04:00 [INF] Futures book Bitget:KORUUSDT "Synced"
2026-08-20 21:45:01.201 +04:00 [INF] PerpetualFutures order book KORU_USDT status changed: "Disconnected" => "Connecting"
2026-08-20 21:45:01.528 +04:00 [INF] [Sckt 10] subscription 208 completed successfully
2026-08-20 21:45:01.529 +04:00 [INF] PerpetualFutures order book KORU_USDT status changed: "Connecting" => "Syncing"
2026-08-20 21:45:01.530 +04:00 [INF] PerpetualFutures order book KORU_USDT status changed: "Syncing" => "Synced"
2026-08-20 21:45:01.531 +04:00 [INF] Futures book GateIo:KORUUSDT "Synced"
2026-08-20 21:45:01.532 +04:00 [INF] UsdFutures order book ARBUSDT status changed: "Disconnected" => "Connecting"
2026-08-20 21:45:01.882 +04:00 [INF] [Sckt 6] subscription 211 completed successfully
2026-08-20 21:45:01.883 +04:00 [INF] UsdFutures order book ARBUSDT status changed: "Connecting" => "Syncing"
2026-08-20 21:45:02.515 +04:00 [INF] UsdFutures order book ARBUSDT status changed: "Syncing" => "Synced"
2026-08-20 21:45:02.517 +04:00 [INF] Futures book Binance:ARBUSDT "Synced"
2026-08-20 21:45:02.517 +04:00 [INF] V5 order book ARBUSDT status changed: "Disconnected" => "Connecting"
2026-08-20 21:45:02.721 +04:00 [INF] [Sckt 7] subscription 216 completed successfully
2026-08-20 21:45:02.721 +04:00 [INF] V5 order book ARBUSDT status changed: "Connecting" => "Syncing"
2026-08-20 21:45:02.722 +04:00 [INF] V5 order book ARBUSDT status changed: "Syncing" => "Synced"
2026-08-20 21:45:02.723 +04:00 [INF] Futures book Bybit:ARBUSDT "Synced"
2026-08-20 21:45:02.724 +04:00 [INF] Unified order book ARB-USDT-SWAP status changed: "Disconnected" => "Connecting"
2026-08-20 21:45:03.047 +04:00 [INF] [Sckt 8] subscription 219 completed successfully
2026-08-20 21:45:03.048 +04:00 [INF] Unified order book ARB-USDT-SWAP status changed: "Connecting" => "Syncing"
2026-08-20 21:45:03.295 +04:00 [INF] Unified order book ARB-USDT-SWAP status changed: "Syncing" => "Synced"
2026-08-20 21:45:03.296 +04:00 [INF] Futures book OKX:ARBUSDT "Synced"
2026-08-20 21:45:03.297 +04:00 [INF] Futures order book ARBUSDT status changed: "Disconnected" => "Connecting"
2026-08-20 21:45:03.570 +04:00 [INF] [Sckt 9] subscription 221 completed successfully
2026-08-20 21:45:03.571 +04:00 [INF] Futures order book ARBUSDT status changed: "Connecting" => "Syncing"
2026-08-20 21:45:03.623 +04:00 [INF] Futures order book ARBUSDT status changed: "Syncing" => "Synced"
2026-08-20 21:45:03.624 +04:00 [INF] Futures book Bitget:ARBUSDT "Synced"
2026-08-20 21:45:03.626 +04:00 [INF] PerpetualFutures order book ARB_USDT status changed: "Disconnected" => "Connecting"
2026-08-20 21:45:03.952 +04:00 [INF] [Sckt 10] subscription 223 completed successfully
2026-08-20 21:45:03.953 +04:00 [INF] PerpetualFutures order book ARB_USDT status changed: "Connecting" => "Syncing"
2026-08-20 21:45:03.955 +04:00 [INF] PerpetualFutures order book ARB_USDT status changed: "Syncing" => "Synced"
2026-08-20 21:45:03.956 +04:00 [INF] Futures book GateIo:ARBUSDT "Synced"
2026-08-20 21:45:03.959 +04:00 [INF] Exchange Binance: 15/15 streams live
2026-08-20 21:45:03.961 +04:00 [INF] Exchange Bybit: 15/15 streams live
2026-08-20 21:45:03.962 +04:00 [INF] Exchange OKX: 15/15 streams live
2026-08-20 21:45:03.962 +04:00 [INF] Exchange Bitget: 15/15 streams live
2026-08-20 21:45:03.963 +04:00 [INF] Exchange GateIo: 15/15 streams live
2026-08-20 21:45:03.967 +04:00 [INF] Futures books: Bitget:SNDKUSDT=Synced; GateIo:WLDUSDT=Synced; Bybit:SOXLUSDT=Synced; Bitget:SOXLUSDT=Synced; Bybit:KORUUSDT=Synced; Binance:ARBUSDT=Synced; GateIo:ADAUSDT=Synced; OKX:SPCXUSDT=Synced; OKX:SOLUSDT=Synced; Bybit:SPCXUSDT=Synced; Bybit:WLDUSDT=Synced; Bybit:TRUMPUSDT=Synced; Binance:SOLUSDT=Synced; Binance:SUIUSDT=Synced; GateIo:SNDKUSDT=Synced; GateIo:KORUUSDT=Synced; GateIo:SOXLUSDT=Synced; GateIo:XAUUSDT=Synced; GateIo:SPCXUSDT=Synced; Binance:SNDKUSDT=Synced; Bitget:TRUMPUSDT=Synced; OKX:SOXLUSDT=Synced; Bybit:SUIUSDT=Synced; Bitget:HYPEUSDT=Synced; Bybit:DOGEUSDT=Synced; Binance:TRUMPUSDT=Synced; Bitget:ARBUSDT=Synced; OKX:KORUUSDT=Synced; Binance:WLDUSDT=Synced; GateIo:HYPEUSDT=Synced; Binance:XAUUSDT=Synced; Binance:DOGEUSDT=Synced; Binance:SPCXUSDT=Synced; Bitget:DOGEUSDT=Synced; Binance:KORUUSDT=Synced; OKX:DOGEUSDT=Synced; Bybit:SNDKUSDT=Synced; Binance:ADAUSDT=Synced; Bybit:ENAUSDT=Synced; OKX:ADAUSDT=Synced; Binance:ENAUSDT=Synced; OKX:SNDKUSDT=Synced; Bitget:KORUUSDT=Synced; OKX:SUIUSDT=Synced; OKX:ARBUSDT=Synced; Bitget:SPCXUSDT=Synced; GateIo:ENAUSDT=Synced; GateIo:SOLUSDT=Synced; Bybit:XAUUSDT=Synced; OKX:ENAUSDT=Synced; OKX:XAUUSDT=Synced; GateIo:SKHYNIXUSDT=Synced; OKX:WLDUSDT=Synced; GateIo:SUIUSDT=Synced; Binance:SOXLUSDT=Synced; Binance:HYPEUSDT=Synced; Bybit:HYPEUSDT=Synced; Bitget:SOLUSDT=Synced; Bybit:ADAUSDT=Synced; Bitget:SKHYNIXUSDT=Synced; Bybit:SKHYNIXUSDT=Synced; GateIo:ARBUSDT=Synced; OKX:HYPEUSDT=Synced; Bybit:ARBUSDT=Synced; GateIo:DOGEUSDT=Synced; OKX:SKHYNIXUSDT=Synced; Bitget:SUIUSDT=Synced; Bitget:ADAUSDT=Synced; Bitget:WLDUSDT=Synced; Bitget:XAUUSDT=Synced; Binance:SKHYNIXUSDT=Synced; Bitget:ENAUSDT=Synced; OKX:TRUMPUSDT=Synced; Bybit:SOLUSDT=Synced; GateIo:TRUMPUSDT=Synced
2026-08-20 21:45:06.485 +04:00 [INF] Funding cache refresh for 15 symbols × 3 exchanges (TTL 45m)
2026-08-20 21:45:19.073 +04:00 [INF] Funding cache entries: 45
2026-08-20 21:45:28.352 +04:00 [INF] Futures scan: 1 candidate(s), best RT=-0.081% open=0.029%
2026-08-20 21:45:28.374 +04:00 [INF] FUT PAPER OPEN SPCXUSDT L:GateIo S:Bitget qty=15.168455 lev=5x margin=400.00 edge=0.029%
2026-08-20 21:45:28.378 +04:00 [INF] Opened futures paper hedge (1): SPCXUSDT: L GateIo@131.67 / S Bitget@131.85 | RT -0.081% fund 0.000% → -0.081%
2026-08-20 21:47:10.674 +04:00 [INF] Futures scan: 1 candidate(s), best RT=-0.081% open=0.029%
2026-08-20 21:47:10.677 +04:00 [INF] Paper skip SPCXUSDT: Already open on symbol open=0.029% RT=-0.081%
2026-08-20 21:47:11.696 +04:00 [INF] Futures scan: 1 candidate(s), best RT=-0.078% open=0.032%
2026-08-20 21:47:11.697 +04:00 [INF] Paper skip SPCXUSDT: Already open on symbol open=0.032% RT=-0.078%
2026-08-20 21:47:44.427 +04:00 [INF] Futures scan: 1 candidate(s), best RT=-0.083% open=0.027%
2026-08-20 21:47:44.430 +04:00 [INF] Paper skip SPCXUSDT: Already open on symbol open=0.027% RT=-0.083%
2026-08-20 21:49:45.352 +04:00 [INF] Futures scan: 1 candidate(s), best RT=-0.080% open=0.030%
2026-08-20 21:49:45.353 +04:00 [INF] Paper skip SPCXUSDT: Already open on symbol open=0.030% RT=-0.080%
2026-08-20 21:50:06.861 +04:00 [INF] Futures scan: 1 candidate(s), best RT=-0.081% open=0.029%
2026-08-20 21:50:06.863 +04:00 [INF] Paper skip SPCXUSDT: Already open on symbol open=0.029% RT=-0.081%
2026-08-20 21:50:07.889 +04:00 [INF] Futures scan: 1 candidate(s), best RT=-0.078% open=0.032%
2026-08-20 21:50:07.891 +04:00 [INF] Paper skip SPCXUSDT: Already open on symbol open=0.032% RT=-0.078%
2026-08-20 21:50:08.914 +04:00 [INF] Futures scan: 1 candidate(s), best RT=-0.080% open=0.030%
2026-08-20 21:50:08.916 +04:00 [INF] Paper skip SPCXUSDT: Already open on symbol open=0.030% RT=-0.080%
2026-08-20 21:50:16.059 +04:00 [INF] Futures scan: 1 candidate(s), best RT=-0.083% open=0.027%
2026-08-20 21:50:16.060 +04:00 [INF] Paper skip SPCXUSDT: Already open on symbol open=0.027% RT=-0.083%
2026-08-20 21:52:31.316 +04:00 [INF] Futures scan: 1 candidate(s), best RT=-0.085% open=0.025%
2026-08-20 21:52:31.318 +04:00 [INF] Paper skip SPCXUSDT: Already open on symbol open=0.025% RT=-0.085%
2026-08-20 21:53:07.135 +04:00 [INF] Futures scan: 1 candidate(s), best RT=-0.084% open=0.026%
2026-08-20 21:53:07.137 +04:00 [INF] Paper skip SPCXUSDT: Already open on symbol open=0.026% RT=-0.084%
2026-08-20 21:55:19.370 +04:00 [INF] Futures scan: 1 candidate(s), best RT=-0.084% open=0.026%
2026-08-20 21:55:19.372 +04:00 [INF] Paper skip SPCXUSDT: Already open on symbol open=0.026% RT=-0.084%
2026-08-20 21:55:20.391 +04:00 [INF] Futures scan: 1 candidate(s), best RT=-0.084% open=0.026%
2026-08-20 21:55:20.392 +04:00 [INF] Paper skip SPCXUSDT: Already open on symbol open=0.026% RT=-0.084%
2026-08-20 21:55:23.462 +04:00 [INF] Futures scan: 1 candidate(s), best RT=-0.084% open=0.026%
2026-08-20 21:55:23.465 +04:00 [INF] Paper skip SPCXUSDT: Already open on symbol open=0.026% RT=-0.084%
2026-08-20 21:59:19.392 +04:00 [INF] Discovery: public tickers Binance/Bybit/OKX (arb band 5000000–500000000 USDT vol, top 15)
2026-08-20 21:59:20.257 +04:00 [INF] Binance fapi: 692 USDT perps with volume
2026-08-20 21:59:20.803 +04:00 [INF] Bybit linear: 724 USDT perps with volume
2026-08-20 21:59:21.215 +04:00 [INF] OKX SWAP: 432 USDT perps with volume
2026-08-20 21:59:21.997 +04:00 [INF] Bitget USDT-FUTURES: 755 tickers with volume
2026-08-20 21:59:25.057 +04:00 [INF] GateIo USDT futures: 935 tickers with volume
2026-08-20 21:59:25.493 +04:00 [INF] Discovered 15 arb pairs: DOGEUSDT@5ex/307.2M, SUIUSDT@5ex/90.4M, SNDKUSDT@5ex/299M, ENAUSDT@5ex/83.5M, XAUUSDT@5ex/193.4M, SOXLUSDT@5ex/193.1M, HYPEUSDT@5ex/365.1M, SOLUSDT@5ex/385M, SKHYNIXUSDT@5ex/170.3M, SPCXUSDT@5ex/150.9M, WLDUSDT@5ex/59.3M, ADAUSDT@5ex/121.6M, TRUMPUSDT@5ex/98.9M, KORUUSDT@5ex/91.5M, ARBUSDT@5ex/33.6M
2026-08-20 21:59:25.495 +04:00 [INF] Symbol refresh (http-tickers-arb): [DOGEUSDT,SNDKUSDT,SUIUSDT,ENAUSDT,SOXLUSDT,XAUUSDT,HYPEUSDT,SOLUSDT,SKHYNIXUSDT,SPCXUSDT,WLDUSDT,ADAUSDT,TRUMPUSDT,KORUUSDT,ARBUSDT] → [DOGEUSDT,SUIUSDT,SNDKUSDT,ENAUSDT,XAUUSDT,SOXLUSDT,HYPEUSDT,SOLUSDT,SKHYNIXUSDT,SPCXUSDT,WLDUSDT,ADAUSDT,TRUMPUSDT,KORUUSDT,ARBUSDT] | changed=false
2026-08-20 22:00:42.545 +04:00 [INF] Futures scan: 5 candidate(s), best RT=0.038% open=0.143%
2026-08-20 22:00:42.547 +04:00 [INF] FUT PAPER OPEN ADAUSDT L:Binance S:Bybit qty=9886.307464 lev=5x margin=400.00 edge=0.143%
2026-08-20 22:00:42.549 +04:00 [INF] Opened futures paper hedge (1): ADAUSDT: L Binance@0.20 / S Bybit@0.20 | RT 0.038% fund 0.000% → 0.038%
2026-08-20 22:00:42.549 +04:00 [INF] Paper skip ADAUSDT: Cooldown 4000ms open=0.133% RT=0.018%
2026-08-20 22:00:42.553 +04:00 [INF] Paper skip ADAUSDT: Cooldown 4000ms open=0.048% RT=-0.057%
2026-08-20 22:00:42.555 +04:00 [INF] Paper skip ADAUSDT: Cooldown 4000ms open=0.040% RT=-0.060%
2026-08-20 22:00:42.558 +04:00 [INF] Paper skip ADAUSDT: Cooldown 4000ms open=0.030% RT=-0.080%
2026-08-20 22:00:43.605 +04:00 [INF] FUT PAPER CLOSE ADAUSDT pnl=0.8669 reason=converge lev=5x
2026-08-20 22:02:51.877 +04:00 [INF] Futures scan: 1 candidate(s), best RT=-0.084% open=0.026%
2026-08-20 22:02:51.879 +04:00 [INF] Paper skip SPCXUSDT: Already open on symbol open=0.026% RT=-0.084%
2026-08-20 22:02:52.932 +04:00 [INF] Futures scan: 1 candidate(s), best RT=-0.081% open=0.029%
2026-08-20 22:02:52.934 +04:00 [INF] Paper skip SPCXUSDT: Already open on symbol open=0.029% RT=-0.081%
2026-08-20 22:03:39.156 +04:00 [INF] Futures scan: 1 candidate(s), best RT=-0.067% open=0.038%
2026-08-20 22:03:39.157 +04:00 [INF] Paper skip SPCXUSDT: Already open on symbol open=0.038% RT=-0.067%
2026-08-20 22:03:50.439 +04:00 [INF] Futures scan: 1 candidate(s), best RT=-0.060% open=0.045%
2026-08-20 22:03:50.442 +04:00 [INF] FUT PAPER OPEN ADAUSDT L:Binance S:Bybit qty=10010.010010 lev=5x margin=400.00 edge=0.045%
2026-08-20 22:03:50.445 +04:00 [INF] Opened futures paper hedge (1): ADAUSDT: L Binance@0.20 / S Bybit@0.20 | RT -0.060% fund 0.000% → -0.060%
2026-08-20 22:04:02.756 +04:00 [INF] FUT PAPER CLOSE ADAUSDT pnl=-0.0964 reason=converge lev=5x
2026-08-20 22:04:48.984 +04:00 [INF] Futures scan: 1 candidate(s), best RT=-0.084% open=0.026%
2026-08-20 22:04:48.986 +04:00 [INF] Paper skip SPCXUSDT: Already open on symbol open=0.026% RT=-0.084%
2026-08-20 22:04:50.012 +04:00 [INF] Futures scan: 1 candidate(s), best RT=-0.084% open=0.026%
2026-08-20 22:04:50.014 +04:00 [INF] Paper skip SPCXUSDT: Already open on symbol open=0.026% RT=-0.084%
2026-08-20 22:05:13.625 +04:00 [INF] Futures scan: 1 candidate(s), best RT=-0.080% open=0.030%
2026-08-20 22:05:13.626 +04:00 [INF] Paper skip SPCXUSDT: Already open on symbol open=0.030% RT=-0.080%
2026-08-20 22:05:18.760 +04:00 [INF] Futures scan: 1 candidate(s), best RT=-0.080% open=0.030%
2026-08-20 22:05:18.763 +04:00 [INF] Paper skip SPCXUSDT: Already open on symbol open=0.030% RT=-0.080%
2026-08-20 22:05:19.795 +04:00 [INF] Futures scan: 1 candidate(s), best RT=-0.080% open=0.030%
2026-08-20 22:05:19.797 +04:00 [INF] Paper skip SPCXUSDT: Already open on symbol open=0.030% RT=-0.080%
2026-08-20 22:05:20.822 +04:00 [INF] Futures scan: 1 candidate(s), best RT=-0.073% open=0.037%
2026-08-20 22:05:20.823 +04:00 [INF] Paper skip SPCXUSDT: Already open on symbol open=0.037% RT=-0.073%
2026-08-20 22:05:24.915 +04:00 [INF] Futures scan: 1 candidate(s), best RT=-0.083% open=0.027%
2026-08-20 22:05:24.917 +04:00 [INF] Paper skip SPCXUSDT: Already open on symbol open=0.027% RT=-0.083%
2026-08-20 22:05:25.952 +04:00 [INF] Futures scan: 1 candidate(s), best RT=-0.082% open=0.028%
2026-08-20 22:05:25.954 +04:00 [INF] Paper skip SPCXUSDT: Already open on symbol open=0.028% RT=-0.082%
2026-08-20 22:05:28.007 +04:00 [INF] Futures scan: 1 candidate(s), best RT=-0.082% open=0.028%
2026-08-20 22:05:28.009 +04:00 [INF] Paper skip SPCXUSDT: Already open on symbol open=0.028% RT=-0.082%
2026-08-20 22:05:29.031 +04:00 [INF] FUT PAPER CLOSE SPCXUSDT pnl=-2.7753 reason=timeout lev=5x
2026-08-20 22:05:29.033 +04:00 [INF] Futures scan: 2 candidate(s), best RT=-0.074% open=0.032%
2026-08-20 22:05:29.039 +04:00 [INF] FUT PAPER OPEN SPCXUSDT L:GateIo S:Bitget qty=15.105955 lev=5x margin=400.00 edge=0.032%
2026-08-20 22:05:29.041 +04:00 [INF] Opened futures paper hedge (1): SPCXUSDT: L GateIo@132.21 / S Bitget@132.40 | RT -0.078% fund 0.000% → -0.078%
2026-08-20 22:05:29.043 +04:00 [INF] Paper skip SPCXUSDT: Cooldown 4000ms open=0.026% RT=-0.074%
2026-08-20 22:05:30.069 +04:00 [INF] Futures scan: 1 candidate(s), best RT=-0.076% open=0.034%
2026-08-20 22:05:30.070 +04:00 [INF] Paper skip SPCXUSDT: Cooldown 4000ms open=0.034% RT=-0.076%
2026-08-20 22:05:31.101 +04:00 [INF] Futures scan: 1 candidate(s), best RT=-0.085% open=0.025%
2026-08-20 22:05:31.103 +04:00 [INF] Paper skip SPCXUSDT: Cooldown 4000ms open=0.025% RT=-0.085%
2026-08-20 22:05:32.131 +04:00 [INF] Futures scan: 1 candidate(s), best RT=-0.078% open=0.032%
2026-08-20 22:05:32.137 +04:00 [INF] Paper skip SPCXUSDT: Cooldown 4000ms open=0.032% RT=-0.078%
2026-08-20 22:05:33.179 +04:00 [INF] Futures scan: 1 candidate(s), best RT=-0.085% open=0.025%
2026-08-20 22:05:33.180 +04:00 [INF] Paper skip SPCXUSDT: Already open on symbol open=0.025% RT=-0.085%
2026-08-20 22:05:34.207 +04:00 [INF] Futures scan: 1 candidate(s), best RT=-0.082% open=0.028%
2026-08-20 22:05:34.209 +04:00 [INF] Paper skip SPCXUSDT: Already open on symbol open=0.028% RT=-0.082%
2026-08-20 22:05:37.285 +04:00 [INF] Futures scan: 1 candidate(s), best RT=-0.085% open=0.025%
2026-08-20 22:05:37.287 +04:00 [INF] Paper skip SPCXUSDT: Already open on symbol open=0.025% RT=-0.085%
2026-08-20 22:05:41.392 +04:00 [INF] Futures scan: 2 candidate(s), best RT=-0.071% open=0.029%
2026-08-20 22:05:41.393 +04:00 [INF] Paper skip SPCXUSDT: Already open on symbol open=0.029% RT=-0.071%
2026-08-20 22:05:41.396 +04:00 [INF] Paper skip SPCXUSDT: Already open on symbol open=0.026% RT=-0.084%
2026-08-20 22:05:42.428 +04:00 [INF] Futures scan: 2 candidate(s), best RT=-0.073% open=0.027%
2026-08-20 22:05:42.429 +04:00 [INF] Paper skip SPCXUSDT: Already open on symbol open=0.027% RT=-0.073%
2026-08-20 22:05:42.430 +04:00 [INF] Paper skip SPCXUSDT: Already open on symbol open=0.026% RT=-0.084%
2026-08-20 22:05:43.451 +04:00 [INF] Futures scan: 1 candidate(s), best RT=-0.084% open=0.026%
2026-08-20 22:05:43.453 +04:00 [INF] Paper skip SPCXUSDT: Already open on symbol open=0.026% RT=-0.084%
2026-08-20 22:05:46.521 +04:00 [INF] Futures scan: 1 candidate(s), best RT=-0.083% open=0.027%
2026-08-20 22:05:46.524 +04:00 [INF] Paper skip SPCXUSDT: Already open on symbol open=0.027% RT=-0.083%
2026-08-20 22:05:47.548 +04:00 [INF] Futures scan: 1 candidate(s), best RT=-0.073% open=0.037%
2026-08-20 22:05:47.550 +04:00 [INF] Paper skip SPCXUSDT: Already open on symbol open=0.037% RT=-0.073%
2026-08-20 22:05:49.594 +04:00 [INF] Futures scan: 1 candidate(s), best RT=-0.084% open=0.026%
2026-08-20 22:05:49.598 +04:00 [INF] Paper skip SPCXUSDT: Already open on symbol open=0.026% RT=-0.084%
2026-08-20 22:05:50.619 +04:00 [INF] Futures scan: 1 candidate(s), best RT=-0.080% open=0.030%
2026-08-20 22:05:50.621 +04:00 [INF] Paper skip SPCXUSDT: Already open on symbol open=0.030% RT=-0.080%
2026-08-20 22:05:51.644 +04:00 [INF] Futures scan: 1 candidate(s), best RT=-0.079% open=0.031%
2026-08-20 22:05:51.645 +04:00 [INF] Paper skip SPCXUSDT: Already open on symbol open=0.031% RT=-0.079%
2026-08-20 22:05:53.719 +04:00 [INF] Futures scan: 1 candidate(s), best RT=-0.075% open=0.035%
2026-08-20 22:05:53.722 +04:00 [INF] Paper skip SPCXUSDT: Already open on symbol open=0.035% RT=-0.075%
2026-08-20 22:05:56.803 +04:00 [INF] Futures scan: 1 candidate(s), best RT=-0.076% open=0.034%
2026-08-20 22:05:56.807 +04:00 [INF] Paper skip SPCXUSDT: Already open on symbol open=0.034% RT=-0.076%
2026-08-20 22:05:57.833 +04:00 [INF] Futures scan: 2 candidate(s), best RT=-0.071% open=0.034%
2026-08-20 22:05:57.834 +04:00 [INF] Paper skip SPCXUSDT: Already open on symbol open=0.034% RT=-0.076%
2026-08-20 22:05:57.835 +04:00 [INF] Paper skip SPCXUSDT: Already open on symbol open=0.029% RT=-0.071%
2026-08-20 22:05:59.897 +04:00 [INF] Futures scan: 1 candidate(s), best RT=0.004% open=0.109%
2026-08-20 22:05:59.899 +04:00 [INF] FUT PAPER OPEN TRUMPUSDT L:Bybit S:GateIo qty=1199.040767 lev=5x margin=400.00 edge=0.109%
2026-08-20 22:05:59.900 +04:00 [INF] Opened futures paper hedge (1): TRUMPUSDT: L Bybit@1.66 / S GateIo@1.67 | RT 0.004% fund 0.000% → 0.004%
2026-08-20 22:06:00.923 +04:00 [INF] Futures scan: 1 candidate(s), best RT=-0.065% open=0.035%
2026-08-20 22:06:00.925 +04:00 [INF] Paper skip SPCXUSDT: Cooldown 4000ms open=0.035% RT=-0.065%
2026-08-20 22:06:01.948 +04:00 [INF] Futures scan: 1 candidate(s), best RT=-0.075% open=0.035%
2026-08-20 22:06:01.950 +04:00 [INF] Paper skip SPCXUSDT: Cooldown 4000ms open=0.035% RT=-0.075%
2026-08-20 22:06:02.983 +04:00 [INF] Futures scan: 1 candidate(s), best RT=-0.075% open=0.035%
2026-08-20 22:06:02.985 +04:00 [INF] Paper skip SPCXUSDT: Cooldown 4000ms open=0.035% RT=-0.075%
2026-08-20 22:06:04.014 +04:00 [INF] Futures scan: 1 candidate(s), best RT=-0.075% open=0.035%
2026-08-20 22:06:04.015 +04:00 [INF] Paper skip SPCXUSDT: Already open on symbol open=0.035% RT=-0.075%
2026-08-20 22:06:14.296 +04:00 [INF] Futures scan: 1 candidate(s), best RT=-0.071% open=0.029%
2026-08-20 22:06:14.297 +04:00 [INF] Paper skip SPCXUSDT: Already open on symbol open=0.029% RT=-0.071%
2026-08-20 22:06:21.500 +04:00 [INF] Futures scan: 1 candidate(s), best RT=-0.084% open=0.026%
2026-08-20 22:06:21.501 +04:00 [INF] Paper skip SPCXUSDT: Already open on symbol open=0.026% RT=-0.084%
2026-08-20 22:06:22.531 +04:00 [INF] Futures scan: 1 candidate(s), best RT=-0.084% open=0.026%
2026-08-20 22:06:22.532 +04:00 [INF] Paper skip SPCXUSDT: Already open on symbol open=0.026% RT=-0.084%
2026-08-20 22:06:31.755 +04:00 [INF] Futures scan: 1 candidate(s), best RT=-0.085% open=0.025%
2026-08-20 22:06:31.756 +04:00 [INF] Paper skip SPCXUSDT: Already open on symbol open=0.025% RT=-0.085%
2026-08-20 22:06:39.969 +04:00 [INF] Futures scan: 1 candidate(s), best RT=-0.085% open=0.025%
2026-08-20 22:06:39.971 +04:00 [INF] Paper skip SPCXUSDT: Already open on symbol open=0.025% RT=-0.085%
2026-08-20 22:06:45.129 +04:00 [INF] Futures scan: 1 candidate(s), best RT=-0.084% open=0.026%
2026-08-20 22:06:45.130 +04:00 [INF] Paper skip SPCXUSDT: Already open on symbol open=0.026% RT=-0.084%
2026-08-20 22:06:59.481 +04:00 [INF] Futures scan: 1 candidate(s), best RT=-0.084% open=0.026%
2026-08-20 22:06:59.482 +04:00 [INF] Paper skip SPCXUSDT: Already open on symbol open=0.026% RT=-0.084%
2026-08-20 22:07:03.619 +04:00 [INF] Futures scan: 1 candidate(s), best RT=-0.080% open=0.030%
2026-08-20 22:07:03.620 +04:00 [INF] Paper skip SPCXUSDT: Already open on symbol open=0.030% RT=-0.080%
2026-08-20 22:07:06.728 +04:00 [INF] Futures scan: 1 candidate(s), best RT=-0.084% open=0.026%
2026-08-20 22:07:06.730 +04:00 [INF] Paper skip SPCXUSDT: Already open on symbol open=0.026% RT=-0.084%
2026-08-20 22:07:10.826 +04:00 [INF] Futures scan: 1 candidate(s), best RT=-0.069% open=0.031%
2026-08-20 22:07:10.828 +04:00 [INF] Paper skip SPCXUSDT: Already open on symbol open=0.031% RT=-0.069%
2026-08-20 22:07:11.859 +04:00 [INF] Futures scan: 1 candidate(s), best RT=-0.084% open=0.026%
2026-08-20 22:07:11.860 +04:00 [INF] Paper skip SPCXUSDT: Already open on symbol open=0.026% RT=-0.084%
2026-08-20 22:07:13.917 +04:00 [INF] Futures scan: 1 candidate(s), best RT=-0.085% open=0.025%
2026-08-20 22:07:13.925 +04:00 [INF] Paper skip SPCXUSDT: Already open on symbol open=0.025% RT=-0.085%
2026-08-20 22:07:19.067 +04:00 [INF] Futures scan: 2 candidate(s), best RT=-0.047% open=0.063%
2026-08-20 22:07:19.069 +04:00 [INF] Paper skip SPCXUSDT: Already open on symbol open=0.063% RT=-0.047%
2026-08-20 22:07:19.071 +04:00 [INF] Paper skip SPCXUSDT: Already open on symbol open=0.045% RT=-0.060%
2026-08-20 22:07:20.106 +04:00 [INF] Futures scan: 4 candidate(s), best RT=-0.071% open=0.039%
2026-08-20 22:07:20.109 +04:00 [INF] Paper skip SPCXUSDT: Already open on symbol open=0.039% RT=-0.071%
2026-08-20 22:07:20.110 +04:00 [INF] Paper skip SPCXUSDT: Already open on symbol open=0.032% RT=-0.073%
2026-08-20 22:07:20.112 +04:00 [INF] Paper skip SPCXUSDT: Already open on symbol open=0.029% RT=-0.071%
2026-08-20 22:07:20.113 +04:00 [INF] Paper skip SPCXUSDT: Already open on symbol open=0.029% RT=-0.071%
2026-08-20 22:07:22.172 +04:00 [INF] Futures scan: 1 candidate(s), best RT=-0.084% open=0.026%
2026-08-20 22:07:22.173 +04:00 [INF] Paper skip SPCXUSDT: Already open on symbol open=0.026% RT=-0.084%
2026-08-20 22:07:44.794 +04:00 [INF] Futures scan: 1 candidate(s), best RT=-0.076% open=0.034%
2026-08-20 22:07:44.796 +04:00 [INF] Paper skip SPCXUSDT: Already open on symbol open=0.034% RT=-0.076%
2026-08-20 22:08:25.945 +04:00 [INF] FUT PAPER CLOSE TRUMPUSDT pnl=0.9659 reason=converge lev=5x
2026-08-20 22:08:29.031 +04:00 [INF] Futures scan: 1 candidate(s), best RT=-0.080% open=0.030%
2026-08-20 22:08:29.033 +04:00 [INF] Paper skip SPCXUSDT: Already open on symbol open=0.030% RT=-0.080%
2026-08-20 22:08:32.144 +04:00 [INF] Futures scan: 1 candidate(s), best RT=-0.084% open=0.026%
2026-08-20 22:08:32.145 +04:00 [INF] Paper skip SPCXUSDT: Already open on symbol open=0.026% RT=-0.084%
2026-08-20 22:11:27.978 +04:00 [INF] Futures scan: 1 candidate(s), best RT=-0.068% open=0.042%
2026-08-20 22:11:27.980 +04:00 [INF] Paper skip SPCXUSDT: Already open on symbol open=0.042% RT=-0.068%
2026-08-20 22:14:26.060 +04:00 [INF] Discovery: public tickers Binance/Bybit/OKX (arb band 5000000–500000000 USDT vol, top 15)
2026-08-20 22:14:26.650 +04:00 [INF] Binance fapi: 692 USDT perps with volume
2026-08-20 22:14:27.157 +04:00 [INF] Bybit linear: 724 USDT perps with volume
2026-08-20 22:14:27.536 +04:00 [INF] OKX SWAP: 432 USDT perps with volume
2026-08-20 22:14:28.000 +04:00 [INF] Bitget USDT-FUTURES: 755 tickers with volume
2026-08-20 22:14:31.134 +04:00 [INF] GateIo USDT futures: 935 tickers with volume
2026-08-20 22:14:31.754 +04:00 [INF] Discovered 15 arb pairs: DOGEUSDT@5ex/319.4M, SUIUSDT@5ex/92.7M, SNDKUSDT@5ex/299.2M, ENAUSDT@5ex/84.6M, SOXLUSDT@5ex/191.2M, XAUUSDT@5ex/184.1M, HYPEUSDT@5ex/370.1M, SOLUSDT@5ex/392.4M, SKHYNIXUSDT@5ex/170.7M, SPCXUSDT@5ex/151.7M, WLDUSDT@5ex/59M, ADAUSDT@5ex/125.9M, TRUMPUSDT@5ex/100.1M, KORUUSDT@5ex/91.2M, ARBUSDT@5ex/33.8M
2026-08-20 22:14:31.755 +04:00 [INF] Symbol refresh (http-tickers-arb): [DOGEUSDT,SUIUSDT,SNDKUSDT,ENAUSDT,XAUUSDT,SOXLUSDT,HYPEUSDT,SOLUSDT,SKHYNIXUSDT,SPCXUSDT,WLDUSDT,ADAUSDT,TRUMPUSDT,KORUUSDT,ARBUSDT] → [DOGEUSDT,SUIUSDT,SNDKUSDT,ENAUSDT,SOXLUSDT,XAUUSDT,HYPEUSDT,SOLUSDT,SKHYNIXUSDT,SPCXUSDT,WLDUSDT,ADAUSDT,TRUMPUSDT,KORUUSDT,ARBUSDT] | changed=false
2026-08-20 22:14:52.381 +04:00 [INF] Futures scan: 1 candidate(s), best RT=-0.071% open=0.034%
2026-08-20 22:14:52.383 +04:00 [INF] FUT PAPER OPEN HYPEUSDT L:Bybit S:OKX qty=27.731559 lev=5x margin=400.00 edge=0.034%
2026-08-20 22:14:52.384 +04:00 [INF] Opened futures paper hedge (1): HYPEUSDT: L Bybit@72.02 / S OKX@72.12 | RT -0.071% fund 0.000% → -0.071%
2026-08-20 22:14:53.431 +04:00 [INF] FUT PAPER CLOSE HYPEUSDT pnl=0.3720 reason=converge lev=5x
2026-08-20 22:20:06.431 +04:00 [INF] Futures scan: 1 candidate(s), best RT=-0.084% open=0.026%
2026-08-20 22:20:06.433 +04:00 [INF] Paper skip SPCXUSDT: Already open on symbol open=0.026% RT=-0.084%
2026-08-20 22:20:32.236 +04:00 [INF] Futures scan: 1 candidate(s), best RT=-0.080% open=0.030%
2026-08-20 22:20:32.237 +04:00 [INF] Paper skip SPCXUSDT: Already open on symbol open=0.030% RT=-0.080%
2026-08-20 22:20:34.299 +04:00 [INF] Futures scan: 1 candidate(s), best RT=-0.082% open=0.028%
2026-08-20 22:20:34.300 +04:00 [INF] Paper skip SPCXUSDT: Already open on symbol open=0.028% RT=-0.082%
2026-08-20 22:20:35.325 +04:00 [INF] Futures scan: 1 candidate(s), best RT=-0.082% open=0.028%
2026-08-20 22:20:35.327 +04:00 [INF] Paper skip SPCXUSDT: Already open on symbol open=0.028% RT=-0.082%
2026-08-20 22:20:36.360 +04:00 [INF] Futures scan: 1 candidate(s), best RT=-0.082% open=0.028%
2026-08-20 22:20:36.362 +04:00 [INF] Paper skip SPCXUSDT: Already open on symbol open=0.028% RT=-0.082%
2026-08-20 22:25:29.894 +04:00 [INF] FUT PAPER CLOSE SPCXUSDT pnl=-1.9279 reason=timeout lev=5x
2026-08-20 22:29:32.126 +04:00 [INF] Discovery: public tickers Binance/Bybit/OKX (arb band 5000000–500000000 USDT vol, top 15)
2026-08-20 22:29:32.649 +04:00 [INF] Binance fapi: 692 USDT perps with volume
2026-08-20 22:29:33.471 +04:00 [INF] Bybit linear: 724 USDT perps with volume
2026-08-20 22:29:33.979 +04:00 [INF] OKX SWAP: 432 USDT perps with volume
2026-08-20 22:29:34.886 +04:00 [INF] Bitget USDT-FUTURES: 755 tickers with volume
2026-08-20 22:29:38.638 +04:00 [INF] GateIo USDT futures: 935 tickers with volume
2026-08-20 22:29:39.721 +04:00 [INF] Discovered 15 arb pairs: DOGEUSDT@5ex/326.4M, SUIUSDT@5ex/93.2M, SNDKUSDT@5ex/297.3M, ENAUSDT@5ex/86.3M, SOXLUSDT@5ex/190.4M, XAUUSDT@5ex/185.2M, HYPEUSDT@5ex/372.5M, SOLUSDT@5ex/389.1M, SKHYNIXUSDT@5ex/170.8M, SPCXUSDT@5ex/152.3M, WLDUSDT@5ex/58.3M, ADAUSDT@5ex/126.7M, TRUMPUSDT@5ex/99.9M, KORUUSDT@5ex/92.5M, ARBUSDT@5ex/34.2M
2026-08-20 22:29:39.723 +04:00 [INF] Symbol refresh (http-tickers-arb): [DOGEUSDT,SUIUSDT,SNDKUSDT,ENAUSDT,SOXLUSDT,XAUUSDT,HYPEUSDT,SOLUSDT,SKHYNIXUSDT,SPCXUSDT,WLDUSDT,ADAUSDT,TRUMPUSDT,KORUUSDT,ARBUSDT] → [DOGEUSDT,SUIUSDT,SNDKUSDT,ENAUSDT,SOXLUSDT,XAUUSDT,HYPEUSDT,SOLUSDT,SKHYNIXUSDT,SPCXUSDT,WLDUSDT,ADAUSDT,TRUMPUSDT,KORUUSDT,ARBUSDT] | changed=false
2026-08-20 22:30:20.032 +04:00 [INF] Funding cache refresh for 15 symbols × 3 exchanges (TTL 45m)
2026-08-20 22:30:31.578 +04:00 [INF] Funding cache entries: 45
2026-08-20 22:31:57.231 +04:00 [WRN] [Sckt 8] error: Websocket error code "ConnectionClosedPrematurely", details: The remote party closed the WebSocket connection without completing the close handshake.
System.Net.WebSockets.WebSocketException (0x80004005): The remote party closed the WebSocket connection without completing the close handshake.
   at System.Net.WebSockets.ManagedWebSocket.ThrowEOFUnexpected()
   at System.Net.WebSockets.ManagedWebSocket.EnsureBufferContainsAsync(Int32 minimumRequiredBytes, CancellationToken cancellationToken)
   at System.Runtime.CompilerServices.PoolingAsyncValueTaskMethodBuilder`1.StateMachineBox`1.System.Threading.Tasks.Sources.IValueTaskSource.GetResult(Int16 token)
   at System.Net.WebSockets.ManagedWebSocket.ReceiveAsyncPrivate[TResult](Memory`1 payloadBuffer, CancellationToken cancellationToken)
   at CryptoExchange.Net.Sockets.Default.CryptoExchangeWebSocketClient.ReceiveLoopNewAsync()
2026-08-20 22:31:57.243 +04:00 [WRN] Unified order book WLD-USDT-SWAP connection lost
2026-08-20 22:31:57.245 +04:00 [INF] Unified order book WLD-USDT-SWAP status changed: "Synced" => "Reconnecting"
2026-08-20 22:31:57.246 +04:00 [WRN] Unified order book ADA-USDT-SWAP connection lost
2026-08-20 22:31:57.247 +04:00 [INF] Unified order book ADA-USDT-SWAP status changed: "Synced" => "Reconnecting"
2026-08-20 22:31:57.248 +04:00 [WRN] Unified order book TRUMP-USDT-SWAP connection lost
2026-08-20 22:31:57.248 +04:00 [INF] Unified order book TRUMP-USDT-SWAP status changed: "Synced" => "Reconnecting"
2026-08-20 22:31:57.249 +04:00 [WRN] Unified order book KORU-USDT-SWAP connection lost
2026-08-20 22:31:57.250 +04:00 [INF] Unified order book KORU-USDT-SWAP status changed: "Synced" => "Reconnecting"
2026-08-20 22:31:57.254 +04:00 [WRN] Unified order book ARB-USDT-SWAP connection lost
2026-08-20 22:31:57.254 +04:00 [INF] Unified order book ARB-USDT-SWAP status changed: "Synced" => "Reconnecting"
2026-08-20 22:31:59.427 +04:00 [INF] Unified order book WLD-USDT-SWAP status changed: "Reconnecting" => "Syncing"
2026-08-20 22:31:59.429 +04:00 [INF] Unified order book WLD-USDT-SWAP successfully resynchronized
2026-08-20 22:31:59.430 +04:00 [INF] Unified order book WLD-USDT-SWAP status changed: "Syncing" => "Synced"
2026-08-20 22:31:59.431 +04:00 [INF] Unified order book ADA-USDT-SWAP status changed: "Reconnecting" => "Syncing"
2026-08-20 22:31:59.431 +04:00 [INF] Unified order book ADA-USDT-SWAP successfully resynchronized
2026-08-20 22:31:59.432 +04:00 [INF] Unified order book ADA-USDT-SWAP status changed: "Syncing" => "Synced"
2026-08-20 22:31:59.433 +04:00 [INF] Unified order book TRUMP-USDT-SWAP status changed: "Reconnecting" => "Syncing"
2026-08-20 22:31:59.433 +04:00 [INF] Unified order book TRUMP-USDT-SWAP successfully resynchronized
2026-08-20 22:31:59.434 +04:00 [INF] Unified order book TRUMP-USDT-SWAP status changed: "Syncing" => "Synced"
2026-08-20 22:31:59.435 +04:00 [INF] Unified order book KORU-USDT-SWAP status changed: "Reconnecting" => "Syncing"
2026-08-20 22:31:59.435 +04:00 [INF] Unified order book KORU-USDT-SWAP successfully resynchronized
2026-08-20 22:31:59.436 +04:00 [INF] Unified order book KORU-USDT-SWAP status changed: "Syncing" => "Synced"
2026-08-20 22:31:59.437 +04:00 [INF] Unified order book ARB-USDT-SWAP status changed: "Reconnecting" => "Syncing"
2026-08-20 22:31:59.672 +04:00 [INF] Unified order book ARB-USDT-SWAP successfully resynchronized
2026-08-20 22:31:59.673 +04:00 [INF] Unified order book ARB-USDT-SWAP status changed: "Syncing" => "Synced"
2026-08-20 22:44:40.560 +04:00 [INF] Discovery: public tickers Binance/Bybit/OKX (arb band 5000000–500000000 USDT vol, top 15)
2026-08-20 22:44:41.329 +04:00 [INF] Binance fapi: 692 USDT perps with volume
2026-08-20 22:44:42.585 +04:00 [INF] Bybit linear: 724 USDT perps with volume
2026-08-20 22:44:42.966 +04:00 [INF] OKX SWAP: 432 USDT perps with volume
2026-08-20 22:44:43.454 +04:00 [INF] Bitget USDT-FUTURES: 755 tickers with volume
2026-08-20 22:44:46.688 +04:00 [INF] GateIo USDT futures: 935 tickers with volume
2026-08-20 22:44:47.150 +04:00 [INF] Discovered 15 arb pairs: DOGEUSDT@5ex/331.3M, SUIUSDT@5ex/94.1M, SNDKUSDT@5ex/295.8M, ENAUSDT@5ex/88.2M, SOXLUSDT@5ex/189.1M, XAUUSDT@5ex/185.7M, HYPEUSDT@5ex/373.1M, SOLUSDT@5ex/388.3M, SKHYNIXUSDT@5ex/170.8M, SPCXUSDT@5ex/152M, WLDUSDT@5ex/58.6M, ADAUSDT@5ex/129.1M, TRUMPUSDT@5ex/99.9M, KORUUSDT@5ex/92.9M, ARBUSDT@5ex/34.4M
2026-08-20 22:44:47.151 +04:00 [INF] Symbol refresh (http-tickers-arb): [DOGEUSDT,SUIUSDT,SNDKUSDT,ENAUSDT,SOXLUSDT,XAUUSDT,HYPEUSDT,SOLUSDT,SKHYNIXUSDT,SPCXUSDT,WLDUSDT,ADAUSDT,TRUMPUSDT,KORUUSDT,ARBUSDT] → [DOGEUSDT,SUIUSDT,SNDKUSDT,ENAUSDT,SOXLUSDT,XAUUSDT,HYPEUSDT,SOLUSDT,SKHYNIXUSDT,SPCXUSDT,WLDUSDT,ADAUSDT,TRUMPUSDT,KORUUSDT,ARBUSDT] | changed=false
2026-08-20 22:45:17.141 +04:00 [INF] Futures scan: 1 candidate(s), best RT=-0.084% open=0.026%
2026-08-20 22:45:17.143 +04:00 [INF] FUT PAPER OPEN SPCXUSDT L:GateIo S:Bitget qty=15.082990 lev=5x margin=400.00 edge=0.026%
2026-08-20 22:45:17.145 +04:00 [INF] Opened futures paper hedge (1): SPCXUSDT: L GateIo@132.42 / S Bitget@132.60 | RT -0.084% fund 0.000% → -0.084%
2026-08-20 22:45:18.181 +04:00 [INF] Futures scan: 1 candidate(s), best RT=-0.084% open=0.026%
2026-08-20 22:45:18.183 +04:00 [INF] Paper skip SPCXUSDT: Cooldown 4000ms open=0.026% RT=-0.084%
2026-08-20 22:45:19.217 +04:00 [INF] Futures scan: 1 candidate(s), best RT=-0.084% open=0.026%
2026-08-20 22:45:19.218 +04:00 [INF] Paper skip SPCXUSDT: Cooldown 4000ms open=0.026% RT=-0.084%
2026-08-20 22:45:20.258 +04:00 [INF] Futures scan: 1 candidate(s), best RT=-0.084% open=0.026%
2026-08-20 22:45:20.259 +04:00 [INF] Paper skip SPCXUSDT: Cooldown 4000ms open=0.026% RT=-0.084%
2026-08-20 22:47:31.410 +04:00 [INF] Futures scan: 1 candidate(s), best RT=-0.084% open=0.026%
2026-08-20 22:47:31.411 +04:00 [INF] Paper skip SPCXUSDT: Already open on symbol open=0.026% RT=-0.084%
2026-08-20 22:49:31.301 +04:00 [INF] Futures scan: 1 candidate(s), best RT=-0.072% open=0.028%
2026-08-20 22:49:31.303 +04:00 [INF] Paper skip SPCXUSDT: Already open on symbol open=0.028% RT=-0.072%
2026-08-20 22:49:34.443 +04:00 [INF] Futures scan: 1 candidate(s), best RT=-0.083% open=0.027%
2026-08-20 22:49:34.444 +04:00 [INF] Paper skip SPCXUSDT: Already open on symbol open=0.027% RT=-0.083%
2026-08-20 22:49:44.756 +04:00 [INF] Futures scan: 1 candidate(s), best RT=-0.081% open=0.029%
2026-08-20 22:49:44.758 +04:00 [INF] Paper skip SPCXUSDT: Already open on symbol open=0.029% RT=-0.081%
2026-08-20 22:50:02.372 +04:00 [INF] Futures scan: 1 candidate(s), best RT=-0.077% open=0.028%
2026-08-20 22:50:02.373 +04:00 [INF] Paper skip SPCXUSDT: Already open on symbol open=0.028% RT=-0.077%
2026-08-20 22:50:07.539 +04:00 [INF] Futures scan: 1 candidate(s), best RT=-0.082% open=0.028%
2026-08-20 22:50:07.540 +04:00 [INF] Paper skip SPCXUSDT: Already open on symbol open=0.028% RT=-0.082%
2026-08-20 22:50:09.608 +04:00 [INF] Futures scan: 1 candidate(s), best RT=-0.079% open=0.031%
2026-08-20 22:50:09.611 +04:00 [INF] Paper skip SPCXUSDT: Already open on symbol open=0.031% RT=-0.079%
2026-08-20 22:50:11.669 +04:00 [INF] Futures scan: 1 candidate(s), best RT=-0.084% open=0.026%
2026-08-20 22:50:11.672 +04:00 [INF] Paper skip SPCXUSDT: Already open on symbol open=0.026% RT=-0.084%
2026-08-20 22:50:27.163 +04:00 [INF] Futures scan: 1 candidate(s), best RT=-0.076% open=0.034%
2026-08-20 22:50:27.165 +04:00 [INF] Paper skip SPCXUSDT: Already open on symbol open=0.034% RT=-0.076%
2026-08-20 22:50:28.199 +04:00 [INF] Futures scan: 1 candidate(s), best RT=-0.079% open=0.031%
2026-08-20 22:50:28.201 +04:00 [INF] Paper skip SPCXUSDT: Already open on symbol open=0.031% RT=-0.079%
2026-08-20 22:50:31.290 +04:00 [INF] Futures scan: 1 candidate(s), best RT=-0.084% open=0.026%
2026-08-20 22:50:31.291 +04:00 [INF] Paper skip SPCXUSDT: Already open on symbol open=0.026% RT=-0.084%
2026-08-20 22:50:36.466 +04:00 [INF] Futures scan: 1 candidate(s), best RT=-0.084% open=0.026%
2026-08-20 22:50:36.468 +04:00 [INF] Paper skip SPCXUSDT: Already open on symbol open=0.026% RT=-0.084%
2026-08-20 22:50:40.623 +04:00 [INF] Futures scan: 1 candidate(s), best RT=-0.084% open=0.026%
2026-08-20 22:50:40.625 +04:00 [INF] Paper skip SPCXUSDT: Already open on symbol open=0.026% RT=-0.084%
2026-08-20 22:50:41.659 +04:00 [INF] Futures scan: 1 candidate(s), best RT=-0.079% open=0.031%
2026-08-20 22:50:41.661 +04:00 [INF] Paper skip SPCXUSDT: Already open on symbol open=0.031% RT=-0.079%
2026-08-20 22:50:42.689 +04:00 [INF] Futures scan: 1 candidate(s), best RT=-0.076% open=0.034%
2026-08-20 22:50:42.691 +04:00 [INF] Paper skip SPCXUSDT: Already open on symbol open=0.034% RT=-0.076%
2026-08-20 22:50:43.721 +04:00 [INF] Futures scan: 1 candidate(s), best RT=-0.076% open=0.034%
2026-08-20 22:50:43.723 +04:00 [INF] Paper skip SPCXUSDT: Already open on symbol open=0.034% RT=-0.076%
2026-08-20 22:50:44.750 +04:00 [INF] Futures scan: 2 candidate(s), best RT=-0.072% open=0.034%
2026-08-20 22:50:44.752 +04:00 [INF] Paper skip SPCXUSDT: Already open on symbol open=0.034% RT=-0.076%
2026-08-20 22:50:44.755 +04:00 [INF] Paper skip SPCXUSDT: Already open on symbol open=0.028% RT=-0.072%
2026-08-20 22:51:00.279 +04:00 [INF] Futures scan: 1 candidate(s), best RT=-0.084% open=0.026%
2026-08-20 22:51:00.280 +04:00 [INF] Paper skip SPCXUSDT: Already open on symbol open=0.026% RT=-0.084%
2026-08-20 22:51:02.359 +04:00 [INF] Futures scan: 2 candidate(s), best RT=-0.072% open=0.028%
2026-08-20 22:51:02.361 +04:00 [INF] Paper skip SPCXUSDT: Already open on symbol open=0.028% RT=-0.082%
2026-08-20 22:51:02.362 +04:00 [INF] Paper skip SPCXUSDT: Already open on symbol open=0.028% RT=-0.072%
2026-08-20 22:51:14.743 +04:00 [INF] Futures scan: 1 candidate(s), best RT=-0.077% open=0.033%
2026-08-20 22:51:14.745 +04:00 [INF] Paper skip SPCXUSDT: Already open on symbol open=0.033% RT=-0.077%
2026-08-20 22:51:15.783 +04:00 [INF] Futures scan: 1 candidate(s), best RT=-0.082% open=0.028%
2026-08-20 22:51:15.785 +04:00 [INF] Paper skip SPCXUSDT: Already open on symbol open=0.028% RT=-0.082%
2026-08-20 22:51:16.827 +04:00 [INF] Futures scan: 1 candidate(s), best RT=-0.082% open=0.028%
2026-08-20 22:51:16.829 +04:00 [INF] Paper skip SPCXUSDT: Already open on symbol open=0.028% RT=-0.082%
2026-08-20 22:51:17.860 +04:00 [INF] Futures scan: 1 candidate(s), best RT=-0.082% open=0.028%
2026-08-20 22:51:17.862 +04:00 [INF] Paper skip SPCXUSDT: Already open on symbol open=0.028% RT=-0.082%
2026-08-20 22:51:18.898 +04:00 [INF] Futures scan: 1 candidate(s), best RT=-0.077% open=0.033%
2026-08-20 22:51:18.900 +04:00 [INF] Paper skip SPCXUSDT: Already open on symbol open=0.033% RT=-0.077%
2026-08-20 22:51:26.141 +04:00 [INF] Futures scan: 1 candidate(s), best RT=-0.072% open=0.028%
2026-08-20 22:51:26.143 +04:00 [INF] Paper skip SPCXUSDT: Already open on symbol open=0.028% RT=-0.072%
2026-08-20 22:51:49.970 +04:00 [INF] Futures scan: 1 candidate(s), best RT=-0.072% open=0.028%
2026-08-20 22:51:49.971 +04:00 [INF] Paper skip SPCXUSDT: Already open on symbol open=0.028% RT=-0.072%
2026-08-20 22:52:08.560 +04:00 [INF] Futures scan: 3 candidate(s), best RT=-0.057% open=0.043%
2026-08-20 22:52:08.562 +04:00 [INF] Paper skip SPCXUSDT: Already open on symbol open=0.043% RT=-0.057%
2026-08-20 22:52:08.563 +04:00 [INF] Paper skip SPCXUSDT: Already open on symbol open=0.041% RT=-0.069%
2026-08-20 22:52:08.564 +04:00 [INF] Paper skip SPCXUSDT: Already open on symbol open=0.026% RT=-0.079%
2026-08-20 22:52:09.590 +04:00 [INF] Futures scan: 1 candidate(s), best RT=-0.083% open=0.027%
2026-08-20 22:52:09.592 +04:00 [INF] Paper skip SPCXUSDT: Already open on symbol open=0.027% RT=-0.083%
2026-08-20 22:52:10.631 +04:00 [INF] Futures scan: 2 candidate(s), best RT=-0.072% open=0.033%
2026-08-20 22:52:10.634 +04:00 [INF] Paper skip SPCXUSDT: Already open on symbol open=0.033% RT=-0.077%
2026-08-20 22:52:10.638 +04:00 [INF] Paper skip SPCXUSDT: Already open on symbol open=0.028% RT=-0.072%
2026-08-20 22:52:11.686 +04:00 [INF] Futures scan: 2 candidate(s), best RT=-0.072% open=0.028%
2026-08-20 22:52:11.687 +04:00 [INF] Paper skip SPCXUSDT: Already open on symbol open=0.028% RT=-0.072%
2026-08-20 22:52:11.688 +04:00 [INF] Paper skip SPCXUSDT: Already open on symbol open=0.027% RT=-0.083%
2026-08-20 22:52:12.715 +04:00 [INF] Futures scan: 2 candidate(s), best RT=-0.072% open=0.028%
2026-08-20 22:52:12.717 +04:00 [INF] Paper skip SPCXUSDT: Already open on symbol open=0.028% RT=-0.072%
2026-08-20 22:52:12.719 +04:00 [INF] Paper skip SPCXUSDT: Already open on symbol open=0.027% RT=-0.083%
2026-08-20 22:52:20.980 +04:00 [INF] Futures scan: 2 candidate(s), best RT=-0.057% open=0.043%
2026-08-20 22:52:20.981 +04:00 [INF] Paper skip SPCXUSDT: Already open on symbol open=0.043% RT=-0.057%
2026-08-20 22:52:20.982 +04:00 [INF] Paper skip SPCXUSDT: Already open on symbol open=0.036% RT=-0.074%
2026-08-20 22:52:22.006 +04:00 [INF] Futures scan: 1 candidate(s), best RT=-0.072% open=0.028%
2026-08-20 22:52:22.009 +04:00 [INF] Paper skip SPCXUSDT: Already open on symbol open=0.028% RT=-0.072%
2026-08-20 22:52:23.042 +04:00 [INF] Futures scan: 1 candidate(s), best RT=-0.072% open=0.028%
2026-08-20 22:52:23.044 +04:00 [INF] Paper skip SPCXUSDT: Already open on symbol open=0.028% RT=-0.072%
2026-08-20 22:52:24.078 +04:00 [INF] Futures scan: 1 candidate(s), best RT=-0.072% open=0.028%
2026-08-20 22:52:24.081 +04:00 [INF] Paper skip SPCXUSDT: Already open on symbol open=0.028% RT=-0.072%
2026-08-20 22:52:27.183 +04:00 [INF] Futures scan: 2 candidate(s), best RT=-0.072% open=0.028%
2026-08-20 22:52:27.184 +04:00 [INF] Paper skip SPCXUSDT: Already open on symbol open=0.028% RT=-0.072%
2026-08-20 22:52:27.185 +04:00 [INF] Paper skip SPCXUSDT: Already open on symbol open=0.025% RT=-0.085%
2026-08-20 22:52:28.215 +04:00 [INF] Futures scan: 1 candidate(s), best RT=-0.072% open=0.028%
2026-08-20 22:52:28.216 +04:00 [INF] Paper skip SPCXUSDT: Already open on symbol open=0.028% RT=-0.072%
2026-08-20 22:52:31.332 +04:00 [INF] Futures scan: 1 candidate(s), best RT=-0.072% open=0.028%
2026-08-20 22:52:31.334 +04:00 [INF] Paper skip SPCXUSDT: Already open on symbol open=0.028% RT=-0.072%
2026-08-20 22:52:34.441 +04:00 [INF] Futures scan: 1 candidate(s), best RT=-0.065% open=0.035%
2026-08-20 22:52:34.442 +04:00 [INF] Paper skip SPCXUSDT: Already open on symbol open=0.035% RT=-0.065%
2026-08-20 22:52:35.475 +04:00 [INF] Futures scan: 1 candidate(s), best RT=-0.065% open=0.035%
2026-08-20 22:52:35.477 +04:00 [INF] Paper skip SPCXUSDT: Already open on symbol open=0.035% RT=-0.065%
2026-08-20 22:52:40.641 +04:00 [INF] Futures scan: 1 candidate(s), best RT=-0.072% open=0.028%
2026-08-20 22:52:40.643 +04:00 [INF] Paper skip SPCXUSDT: Already open on symbol open=0.028% RT=-0.072%
2026-08-20 22:52:45.820 +04:00 [INF] Futures scan: 1 candidate(s), best RT=-0.085% open=0.025%
2026-08-20 22:52:45.821 +04:00 [INF] Paper skip SPCXUSDT: Already open on symbol open=0.025% RT=-0.085%
2026-08-20 22:52:46.848 +04:00 [INF] Futures scan: 1 candidate(s), best RT=-0.085% open=0.025%
2026-08-20 22:52:46.850 +04:00 [INF] Paper skip SPCXUSDT: Already open on symbol open=0.025% RT=-0.085%
2026-08-20 22:52:57.183 +04:00 [INF] Futures scan: 1 candidate(s), best RT=-0.072% open=0.028%
2026-08-20 22:52:57.188 +04:00 [INF] Paper skip SPCXUSDT: Already open on symbol open=0.028% RT=-0.072%
2026-08-20 22:52:58.231 +04:00 [INF] Futures scan: 1 candidate(s), best RT=-0.072% open=0.028%
2026-08-20 22:52:58.233 +04:00 [INF] Paper skip SPCXUSDT: Already open on symbol open=0.028% RT=-0.072%
2026-08-20 22:52:59.269 +04:00 [INF] Futures scan: 1 candidate(s), best RT=-0.072% open=0.028%
2026-08-20 22:52:59.271 +04:00 [INF] Paper skip SPCXUSDT: Already open on symbol open=0.028% RT=-0.072%
2026-08-20 22:53:00.305 +04:00 [INF] Futures scan: 1 candidate(s), best RT=-0.072% open=0.028%
2026-08-20 22:53:00.307 +04:00 [INF] Paper skip SPCXUSDT: Already open on symbol open=0.028% RT=-0.072%
2026-08-20 22:53:01.345 +04:00 [INF] Futures scan: 1 candidate(s), best RT=-0.085% open=0.025%
2026-08-20 22:53:01.346 +04:00 [INF] Paper skip SPCXUSDT: Already open on symbol open=0.025% RT=-0.085%
2026-08-20 22:53:02.383 +04:00 [INF] Futures scan: 1 candidate(s), best RT=-0.065% open=0.035%
2026-08-20 22:53:02.384 +04:00 [INF] Paper skip SPCXUSDT: Already open on symbol open=0.035% RT=-0.065%
2026-08-20 22:53:26.157 +04:00 [INF] Futures scan: 2 candidate(s), best RT=-0.072% open=0.031%
2026-08-20 22:53:26.159 +04:00 [INF] Paper skip SPCXUSDT: Already open on symbol open=0.031% RT=-0.079%
2026-08-20 22:53:26.160 +04:00 [INF] Paper skip SPCXUSDT: Already open on symbol open=0.028% RT=-0.072%
2026-08-20 22:53:56.124 +04:00 [INF] Futures scan: 2 candidate(s), best RT=-0.072% open=0.028%
2026-08-20 22:53:56.126 +04:00 [INF] Paper skip SPCXUSDT: Already open on symbol open=0.028% RT=-0.072%
2026-08-20 22:53:56.127 +04:00 [INF] Paper skip SPCXUSDT: Already open on symbol open=0.026% RT=-0.084%
2026-08-20 22:53:57.162 +04:00 [INF] Futures scan: 1 candidate(s), best RT=-0.072% open=0.028%
2026-08-20 22:53:57.164 +04:00 [INF] Paper skip SPCXUSDT: Already open on symbol open=0.028% RT=-0.072%
2026-08-20 22:53:58.213 +04:00 [INF] Futures scan: 1 candidate(s), best RT=-0.072% open=0.028%
2026-08-20 22:53:58.214 +04:00 [INF] Paper skip SPCXUSDT: Already open on symbol open=0.028% RT=-0.072%
2026-08-20 22:53:59.262 +04:00 [INF] Futures scan: 1 candidate(s), best RT=-0.072% open=0.028%
2026-08-20 22:53:59.266 +04:00 [INF] Paper skip SPCXUSDT: Already open on symbol open=0.028% RT=-0.072%
2026-08-20 22:54:03.408 +04:00 [INF] Futures scan: 2 candidate(s), best RT=-0.072% open=0.028%
2026-08-20 22:54:03.409 +04:00 [INF] Paper skip SPCXUSDT: Already open on symbol open=0.028% RT=-0.072%
2026-08-20 22:54:03.411 +04:00 [INF] Paper skip SPCXUSDT: Already open on symbol open=0.025% RT=-0.085%
2026-08-20 22:54:04.437 +04:00 [INF] Futures scan: 2 candidate(s), best RT=-0.072% open=0.028%
2026-08-20 22:54:04.439 +04:00 [INF] Paper skip SPCXUSDT: Already open on symbol open=0.028% RT=-0.072%
2026-08-20 22:54:04.441 +04:00 [INF] Paper skip SPCXUSDT: Already open on symbol open=0.026% RT=-0.084%
2026-08-20 22:54:05.480 +04:00 [INF] Futures scan: 2 candidate(s), best RT=-0.072% open=0.028%
2026-08-20 22:54:05.482 +04:00 [INF] Paper skip SPCXUSDT: Already open on symbol open=0.028% RT=-0.072%
2026-08-20 22:54:05.484 +04:00 [INF] Paper skip SPCXUSDT: Already open on symbol open=0.025% RT=-0.085%
2026-08-20 22:54:06.520 +04:00 [INF] Futures scan: 2 candidate(s), best RT=-0.072% open=0.033%
2026-08-20 22:54:06.521 +04:00 [INF] Paper skip SPCXUSDT: Already open on symbol open=0.033% RT=-0.077%
2026-08-20 22:54:06.523 +04:00 [INF] Paper skip SPCXUSDT: Already open on symbol open=0.028% RT=-0.072%
2026-08-20 22:54:07.559 +04:00 [INF] Futures scan: 2 candidate(s), best RT=-0.072% open=0.028%
2026-08-20 22:54:07.561 +04:00 [INF] Paper skip SPCXUSDT: Already open on symbol open=0.028% RT=-0.072%
2026-08-20 22:54:07.563 +04:00 [INF] Paper skip SPCXUSDT: Already open on symbol open=0.025% RT=-0.085%
2026-08-20 22:54:08.589 +04:00 [INF] Futures scan: 2 candidate(s), best RT=-0.072% open=0.028%
2026-08-20 22:54:08.592 +04:00 [INF] Paper skip SPCXUSDT: Already open on symbol open=0.028% RT=-0.072%
2026-08-20 22:54:08.593 +04:00 [INF] Paper skip SPCXUSDT: Already open on symbol open=0.025% RT=-0.085%
2026-08-20 22:54:09.643 +04:00 [INF] Futures scan: 1 candidate(s), best RT=-0.085% open=0.025%
2026-08-20 22:54:09.644 +04:00 [INF] Paper skip SPCXUSDT: Already open on symbol open=0.025% RT=-0.085%
2026-08-20 22:54:15.805 +04:00 [INF] Futures scan: 1 candidate(s), best RT=-0.072% open=0.028%
2026-08-20 22:54:15.807 +04:00 [INF] Paper skip SPCXUSDT: Already open on symbol open=0.028% RT=-0.072%
2026-08-20 22:54:31.288 +04:00 [INF] Futures scan: 1 candidate(s), best RT=-0.085% open=0.025%
2026-08-20 22:54:31.289 +04:00 [INF] Paper skip SPCXUSDT: Already open on symbol open=0.025% RT=-0.085%
2026-08-20 22:54:36.468 +04:00 [INF] Futures scan: 1 candidate(s), best RT=-0.080% open=0.030%
2026-08-20 22:54:36.470 +04:00 [INF] Paper skip SPCXUSDT: Already open on symbol open=0.030% RT=-0.080%
2026-08-20 22:54:54.064 +04:00 [INF] Futures scan: 2 candidate(s), best RT=-0.072% open=0.028%
2026-08-20 22:54:54.065 +04:00 [INF] Paper skip SPCXUSDT: Already open on symbol open=0.028% RT=-0.072%
2026-08-20 22:54:54.066 +04:00 [INF] Paper skip SPCXUSDT: Already open on symbol open=0.027% RT=-0.083%
2026-08-20 22:54:55.099 +04:00 [INF] Futures scan: 2 candidate(s), best RT=-0.072% open=0.028%
2026-08-20 22:54:55.102 +04:00 [INF] Paper skip SPCXUSDT: Already open on symbol open=0.028% RT=-0.072%
2026-08-20 22:54:55.103 +04:00 [INF] Paper skip SPCXUSDT: Already open on symbol open=0.027% RT=-0.083%
2026-08-20 22:54:56.136 +04:00 [INF] Futures scan: 1 candidate(s), best RT=-0.072% open=0.028%
2026-08-20 22:54:56.138 +04:00 [INF] Paper skip SPCXUSDT: Already open on symbol open=0.028% RT=-0.072%
2026-08-20 22:54:57.166 +04:00 [INF] Futures scan: 1 candidate(s), best RT=-0.072% open=0.028%
2026-08-20 22:54:57.169 +04:00 [INF] Paper skip SPCXUSDT: Already open on symbol open=0.028% RT=-0.072%
2026-08-20 22:54:58.203 +04:00 [INF] Futures scan: 1 candidate(s), best RT=-0.072% open=0.028%
2026-08-20 22:54:58.205 +04:00 [INF] Paper skip SPCXUSDT: Already open on symbol open=0.028% RT=-0.072%
2026-08-20 22:55:00.278 +04:00 [INF] Futures scan: 1 candidate(s), best RT=-0.072% open=0.028%
2026-08-20 22:55:00.280 +04:00 [INF] Paper skip SPCXUSDT: Already open on symbol open=0.028% RT=-0.072%
2026-08-20 22:55:04.427 +04:00 [INF] Futures scan: 1 candidate(s), best RT=-0.072% open=0.028%
2026-08-20 22:55:04.428 +04:00 [INF] Paper skip SPCXUSDT: Already open on symbol open=0.028% RT=-0.072%
2026-08-20 22:55:05.465 +04:00 [INF] Futures scan: 1 candidate(s), best RT=-0.072% open=0.028%
2026-08-20 22:55:05.466 +04:00 [INF] Paper skip SPCXUSDT: Already open on symbol open=0.028% RT=-0.072%
2026-08-20 22:55:14.763 +04:00 [INF] Futures scan: 1 candidate(s), best RT=-0.072% open=0.028%
2026-08-20 22:55:14.765 +04:00 [INF] Paper skip SPCXUSDT: Already open on symbol open=0.028% RT=-0.072%
2026-08-20 22:55:15.804 +04:00 [INF] Futures scan: 1 candidate(s), best RT=-0.072% open=0.028%
2026-08-20 22:55:15.806 +04:00 [INF] Paper skip SPCXUSDT: Already open on symbol open=0.028% RT=-0.072%
2026-08-20 22:55:24.067 +04:00 [INF] Futures scan: 2 candidate(s), best RT=-0.072% open=0.028%
2026-08-20 22:55:24.068 +04:00 [INF] Paper skip SPCXUSDT: Already open on symbol open=0.028% RT=-0.072%
2026-08-20 22:55:24.070 +04:00 [INF] Paper skip SPCXUSDT: Already open on symbol open=0.025% RT=-0.085%
2026-08-20 22:55:25.106 +04:00 [INF] Futures scan: 1 candidate(s), best RT=-0.072% open=0.028%
2026-08-20 22:55:25.108 +04:00 [INF] Paper skip SPCXUSDT: Already open on symbol open=0.028% RT=-0.072%
2026-08-20 22:55:29.223 +04:00 [INF] Futures scan: 1 candidate(s), best RT=-0.084% open=0.026%
2026-08-20 22:55:29.226 +04:00 [INF] Paper skip SPCXUSDT: Already open on symbol open=0.026% RT=-0.084%
2026-08-20 22:57:09.482 +04:00 [INF] Futures scan: 1 candidate(s), best RT=-0.065% open=0.035%
2026-08-20 22:57:09.484 +04:00 [INF] Paper skip SPCXUSDT: Already open on symbol open=0.035% RT=-0.065%
2026-08-20 22:57:20.877 +04:00 [INF] Futures scan: 1 candidate(s), best RT=-0.072% open=0.028%
2026-08-20 22:57:20.879 +04:00 [INF] Paper skip SPCXUSDT: Already open on symbol open=0.028% RT=-0.072%
2026-08-20 22:57:21.930 +04:00 [INF] Futures scan: 1 candidate(s), best RT=-0.072% open=0.028%
2026-08-20 22:57:21.931 +04:00 [INF] Paper skip SPCXUSDT: Already open on symbol open=0.028% RT=-0.072%
2026-08-20 22:57:22.967 +04:00 [INF] Futures scan: 1 candidate(s), best RT=-0.072% open=0.028%
2026-08-20 22:57:22.970 +04:00 [INF] Paper skip SPCXUSDT: Already open on symbol open=0.028% RT=-0.072%
2026-08-20 22:57:24.006 +04:00 [INF] Futures scan: 1 candidate(s), best RT=-0.072% open=0.028%
2026-08-20 22:57:24.008 +04:00 [INF] Paper skip SPCXUSDT: Already open on symbol open=0.028% RT=-0.072%
2026-08-20 22:57:25.043 +04:00 [INF] Futures scan: 1 candidate(s), best RT=-0.072% open=0.028%
2026-08-20 22:57:25.044 +04:00 [INF] Paper skip SPCXUSDT: Already open on symbol open=0.028% RT=-0.072%
2026-08-20 22:57:26.079 +04:00 [INF] Futures scan: 1 candidate(s), best RT=-0.072% open=0.028%
2026-08-20 22:57:26.081 +04:00 [INF] Paper skip SPCXUSDT: Already open on symbol open=0.028% RT=-0.072%
2026-08-20 22:57:27.111 +04:00 [INF] Futures scan: 1 candidate(s), best RT=-0.072% open=0.028%
2026-08-20 22:57:27.112 +04:00 [INF] Paper skip SPCXUSDT: Already open on symbol open=0.028% RT=-0.072%
2026-08-20 22:57:28.152 +04:00 [INF] Futures scan: 1 candidate(s), best RT=-0.072% open=0.028%
2026-08-20 22:57:28.154 +04:00 [INF] Paper skip SPCXUSDT: Already open on symbol open=0.028% RT=-0.072%
2026-08-20 22:57:29.188 +04:00 [INF] Futures scan: 1 candidate(s), best RT=-0.072% open=0.028%
2026-08-20 22:57:29.190 +04:00 [INF] Paper skip SPCXUSDT: Already open on symbol open=0.028% RT=-0.072%
2026-08-20 22:57:30.225 +04:00 [INF] Futures scan: 1 candidate(s), best RT=-0.072% open=0.028%
2026-08-20 22:57:30.228 +04:00 [INF] Paper skip SPCXUSDT: Already open on symbol open=0.028% RT=-0.072%
2026-08-20 22:57:31.264 +04:00 [INF] Futures scan: 1 candidate(s), best RT=-0.072% open=0.028%
2026-08-20 22:57:31.265 +04:00 [INF] Paper skip SPCXUSDT: Already open on symbol open=0.028% RT=-0.072%
2026-08-20 22:57:33.337 +04:00 [INF] Futures scan: 1 candidate(s), best RT=-0.072% open=0.028%
2026-08-20 22:57:33.339 +04:00 [INF] Paper skip SPCXUSDT: Already open on symbol open=0.028% RT=-0.072%
2026-08-20 22:57:34.373 +04:00 [INF] Futures scan: 1 candidate(s), best RT=-0.072% open=0.028%
2026-08-20 22:57:34.374 +04:00 [INF] Paper skip SPCXUSDT: Already open on symbol open=0.028% RT=-0.072%
2026-08-20 22:57:35.407 +04:00 [INF] Futures scan: 1 candidate(s), best RT=-0.072% open=0.028%
2026-08-20 22:57:35.409 +04:00 [INF] Paper skip SPCXUSDT: Already open on symbol open=0.028% RT=-0.072%
2026-08-20 22:58:17.857 +04:00 [INF] Futures scan: 1 candidate(s), best RT=-0.065% open=0.035%
2026-08-20 22:58:17.858 +04:00 [INF] Paper skip SPCXUSDT: Already open on symbol open=0.035% RT=-0.065%
2026-08-20 22:58:18.884 +04:00 [INF] Futures scan: 1 candidate(s), best RT=-0.072% open=0.028%
2026-08-20 22:58:18.886 +04:00 [INF] Paper skip SPCXUSDT: Already open on symbol open=0.028% RT=-0.072%
2026-08-20 22:58:21.987 +04:00 [INF] Futures scan: 1 candidate(s), best RT=-0.072% open=0.028%
2026-08-20 22:58:21.989 +04:00 [INF] Paper skip SPCXUSDT: Already open on symbol open=0.028% RT=-0.072%
2026-08-20 22:58:42.667 +04:00 [INF] Futures scan: 1 candidate(s), best RT=-0.072% open=0.028%
2026-08-20 22:58:42.669 +04:00 [INF] Paper skip SPCXUSDT: Already open on symbol open=0.028% RT=-0.072%
2026-08-20 22:59:02.354 +04:00 [INF] Futures scan: 1 candidate(s), best RT=-0.072% open=0.028%
2026-08-20 22:59:02.355 +04:00 [INF] Paper skip SPCXUSDT: Already open on symbol open=0.028% RT=-0.072%
2026-08-20 22:59:08.539 +04:00 [INF] Futures scan: 1 candidate(s), best RT=-0.085% open=0.025%
2026-08-20 22:59:08.541 +04:00 [INF] Paper skip SPCXUSDT: Already open on symbol open=0.025% RT=-0.085%
2026-08-20 22:59:09.577 +04:00 [INF] Futures scan: 1 candidate(s), best RT=-0.084% open=0.026%
2026-08-20 22:59:09.578 +04:00 [INF] Paper skip SPCXUSDT: Already open on symbol open=0.026% RT=-0.084%
2026-08-20 22:59:47.881 +04:00 [INF] Discovery: public tickers Binance/Bybit/OKX (arb band 5000000–500000000 USDT vol, top 15)
2026-08-20 22:59:48.333 +04:00 [INF] Binance fapi: 692 USDT perps with volume
2026-08-20 22:59:49.184 +04:00 [INF] Bybit linear: 724 USDT perps with volume
2026-08-20 22:59:49.586 +04:00 [INF] OKX SWAP: 432 USDT perps with volume
2026-08-20 22:59:50.158 +04:00 [INF] Bitget USDT-FUTURES: 755 tickers with volume
2026-08-20 22:59:53.503 +04:00 [INF] GateIo USDT futures: 935 tickers with volume
2026-08-20 22:59:54.310 +04:00 [INF] Discovered 15 arb pairs: DOGEUSDT@5ex/335.4M, SUIUSDT@5ex/94.6M, SNDKUSDT@5ex/296.1M, ENAUSDT@5ex/89.1M, SOXLUSDT@5ex/188.9M, XAUUSDT@5ex/186.8M, HYPEUSDT@5ex/373.6M, SOLUSDT@5ex/389M, SKHYNIXUSDT@5ex/170.9M, SPCXUSDT@5ex/153M, WLDUSDT@5ex/57.4M, ADAUSDT@5ex/130.1M, TRUMPUSDT@5ex/100.1M, KORUUSDT@5ex/93M, ARBUSDT@5ex/34.6M
2026-08-20 22:59:54.315 +04:00 [INF] Symbol refresh (http-tickers-arb): [DOGEUSDT,SUIUSDT,SNDKUSDT,ENAUSDT,SOXLUSDT,XAUUSDT,HYPEUSDT,SOLUSDT,SKHYNIXUSDT,SPCXUSDT,WLDUSDT,ADAUSDT,TRUMPUSDT,KORUUSDT,ARBUSDT] → [DOGEUSDT,SUIUSDT,SNDKUSDT,ENAUSDT,SOXLUSDT,XAUUSDT,HYPEUSDT,SOLUSDT,SKHYNIXUSDT,SPCXUSDT,WLDUSDT,ADAUSDT,TRUMPUSDT,KORUUSDT,ARBUSDT] | changed=false
2026-08-20 23:00:59.537 +04:00 [INF] Futures scan: 1 candidate(s), best RT=-0.085% open=0.025%
2026-08-20 23:00:59.539 +04:00 [INF] Paper skip SPCXUSDT: Already open on symbol open=0.025% RT=-0.085%
2026-08-20 23:01:17.192 +04:00 [INF] Futures scan: 1 candidate(s), best RT=-0.084% open=0.026%
2026-08-20 23:01:17.194 +04:00 [INF] Paper skip SPCXUSDT: Already open on symbol open=0.026% RT=-0.084%
2026-08-20 23:01:23.394 +04:00 [INF] Futures scan: 1 candidate(s), best RT=-0.085% open=0.025%
2026-08-20 23:01:23.395 +04:00 [INF] Paper skip SPCXUSDT: Already open on symbol open=0.025% RT=-0.085%
2026-08-20 23:01:35.903 +04:00 [INF] Futures scan: 1 candidate(s), best RT=-0.084% open=0.026%
2026-08-20 23:01:35.904 +04:00 [INF] Paper skip SPCXUSDT: Already open on symbol open=0.026% RT=-0.084%
2026-08-20 23:01:36.943 +04:00 [INF] Futures scan: 1 candidate(s), best RT=-0.082% open=0.028%
2026-08-20 23:01:36.945 +04:00 [INF] Paper skip SPCXUSDT: Already open on symbol open=0.028% RT=-0.082%
2026-08-20 23:01:37.979 +04:00 [INF] Futures scan: 1 candidate(s), best RT=-0.073% open=0.037%
2026-08-20 23:01:37.980 +04:00 [INF] Paper skip SPCXUSDT: Already open on symbol open=0.037% RT=-0.073%
2026-08-20 23:01:44.186 +04:00 [INF] Futures scan: 1 candidate(s), best RT=-0.085% open=0.025%
2026-08-20 23:01:44.187 +04:00 [INF] Paper skip SPCXUSDT: Already open on symbol open=0.025% RT=-0.085%
2026-08-20 23:01:45.223 +04:00 [INF] Futures scan: 1 candidate(s), best RT=-0.084% open=0.026%
2026-08-20 23:01:45.225 +04:00 [INF] Paper skip SPCXUSDT: Already open on symbol open=0.026% RT=-0.084%
2026-08-20 23:01:46.258 +04:00 [INF] Futures scan: 1 candidate(s), best RT=-0.084% open=0.026%
2026-08-20 23:01:46.260 +04:00 [INF] Paper skip SPCXUSDT: Already open on symbol open=0.026% RT=-0.084%
2026-08-20 23:01:47.301 +04:00 [INF] Futures scan: 1 candidate(s), best RT=-0.085% open=0.025%
2026-08-20 23:01:47.302 +04:00 [INF] Paper skip SPCXUSDT: Already open on symbol open=0.025% RT=-0.085%
2026-08-20 23:02:00.764 +04:00 [INF] Futures scan: 1 candidate(s), best RT=-0.085% open=0.025%
2026-08-20 23:02:00.768 +04:00 [INF] Paper skip SPCXUSDT: Already open on symbol open=0.025% RT=-0.085%
2026-08-20 23:02:02.844 +04:00 [INF] Futures scan: 2 candidate(s), best RT=-0.072% open=0.032%
2026-08-20 23:02:02.845 +04:00 [INF] Paper skip SPCXUSDT: Already open on symbol open=0.032% RT=-0.078%
2026-08-20 23:02:02.846 +04:00 [INF] Paper skip SPCXUSDT: Already open on symbol open=0.028% RT=-0.072%
2026-08-20 23:02:13.170 +04:00 [INF] Futures scan: 1 candidate(s), best RT=-0.085% open=0.025%
2026-08-20 23:02:13.172 +04:00 [INF] Paper skip SPCXUSDT: Already open on symbol open=0.025% RT=-0.085%
2026-08-20 23:02:14.213 +04:00 [INF] Futures scan: 1 candidate(s), best RT=-0.085% open=0.025%
2026-08-20 23:02:14.215 +04:00 [INF] Paper skip SPCXUSDT: Already open on symbol open=0.025% RT=-0.085%
2026-08-20 23:02:17.314 +04:00 [INF] Futures scan: 1 candidate(s), best RT=-0.083% open=0.027%
2026-08-20 23:02:17.315 +04:00 [INF] Paper skip SPCXUSDT: Already open on symbol open=0.027% RT=-0.083%
2026-08-20 23:02:18.347 +04:00 [INF] Futures scan: 1 candidate(s), best RT=-0.085% open=0.025%
2026-08-20 23:02:18.348 +04:00 [INF] Paper skip SPCXUSDT: Already open on symbol open=0.025% RT=-0.085%
2026-08-20 23:02:36.971 +04:00 [INF] Futures scan: 1 candidate(s), best RT=-0.085% open=0.025%
2026-08-20 23:02:36.978 +04:00 [INF] Paper skip SPCXUSDT: Already open on symbol open=0.025% RT=-0.085%
2026-08-20 23:02:38.013 +04:00 [INF] Futures scan: 2 candidate(s), best RT=-0.072% open=0.028%
2026-08-20 23:02:38.014 +04:00 [INF] Paper skip SPCXUSDT: Already open on symbol open=0.028% RT=-0.072%
2026-08-20 23:02:38.016 +04:00 [INF] Paper skip SPCXUSDT: Already open on symbol open=0.025% RT=-0.085%
2026-08-20 23:03:10.058 +04:00 [INF] Futures scan: 1 candidate(s), best RT=-0.084% open=0.026%
2026-08-20 23:03:10.060 +04:00 [INF] Paper skip SPCXUSDT: Already open on symbol open=0.026% RT=-0.084%
2026-08-20 23:04:13.334 +04:00 [INF] Futures scan: 1 candidate(s), best RT=-0.085% open=0.025%
2026-08-20 23:04:13.336 +04:00 [INF] Paper skip SPCXUSDT: Already open on symbol open=0.025% RT=-0.085%
2026-08-20 23:04:48.605 +04:00 [INF] Futures scan: 1 candidate(s), best RT=-0.085% open=0.025%
2026-08-20 23:04:48.607 +04:00 [INF] Paper skip SPCXUSDT: Already open on symbol open=0.025% RT=-0.085%
2026-08-20 23:05:17.773 +04:00 [INF] FUT PAPER CLOSE SPCXUSDT pnl=-2.3635 reason=timeout lev=5x
2026-08-20 23:05:33.324 +04:00 [INF] Futures scan: 1 candidate(s), best RT=-0.085% open=0.025%
2026-08-20 23:05:33.327 +04:00 [INF] FUT PAPER OPEN SPCXUSDT L:GateIo S:Bitget qty=15.008255 lev=5x margin=400.00 edge=0.025%
2026-08-20 23:05:33.331 +04:00 [INF] Opened futures paper hedge (1): SPCXUSDT: L GateIo@133.08 / S Bitget@133.26 | RT -0.085% fund 0.000% → -0.085%
2026-08-20 23:05:34.363 +04:00 [INF] Futures scan: 2 candidate(s), best RT=-0.072% open=0.033%
2026-08-20 23:05:34.365 +04:00 [INF] Paper skip SPCXUSDT: Cooldown 4000ms open=0.033% RT=-0.077%
2026-08-20 23:05:34.367 +04:00 [INF] Paper skip SPCXUSDT: Cooldown 4000ms open=0.028% RT=-0.072%
2026-08-20 23:05:47.846 +04:00 [INF] Futures scan: 1 candidate(s), best RT=-0.084% open=0.026%
2026-08-20 23:05:47.848 +04:00 [INF] Paper skip SPCXUSDT: Already open on symbol open=0.026% RT=-0.084%
2026-08-20 23:05:57.171 +04:00 [INF] Futures scan: 1 candidate(s), best RT=-0.083% open=0.027%
2026-08-20 23:05:57.173 +04:00 [INF] Paper skip SPCXUSDT: Already open on symbol open=0.027% RT=-0.083%
2026-08-20 23:06:00.284 +04:00 [INF] Futures scan: 1 candidate(s), best RT=-0.085% open=0.025%
2026-08-20 23:06:00.286 +04:00 [INF] Paper skip SPCXUSDT: Already open on symbol open=0.025% RT=-0.085%
2026-08-20 23:06:02.353 +04:00 [INF] Futures scan: 1 candidate(s), best RT=-0.085% open=0.025%
2026-08-20 23:06:02.355 +04:00 [INF] Paper skip SPCXUSDT: Already open on symbol open=0.025% RT=-0.085%
2026-08-20 23:06:28.386 +04:00 [INF] Futures scan: 1 candidate(s), best RT=-0.079% open=0.031%
2026-08-20 23:06:28.390 +04:00 [INF] Paper skip SPCXUSDT: Already open on symbol open=0.031% RT=-0.079%
2026-08-20 23:06:29.431 +04:00 [INF] Futures scan: 1 candidate(s), best RT=-0.085% open=0.025%
2026-08-20 23:06:29.433 +04:00 [INF] Paper skip SPCXUSDT: Already open on symbol open=0.025% RT=-0.085%
2026-08-20 23:06:40.888 +04:00 [INF] Futures scan: 2 candidate(s), best RT=-0.072% open=0.035%
2026-08-20 23:06:40.890 +04:00 [INF] Paper skip SPCXUSDT: Already open on symbol open=0.035% RT=-0.075%
2026-08-20 23:06:40.893 +04:00 [INF] Paper skip SPCXUSDT: Already open on symbol open=0.028% RT=-0.072%
2026-08-20 23:06:41.926 +04:00 [INF] Futures scan: 1 candidate(s), best RT=-0.084% open=0.026%
2026-08-20 23:06:41.928 +04:00 [INF] Paper skip SPCXUSDT: Already open on symbol open=0.026% RT=-0.084%
2026-08-20 23:06:42.962 +04:00 [INF] Futures scan: 2 candidate(s), best RT=-0.073% open=0.027%
2026-08-20 23:06:42.963 +04:00 [INF] Paper skip SPCXUSDT: Already open on symbol open=0.027% RT=-0.073%
2026-08-20 23:06:42.964 +04:00 [INF] Paper skip SPCXUSDT: Already open on symbol open=0.025% RT=-0.085%
2026-08-20 23:06:44.007 +04:00 [INF] Futures scan: 1 candidate(s), best RT=-0.085% open=0.025%
2026-08-20 23:06:44.008 +04:00 [INF] Paper skip SPCXUSDT: Already open on symbol open=0.025% RT=-0.085%
2026-08-20 23:06:45.050 +04:00 [INF] Futures scan: 1 candidate(s), best RT=-0.085% open=0.025%
2026-08-20 23:06:45.052 +04:00 [INF] Paper skip SPCXUSDT: Already open on symbol open=0.025% RT=-0.085%
2026-08-20 23:06:46.085 +04:00 [INF] Futures scan: 1 candidate(s), best RT=-0.082% open=0.028%
2026-08-20 23:06:46.087 +04:00 [INF] Paper skip SPCXUSDT: Already open on symbol open=0.028% RT=-0.082%
2026-08-20 23:06:47.125 +04:00 [INF] Futures scan: 1 candidate(s), best RT=-0.082% open=0.028%
2026-08-20 23:06:47.126 +04:00 [INF] Paper skip SPCXUSDT: Already open on symbol open=0.028% RT=-0.082%
2026-08-20 23:06:50.231 +04:00 [INF] Futures scan: 1 candidate(s), best RT=-0.076% open=0.034%
2026-08-20 23:06:50.233 +04:00 [INF] Paper skip SPCXUSDT: Already open on symbol open=0.034% RT=-0.076%
2026-08-20 23:06:51.268 +04:00 [INF] Futures scan: 1 candidate(s), best RT=-0.084% open=0.026%
2026-08-20 23:06:51.271 +04:00 [INF] Paper skip SPCXUSDT: Already open on symbol open=0.026% RT=-0.084%
2026-08-20 23:06:52.316 +04:00 [INF] Futures scan: 1 candidate(s), best RT=-0.084% open=0.026%
2026-08-20 23:06:52.317 +04:00 [INF] Paper skip SPCXUSDT: Already open on symbol open=0.026% RT=-0.084%
2026-08-20 23:06:53.359 +04:00 [INF] Futures scan: 1 candidate(s), best RT=-0.085% open=0.025%
2026-08-20 23:06:53.362 +04:00 [INF] Paper skip SPCXUSDT: Already open on symbol open=0.025% RT=-0.085%
2026-08-20 23:06:55.436 +04:00 [INF] Futures scan: 1 candidate(s), best RT=-0.084% open=0.026%
2026-08-20 23:06:55.437 +04:00 [INF] Paper skip SPCXUSDT: Already open on symbol open=0.026% RT=-0.084%
2026-08-20 23:07:06.872 +04:00 [INF] Futures scan: 1 candidate(s), best RT=-0.084% open=0.026%
2026-08-20 23:07:06.874 +04:00 [INF] Paper skip SPCXUSDT: Already open on symbol open=0.026% RT=-0.084%
2026-08-20 23:07:08.939 +04:00 [INF] Futures scan: 1 candidate(s), best RT=-0.083% open=0.027%
2026-08-20 23:07:08.943 +04:00 [INF] Paper skip SPCXUSDT: Already open on symbol open=0.027% RT=-0.083%
2026-08-20 23:07:14.138 +04:00 [INF] Futures scan: 1 candidate(s), best RT=-0.085% open=0.025%
2026-08-20 23:07:14.139 +04:00 [INF] Paper skip SPCXUSDT: Already open on symbol open=0.025% RT=-0.085%
2026-08-20 23:07:17.267 +04:00 [INF] Futures scan: 1 candidate(s), best RT=-0.085% open=0.025%
2026-08-20 23:07:17.269 +04:00 [INF] Paper skip SPCXUSDT: Already open on symbol open=0.025% RT=-0.085%
2026-08-20 23:07:18.317 +04:00 [INF] Futures scan: 1 candidate(s), best RT=-0.085% open=0.025%
2026-08-20 23:07:18.319 +04:00 [INF] Paper skip SPCXUSDT: Already open on symbol open=0.025% RT=-0.085%
2026-08-20 23:07:19.354 +04:00 [INF] Futures scan: 1 candidate(s), best RT=-0.077% open=0.033%
2026-08-20 23:07:19.355 +04:00 [INF] Paper skip SPCXUSDT: Already open on symbol open=0.033% RT=-0.077%
2026-08-20 23:07:20.397 +04:00 [INF] Futures scan: 1 candidate(s), best RT=-0.085% open=0.025%
2026-08-20 23:07:20.399 +04:00 [INF] Paper skip SPCXUSDT: Already open on symbol open=0.025% RT=-0.085%
2026-08-20 23:07:22.475 +04:00 [INF] Futures scan: 1 candidate(s), best RT=-0.068% open=0.042%
2026-08-20 23:07:22.477 +04:00 [INF] Paper skip SPCXUSDT: Already open on symbol open=0.042% RT=-0.068%
2026-08-20 23:07:23.519 +04:00 [INF] Futures scan: 1 candidate(s), best RT=-0.085% open=0.025%
2026-08-20 23:07:23.521 +04:00 [INF] Paper skip SPCXUSDT: Already open on symbol open=0.025% RT=-0.085%
2026-08-20 23:07:27.662 +04:00 [INF] Futures scan: 1 candidate(s), best RT=-0.081% open=0.029%
2026-08-20 23:07:27.664 +04:00 [INF] Paper skip SPCXUSDT: Already open on symbol open=0.029% RT=-0.081%
2026-08-20 23:07:31.819 +04:00 [INF] Futures scan: 1 candidate(s), best RT=-0.079% open=0.031%
2026-08-20 23:07:31.820 +04:00 [INF] Paper skip SPCXUSDT: Already open on symbol open=0.031% RT=-0.079%
2026-08-20 23:07:39.136 +04:00 [INF] Futures scan: 1 candidate(s), best RT=-0.085% open=0.025%
2026-08-20 23:07:39.137 +04:00 [INF] Paper skip SPCXUSDT: Already open on symbol open=0.025% RT=-0.085%
2026-08-20 23:07:40.178 +04:00 [INF] Futures scan: 1 candidate(s), best RT=-0.081% open=0.029%
2026-08-20 23:07:40.179 +04:00 [INF] Paper skip SPCXUSDT: Already open on symbol open=0.029% RT=-0.081%
2026-08-20 23:07:41.225 +04:00 [INF] Futures scan: 1 candidate(s), best RT=-0.077% open=0.033%
2026-08-20 23:07:41.234 +04:00 [INF] Paper skip SPCXUSDT: Already open on symbol open=0.033% RT=-0.077%
2026-08-20 23:07:44.367 +04:00 [INF] Futures scan: 1 candidate(s), best RT=-0.077% open=0.033%
2026-08-20 23:07:44.369 +04:00 [INF] Paper skip SPCXUSDT: Already open on symbol open=0.033% RT=-0.077%
2026-08-20 23:07:46.438 +04:00 [INF] Futures scan: 1 candidate(s), best RT=-0.085% open=0.025%
2026-08-20 23:07:46.440 +04:00 [INF] Paper skip SPCXUSDT: Already open on symbol open=0.025% RT=-0.085%
2026-08-20 23:07:47.476 +04:00 [INF] Futures scan: 1 candidate(s), best RT=-0.085% open=0.025%
2026-08-20 23:07:47.477 +04:00 [INF] Paper skip SPCXUSDT: Already open on symbol open=0.025% RT=-0.085%
2026-08-20 23:07:48.516 +04:00 [INF] Futures scan: 1 candidate(s), best RT=-0.084% open=0.026%
2026-08-20 23:07:48.518 +04:00 [INF] Paper skip SPCXUSDT: Already open on symbol open=0.026% RT=-0.084%
2026-08-20 23:07:49.545 +04:00 [INF] Futures scan: 1 candidate(s), best RT=-0.084% open=0.026%
2026-08-20 23:07:49.547 +04:00 [INF] Paper skip SPCXUSDT: Already open on symbol open=0.026% RT=-0.084%
2026-08-20 23:07:50.588 +04:00 [INF] Futures scan: 1 candidate(s), best RT=-0.085% open=0.025%
2026-08-20 23:07:50.598 +04:00 [INF] Paper skip SPCXUSDT: Already open on symbol open=0.025% RT=-0.085%
2026-08-20 23:08:02.080 +04:00 [INF] Futures scan: 1 candidate(s), best RT=-0.079% open=0.031%
2026-08-20 23:08:02.082 +04:00 [INF] Paper skip SPCXUSDT: Already open on symbol open=0.031% RT=-0.079%
2026-08-20 23:08:03.127 +04:00 [INF] Futures scan: 1 candidate(s), best RT=-0.078% open=0.032%
2026-08-20 23:08:03.128 +04:00 [INF] Paper skip SPCXUSDT: Already open on symbol open=0.032% RT=-0.078%
2026-08-20 23:08:04.162 +04:00 [INF] Futures scan: 1 candidate(s), best RT=-0.085% open=0.025%
2026-08-20 23:08:04.164 +04:00 [INF] Paper skip SPCXUSDT: Already open on symbol open=0.025% RT=-0.085%
2026-08-20 23:08:14.520 +04:00 [INF] Futures scan: 1 candidate(s), best RT=-0.083% open=0.027%
2026-08-20 23:08:14.521 +04:00 [INF] Paper skip SPCXUSDT: Already open on symbol open=0.027% RT=-0.083%
2026-08-20 23:08:16.589 +04:00 [INF] Futures scan: 1 candidate(s), best RT=-0.085% open=0.025%
2026-08-20 23:08:16.590 +04:00 [INF] Paper skip SPCXUSDT: Already open on symbol open=0.025% RT=-0.085%
2026-08-20 23:08:21.782 +04:00 [INF] Futures scan: 1 candidate(s), best RT=-0.072% open=0.028%
2026-08-20 23:08:21.785 +04:00 [INF] Paper skip SPCXUSDT: Already open on symbol open=0.028% RT=-0.072%
2026-08-20 23:08:22.812 +04:00 [INF] Futures scan: 1 candidate(s), best RT=-0.084% open=0.026%
2026-08-20 23:08:22.814 +04:00 [INF] Paper skip SPCXUSDT: Already open on symbol open=0.026% RT=-0.084%
2026-08-20 23:08:40.547 +04:00 [INF] Futures scan: 1 candidate(s), best RT=-0.084% open=0.026%
2026-08-20 23:08:40.549 +04:00 [INF] Paper skip SPCXUSDT: Already open on symbol open=0.026% RT=-0.084%
2026-08-20 23:10:49.054 +04:00 [INF] Futures scan: 1 candidate(s), best RT=-0.065% open=0.040%
2026-08-20 23:10:49.057 +04:00 [INF] FUT PAPER OPEN ARBUSDT L:Bybit S:Binance qty=22488.585031 lev=5x margin=400.00 edge=0.040%
2026-08-20 23:10:49.059 +04:00 [INF] Opened futures paper hedge (1): ARBUSDT: L Bybit@0.09 / S Binance@0.09 | RT -0.065% fund 0.000% → -0.065%
2026-08-20 23:10:50.093 +04:00 [INF] FUT PAPER CLOSE ARBUSDT pnl=-0.0925 reason=converge lev=5x
2026-08-20 23:12:24.373 +04:00 [INF] Futures scan: 1 candidate(s), best RT=-0.072% open=0.028%
2026-08-20 23:12:24.375 +04:00 [INF] Paper skip SPCXUSDT: Already open on symbol open=0.028% RT=-0.072%
2026-08-20 23:13:07.766 +04:00 [INF] Futures scan: 1 candidate(s), best RT=-0.088% open=0.027%
2026-08-20 23:13:07.769 +04:00 [INF] FUT PAPER OPEN ENAUSDT L:Bitget S:Bybit qty=18203.603222 lev=5x margin=400.00 edge=0.027%
2026-08-20 23:13:07.771 +04:00 [INF] Opened futures paper hedge (1): ENAUSDT: L Bitget@0.11 / S Bybit@0.11 | RT -0.088% fund 0.000% → -0.088%
2026-08-20 23:14:16.080 +04:00 [INF] FUT PAPER CLOSE ENAUSDT pnl=-0.1943 reason=converge lev=5x
2026-08-20 23:14:54.336 +04:00 [INF] Discovery: public tickers Binance/Bybit/OKX (arb band 5000000–500000000 USDT vol, top 15)
2026-08-20 23:14:55.242 +04:00 [INF] Binance fapi: 692 USDT perps with volume
2026-08-20 23:14:55.846 +04:00 [INF] Bybit linear: 724 USDT perps with volume
2026-08-20 23:14:56.240 +04:00 [INF] OKX SWAP: 432 USDT perps with volume
2026-08-20 23:14:56.687 +04:00 [INF] Bitget USDT-FUTURES: 755 tickers with volume
2026-08-20 23:14:59.854 +04:00 [INF] GateIo USDT futures: 935 tickers with volume
2026-08-20 23:15:01.032 +04:00 [INF] Discovered 15 arb pairs: DOGEUSDT@5ex/341.1M, SUIUSDT@5ex/94.9M, ENAUSDT@5ex/91.1M, SNDKUSDT@5ex/296.5M, HYPEUSDT@5ex/347M, SOXLUSDT@5ex/189.3M, XAUUSDT@5ex/177.3M, SOLUSDT@5ex/387.3M, SKHYNIXUSDT@5ex/170.9M, SPCXUSDT@5ex/153.6M, WLDUSDT@5ex/57.2M, ADAUSDT@5ex/130.7M, TRUMPUSDT@5ex/100.4M, KORUUSDT@5ex/92.8M, ARBUSDT@5ex/34.4M
2026-08-20 23:15:01.033 +04:00 [INF] Symbol refresh (http-tickers-arb): [DOGEUSDT,SUIUSDT,SNDKUSDT,ENAUSDT,SOXLUSDT,XAUUSDT,HYPEUSDT,SOLUSDT,SKHYNIXUSDT,SPCXUSDT,WLDUSDT,ADAUSDT,TRUMPUSDT,KORUUSDT,ARBUSDT] → [DOGEUSDT,SUIUSDT,ENAUSDT,SNDKUSDT,HYPEUSDT,SOXLUSDT,XAUUSDT,SOLUSDT,SKHYNIXUSDT,SPCXUSDT,WLDUSDT,ADAUSDT,TRUMPUSDT,KORUUSDT,ARBUSDT] | changed=false
2026-08-20 23:15:32.080 +04:00 [INF] Funding cache refresh for 15 symbols × 3 exchanges (TTL 45m)
2026-08-20 23:15:42.783 +04:00 [INF] Funding cache entries: 45
2026-08-20 23:15:59.362 +04:00 [INF] Futures scan: 2 candidate(s), best RT=-0.072% open=0.034%
2026-08-20 23:15:59.364 +04:00 [INF] Paper skip SPCXUSDT: Already open on symbol open=0.034% RT=-0.076%
2026-08-20 23:15:59.365 +04:00 [INF] Paper skip SPCXUSDT: Already open on symbol open=0.028% RT=-0.072%
2026-08-20 23:16:05.572 +04:00 [INF] Futures scan: 1 candidate(s), best RT=-0.084% open=0.026%
2026-08-20 23:16:05.573 +04:00 [INF] Paper skip SPCXUSDT: Already open on symbol open=0.026% RT=-0.084%
2026-08-20 23:17:04.623 +04:00 [INF] Futures scan: 1 candidate(s), best RT=-0.082% open=0.028%
2026-08-20 23:17:04.624 +04:00 [INF] Paper skip SPCXUSDT: Already open on symbol open=0.028% RT=-0.082%
2026-08-20 23:17:33.612 +04:00 [INF] Futures scan: 1 candidate(s), best RT=-0.084% open=0.026%
2026-08-20 23:17:33.613 +04:00 [INF] Paper skip SPCXUSDT: Already open on symbol open=0.026% RT=-0.084%
2026-08-20 23:18:58.413 +04:00 [INF] Futures scan: 1 candidate(s), best RT=-0.064% open=0.036%
2026-08-20 23:18:58.415 +04:00 [INF] Paper skip SPCXUSDT: Already open on symbol open=0.036% RT=-0.064%
2026-08-20 23:19:18.119 +04:00 [INF] Futures scan: 1 candidate(s), best RT=-0.084% open=0.026%
2026-08-20 23:19:18.120 +04:00 [INF] Paper skip SPCXUSDT: Already open on symbol open=0.026% RT=-0.084%
2026-08-20 23:19:19.152 +04:00 [INF] Futures scan: 1 candidate(s), best RT=-0.084% open=0.026%
2026-08-20 23:19:19.153 +04:00 [INF] Paper skip SPCXUSDT: Already open on symbol open=0.026% RT=-0.084%
2026-08-20 23:19:21.851 +04:00 [WRN] Unable to configure Browser Link script injection on the response. 
2026-08-20 23:19:21.855 +04:00 [WRN] Unable to configure browser refresh script injection on the response. Consider manually adding '<script src="/_framework/aspnetcore-browser-refresh.js"></script>' to the body of the page.
2026-08-20 23:19:21.851 +04:00 [WRN] Unable to configure Browser Link script injection on the response. 
2026-08-20 23:19:21.872 +04:00 [WRN] Unable to configure browser refresh script injection on the response. Consider manually adding '<script src="/_framework/aspnetcore-browser-refresh.js"></script>' to the body of the page.
2026-08-20 23:19:24.406 +04:00 [INF] Futures scan: 1 candidate(s), best RT=-0.085% open=0.025%
2026-08-20 23:19:24.408 +04:00 [INF] Paper skip SPCXUSDT: Already open on symbol open=0.025% RT=-0.085%
2026-08-20 23:20:05.746 +04:00 [INF] Futures scan: 1 candidate(s), best RT=-0.084% open=0.026%
2026-08-20 23:20:05.747 +04:00 [INF] Paper skip SPCXUSDT: Already open on symbol open=0.026% RT=-0.084%
2026-08-20 23:21:24.381 +04:00 [INF] Futures scan: 1 candidate(s), best RT=-0.084% open=0.026%
2026-08-20 23:21:24.383 +04:00 [INF] Paper skip SPCXUSDT: Already open on symbol open=0.026% RT=-0.084%
2026-08-20 23:21:45.118 +04:00 [INF] Futures scan: 1 candidate(s), best RT=-0.085% open=0.025%
2026-08-20 23:21:45.119 +04:00 [INF] Paper skip SPCXUSDT: Already open on symbol open=0.025% RT=-0.085%
2026-08-20 23:21:53.412 +04:00 [INF] Futures scan: 1 candidate(s), best RT=-0.079% open=0.031%
2026-08-20 23:21:53.413 +04:00 [INF] Paper skip SPCXUSDT: Already open on symbol open=0.031% RT=-0.079%
2026-08-20 23:22:00.654 +04:00 [INF] Futures scan: 1 candidate(s), best RT=-0.084% open=0.026%
2026-08-20 23:22:00.656 +04:00 [INF] Paper skip SPCXUSDT: Already open on symbol open=0.026% RT=-0.084%
2026-08-20 23:22:01.691 +04:00 [INF] Futures scan: 1 candidate(s), best RT=-0.084% open=0.026%
2026-08-20 23:22:01.693 +04:00 [INF] Paper skip SPCXUSDT: Already open on symbol open=0.026% RT=-0.084%
2026-08-20 23:22:02.719 +04:00 [INF] Futures scan: 1 candidate(s), best RT=-0.084% open=0.026%
2026-08-20 23:22:02.721 +04:00 [INF] Paper skip SPCXUSDT: Already open on symbol open=0.026% RT=-0.084%
2026-08-20 23:22:04.795 +04:00 [INF] Futures scan: 1 candidate(s), best RT=-0.084% open=0.026%
2026-08-20 23:22:04.797 +04:00 [INF] Paper skip SPCXUSDT: Already open on symbol open=0.026% RT=-0.084%
2026-08-20 23:22:22.428 +04:00 [INF] Futures scan: 1 candidate(s), best RT=-0.084% open=0.026%
2026-08-20 23:22:22.429 +04:00 [INF] Paper skip SPCXUSDT: Already open on symbol open=0.026% RT=-0.084%
2026-08-20 23:22:30.715 +04:00 [INF] Futures scan: 1 candidate(s), best RT=-0.085% open=0.025%
2026-08-20 23:22:30.717 +04:00 [INF] Paper skip SPCXUSDT: Already open on symbol open=0.025% RT=-0.085%
2026-08-20 23:22:49.390 +04:00 [INF] Futures scan: 1 candidate(s), best RT=-0.084% open=0.026%
2026-08-20 23:22:49.392 +04:00 [INF] Paper skip SPCXUSDT: Already open on symbol open=0.026% RT=-0.084%
2026-08-20 23:22:50.424 +04:00 [INF] Futures scan: 1 candidate(s), best RT=-0.084% open=0.026%
2026-08-20 23:22:50.426 +04:00 [INF] Paper skip SPCXUSDT: Already open on symbol open=0.026% RT=-0.084%
2026-08-20 23:23:32.891 +04:00 [INF] Futures scan: 1 candidate(s), best RT=-0.084% open=0.026%
2026-08-20 23:23:32.893 +04:00 [INF] Paper skip SPCXUSDT: Already open on symbol open=0.026% RT=-0.084%
2026-08-20 23:23:36.010 +04:00 [INF] Futures scan: 1 candidate(s), best RT=-0.084% open=0.026%
2026-08-20 23:23:36.011 +04:00 [INF] Paper skip SPCXUSDT: Already open on symbol open=0.026% RT=-0.084%
2026-08-20 23:23:37.041 +04:00 [INF] Futures scan: 1 candidate(s), best RT=-0.084% open=0.026%
2026-08-20 23:23:37.043 +04:00 [INF] Paper skip SPCXUSDT: Already open on symbol open=0.026% RT=-0.084%
2026-08-20 23:24:31.466 +04:00 [INF] Paper analytics store: D:\Users\karap\source\repos\ArbitrageBot\ArbitrageBot\data\paper
2026-08-20 23:24:31.521 +04:00 [INF] Realtime broadcast started (in-memory WS books → SignalR every 900ms; no REST in this loop)
2026-08-20 23:24:31.527 +04:00 [INF] Discovery: public tickers Binance/Bybit/OKX (arb band 5000000–500000000 USDT vol, top 15)
2026-08-20 23:24:32.267 +04:00 [INF] Binance fapi: 692 USDT perps with volume
2026-08-20 23:24:33.900 +04:00 [INF] Bybit linear: 724 USDT perps with volume
2026-08-20 23:24:34.363 +04:00 [INF] OKX SWAP: 432 USDT perps with volume
2026-08-20 23:24:34.782 +04:00 [INF] Bitget USDT-FUTURES: 755 tickers with volume
2026-08-20 23:24:38.574 +04:00 [INF] GateIo USDT futures: 935 tickers with volume
2026-08-20 23:24:39.642 +04:00 [INF] Discovered 15 arb pairs: DOGEUSDT@5ex/341.5M, SUIUSDT@5ex/95.2M, ENAUSDT@5ex/93.1M, SNDKUSDT@5ex/296M, HYPEUSDT@5ex/308.2M, SOXLUSDT@5ex/189.3M, XAUUSDT@5ex/177.6M, SOLUSDT@5ex/384.3M, SKHYNIXUSDT@5ex/171M, SPCXUSDT@5ex/153.3M, WLDUSDT@5ex/56.9M, ADAUSDT@5ex/130.7M, TRUMPUSDT@5ex/100.5M, KORUUSDT@5ex/92.6M, ARBUSDT@5ex/33.8M
2026-08-20 23:24:39.646 +04:00 [INF] Start | Strategy=FuturesCross | Mode=PAPER | Symbols=DOGEUSDT,SUIUSDT,ENAUSDT,SNDKUSDT,HYPEUSDT,SOXLUSDT,XAUUSDT,SOLUSDT,SKHYNIXUSDT,SPCXUSDT,WLDUSDT,ADAUSDT,TRUMPUSDT,KORUUSDT,ARBUSDT | Ex=Binance,Bybit,OKX,Bitget,GateIo
2026-08-20 23:24:39.662 +04:00 [INF] Restored 1 open paper hedge(s) from D:\Users\karap\source\repos\ArbitrageBot\ArbitrageBot\data\paper\open-state.json (realized=-5.25)
2026-08-20 23:24:39.692 +04:00 [INF] UsdFutures order book DOGEUSDT status changed: "Disconnected" => "Connecting"
2026-08-20 23:24:41.579 +04:00 [INF] [Sckt 1] subscription 6 completed successfully
2026-08-20 23:24:41.584 +04:00 [INF] UsdFutures order book DOGEUSDT status changed: "Connecting" => "Syncing"
2026-08-20 23:24:42.003 +04:00 [INF] UsdFutures order book DOGEUSDT status changed: "Syncing" => "Synced"
2026-08-20 23:24:42.010 +04:00 [INF] Futures book Binance:DOGEUSDT "Synced"
2026-08-20 23:24:42.017 +04:00 [INF] V5 order book DOGEUSDT status changed: "Disconnected" => "Connecting"
2026-08-20 23:24:42.892 +04:00 [INF] [Sckt 2] subscription 10 completed successfully
2026-08-20 23:24:42.894 +04:00 [INF] V5 order book DOGEUSDT status changed: "Connecting" => "Syncing"
2026-08-20 23:24:42.897 +04:00 [INF] V5 order book DOGEUSDT status changed: "Syncing" => "Synced"
2026-08-20 23:24:42.898 +04:00 [INF] Futures book Bybit:DOGEUSDT "Synced"
2026-08-20 23:24:42.902 +04:00 [INF] Unified order book DOGE-USDT-SWAP status changed: "Disconnected" => "Connecting"
2026-08-20 23:24:44.459 +04:00 [INF] [Sckt 3] subscription 14 completed successfully
2026-08-20 23:24:44.461 +04:00 [INF] Unified order book DOGE-USDT-SWAP status changed: "Connecting" => "Syncing"
2026-08-20 23:24:45.140 +04:00 [INF] Unified order book DOGE-USDT-SWAP status changed: "Syncing" => "Synced"
2026-08-20 23:24:45.141 +04:00 [INF] Futures book OKX:DOGEUSDT "Synced"
2026-08-20 23:24:45.157 +04:00 [INF] Futures order book DOGEUSDT status changed: "Disconnected" => "Connecting"
2026-08-20 23:24:46.318 +04:00 [INF] [Sckt 4] subscription 17 completed successfully
2026-08-20 23:24:46.321 +04:00 [INF] Futures order book DOGEUSDT status changed: "Connecting" => "Syncing"
2026-08-20 23:24:46.385 +04:00 [INF] Futures order book DOGEUSDT status changed: "Syncing" => "Synced"
2026-08-20 23:24:46.441 +04:00 [INF] Futures book Bitget:DOGEUSDT "Synced"
2026-08-20 23:24:46.471 +04:00 [INF] PerpetualFutures order book DOGE_USDT status changed: "Disconnected" => "Connecting"
2026-08-20 23:24:48.220 +04:00 [INF] [Sckt 5] subscription 19 completed successfully
2026-08-20 23:24:48.224 +04:00 [INF] PerpetualFutures order book DOGE_USDT status changed: "Connecting" => "Syncing"
2026-08-20 23:24:48.225 +04:00 [INF] PerpetualFutures order book DOGE_USDT status changed: "Syncing" => "Synced"
2026-08-20 23:24:48.226 +04:00 [INF] Futures book GateIo:DOGEUSDT "Synced"
2026-08-20 23:24:48.227 +04:00 [INF] UsdFutures order book SUIUSDT status changed: "Disconnected" => "Connecting"
2026-08-20 23:24:48.569 +04:00 [INF] [Sckt 1] subscription 22 completed successfully
2026-08-20 23:24:48.572 +04:00 [INF] UsdFutures order book SUIUSDT status changed: "Connecting" => "Syncing"
2026-08-20 23:24:48.997 +04:00 [INF] UsdFutures order book SUIUSDT status changed: "Syncing" => "Synced"
2026-08-20 23:24:48.999 +04:00 [INF] Futures book Binance:SUIUSDT "Synced"
2026-08-20 23:24:49.000 +04:00 [INF] V5 order book SUIUSDT status changed: "Disconnected" => "Connecting"
2026-08-20 23:24:49.199 +04:00 [INF] [Sckt 2] subscription 26 completed successfully
2026-08-20 23:24:49.201 +04:00 [INF] V5 order book SUIUSDT status changed: "Connecting" => "Syncing"
2026-08-20 23:24:49.202 +04:00 [INF] V5 order book SUIUSDT status changed: "Syncing" => "Synced"
2026-08-20 23:24:49.203 +04:00 [INF] Futures book Bybit:SUIUSDT "Synced"
2026-08-20 23:24:49.205 +04:00 [INF] Unified order book SUI-USDT-SWAP status changed: "Disconnected" => "Connecting"
2026-08-20 23:24:49.567 +04:00 [INF] [Sckt 3] subscription 29 completed successfully
2026-08-20 23:24:49.569 +04:00 [INF] Unified order book SUI-USDT-SWAP status changed: "Connecting" => "Syncing"
2026-08-20 23:24:49.876 +04:00 [INF] Unified order book SUI-USDT-SWAP status changed: "Syncing" => "Synced"
2026-08-20 23:24:49.877 +04:00 [INF] Futures book OKX:SUIUSDT "Synced"
2026-08-20 23:24:49.878 +04:00 [INF] Futures order book SUIUSDT status changed: "Disconnected" => "Connecting"
2026-08-20 23:24:50.249 +04:00 [INF] [Sckt 4] subscription 31 completed successfully
2026-08-20 23:24:50.251 +04:00 [INF] Futures order book SUIUSDT status changed: "Connecting" => "Syncing"
2026-08-20 23:24:50.252 +04:00 [INF] Futures order book SUIUSDT status changed: "Syncing" => "Synced"
2026-08-20 23:24:50.255 +04:00 [INF] Futures book Bitget:SUIUSDT "Synced"
2026-08-20 23:24:50.256 +04:00 [INF] PerpetualFutures order book SUI_USDT status changed: "Disconnected" => "Connecting"
2026-08-20 23:24:50.581 +04:00 [INF] [Sckt 5] subscription 33 completed successfully
2026-08-20 23:24:50.584 +04:00 [INF] PerpetualFutures order book SUI_USDT status changed: "Connecting" => "Syncing"
2026-08-20 23:24:50.588 +04:00 [INF] PerpetualFutures order book SUI_USDT status changed: "Syncing" => "Synced"
2026-08-20 23:24:50.589 +04:00 [INF] Futures book GateIo:SUIUSDT "Synced"
2026-08-20 23:24:50.592 +04:00 [INF] UsdFutures order book ENAUSDT status changed: "Disconnected" => "Connecting"
2026-08-20 23:24:50.971 +04:00 [INF] [Sckt 1] subscription 36 completed successfully
2026-08-20 23:24:50.972 +04:00 [INF] UsdFutures order book ENAUSDT status changed: "Connecting" => "Syncing"
2026-08-20 23:24:51.405 +04:00 [INF] UsdFutures order book ENAUSDT status changed: "Syncing" => "Synced"
2026-08-20 23:24:51.406 +04:00 [INF] Futures book Binance:ENAUSDT "Synced"
2026-08-20 23:24:51.406 +04:00 [INF] V5 order book ENAUSDT status changed: "Disconnected" => "Connecting"
2026-08-20 23:24:51.605 +04:00 [INF] [Sckt 2] subscription 40 completed successfully
2026-08-20 23:24:51.606 +04:00 [INF] V5 order book ENAUSDT status changed: "Connecting" => "Syncing"
2026-08-20 23:24:51.607 +04:00 [INF] V5 order book ENAUSDT status changed: "Syncing" => "Synced"
2026-08-20 23:24:51.608 +04:00 [INF] Futures book Bybit:ENAUSDT "Synced"
2026-08-20 23:24:51.609 +04:00 [INF] Unified order book ENA-USDT-SWAP status changed: "Disconnected" => "Connecting"
2026-08-20 23:24:51.975 +04:00 [INF] [Sckt 3] subscription 43 completed successfully
2026-08-20 23:24:51.976 +04:00 [INF] Unified order book ENA-USDT-SWAP status changed: "Connecting" => "Syncing"
2026-08-20 23:24:52.289 +04:00 [INF] Unified order book ENA-USDT-SWAP status changed: "Syncing" => "Synced"
2026-08-20 23:24:52.290 +04:00 [INF] Futures book OKX:ENAUSDT "Synced"
2026-08-20 23:24:52.291 +04:00 [INF] Futures order book ENAUSDT status changed: "Disconnected" => "Connecting"
2026-08-20 23:24:52.564 +04:00 [INF] [Sckt 4] subscription 45 completed successfully
2026-08-20 23:24:52.566 +04:00 [INF] Futures order book ENAUSDT status changed: "Connecting" => "Syncing"
2026-08-20 23:24:52.567 +04:00 [INF] Futures order book ENAUSDT status changed: "Syncing" => "Synced"
2026-08-20 23:24:52.568 +04:00 [INF] Futures book Bitget:ENAUSDT "Synced"
2026-08-20 23:24:52.569 +04:00 [INF] PerpetualFutures order book ENA_USDT status changed: "Disconnected" => "Connecting"
2026-08-20 23:24:52.893 +04:00 [INF] [Sckt 5] subscription 47 completed successfully
2026-08-20 23:24:52.895 +04:00 [INF] PerpetualFutures order book ENA_USDT status changed: "Connecting" => "Syncing"
2026-08-20 23:24:52.896 +04:00 [INF] PerpetualFutures order book ENA_USDT status changed: "Syncing" => "Synced"
2026-08-20 23:24:52.897 +04:00 [INF] Futures book GateIo:ENAUSDT "Synced"
2026-08-20 23:24:52.898 +04:00 [INF] UsdFutures order book SNDKUSDT status changed: "Disconnected" => "Connecting"
2026-08-20 23:24:53.277 +04:00 [INF] [Sckt 1] subscription 50 completed successfully
2026-08-20 23:24:53.278 +04:00 [INF] UsdFutures order book SNDKUSDT status changed: "Connecting" => "Syncing"
2026-08-20 23:24:53.706 +04:00 [INF] UsdFutures order book SNDKUSDT status changed: "Syncing" => "Synced"
2026-08-20 23:24:53.708 +04:00 [INF] Futures book Binance:SNDKUSDT "Synced"
2026-08-20 23:24:53.709 +04:00 [INF] V5 order book SNDKUSDT status changed: "Disconnected" => "Connecting"
2026-08-20 23:24:53.918 +04:00 [INF] [Sckt 2] subscription 54 completed successfully
2026-08-20 23:24:53.919 +04:00 [INF] V5 order book SNDKUSDT status changed: "Connecting" => "Syncing"
2026-08-20 23:24:53.920 +04:00 [INF] V5 order book SNDKUSDT status changed: "Syncing" => "Synced"
2026-08-20 23:24:53.921 +04:00 [INF] Futures book Bybit:SNDKUSDT "Synced"
2026-08-20 23:24:53.922 +04:00 [INF] Unified order book SNDK-USDT-SWAP status changed: "Disconnected" => "Connecting"
2026-08-20 23:24:54.286 +04:00 [INF] [Sckt 3] subscription 57 completed successfully
2026-08-20 23:24:54.287 +04:00 [INF] Unified order book SNDK-USDT-SWAP status changed: "Connecting" => "Syncing"
2026-08-20 23:24:54.349 +04:00 [INF] Unified order book SNDK-USDT-SWAP status changed: "Syncing" => "Synced"
2026-08-20 23:24:54.350 +04:00 [INF] Futures book OKX:SNDKUSDT "Synced"
2026-08-20 23:24:54.351 +04:00 [INF] Futures order book SNDKUSDT status changed: "Disconnected" => "Connecting"
2026-08-20 23:24:54.628 +04:00 [INF] [Sckt 4] subscription 59 completed successfully
2026-08-20 23:24:54.630 +04:00 [INF] Futures order book SNDKUSDT status changed: "Connecting" => "Syncing"
2026-08-20 23:24:54.631 +04:00 [INF] Futures order book SNDKUSDT status changed: "Syncing" => "Synced"
2026-08-20 23:24:54.632 +04:00 [INF] Futures book Bitget:SNDKUSDT "Synced"
2026-08-20 23:24:54.634 +04:00 [INF] PerpetualFutures order book SNDK_USDT status changed: "Disconnected" => "Connecting"
2026-08-20 23:24:54.959 +04:00 [INF] [Sckt 5] subscription 61 completed successfully
2026-08-20 23:24:54.960 +04:00 [INF] PerpetualFutures order book SNDK_USDT status changed: "Connecting" => "Syncing"
2026-08-20 23:24:54.961 +04:00 [INF] PerpetualFutures order book SNDK_USDT status changed: "Syncing" => "Synced"
2026-08-20 23:24:54.962 +04:00 [INF] Futures book GateIo:SNDKUSDT "Synced"
2026-08-20 23:24:54.963 +04:00 [INF] UsdFutures order book HYPEUSDT status changed: "Disconnected" => "Connecting"
2026-08-20 23:24:55.374 +04:00 [INF] [Sckt 1] subscription 64 completed successfully
2026-08-20 23:24:55.376 +04:00 [INF] UsdFutures order book HYPEUSDT status changed: "Connecting" => "Syncing"
2026-08-20 23:24:55.807 +04:00 [INF] UsdFutures order book HYPEUSDT status changed: "Syncing" => "Synced"
2026-08-20 23:24:55.808 +04:00 [INF] Futures book Binance:HYPEUSDT "Synced"
2026-08-20 23:24:55.809 +04:00 [INF] V5 order book HYPEUSDT status changed: "Disconnected" => "Connecting"
2026-08-20 23:24:56.011 +04:00 [INF] [Sckt 2] subscription 68 completed successfully
2026-08-20 23:24:56.012 +04:00 [INF] V5 order book HYPEUSDT status changed: "Connecting" => "Syncing"
2026-08-20 23:24:56.013 +04:00 [INF] V5 order book HYPEUSDT status changed: "Syncing" => "Synced"
2026-08-20 23:24:56.014 +04:00 [INF] Futures book Bybit:HYPEUSDT "Synced"
2026-08-20 23:24:56.015 +04:00 [INF] Unified order book HYPE-USDT-SWAP status changed: "Disconnected" => "Connecting"
2026-08-20 23:24:56.377 +04:00 [INF] [Sckt 3] subscription 71 completed successfully
2026-08-20 23:24:56.378 +04:00 [INF] Unified order book HYPE-USDT-SWAP status changed: "Connecting" => "Syncing"
2026-08-20 23:24:56.498 +04:00 [INF] Unified order book HYPE-USDT-SWAP status changed: "Syncing" => "Synced"
2026-08-20 23:24:56.499 +04:00 [INF] Futures book OKX:HYPEUSDT "Synced"
2026-08-20 23:24:56.500 +04:00 [INF] Futures order book HYPEUSDT status changed: "Disconnected" => "Connecting"
2026-08-20 23:24:56.765 +04:00 [INF] [Sckt 4] subscription 73 completed successfully
2026-08-20 23:24:56.766 +04:00 [INF] Futures order book HYPEUSDT status changed: "Connecting" => "Syncing"
2026-08-20 23:24:56.826 +04:00 [INF] Futures order book HYPEUSDT status changed: "Syncing" => "Synced"
2026-08-20 23:24:56.827 +04:00 [INF] Futures book Bitget:HYPEUSDT "Synced"
2026-08-20 23:24:56.828 +04:00 [INF] PerpetualFutures order book HYPE_USDT status changed: "Disconnected" => "Connecting"
2026-08-20 23:24:57.152 +04:00 [INF] [Sckt 5] subscription 75 completed successfully
2026-08-20 23:24:57.154 +04:00 [INF] PerpetualFutures order book HYPE_USDT status changed: "Connecting" => "Syncing"
2026-08-20 23:24:57.155 +04:00 [INF] PerpetualFutures order book HYPE_USDT status changed: "Syncing" => "Synced"
2026-08-20 23:24:57.156 +04:00 [INF] Futures book GateIo:HYPEUSDT "Synced"
2026-08-20 23:24:57.157 +04:00 [INF] UsdFutures order book SOXLUSDT status changed: "Disconnected" => "Connecting"
2026-08-20 23:24:57.480 +04:00 [INF] [Sckt 1] subscription 78 completed successfully
2026-08-20 23:24:57.481 +04:00 [INF] UsdFutures order book SOXLUSDT status changed: "Connecting" => "Syncing"
2026-08-20 23:24:58.035 +04:00 [INF] UsdFutures order book SOXLUSDT status changed: "Syncing" => "Synced"
2026-08-20 23:24:58.037 +04:00 [INF] Futures book Binance:SOXLUSDT "Synced"
2026-08-20 23:24:58.037 +04:00 [INF] V5 order book SOXLUSDT status changed: "Disconnected" => "Connecting"
2026-08-20 23:24:58.236 +04:00 [INF] [Sckt 2] subscription 82 completed successfully
2026-08-20 23:24:58.238 +04:00 [INF] V5 order book SOXLUSDT status changed: "Connecting" => "Syncing"
2026-08-20 23:24:58.239 +04:00 [INF] V5 order book SOXLUSDT status changed: "Syncing" => "Synced"
2026-08-20 23:24:58.240 +04:00 [INF] Futures book Bybit:SOXLUSDT "Synced"
2026-08-20 23:24:58.240 +04:00 [INF] Unified order book SOXL-USDT-SWAP status changed: "Disconnected" => "Connecting"
2026-08-20 23:24:58.604 +04:00 [INF] [Sckt 3] subscription 85 completed successfully
2026-08-20 23:24:58.606 +04:00 [INF] Unified order book SOXL-USDT-SWAP status changed: "Connecting" => "Syncing"
2026-08-20 23:24:58.854 +04:00 [INF] Unified order book SOXL-USDT-SWAP status changed: "Syncing" => "Synced"
2026-08-20 23:24:58.855 +04:00 [INF] Futures book OKX:SOXLUSDT "Synced"
2026-08-20 23:24:58.857 +04:00 [INF] Futures order book SOXLUSDT status changed: "Disconnected" => "Connecting"
2026-08-20 23:24:59.136 +04:00 [INF] [Sckt 4] subscription 87 completed successfully
2026-08-20 23:24:59.138 +04:00 [INF] Futures order book SOXLUSDT status changed: "Connecting" => "Syncing"
2026-08-20 23:24:59.193 +04:00 [INF] Futures order book SOXLUSDT status changed: "Syncing" => "Synced"
2026-08-20 23:24:59.195 +04:00 [INF] Futures book Bitget:SOXLUSDT "Synced"
2026-08-20 23:24:59.196 +04:00 [INF] PerpetualFutures order book SOXL_USDT status changed: "Disconnected" => "Connecting"
2026-08-20 23:24:59.521 +04:00 [INF] [Sckt 5] subscription 89 completed successfully
2026-08-20 23:24:59.522 +04:00 [INF] PerpetualFutures order book SOXL_USDT status changed: "Connecting" => "Syncing"
2026-08-20 23:24:59.524 +04:00 [INF] PerpetualFutures order book SOXL_USDT status changed: "Syncing" => "Synced"
2026-08-20 23:24:59.525 +04:00 [INF] Futures book GateIo:SOXLUSDT "Synced"
2026-08-20 23:24:59.526 +04:00 [INF] UsdFutures order book XAUUSDT status changed: "Disconnected" => "Connecting"
2026-08-20 23:24:59.887 +04:00 [INF] [Sckt 1] subscription 92 completed successfully
2026-08-20 23:24:59.888 +04:00 [INF] UsdFutures order book XAUUSDT status changed: "Connecting" => "Syncing"
2026-08-20 23:25:00.319 +04:00 [INF] UsdFutures order book XAUUSDT status changed: "Syncing" => "Synced"
2026-08-20 23:25:00.321 +04:00 [INF] Futures book Binance:XAUUSDT "Synced"
2026-08-20 23:25:00.322 +04:00 [INF] V5 order book XAUUSDT status changed: "Disconnected" => "Connecting"
2026-08-20 23:25:00.526 +04:00 [INF] [Sckt 2] subscription 96 completed successfully
2026-08-20 23:25:00.527 +04:00 [INF] V5 order book XAUUSDT status changed: "Connecting" => "Syncing"
2026-08-20 23:25:00.528 +04:00 [INF] V5 order book XAUUSDT status changed: "Syncing" => "Synced"
2026-08-20 23:25:00.529 +04:00 [INF] Futures book Bybit:XAUUSDT "Synced"
2026-08-20 23:25:00.529 +04:00 [INF] Unified order book XAU-USDT-SWAP status changed: "Disconnected" => "Connecting"
2026-08-20 23:25:00.892 +04:00 [INF] [Sckt 3] subscription 99 completed successfully
2026-08-20 23:25:00.894 +04:00 [INF] Unified order book XAU-USDT-SWAP status changed: "Connecting" => "Syncing"
2026-08-20 23:25:00.957 +04:00 [INF] Unified order book XAU-USDT-SWAP status changed: "Syncing" => "Synced"
2026-08-20 23:25:00.959 +04:00 [INF] Futures book OKX:XAUUSDT "Synced"
2026-08-20 23:25:00.959 +04:00 [INF] Futures order book XAUUSDT status changed: "Disconnected" => "Connecting"
2026-08-20 23:25:01.235 +04:00 [INF] [Sckt 4] subscription 101 completed successfully
2026-08-20 23:25:01.236 +04:00 [INF] Futures order book XAUUSDT status changed: "Connecting" => "Syncing"
2026-08-20 23:25:01.238 +04:00 [INF] Futures order book XAUUSDT status changed: "Syncing" => "Synced"
2026-08-20 23:25:01.238 +04:00 [INF] Futures book Bitget:XAUUSDT "Synced"
2026-08-20 23:25:01.239 +04:00 [INF] PerpetualFutures order book XAU_USDT status changed: "Disconnected" => "Connecting"
2026-08-20 23:25:01.564 +04:00 [INF] [Sckt 5] subscription 103 completed successfully
2026-08-20 23:25:01.565 +04:00 [INF] PerpetualFutures order book XAU_USDT status changed: "Connecting" => "Syncing"
2026-08-20 23:25:01.567 +04:00 [INF] PerpetualFutures order book XAU_USDT status changed: "Syncing" => "Synced"
2026-08-20 23:25:01.568 +04:00 [INF] Futures book GateIo:XAUUSDT "Synced"
2026-08-20 23:25:01.569 +04:00 [INF] UsdFutures order book SOLUSDT status changed: "Disconnected" => "Connecting"
2026-08-20 23:25:01.988 +04:00 [INF] [Sckt 1] subscription 106 completed successfully
2026-08-20 23:25:01.989 +04:00 [INF] UsdFutures order book SOLUSDT status changed: "Connecting" => "Syncing"
2026-08-20 23:25:02.416 +04:00 [INF] UsdFutures order book SOLUSDT status changed: "Syncing" => "Synced"
2026-08-20 23:25:02.418 +04:00 [INF] Futures book Binance:SOLUSDT "Synced"
2026-08-20 23:25:02.418 +04:00 [INF] V5 order book SOLUSDT status changed: "Disconnected" => "Connecting"
2026-08-20 23:25:02.618 +04:00 [INF] [Sckt 2] subscription 112 completed successfully
2026-08-20 23:25:02.619 +04:00 [INF] V5 order book SOLUSDT status changed: "Connecting" => "Syncing"
2026-08-20 23:25:02.620 +04:00 [INF] V5 order book SOLUSDT status changed: "Syncing" => "Synced"
2026-08-20 23:25:02.621 +04:00 [INF] Futures book Bybit:SOLUSDT "Synced"
2026-08-20 23:25:02.621 +04:00 [INF] Unified order book SOL-USDT-SWAP status changed: "Disconnected" => "Connecting"
2026-08-20 23:25:02.988 +04:00 [INF] [Sckt 3] subscription 115 completed successfully
2026-08-20 23:25:02.989 +04:00 [INF] Unified order book SOL-USDT-SWAP status changed: "Connecting" => "Syncing"
2026-08-20 23:25:03.043 +04:00 [INF] Unified order book SOL-USDT-SWAP status changed: "Syncing" => "Synced"
2026-08-20 23:25:03.045 +04:00 [INF] Futures book OKX:SOLUSDT "Synced"
2026-08-20 23:25:03.046 +04:00 [INF] Futures order book SOLUSDT status changed: "Disconnected" => "Connecting"
2026-08-20 23:25:03.466 +04:00 [INF] [Sckt 4] subscription 118 completed successfully
2026-08-20 23:25:03.467 +04:00 [INF] Futures order book SOLUSDT status changed: "Connecting" => "Syncing"
2026-08-20 23:25:03.468 +04:00 [INF] Futures order book SOLUSDT status changed: "Syncing" => "Synced"
2026-08-20 23:25:03.469 +04:00 [INF] Futures book Bitget:SOLUSDT "Synced"
2026-08-20 23:25:03.470 +04:00 [INF] PerpetualFutures order book SOL_USDT status changed: "Disconnected" => "Connecting"
2026-08-20 23:25:03.797 +04:00 [INF] [Sckt 5] subscription 120 completed successfully
2026-08-20 23:25:03.799 +04:00 [INF] PerpetualFutures order book SOL_USDT status changed: "Connecting" => "Syncing"
2026-08-20 23:25:03.801 +04:00 [INF] PerpetualFutures order book SOL_USDT status changed: "Syncing" => "Synced"
2026-08-20 23:25:03.801 +04:00 [INF] Futures book GateIo:SOLUSDT "Synced"
2026-08-20 23:25:03.802 +04:00 [INF] UsdFutures order book SKHYNIXUSDT status changed: "Disconnected" => "Connecting"
2026-08-20 23:25:04.216 +04:00 [INF] [Sckt 1] subscription 123 completed successfully
2026-08-20 23:25:04.218 +04:00 [INF] UsdFutures order book SKHYNIXUSDT status changed: "Connecting" => "Syncing"
2026-08-20 23:25:04.660 +04:00 [INF] UsdFutures order book SKHYNIXUSDT status changed: "Syncing" => "Synced"
2026-08-20 23:25:04.662 +04:00 [INF] Futures book Binance:SKHYNIXUSDT "Synced"
2026-08-20 23:25:04.665 +04:00 [INF] V5 order book SKHYNIXUSDT status changed: "Disconnected" => "Connecting"
2026-08-20 23:25:04.867 +04:00 [INF] [Sckt 2] subscription 127 completed successfully
2026-08-20 23:25:04.868 +04:00 [INF] V5 order book SKHYNIXUSDT status changed: "Connecting" => "Syncing"
2026-08-20 23:25:04.869 +04:00 [INF] V5 order book SKHYNIXUSDT status changed: "Syncing" => "Synced"
2026-08-20 23:25:04.870 +04:00 [INF] Futures book Bybit:SKHYNIXUSDT "Synced"
2026-08-20 23:25:04.870 +04:00 [INF] Unified order book SKHYNIX-USDT-SWAP status changed: "Disconnected" => "Connecting"
2026-08-20 23:25:05.233 +04:00 [INF] [Sckt 3] subscription 130 completed successfully
2026-08-20 23:25:05.235 +04:00 [INF] Unified order book SKHYNIX-USDT-SWAP status changed: "Connecting" => "Syncing"
2026-08-20 23:25:05.475 +04:00 [INF] Unified order book SKHYNIX-USDT-SWAP status changed: "Syncing" => "Synced"
2026-08-20 23:25:05.476 +04:00 [INF] Futures book OKX:SKHYNIXUSDT "Synced"
2026-08-20 23:25:05.479 +04:00 [INF] Futures order book SKHYNIXUSDT status changed: "Disconnected" => "Connecting"
2026-08-20 23:25:05.747 +04:00 [INF] [Sckt 4] subscription 132 completed successfully
2026-08-20 23:25:05.748 +04:00 [INF] Futures order book SKHYNIXUSDT status changed: "Connecting" => "Syncing"
2026-08-20 23:25:05.813 +04:00 [INF] Futures order book SKHYNIXUSDT status changed: "Syncing" => "Synced"
2026-08-20 23:25:05.816 +04:00 [INF] Futures book Bitget:SKHYNIXUSDT "Synced"
2026-08-20 23:25:05.817 +04:00 [INF] PerpetualFutures order book SKHYNIX_USDT status changed: "Disconnected" => "Connecting"
2026-08-20 23:25:06.144 +04:00 [INF] [Sckt 5] subscription 134 completed successfully
2026-08-20 23:25:06.145 +04:00 [INF] PerpetualFutures order book SKHYNIX_USDT status changed: "Connecting" => "Syncing"
2026-08-20 23:25:06.146 +04:00 [INF] PerpetualFutures order book SKHYNIX_USDT status changed: "Syncing" => "Synced"
2026-08-20 23:25:06.147 +04:00 [INF] Futures book GateIo:SKHYNIXUSDT "Synced"
2026-08-20 23:25:06.148 +04:00 [INF] UsdFutures order book SPCXUSDT status changed: "Disconnected" => "Connecting"
2026-08-20 23:25:06.489 +04:00 [INF] [Sckt 1] subscription 137 completed successfully
2026-08-20 23:25:06.491 +04:00 [INF] UsdFutures order book SPCXUSDT status changed: "Connecting" => "Syncing"
2026-08-20 23:25:06.909 +04:00 [INF] UsdFutures order book SPCXUSDT status changed: "Syncing" => "Synced"
2026-08-20 23:25:06.910 +04:00 [INF] Futures book Binance:SPCXUSDT "Synced"
2026-08-20 23:25:06.911 +04:00 [INF] V5 order book SPCXUSDT status changed: "Disconnected" => "Connecting"
2026-08-20 23:25:07.112 +04:00 [INF] [Sckt 2] subscription 141 completed successfully
2026-08-20 23:25:07.113 +04:00 [INF] V5 order book SPCXUSDT status changed: "Connecting" => "Syncing"
2026-08-20 23:25:07.115 +04:00 [INF] V5 order book SPCXUSDT status changed: "Syncing" => "Synced"
2026-08-20 23:25:07.116 +04:00 [INF] Futures book Bybit:SPCXUSDT "Synced"
2026-08-20 23:25:07.117 +04:00 [INF] Unified order book SPCX-USDT-SWAP status changed: "Disconnected" => "Connecting"
2026-08-20 23:25:07.478 +04:00 [INF] [Sckt 3] subscription 144 completed successfully
2026-08-20 23:25:07.479 +04:00 [INF] Unified order book SPCX-USDT-SWAP status changed: "Connecting" => "Syncing"
2026-08-20 23:25:07.621 +04:00 [INF] Unified order book SPCX-USDT-SWAP status changed: "Syncing" => "Synced"
2026-08-20 23:25:07.624 +04:00 [INF] Futures book OKX:SPCXUSDT "Synced"
2026-08-20 23:25:07.625 +04:00 [INF] Futures order book SPCXUSDT status changed: "Disconnected" => "Connecting"
2026-08-20 23:25:07.911 +04:00 [INF] [Sckt 4] subscription 146 completed successfully
2026-08-20 23:25:07.912 +04:00 [INF] Futures order book SPCXUSDT status changed: "Connecting" => "Syncing"
2026-08-20 23:25:07.915 +04:00 [INF] Futures order book SPCXUSDT status changed: "Syncing" => "Synced"
2026-08-20 23:25:07.917 +04:00 [INF] Futures book Bitget:SPCXUSDT "Synced"
2026-08-20 23:25:07.918 +04:00 [INF] PerpetualFutures order book SPCX_USDT status changed: "Disconnected" => "Connecting"
2026-08-20 23:25:08.242 +04:00 [INF] [Sckt 5] subscription 148 completed successfully
2026-08-20 23:25:08.244 +04:00 [INF] PerpetualFutures order book SPCX_USDT status changed: "Connecting" => "Syncing"
2026-08-20 23:25:08.246 +04:00 [INF] PerpetualFutures order book SPCX_USDT status changed: "Syncing" => "Synced"
2026-08-20 23:25:08.248 +04:00 [INF] Futures book GateIo:SPCXUSDT "Synced"
2026-08-20 23:25:08.249 +04:00 [INF] UsdFutures order book WLDUSDT status changed: "Disconnected" => "Connecting"
2026-08-20 23:25:10.021 +04:00 [INF] [Sckt 6] subscription 151 completed successfully
2026-08-20 23:25:10.022 +04:00 [INF] UsdFutures order book WLDUSDT status changed: "Connecting" => "Syncing"
2026-08-20 23:25:10.461 +04:00 [INF] UsdFutures order book WLDUSDT status changed: "Syncing" => "Synced"
2026-08-20 23:25:10.462 +04:00 [INF] Futures book Binance:WLDUSDT "Synced"
2026-08-20 23:25:10.463 +04:00 [INF] V5 order book WLDUSDT status changed: "Disconnected" => "Connecting"
2026-08-20 23:25:11.319 +04:00 [INF] [Sckt 7] subscription 155 completed successfully
2026-08-20 23:25:11.319 +04:00 [INF] V5 order book WLDUSDT status changed: "Connecting" => "Syncing"
2026-08-20 23:25:11.320 +04:00 [INF] V5 order book WLDUSDT status changed: "Syncing" => "Synced"
2026-08-20 23:25:11.321 +04:00 [INF] Futures book Bybit:WLDUSDT "Synced"
2026-08-20 23:25:11.322 +04:00 [INF] Unified order book WLD-USDT-SWAP status changed: "Disconnected" => "Connecting"
2026-08-20 23:25:12.844 +04:00 [INF] [Sckt 8] subscription 158 completed successfully
2026-08-20 23:25:12.846 +04:00 [INF] Unified order book WLD-USDT-SWAP status changed: "Connecting" => "Syncing"
2026-08-20 23:25:13.282 +04:00 [INF] Unified order book WLD-USDT-SWAP status changed: "Syncing" => "Synced"
2026-08-20 23:25:13.286 +04:00 [INF] Futures book OKX:WLDUSDT "Synced"
2026-08-20 23:25:13.288 +04:00 [INF] Futures order book WLDUSDT status changed: "Disconnected" => "Connecting"
2026-08-20 23:25:14.682 +04:00 [INF] [Sckt 9] subscription 160 completed successfully
2026-08-20 23:25:14.685 +04:00 [INF] Futures order book WLDUSDT status changed: "Connecting" => "Syncing"
2026-08-20 23:25:14.686 +04:00 [INF] Futures order book WLDUSDT status changed: "Syncing" => "Synced"
2026-08-20 23:25:14.687 +04:00 [INF] Futures book Bitget:WLDUSDT "Synced"
2026-08-20 23:25:14.688 +04:00 [INF] PerpetualFutures order book WLD_USDT status changed: "Disconnected" => "Connecting"
2026-08-20 23:25:16.420 +04:00 [INF] [Sckt 10] subscription 162 completed successfully
2026-08-20 23:25:16.421 +04:00 [INF] PerpetualFutures order book WLD_USDT status changed: "Connecting" => "Syncing"
2026-08-20 23:25:16.421 +04:00 [INF] PerpetualFutures order book WLD_USDT status changed: "Syncing" => "Synced"
2026-08-20 23:25:16.422 +04:00 [INF] Futures book GateIo:WLDUSDT "Synced"
2026-08-20 23:25:16.423 +04:00 [INF] UsdFutures order book ADAUSDT status changed: "Disconnected" => "Connecting"
2026-08-20 23:25:16.818 +04:00 [INF] [Sckt 6] subscription 166 completed successfully
2026-08-20 23:25:16.819 +04:00 [INF] UsdFutures order book ADAUSDT status changed: "Connecting" => "Syncing"
2026-08-20 23:25:17.326 +04:00 [INF] UsdFutures order book ADAUSDT status changed: "Syncing" => "Synced"
2026-08-20 23:25:17.329 +04:00 [INF] Futures book Binance:ADAUSDT "Synced"
2026-08-20 23:25:17.330 +04:00 [INF] V5 order book ADAUSDT status changed: "Disconnected" => "Connecting"
2026-08-20 23:25:17.530 +04:00 [INF] [Sckt 7] subscription 172 completed successfully
2026-08-20 23:25:17.531 +04:00 [INF] V5 order book ADAUSDT status changed: "Connecting" => "Syncing"
2026-08-20 23:25:17.532 +04:00 [INF] V5 order book ADAUSDT status changed: "Syncing" => "Synced"
2026-08-20 23:25:17.535 +04:00 [INF] Futures book Bybit:ADAUSDT "Synced"
2026-08-20 23:25:17.536 +04:00 [INF] Unified order book ADA-USDT-SWAP status changed: "Disconnected" => "Connecting"
2026-08-20 23:25:17.895 +04:00 [INF] [Sckt 8] subscription 175 completed successfully
2026-08-20 23:25:17.896 +04:00 [INF] Unified order book ADA-USDT-SWAP status changed: "Connecting" => "Syncing"
2026-08-20 23:25:18.078 +04:00 [INF] Unified order book ADA-USDT-SWAP status changed: "Syncing" => "Synced"
2026-08-20 23:25:18.079 +04:00 [INF] Futures book OKX:ADAUSDT "Synced"
2026-08-20 23:25:18.080 +04:00 [INF] Futures order book ADAUSDT status changed: "Disconnected" => "Connecting"
2026-08-20 23:25:18.487 +04:00 [INF] [Sckt 9] subscription 177 completed successfully
2026-08-20 23:25:18.487 +04:00 [INF] Futures order book ADAUSDT status changed: "Connecting" => "Syncing"
2026-08-20 23:25:18.547 +04:00 [INF] Futures order book ADAUSDT status changed: "Syncing" => "Synced"
2026-08-20 23:25:18.549 +04:00 [INF] Futures book Bitget:ADAUSDT "Synced"
2026-08-20 23:25:18.550 +04:00 [INF] PerpetualFutures order book ADA_USDT status changed: "Disconnected" => "Connecting"
2026-08-20 23:25:19.001 +04:00 [INF] [Sckt 10] subscription 179 completed successfully
2026-08-20 23:25:19.002 +04:00 [INF] PerpetualFutures order book ADA_USDT status changed: "Connecting" => "Syncing"
2026-08-20 23:25:19.003 +04:00 [INF] PerpetualFutures order book ADA_USDT status changed: "Syncing" => "Synced"
2026-08-20 23:25:19.005 +04:00 [INF] Futures book GateIo:ADAUSDT "Synced"
2026-08-20 23:25:19.006 +04:00 [INF] UsdFutures order book TRUMPUSDT status changed: "Disconnected" => "Connecting"
2026-08-20 23:25:19.419 +04:00 [INF] [Sckt 6] subscription 182 completed successfully
2026-08-20 23:25:19.420 +04:00 [INF] UsdFutures order book TRUMPUSDT status changed: "Connecting" => "Syncing"
2026-08-20 23:25:19.851 +04:00 [INF] UsdFutures order book TRUMPUSDT status changed: "Syncing" => "Synced"
2026-08-20 23:25:19.855 +04:00 [INF] Futures book Binance:TRUMPUSDT "Synced"
2026-08-20 23:25:19.857 +04:00 [INF] V5 order book TRUMPUSDT status changed: "Disconnected" => "Connecting"
2026-08-20 23:25:20.142 +04:00 [INF] [Sckt 7] subscription 186 completed successfully
2026-08-20 23:25:20.143 +04:00 [INF] V5 order book TRUMPUSDT status changed: "Connecting" => "Syncing"
2026-08-20 23:25:20.145 +04:00 [INF] V5 order book TRUMPUSDT status changed: "Syncing" => "Synced"
2026-08-20 23:25:20.146 +04:00 [INF] Futures book Bybit:TRUMPUSDT "Synced"
2026-08-20 23:25:20.147 +04:00 [INF] Unified order book TRUMP-USDT-SWAP status changed: "Disconnected" => "Connecting"
2026-08-20 23:25:20.531 +04:00 [INF] [Sckt 8] subscription 189 completed successfully
2026-08-20 23:25:20.532 +04:00 [INF] Unified order book TRUMP-USDT-SWAP status changed: "Connecting" => "Syncing"
2026-08-20 23:25:20.776 +04:00 [INF] Unified order book TRUMP-USDT-SWAP status changed: "Syncing" => "Synced"
2026-08-20 23:25:20.778 +04:00 [INF] Futures book OKX:TRUMPUSDT "Synced"
2026-08-20 23:25:20.779 +04:00 [INF] Futures order book TRUMPUSDT status changed: "Disconnected" => "Connecting"
2026-08-20 23:25:21.135 +04:00 [INF] [Sckt 9] subscription 191 completed successfully
2026-08-20 23:25:21.138 +04:00 [INF] Futures order book TRUMPUSDT status changed: "Connecting" => "Syncing"
2026-08-20 23:25:21.139 +04:00 [INF] Futures order book TRUMPUSDT status changed: "Syncing" => "Synced"
2026-08-20 23:25:21.140 +04:00 [INF] Futures book Bitget:TRUMPUSDT "Synced"
2026-08-20 23:25:21.141 +04:00 [INF] PerpetualFutures order book TRUMP_USDT status changed: "Disconnected" => "Connecting"
2026-08-20 23:25:21.477 +04:00 [INF] [Sckt 10] subscription 193 completed successfully
2026-08-20 23:25:21.478 +04:00 [INF] PerpetualFutures order book TRUMP_USDT status changed: "Connecting" => "Syncing"
2026-08-20 23:25:21.479 +04:00 [INF] PerpetualFutures order book TRUMP_USDT status changed: "Syncing" => "Synced"
2026-08-20 23:25:21.480 +04:00 [INF] Futures book GateIo:TRUMPUSDT "Synced"
2026-08-20 23:25:21.481 +04:00 [INF] UsdFutures order book KORUUSDT status changed: "Disconnected" => "Connecting"
2026-08-20 23:25:21.821 +04:00 [INF] [Sckt 6] subscription 196 completed successfully
2026-08-20 23:25:21.823 +04:00 [INF] UsdFutures order book KORUUSDT status changed: "Connecting" => "Syncing"
2026-08-20 23:25:22.261 +04:00 [INF] UsdFutures order book KORUUSDT status changed: "Syncing" => "Synced"
2026-08-20 23:25:22.262 +04:00 [INF] Futures book Binance:KORUUSDT "Synced"
2026-08-20 23:25:22.263 +04:00 [INF] V5 order book KORUUSDT status changed: "Disconnected" => "Connecting"
2026-08-20 23:25:22.469 +04:00 [INF] [Sckt 7] subscription 202 completed successfully
2026-08-20 23:25:22.470 +04:00 [INF] V5 order book KORUUSDT status changed: "Connecting" => "Syncing"
2026-08-20 23:25:22.471 +04:00 [INF] V5 order book KORUUSDT status changed: "Syncing" => "Synced"
2026-08-20 23:25:22.472 +04:00 [INF] Futures book Bybit:KORUUSDT "Synced"
2026-08-20 23:25:22.472 +04:00 [INF] Unified order book KORU-USDT-SWAP status changed: "Disconnected" => "Connecting"
2026-08-20 23:25:22.829 +04:00 [INF] [Sckt 8] subscription 205 completed successfully
2026-08-20 23:25:22.830 +04:00 [INF] Unified order book KORU-USDT-SWAP status changed: "Connecting" => "Syncing"
2026-08-20 23:25:23.194 +04:00 [INF] Unified order book KORU-USDT-SWAP status changed: "Syncing" => "Synced"
2026-08-20 23:25:23.196 +04:00 [INF] Futures book OKX:KORUUSDT "Synced"
2026-08-20 23:25:23.197 +04:00 [INF] Futures order book KORUUSDT status changed: "Disconnected" => "Connecting"
2026-08-20 23:25:23.492 +04:00 [INF] [Sckt 9] subscription 207 completed successfully
2026-08-20 23:25:23.494 +04:00 [INF] Futures order book KORUUSDT status changed: "Connecting" => "Syncing"
2026-08-20 23:25:23.552 +04:00 [INF] Futures order book KORUUSDT status changed: "Syncing" => "Synced"
2026-08-20 23:25:23.557 +04:00 [INF] Futures book Bitget:KORUUSDT "Synced"
2026-08-20 23:25:23.558 +04:00 [INF] PerpetualFutures order book KORU_USDT status changed: "Disconnected" => "Connecting"
2026-08-20 23:25:23.893 +04:00 [INF] [Sckt 10] subscription 210 completed successfully
2026-08-20 23:25:23.895 +04:00 [INF] PerpetualFutures order book KORU_USDT status changed: "Connecting" => "Syncing"
2026-08-20 23:25:23.896 +04:00 [INF] PerpetualFutures order book KORU_USDT status changed: "Syncing" => "Synced"
2026-08-20 23:25:23.897 +04:00 [INF] Futures book GateIo:KORUUSDT "Synced"
2026-08-20 23:25:23.898 +04:00 [INF] UsdFutures order book ARBUSDT status changed: "Disconnected" => "Connecting"
2026-08-20 23:25:24.227 +04:00 [INF] [Sckt 6] subscription 213 completed successfully
2026-08-20 23:25:24.228 +04:00 [INF] UsdFutures order book ARBUSDT status changed: "Connecting" => "Syncing"
2026-08-20 23:25:24.647 +04:00 [INF] UsdFutures order book ARBUSDT status changed: "Syncing" => "Synced"
2026-08-20 23:25:24.649 +04:00 [INF] Futures book Binance:ARBUSDT "Synced"
2026-08-20 23:25:24.650 +04:00 [INF] V5 order book ARBUSDT status changed: "Disconnected" => "Connecting"
2026-08-20 23:25:24.850 +04:00 [INF] [Sckt 7] subscription 217 completed successfully
2026-08-20 23:25:24.851 +04:00 [INF] V5 order book ARBUSDT status changed: "Connecting" => "Syncing"
2026-08-20 23:25:24.852 +04:00 [INF] V5 order book ARBUSDT status changed: "Syncing" => "Synced"
2026-08-20 23:25:24.854 +04:00 [INF] Futures book Bybit:ARBUSDT "Synced"
2026-08-20 23:25:24.855 +04:00 [INF] Unified order book ARB-USDT-SWAP status changed: "Disconnected" => "Connecting"
2026-08-20 23:25:25.212 +04:00 [INF] [Sckt 8] subscription 220 completed successfully
2026-08-20 23:25:25.214 +04:00 [INF] Unified order book ARB-USDT-SWAP status changed: "Connecting" => "Syncing"
2026-08-20 23:25:25.268 +04:00 [INF] Unified order book ARB-USDT-SWAP status changed: "Syncing" => "Synced"
2026-08-20 23:25:25.269 +04:00 [INF] Futures book OKX:ARBUSDT "Synced"
2026-08-20 23:25:25.270 +04:00 [INF] Futures order book ARBUSDT status changed: "Disconnected" => "Connecting"
2026-08-20 23:25:25.612 +04:00 [INF] [Sckt 9] subscription 222 completed successfully
2026-08-20 23:25:25.614 +04:00 [INF] Futures order book ARBUSDT status changed: "Connecting" => "Syncing"
2026-08-20 23:25:25.616 +04:00 [INF] Futures order book ARBUSDT status changed: "Syncing" => "Synced"
2026-08-20 23:25:25.617 +04:00 [INF] Futures book Bitget:ARBUSDT "Synced"
2026-08-20 23:25:25.618 +04:00 [INF] PerpetualFutures order book ARB_USDT status changed: "Disconnected" => "Connecting"
2026-08-20 23:25:25.954 +04:00 [INF] [Sckt 10] subscription 224 completed successfully
2026-08-20 23:25:25.956 +04:00 [INF] PerpetualFutures order book ARB_USDT status changed: "Connecting" => "Syncing"
2026-08-20 23:25:25.957 +04:00 [INF] PerpetualFutures order book ARB_USDT status changed: "Syncing" => "Synced"
2026-08-20 23:25:25.958 +04:00 [INF] Futures book GateIo:ARBUSDT "Synced"
2026-08-20 23:25:25.962 +04:00 [INF] Exchange Binance: 15/15 streams live
2026-08-20 23:25:25.963 +04:00 [INF] Exchange Bybit: 15/15 streams live
2026-08-20 23:25:25.964 +04:00 [INF] Exchange OKX: 15/15 streams live
2026-08-20 23:25:25.966 +04:00 [INF] Exchange Bitget: 15/15 streams live
2026-08-20 23:25:25.967 +04:00 [INF] Exchange GateIo: 15/15 streams live
2026-08-20 23:25:25.969 +04:00 [INF] Futures books: Bitget:SNDKUSDT=Synced; GateIo:WLDUSDT=Synced; Bybit:SOXLUSDT=Synced; Bitget:SOXLUSDT=Synced; Bybit:KORUUSDT=Synced; Binance:ARBUSDT=Synced; GateIo:ADAUSDT=Synced; OKX:SPCXUSDT=Synced; OKX:SOLUSDT=Synced; Bybit:SPCXUSDT=Synced; Bybit:WLDUSDT=Synced; Bybit:TRUMPUSDT=Synced; Binance:SOLUSDT=Synced; Binance:SUIUSDT=Synced; GateIo:SNDKUSDT=Synced; GateIo:KORUUSDT=Synced; GateIo:SOXLUSDT=Synced; GateIo:XAUUSDT=Synced; GateIo:SPCXUSDT=Synced; Binance:SNDKUSDT=Synced; Bitget:TRUMPUSDT=Synced; OKX:SOXLUSDT=Synced; Bybit:SUIUSDT=Synced; Bitget:HYPEUSDT=Synced; Bybit:DOGEUSDT=Synced; Binance:TRUMPUSDT=Synced; Bitget:ARBUSDT=Synced; OKX:KORUUSDT=Synced; Binance:WLDUSDT=Synced; GateIo:HYPEUSDT=Synced; Binance:XAUUSDT=Synced; Binance:DOGEUSDT=Synced; Binance:SPCXUSDT=Synced; Bitget:DOGEUSDT=Synced; Binance:KORUUSDT=Synced; OKX:DOGEUSDT=Synced; Bybit:SNDKUSDT=Synced; Binance:ADAUSDT=Synced; Bybit:ENAUSDT=Synced; OKX:ADAUSDT=Synced; Binance:ENAUSDT=Synced; OKX:SNDKUSDT=Synced; Bitget:KORUUSDT=Synced; OKX:SUIUSDT=Synced; OKX:ARBUSDT=Synced; Bitget:SPCXUSDT=Synced; GateIo:ENAUSDT=Synced; GateIo:SOLUSDT=Synced; Bybit:XAUUSDT=Synced; OKX:ENAUSDT=Synced; OKX:XAUUSDT=Synced; GateIo:SKHYNIXUSDT=Synced; OKX:WLDUSDT=Synced; GateIo:SUIUSDT=Synced; Binance:SOXLUSDT=Synced; Binance:HYPEUSDT=Synced; Bybit:HYPEUSDT=Synced; Bitget:SOLUSDT=Synced; Bybit:ADAUSDT=Synced; Bitget:SKHYNIXUSDT=Synced; Bybit:SKHYNIXUSDT=Synced; GateIo:ARBUSDT=Synced; OKX:HYPEUSDT=Synced; Bybit:ARBUSDT=Synced; GateIo:DOGEUSDT=Synced; OKX:SKHYNIXUSDT=Synced; Bitget:SUIUSDT=Synced; Bitget:ADAUSDT=Synced; Bitget:WLDUSDT=Synced; Bitget:XAUUSDT=Synced; Binance:SKHYNIXUSDT=Synced; Bitget:ENAUSDT=Synced; OKX:TRUMPUSDT=Synced; Bybit:SOLUSDT=Synced; GateIo:TRUMPUSDT=Synced
2026-08-20 23:25:28.485 +04:00 [INF] Funding cache refresh for 15 symbols × 3 exchanges (TTL 45m)
2026-08-20 23:25:40.987 +04:00 [INF] Funding cache entries: 45
2026-08-20 23:25:41.059 +04:00 [INF] FUT PAPER CLOSE SPCXUSDT pnl=-2.1876 reason=timeout lev=5x
2026-08-20 23:26:11.829 +04:00 [INF] Futures scan: 1 candidate(s), best RT=-0.072% open=0.028%
2026-08-20 23:26:11.921 +04:00 [INF] FUT PAPER OPEN SPCXUSDT L:GateIo S:OKX qty=15.091002 lev=5x margin=400.00 edge=0.028%
2026-08-20 23:26:11.924 +04:00 [INF] Opened futures paper hedge (1): SPCXUSDT: L GateIo@132.36 / S OKX@132.53 | RT -0.072% fund 0.000% → -0.072%
2026-08-20 23:26:16.031 +04:00 [INF] Futures scan: 1 candidate(s), best RT=-0.083% open=0.027%
2026-08-20 23:26:16.034 +04:00 [INF] Paper skip SPCXUSDT: Already open on symbol open=0.027% RT=-0.083%
2026-08-20 23:26:17.064 +04:00 [INF] Futures scan: 1 candidate(s), best RT=-0.083% open=0.027%
2026-08-20 23:26:17.065 +04:00 [INF] Paper skip SPCXUSDT: Already open on symbol open=0.027% RT=-0.083%
2026-08-20 23:26:18.085 +04:00 [INF] Futures scan: 1 candidate(s), best RT=-0.083% open=0.027%
2026-08-20 23:26:18.088 +04:00 [INF] Paper skip SPCXUSDT: Already open on symbol open=0.027% RT=-0.083%
2026-08-20 23:26:19.115 +04:00 [INF] Futures scan: 1 candidate(s), best RT=-0.083% open=0.027%
2026-08-20 23:26:19.117 +04:00 [INF] Paper skip SPCXUSDT: Already open on symbol open=0.027% RT=-0.083%
2026-08-20 23:26:41.698 +04:00 [INF] Futures scan: 1 candidate(s), best RT=-0.084% open=0.026%
2026-08-20 23:26:41.700 +04:00 [INF] Paper skip SPCXUSDT: Already open on symbol open=0.026% RT=-0.084%
2026-08-20 23:26:42.727 +04:00 [INF] Futures scan: 1 candidate(s), best RT=-0.084% open=0.026%
2026-08-20 23:26:42.731 +04:00 [INF] Paper skip SPCXUSDT: Already open on symbol open=0.026% RT=-0.084%
2026-08-20 23:26:44.779 +04:00 [INF] Futures scan: 1 candidate(s), best RT=-0.084% open=0.026%
2026-08-20 23:26:44.781 +04:00 [INF] Paper skip SPCXUSDT: Already open on symbol open=0.026% RT=-0.084%
2026-08-20 23:26:49.968 +04:00 [INF] Futures scan: 1 candidate(s), best RT=-0.085% open=0.025%
2026-08-20 23:26:50.002 +04:00 [INF] Paper skip SPCXUSDT: Already open on symbol open=0.025% RT=-0.085%
2026-08-20 23:26:51.035 +04:00 [INF] Futures scan: 1 candidate(s), best RT=-0.083% open=0.027%
2026-08-20 23:26:51.039 +04:00 [INF] Paper skip SPCXUSDT: Already open on symbol open=0.027% RT=-0.083%
2026-08-20 23:26:52.056 +04:00 [INF] Futures scan: 1 candidate(s), best RT=-0.083% open=0.027%
2026-08-20 23:26:52.059 +04:00 [INF] Paper skip SPCXUSDT: Already open on symbol open=0.027% RT=-0.083%
2026-08-20 23:27:23.810 +04:00 [INF] Futures scan: 1 candidate(s), best RT=-0.084% open=0.026%
2026-08-20 23:27:23.812 +04:00 [INF] Paper skip SPCXUSDT: Already open on symbol open=0.026% RT=-0.084%
2026-08-20 23:27:24.834 +04:00 [INF] Futures scan: 1 candidate(s), best RT=-0.084% open=0.026%
2026-08-20 23:27:24.836 +04:00 [INF] Paper skip SPCXUSDT: Already open on symbol open=0.026% RT=-0.084%
2026-08-20 23:28:48.856 +04:00 [INF] Futures scan: 1 candidate(s), best RT=-0.072% open=0.028%
2026-08-20 23:28:48.858 +04:00 [INF] Paper skip SPCXUSDT: Already open on symbol open=0.028% RT=-0.072%
2026-08-20 23:29:23.637 +04:00 [INF] Futures scan: 1 candidate(s), best RT=-0.084% open=0.026%
2026-08-20 23:29:23.639 +04:00 [INF] Paper skip SPCXUSDT: Already open on symbol open=0.026% RT=-0.084%
2026-08-20 23:29:24.678 +04:00 [INF] Futures scan: 1 candidate(s), best RT=-0.084% open=0.026%
2026-08-20 23:29:24.680 +04:00 [INF] Paper skip SPCXUSDT: Already open on symbol open=0.026% RT=-0.084%
2026-08-20 23:31:18.312 +04:00 [INF] Futures scan: 1 candidate(s), best RT=-0.072% open=0.028%
2026-08-20 23:31:18.313 +04:00 [INF] Paper skip SPCXUSDT: Already open on symbol open=0.028% RT=-0.072%
2026-08-20 23:32:44.817 +04:00 [WRN] Unable to configure Browser Link script injection on the response. 
2026-08-20 23:32:44.830 +04:00 [WRN] Unable to configure browser refresh script injection on the response. Consider manually adding '<script src="/_framework/aspnetcore-browser-refresh.js"></script>' to the body of the page.
2026-08-20 23:32:44.840 +04:00 [WRN] Unable to configure Browser Link script injection on the response. 
2026-08-20 23:32:44.855 +04:00 [WRN] Unable to configure browser refresh script injection on the response. Consider manually adding '<script src="/_framework/aspnetcore-browser-refresh.js"></script>' to the body of the page.
2026-08-20 23:33:12.152 +04:00 [INF] Paper analytics store: D:\Users\karap\source\repos\ArbitrageBot\ArbitrageBot\data\paper
2026-08-20 23:33:12.188 +04:00 [INF] Realtime broadcast started (in-memory WS books → SignalR every 900ms; no REST in this loop)
2026-08-20 23:33:12.197 +04:00 [INF] Discovery: public tickers Binance/Bybit/OKX (arb band 5000000–500000000 USDT vol, top 15)
2026-08-20 23:33:13.010 +04:00 [INF] Binance fapi: 692 USDT perps with volume
2026-08-20 23:33:13.567 +04:00 [INF] Bybit linear: 724 USDT perps with volume
2026-08-20 23:33:14.030 +04:00 [INF] OKX SWAP: 432 USDT perps with volume
2026-08-20 23:33:14.475 +04:00 [INF] Bitget USDT-FUTURES: 755 tickers with volume
2026-08-20 23:33:17.498 +04:00 [INF] GateIo USDT futures: 935 tickers with volume
2026-08-20 23:33:18.806 +04:00 [INF] Discovered 15 arb pairs: DOGEUSDT@5ex/342.8M, SUIUSDT@5ex/95.4M, ENAUSDT@5ex/93.4M, SNDKUSDT@5ex/295.2M, HYPEUSDT@5ex/297.9M, SOXLUSDT@5ex/188.4M, XAUUSDT@5ex/177.8M, SOLUSDT@5ex/384.5M, SKHYNIXUSDT@5ex/171.1M, SPCXUSDT@5ex/153.6M, WLDUSDT@5ex/56.9M, ADAUSDT@5ex/130.8M, TRUMPUSDT@5ex/100.2M, KORUUSDT@5ex/92.6M, ARBUSDT@5ex/32.8M
2026-08-20 23:33:18.810 +04:00 [INF] Start | Strategy=FuturesCross | Mode=PAPER | Symbols=DOGEUSDT,SUIUSDT,ENAUSDT,SNDKUSDT,HYPEUSDT,SOXLUSDT,XAUUSDT,SOLUSDT,SKHYNIXUSDT,SPCXUSDT,WLDUSDT,ADAUSDT,TRUMPUSDT,KORUUSDT,ARBUSDT | Ex=Binance,Bybit,OKX,Bitget,GateIo
2026-08-20 23:33:18.825 +04:00 [INF] Restored 1 open paper hedge(s) from D:\Users\karap\source\repos\ArbitrageBot\ArbitrageBot\data\paper\open-state.json (realized=-7.43)
2026-08-20 23:33:18.854 +04:00 [INF] UsdFutures order book DOGEUSDT status changed: "Disconnected" => "Connecting"
2026-08-20 23:33:20.745 +04:00 [INF] [Sckt 1] subscription 6 completed successfully
2026-08-20 23:33:20.749 +04:00 [INF] UsdFutures order book DOGEUSDT status changed: "Connecting" => "Syncing"
2026-08-20 23:33:21.143 +04:00 [INF] UsdFutures order book DOGEUSDT status changed: "Syncing" => "Synced"
2026-08-20 23:33:21.149 +04:00 [INF] Futures book Binance:DOGEUSDT "Synced"
2026-08-20 23:33:21.155 +04:00 [INF] V5 order book DOGEUSDT status changed: "Disconnected" => "Connecting"
2026-08-20 23:33:22.018 +04:00 [INF] [Sckt 2] subscription 10 completed successfully
2026-08-20 23:33:22.020 +04:00 [INF] V5 order book DOGEUSDT status changed: "Connecting" => "Syncing"
2026-08-20 23:33:22.021 +04:00 [INF] V5 order book DOGEUSDT status changed: "Syncing" => "Synced"
2026-08-20 23:33:22.022 +04:00 [INF] Futures book Bybit:DOGEUSDT "Synced"
2026-08-20 23:33:22.027 +04:00 [INF] Unified order book DOGE-USDT-SWAP status changed: "Disconnected" => "Connecting"
2026-08-20 23:33:23.495 +04:00 [INF] [Sckt 3] subscription 14 completed successfully
2026-08-20 23:33:23.497 +04:00 [INF] Unified order book DOGE-USDT-SWAP status changed: "Connecting" => "Syncing"
2026-08-20 23:33:24.108 +04:00 [INF] Unified order book DOGE-USDT-SWAP status changed: "Syncing" => "Synced"
2026-08-20 23:33:24.109 +04:00 [INF] Futures book OKX:DOGEUSDT "Synced"
2026-08-20 23:33:24.122 +04:00 [INF] Futures order book DOGEUSDT status changed: "Disconnected" => "Connecting"
2026-08-20 23:33:25.943 +04:00 [INF] [Sckt 4] subscription 16 completed successfully
2026-08-20 23:33:25.946 +04:00 [INF] Futures order book DOGEUSDT status changed: "Connecting" => "Syncing"
2026-08-20 23:33:26.008 +04:00 [INF] Futures order book DOGEUSDT status changed: "Syncing" => "Synced"
2026-08-20 23:33:26.009 +04:00 [INF] Futures book Bitget:DOGEUSDT "Synced"
2026-08-20 23:33:26.029 +04:00 [INF] PerpetualFutures order book DOGE_USDT status changed: "Disconnected" => "Connecting"
2026-08-20 23:33:27.824 +04:00 [INF] [Sckt 5] subscription 18 completed successfully
2026-08-20 23:33:27.826 +04:00 [INF] PerpetualFutures order book DOGE_USDT status changed: "Connecting" => "Syncing"
2026-08-20 23:33:27.827 +04:00 [INF] PerpetualFutures order book DOGE_USDT status changed: "Syncing" => "Synced"
2026-08-20 23:33:27.828 +04:00 [INF] Futures book GateIo:DOGEUSDT "Synced"
2026-08-20 23:33:27.829 +04:00 [INF] UsdFutures order book SUIUSDT status changed: "Disconnected" => "Connecting"
2026-08-20 23:33:28.237 +04:00 [INF] [Sckt 1] subscription 21 completed successfully
2026-08-20 23:33:28.239 +04:00 [INF] UsdFutures order book SUIUSDT status changed: "Connecting" => "Syncing"
2026-08-20 23:33:28.621 +04:00 [INF] UsdFutures order book SUIUSDT status changed: "Syncing" => "Synced"
2026-08-20 23:33:28.622 +04:00 [INF] Futures book Binance:SUIUSDT "Synced"
2026-08-20 23:33:28.623 +04:00 [INF] V5 order book SUIUSDT status changed: "Disconnected" => "Connecting"
2026-08-20 23:33:28.822 +04:00 [INF] [Sckt 2] subscription 25 completed successfully
2026-08-20 23:33:28.824 +04:00 [INF] V5 order book SUIUSDT status changed: "Connecting" => "Syncing"
2026-08-20 23:33:28.826 +04:00 [INF] V5 order book SUIUSDT status changed: "Syncing" => "Synced"
2026-08-20 23:33:28.827 +04:00 [INF] Futures book Bybit:SUIUSDT "Synced"
2026-08-20 23:33:28.828 +04:00 [INF] Unified order book SUI-USDT-SWAP status changed: "Disconnected" => "Connecting"
2026-08-20 23:33:29.198 +04:00 [INF] [Sckt 3] subscription 28 completed successfully
2026-08-20 23:33:29.200 +04:00 [INF] Unified order book SUI-USDT-SWAP status changed: "Connecting" => "Syncing"
2026-08-20 23:33:29.503 +04:00 [INF] Unified order book SUI-USDT-SWAP status changed: "Syncing" => "Synced"
2026-08-20 23:33:29.505 +04:00 [INF] Futures book OKX:SUIUSDT "Synced"
2026-08-20 23:33:29.506 +04:00 [INF] Futures order book SUIUSDT status changed: "Disconnected" => "Connecting"
2026-08-20 23:33:29.797 +04:00 [INF] [Sckt 4] subscription 30 completed successfully
2026-08-20 23:33:29.799 +04:00 [INF] Futures order book SUIUSDT status changed: "Connecting" => "Syncing"
2026-08-20 23:33:29.799 +04:00 [INF] Futures order book SUIUSDT status changed: "Syncing" => "Synced"
2026-08-20 23:33:29.800 +04:00 [INF] Futures book Bitget:SUIUSDT "Synced"
2026-08-20 23:33:29.801 +04:00 [INF] PerpetualFutures order book SUI_USDT status changed: "Disconnected" => "Connecting"
2026-08-20 23:33:30.138 +04:00 [INF] [Sckt 5] subscription 32 completed successfully
2026-08-20 23:33:30.139 +04:00 [INF] PerpetualFutures order book SUI_USDT status changed: "Connecting" => "Syncing"
2026-08-20 23:33:30.140 +04:00 [INF] PerpetualFutures order book SUI_USDT status changed: "Syncing" => "Synced"
2026-08-20 23:33:30.141 +04:00 [INF] Futures book GateIo:SUIUSDT "Synced"
2026-08-20 23:33:30.142 +04:00 [INF] UsdFutures order book ENAUSDT status changed: "Disconnected" => "Connecting"
2026-08-20 23:33:30.538 +04:00 [INF] [Sckt 1] subscription 35 completed successfully
2026-08-20 23:33:30.540 +04:00 [INF] UsdFutures order book ENAUSDT status changed: "Connecting" => "Syncing"
2026-08-20 23:33:30.920 +04:00 [INF] UsdFutures order book ENAUSDT status changed: "Syncing" => "Synced"
2026-08-20 23:33:30.921 +04:00 [INF] Futures book Binance:ENAUSDT "Synced"
2026-08-20 23:33:30.922 +04:00 [INF] V5 order book ENAUSDT status changed: "Disconnected" => "Connecting"
2026-08-20 23:33:31.122 +04:00 [INF] [Sckt 2] subscription 39 completed successfully
2026-08-20 23:33:31.125 +04:00 [INF] V5 order book ENAUSDT status changed: "Connecting" => "Syncing"
2026-08-20 23:33:31.126 +04:00 [INF] V5 order book ENAUSDT status changed: "Syncing" => "Synced"
2026-08-20 23:33:31.127 +04:00 [INF] Futures book Bybit:ENAUSDT "Synced"
2026-08-20 23:33:31.128 +04:00 [INF] Unified order book ENA-USDT-SWAP status changed: "Disconnected" => "Connecting"
2026-08-20 23:33:31.479 +04:00 [INF] [Sckt 3] subscription 42 completed successfully
2026-08-20 23:33:31.480 +04:00 [INF] Unified order book ENA-USDT-SWAP status changed: "Connecting" => "Syncing"
2026-08-20 23:33:31.544 +04:00 [INF] Unified order book ENA-USDT-SWAP status changed: "Syncing" => "Synced"
2026-08-20 23:33:31.546 +04:00 [INF] Futures book OKX:ENAUSDT "Synced"
2026-08-20 23:33:31.547 +04:00 [INF] Futures order book ENAUSDT status changed: "Disconnected" => "Connecting"
2026-08-20 23:33:31.821 +04:00 [INF] [Sckt 4] subscription 44 completed successfully
2026-08-20 23:33:31.823 +04:00 [INF] Futures order book ENAUSDT status changed: "Connecting" => "Syncing"
2026-08-20 23:33:31.888 +04:00 [INF] Futures order book ENAUSDT status changed: "Syncing" => "Synced"
2026-08-20 23:33:31.890 +04:00 [INF] Futures book Bitget:ENAUSDT "Synced"
2026-08-20 23:33:31.892 +04:00 [INF] PerpetualFutures order book ENA_USDT status changed: "Disconnected" => "Connecting"
2026-08-20 23:33:32.229 +04:00 [INF] [Sckt 5] subscription 46 completed successfully
2026-08-20 23:33:32.230 +04:00 [INF] PerpetualFutures order book ENA_USDT status changed: "Connecting" => "Syncing"
2026-08-20 23:33:32.231 +04:00 [INF] PerpetualFutures order book ENA_USDT status changed: "Syncing" => "Synced"
2026-08-20 23:33:32.232 +04:00 [INF] Futures book GateIo:ENAUSDT "Synced"
2026-08-20 23:33:32.233 +04:00 [INF] UsdFutures order book SNDKUSDT status changed: "Disconnected" => "Connecting"
2026-08-20 23:33:32.640 +04:00 [INF] [Sckt 1] subscription 49 completed successfully
2026-08-20 23:33:32.642 +04:00 [INF] UsdFutures order book SNDKUSDT status changed: "Connecting" => "Syncing"
2026-08-20 23:33:33.064 +04:00 [INF] UsdFutures order book SNDKUSDT status changed: "Syncing" => "Synced"
2026-08-20 23:33:33.066 +04:00 [INF] Futures book Binance:SNDKUSDT "Synced"
2026-08-20 23:33:33.067 +04:00 [INF] V5 order book SNDKUSDT status changed: "Disconnected" => "Connecting"
2026-08-20 23:33:33.269 +04:00 [INF] [Sckt 2] subscription 53 completed successfully
2026-08-20 23:33:33.270 +04:00 [INF] V5 order book SNDKUSDT status changed: "Connecting" => "Syncing"
2026-08-20 23:33:33.271 +04:00 [INF] V5 order book SNDKUSDT status changed: "Syncing" => "Synced"
2026-08-20 23:33:33.272 +04:00 [INF] Futures book Bybit:SNDKUSDT "Synced"
2026-08-20 23:33:33.273 +04:00 [INF] Unified order book SNDK-USDT-SWAP status changed: "Disconnected" => "Connecting"
2026-08-20 23:33:33.624 +04:00 [INF] [Sckt 3] subscription 56 completed successfully
2026-08-20 23:33:33.626 +04:00 [INF] Unified order book SNDK-USDT-SWAP status changed: "Connecting" => "Syncing"
2026-08-20 23:33:33.678 +04:00 [INF] Unified order book SNDK-USDT-SWAP status changed: "Syncing" => "Synced"
2026-08-20 23:33:33.682 +04:00 [INF] Futures book OKX:SNDKUSDT "Synced"
2026-08-20 23:33:33.683 +04:00 [INF] Futures order book SNDKUSDT status changed: "Disconnected" => "Connecting"
2026-08-20 23:33:33.994 +04:00 [INF] [Sckt 4] subscription 58 completed successfully
2026-08-20 23:33:33.996 +04:00 [INF] Futures order book SNDKUSDT status changed: "Connecting" => "Syncing"
2026-08-20 23:33:33.997 +04:00 [INF] Futures order book SNDKUSDT status changed: "Syncing" => "Synced"
2026-08-20 23:33:33.998 +04:00 [INF] Futures book Bitget:SNDKUSDT "Synced"
2026-08-20 23:33:33.999 +04:00 [INF] PerpetualFutures order book SNDK_USDT status changed: "Disconnected" => "Connecting"
2026-08-20 23:33:34.375 +04:00 [INF] [Sckt 5] subscription 60 completed successfully
2026-08-20 23:33:34.377 +04:00 [INF] PerpetualFutures order book SNDK_USDT status changed: "Connecting" => "Syncing"
2026-08-20 23:33:34.378 +04:00 [INF] PerpetualFutures order book SNDK_USDT status changed: "Syncing" => "Synced"
2026-08-20 23:33:34.379 +04:00 [INF] Futures book GateIo:SNDKUSDT "Synced"
2026-08-20 23:33:34.387 +04:00 [INF] UsdFutures order book HYPEUSDT status changed: "Disconnected" => "Connecting"
2026-08-20 23:33:34.746 +04:00 [INF] [Sckt 1] subscription 63 completed successfully
2026-08-20 23:33:34.747 +04:00 [INF] UsdFutures order book HYPEUSDT status changed: "Connecting" => "Syncing"
2026-08-20 23:33:35.138 +04:00 [INF] UsdFutures order book HYPEUSDT status changed: "Syncing" => "Synced"
2026-08-20 23:33:35.139 +04:00 [INF] Futures book Binance:HYPEUSDT "Synced"
2026-08-20 23:33:35.140 +04:00 [INF] V5 order book HYPEUSDT status changed: "Disconnected" => "Connecting"
2026-08-20 23:33:35.341 +04:00 [INF] [Sckt 2] subscription 67 completed successfully
2026-08-20 23:33:35.343 +04:00 [INF] V5 order book HYPEUSDT status changed: "Connecting" => "Syncing"
2026-08-20 23:33:35.344 +04:00 [INF] V5 order book HYPEUSDT status changed: "Syncing" => "Synced"
2026-08-20 23:33:35.346 +04:00 [INF] Futures book Bybit:HYPEUSDT "Synced"
2026-08-20 23:33:35.346 +04:00 [INF] Unified order book HYPE-USDT-SWAP status changed: "Disconnected" => "Connecting"
2026-08-20 23:33:35.697 +04:00 [INF] [Sckt 3] subscription 70 completed successfully
2026-08-20 23:33:35.699 +04:00 [INF] Unified order book HYPE-USDT-SWAP status changed: "Connecting" => "Syncing"
2026-08-20 23:33:35.761 +04:00 [INF] Unified order book HYPE-USDT-SWAP status changed: "Syncing" => "Synced"
2026-08-20 23:33:35.762 +04:00 [INF] Futures book OKX:HYPEUSDT "Synced"
2026-08-20 23:33:35.764 +04:00 [INF] Futures order book HYPEUSDT status changed: "Disconnected" => "Connecting"
2026-08-20 23:33:36.059 +04:00 [INF] [Sckt 4] subscription 72 completed successfully
2026-08-20 23:33:36.060 +04:00 [INF] Futures order book HYPEUSDT status changed: "Connecting" => "Syncing"
2026-08-20 23:33:36.061 +04:00 [INF] Futures order book HYPEUSDT status changed: "Syncing" => "Synced"
2026-08-20 23:33:36.062 +04:00 [INF] Futures book Bitget:HYPEUSDT "Synced"
2026-08-20 23:33:36.064 +04:00 [INF] PerpetualFutures order book HYPE_USDT status changed: "Disconnected" => "Connecting"
2026-08-20 23:33:36.401 +04:00 [INF] [Sckt 5] subscription 74 completed successfully
2026-08-20 23:33:36.402 +04:00 [INF] PerpetualFutures order book HYPE_USDT status changed: "Connecting" => "Syncing"
2026-08-20 23:33:36.404 +04:00 [INF] PerpetualFutures order book HYPE_USDT status changed: "Syncing" => "Synced"
2026-08-20 23:33:36.405 +04:00 [INF] Futures book GateIo:HYPEUSDT "Synced"
2026-08-20 23:33:36.406 +04:00 [INF] UsdFutures order book SOXLUSDT status changed: "Disconnected" => "Connecting"
2026-08-20 23:33:36.745 +04:00 [INF] [Sckt 1] subscription 77 completed successfully
2026-08-20 23:33:36.747 +04:00 [INF] UsdFutures order book SOXLUSDT status changed: "Connecting" => "Syncing"
2026-08-20 23:33:37.144 +04:00 [INF] UsdFutures order book SOXLUSDT status changed: "Syncing" => "Synced"
2026-08-20 23:33:37.146 +04:00 [INF] Futures book Binance:SOXLUSDT "Synced"
2026-08-20 23:33:37.147 +04:00 [INF] V5 order book SOXLUSDT status changed: "Disconnected" => "Connecting"
2026-08-20 23:33:37.348 +04:00 [INF] [Sckt 2] subscription 81 completed successfully
2026-08-20 23:33:37.349 +04:00 [INF] V5 order book SOXLUSDT status changed: "Connecting" => "Syncing"
2026-08-20 23:33:37.350 +04:00 [INF] V5 order book SOXLUSDT status changed: "Syncing" => "Synced"
2026-08-20 23:33:37.351 +04:00 [INF] Futures book Bybit:SOXLUSDT "Synced"
2026-08-20 23:33:37.352 +04:00 [INF] Unified order book SOXL-USDT-SWAP status changed: "Disconnected" => "Connecting"
2026-08-20 23:33:37.704 +04:00 [INF] [Sckt 3] subscription 84 completed successfully
2026-08-20 23:33:37.705 +04:00 [INF] Unified order book SOXL-USDT-SWAP status changed: "Connecting" => "Syncing"
2026-08-20 23:33:37.883 +04:00 [INF] Unified order book SOXL-USDT-SWAP status changed: "Syncing" => "Synced"
2026-08-20 23:33:37.885 +04:00 [INF] Futures book OKX:SOXLUSDT "Synced"
2026-08-20 23:33:37.887 +04:00 [INF] Futures order book SOXLUSDT status changed: "Disconnected" => "Connecting"
2026-08-20 23:33:38.164 +04:00 [INF] [Sckt 4] subscription 86 completed successfully
2026-08-20 23:33:38.165 +04:00 [INF] Futures order book SOXLUSDT status changed: "Connecting" => "Syncing"
2026-08-20 23:33:38.166 +04:00 [INF] Futures order book SOXLUSDT status changed: "Syncing" => "Synced"
2026-08-20 23:33:38.167 +04:00 [INF] Futures book Bitget:SOXLUSDT "Synced"
2026-08-20 23:33:38.169 +04:00 [INF] PerpetualFutures order book SOXL_USDT status changed: "Disconnected" => "Connecting"
2026-08-20 23:33:38.505 +04:00 [INF] [Sckt 5] subscription 88 completed successfully
2026-08-20 23:33:38.506 +04:00 [INF] PerpetualFutures order book SOXL_USDT status changed: "Connecting" => "Syncing"
2026-08-20 23:33:38.508 +04:00 [INF] PerpetualFutures order book SOXL_USDT status changed: "Syncing" => "Synced"
2026-08-20 23:33:38.509 +04:00 [INF] Futures book GateIo:SOXLUSDT "Synced"
2026-08-20 23:33:38.510 +04:00 [INF] UsdFutures order book XAUUSDT status changed: "Disconnected" => "Connecting"
2026-08-20 23:33:38.847 +04:00 [INF] [Sckt 1] subscription 91 completed successfully
2026-08-20 23:33:38.849 +04:00 [INF] UsdFutures order book XAUUSDT status changed: "Connecting" => "Syncing"
2026-08-20 23:33:39.231 +04:00 [INF] UsdFutures order book XAUUSDT status changed: "Syncing" => "Synced"
2026-08-20 23:33:39.240 +04:00 [INF] Futures book Binance:XAUUSDT "Synced"
2026-08-20 23:33:39.243 +04:00 [INF] V5 order book XAUUSDT status changed: "Disconnected" => "Connecting"
2026-08-20 23:33:39.443 +04:00 [INF] [Sckt 2] subscription 95 completed successfully
2026-08-20 23:33:39.445 +04:00 [INF] V5 order book XAUUSDT status changed: "Connecting" => "Syncing"
2026-08-20 23:33:39.446 +04:00 [INF] V5 order book XAUUSDT status changed: "Syncing" => "Synced"
2026-08-20 23:33:39.447 +04:00 [INF] Futures book Bybit:XAUUSDT "Synced"
2026-08-20 23:33:39.448 +04:00 [INF] Unified order book XAU-USDT-SWAP status changed: "Disconnected" => "Connecting"
2026-08-20 23:33:39.802 +04:00 [INF] [Sckt 3] subscription 98 completed successfully
2026-08-20 23:33:39.803 +04:00 [INF] Unified order book XAU-USDT-SWAP status changed: "Connecting" => "Syncing"
2026-08-20 23:33:39.991 +04:00 [INF] Unified order book XAU-USDT-SWAP status changed: "Syncing" => "Synced"
2026-08-20 23:33:39.993 +04:00 [INF] Futures book OKX:XAUUSDT "Synced"
2026-08-20 23:33:39.995 +04:00 [INF] Futures order book XAUUSDT status changed: "Disconnected" => "Connecting"
2026-08-20 23:33:40.320 +04:00 [INF] [Sckt 4] subscription 100 completed successfully
2026-08-20 23:33:40.321 +04:00 [INF] Futures order book XAUUSDT status changed: "Connecting" => "Syncing"
2026-08-20 23:33:40.322 +04:00 [INF] Futures order book XAUUSDT status changed: "Syncing" => "Synced"
2026-08-20 23:33:40.323 +04:00 [INF] Futures book Bitget:XAUUSDT "Synced"
2026-08-20 23:33:40.324 +04:00 [INF] PerpetualFutures order book XAU_USDT status changed: "Disconnected" => "Connecting"
2026-08-20 23:33:40.664 +04:00 [INF] [Sckt 5] subscription 102 completed successfully
2026-08-20 23:33:40.665 +04:00 [INF] PerpetualFutures order book XAU_USDT status changed: "Connecting" => "Syncing"
2026-08-20 23:33:40.667 +04:00 [INF] PerpetualFutures order book XAU_USDT status changed: "Syncing" => "Synced"
2026-08-20 23:33:40.667 +04:00 [INF] Futures book GateIo:XAUUSDT "Synced"
2026-08-20 23:33:40.668 +04:00 [INF] UsdFutures order book SOLUSDT status changed: "Disconnected" => "Connecting"
2026-08-20 23:33:41.048 +04:00 [INF] [Sckt 1] subscription 105 completed successfully
2026-08-20 23:33:41.049 +04:00 [INF] UsdFutures order book SOLUSDT status changed: "Connecting" => "Syncing"
2026-08-20 23:33:41.439 +04:00 [INF] UsdFutures order book SOLUSDT status changed: "Syncing" => "Synced"
2026-08-20 23:33:41.440 +04:00 [INF] Futures book Binance:SOLUSDT "Synced"
2026-08-20 23:33:41.441 +04:00 [INF] V5 order book SOLUSDT status changed: "Disconnected" => "Connecting"
2026-08-20 23:33:41.646 +04:00 [INF] [Sckt 2] subscription 111 completed successfully
2026-08-20 23:33:41.647 +04:00 [INF] V5 order book SOLUSDT status changed: "Connecting" => "Syncing"
2026-08-20 23:33:41.647 +04:00 [INF] V5 order book SOLUSDT status changed: "Syncing" => "Synced"
2026-08-20 23:33:41.648 +04:00 [INF] Futures book Bybit:SOLUSDT "Synced"
2026-08-20 23:33:41.649 +04:00 [INF] Unified order book SOL-USDT-SWAP status changed: "Disconnected" => "Connecting"
2026-08-20 23:33:42.004 +04:00 [INF] [Sckt 3] subscription 114 completed successfully
2026-08-20 23:33:42.006 +04:00 [INF] Unified order book SOL-USDT-SWAP status changed: "Connecting" => "Syncing"
2026-08-20 23:33:42.063 +04:00 [INF] Unified order book SOL-USDT-SWAP status changed: "Syncing" => "Synced"
2026-08-20 23:33:42.065 +04:00 [INF] Futures book OKX:SOLUSDT "Synced"
2026-08-20 23:33:42.066 +04:00 [INF] Futures order book SOLUSDT status changed: "Disconnected" => "Connecting"
2026-08-20 23:33:42.340 +04:00 [INF] [Sckt 4] subscription 117 completed successfully
2026-08-20 23:33:42.341 +04:00 [INF] Futures order book SOLUSDT status changed: "Connecting" => "Syncing"
2026-08-20 23:33:42.403 +04:00 [INF] Futures order book SOLUSDT status changed: "Syncing" => "Synced"
2026-08-20 23:33:42.404 +04:00 [INF] Futures book Bitget:SOLUSDT "Synced"
2026-08-20 23:33:42.405 +04:00 [INF] PerpetualFutures order book SOL_USDT status changed: "Disconnected" => "Connecting"
2026-08-20 23:33:42.759 +04:00 [INF] [Sckt 5] subscription 119 completed successfully
2026-08-20 23:33:42.760 +04:00 [INF] PerpetualFutures order book SOL_USDT status changed: "Connecting" => "Syncing"
2026-08-20 23:33:42.761 +04:00 [INF] PerpetualFutures order book SOL_USDT status changed: "Syncing" => "Synced"
2026-08-20 23:33:42.762 +04:00 [INF] Futures book GateIo:SOLUSDT "Synced"
2026-08-20 23:33:42.762 +04:00 [INF] UsdFutures order book SKHYNIXUSDT status changed: "Disconnected" => "Connecting"
2026-08-20 23:33:43.153 +04:00 [INF] [Sckt 1] subscription 122 completed successfully
2026-08-20 23:33:43.154 +04:00 [INF] UsdFutures order book SKHYNIXUSDT status changed: "Connecting" => "Syncing"
2026-08-20 23:33:43.552 +04:00 [INF] UsdFutures order book SKHYNIXUSDT status changed: "Syncing" => "Synced"
2026-08-20 23:33:43.554 +04:00 [INF] Futures book Binance:SKHYNIXUSDT "Synced"
2026-08-20 23:33:43.555 +04:00 [INF] V5 order book SKHYNIXUSDT status changed: "Disconnected" => "Connecting"
2026-08-20 23:33:43.757 +04:00 [INF] [Sckt 2] subscription 126 completed successfully
2026-08-20 23:33:43.758 +04:00 [INF] V5 order book SKHYNIXUSDT status changed: "Connecting" => "Syncing"
2026-08-20 23:33:43.759 +04:00 [INF] V5 order book SKHYNIXUSDT status changed: "Syncing" => "Synced"
2026-08-20 23:33:43.760 +04:00 [INF] Futures book Bybit:SKHYNIXUSDT "Synced"
2026-08-20 23:33:43.761 +04:00 [INF] Unified order book SKHYNIX-USDT-SWAP status changed: "Disconnected" => "Connecting"
2026-08-20 23:33:44.112 +04:00 [INF] [Sckt 3] subscription 129 completed successfully
2026-08-20 23:33:44.114 +04:00 [INF] Unified order book SKHYNIX-USDT-SWAP status changed: "Connecting" => "Syncing"
2026-08-20 23:33:44.167 +04:00 [INF] Unified order book SKHYNIX-USDT-SWAP status changed: "Syncing" => "Synced"
2026-08-20 23:33:44.168 +04:00 [INF] Futures book OKX:SKHYNIXUSDT "Synced"
2026-08-20 23:33:44.169 +04:00 [INF] Futures order book SKHYNIXUSDT status changed: "Disconnected" => "Connecting"
2026-08-20 23:33:44.467 +04:00 [INF] [Sckt 4] subscription 131 completed successfully
2026-08-20 23:33:44.468 +04:00 [INF] Futures order book SKHYNIXUSDT status changed: "Connecting" => "Syncing"
2026-08-20 23:33:44.469 +04:00 [INF] Futures order book SKHYNIXUSDT status changed: "Syncing" => "Synced"
2026-08-20 23:33:44.470 +04:00 [INF] Futures book Bitget:SKHYNIXUSDT "Synced"
2026-08-20 23:33:44.471 +04:00 [INF] PerpetualFutures order book SKHYNIX_USDT status changed: "Disconnected" => "Connecting"
2026-08-20 23:33:44.807 +04:00 [INF] [Sckt 5] subscription 133 completed successfully
2026-08-20 23:33:44.808 +04:00 [INF] PerpetualFutures order book SKHYNIX_USDT status changed: "Connecting" => "Syncing"
2026-08-20 23:33:44.809 +04:00 [INF] PerpetualFutures order book SKHYNIX_USDT status changed: "Syncing" => "Synced"
2026-08-20 23:33:44.810 +04:00 [INF] Futures book GateIo:SKHYNIXUSDT "Synced"
2026-08-20 23:33:44.812 +04:00 [INF] UsdFutures order book SPCXUSDT status changed: "Disconnected" => "Connecting"
2026-08-20 23:33:45.155 +04:00 [INF] [Sckt 1] subscription 136 completed successfully
2026-08-20 23:33:45.156 +04:00 [INF] UsdFutures order book SPCXUSDT status changed: "Connecting" => "Syncing"
2026-08-20 23:33:45.551 +04:00 [INF] UsdFutures order book SPCXUSDT status changed: "Syncing" => "Synced"
2026-08-20 23:33:45.553 +04:00 [INF] Futures book Binance:SPCXUSDT "Synced"
2026-08-20 23:33:45.554 +04:00 [INF] V5 order book SPCXUSDT status changed: "Disconnected" => "Connecting"
2026-08-20 23:33:45.753 +04:00 [INF] [Sckt 2] subscription 140 completed successfully
2026-08-20 23:33:45.755 +04:00 [INF] V5 order book SPCXUSDT status changed: "Connecting" => "Syncing"
2026-08-20 23:33:45.756 +04:00 [INF] V5 order book SPCXUSDT status changed: "Syncing" => "Synced"
2026-08-20 23:33:45.757 +04:00 [INF] Futures book Bybit:SPCXUSDT "Synced"
2026-08-20 23:33:45.757 +04:00 [INF] Unified order book SPCX-USDT-SWAP status changed: "Disconnected" => "Connecting"
2026-08-20 23:33:46.108 +04:00 [INF] [Sckt 3] subscription 143 completed successfully
2026-08-20 23:33:46.110 +04:00 [INF] Unified order book SPCX-USDT-SWAP status changed: "Connecting" => "Syncing"
2026-08-20 23:33:46.287 +04:00 [INF] Unified order book SPCX-USDT-SWAP status changed: "Syncing" => "Synced"
2026-08-20 23:33:46.289 +04:00 [INF] Futures book OKX:SPCXUSDT "Synced"
2026-08-20 23:33:46.290 +04:00 [INF] Futures order book SPCXUSDT status changed: "Disconnected" => "Connecting"
2026-08-20 23:33:46.592 +04:00 [INF] [Sckt 4] subscription 145 completed successfully
2026-08-20 23:33:46.593 +04:00 [INF] Futures order book SPCXUSDT status changed: "Connecting" => "Syncing"
2026-08-20 23:33:46.595 +04:00 [INF] Futures order book SPCXUSDT status changed: "Syncing" => "Synced"
2026-08-20 23:33:46.596 +04:00 [INF] Futures book Bitget:SPCXUSDT "Synced"
2026-08-20 23:33:46.596 +04:00 [INF] PerpetualFutures order book SPCX_USDT status changed: "Disconnected" => "Connecting"
2026-08-20 23:33:46.935 +04:00 [INF] [Sckt 5] subscription 147 completed successfully
2026-08-20 23:33:46.937 +04:00 [INF] PerpetualFutures order book SPCX_USDT status changed: "Connecting" => "Syncing"
2026-08-20 23:33:46.938 +04:00 [INF] PerpetualFutures order book SPCX_USDT status changed: "Syncing" => "Synced"
2026-08-20 23:33:46.938 +04:00 [INF] Futures book GateIo:SPCXUSDT "Synced"
2026-08-20 23:33:46.939 +04:00 [INF] UsdFutures order book WLDUSDT status changed: "Disconnected" => "Connecting"
2026-08-20 23:33:48.314 +04:00 [INF] [Sckt 6] subscription 150 completed successfully
2026-08-20 23:33:48.316 +04:00 [INF] UsdFutures order book WLDUSDT status changed: "Connecting" => "Syncing"
2026-08-20 23:33:48.701 +04:00 [INF] UsdFutures order book WLDUSDT status changed: "Syncing" => "Synced"
2026-08-20 23:33:48.702 +04:00 [INF] Futures book Binance:WLDUSDT "Synced"
2026-08-20 23:33:48.703 +04:00 [INF] V5 order book WLDUSDT status changed: "Disconnected" => "Connecting"
2026-08-20 23:33:49.532 +04:00 [INF] [Sckt 7] subscription 154 completed successfully
2026-08-20 23:33:49.534 +04:00 [INF] V5 order book WLDUSDT status changed: "Connecting" => "Syncing"
2026-08-20 23:33:49.537 +04:00 [INF] V5 order book WLDUSDT status changed: "Syncing" => "Synced"
2026-08-20 23:33:49.539 +04:00 [INF] Futures book Bybit:WLDUSDT "Synced"
2026-08-20 23:33:49.540 +04:00 [INF] Unified order book WLD-USDT-SWAP status changed: "Disconnected" => "Connecting"
2026-08-20 23:33:50.881 +04:00 [INF] [Sckt 8] subscription 157 completed successfully
2026-08-20 23:33:50.882 +04:00 [INF] Unified order book WLD-USDT-SWAP status changed: "Connecting" => "Syncing"
2026-08-20 23:33:51.368 +04:00 [INF] Unified order book WLD-USDT-SWAP status changed: "Syncing" => "Synced"
2026-08-20 23:33:51.369 +04:00 [INF] Futures book OKX:WLDUSDT "Synced"
2026-08-20 23:33:51.370 +04:00 [INF] Futures order book WLDUSDT status changed: "Disconnected" => "Connecting"
2026-08-20 23:33:52.503 +04:00 [INF] [Sckt 9] subscription 159 completed successfully
2026-08-20 23:33:52.505 +04:00 [INF] Futures order book WLDUSDT status changed: "Connecting" => "Syncing"
2026-08-20 23:33:52.506 +04:00 [INF] Futures order book WLDUSDT status changed: "Syncing" => "Synced"
2026-08-20 23:33:52.508 +04:00 [INF] Futures book Bitget:WLDUSDT "Synced"
2026-08-20 23:33:52.509 +04:00 [INF] PerpetualFutures order book WLD_USDT status changed: "Disconnected" => "Connecting"
2026-08-20 23:33:54.117 +04:00 [INF] [Sckt 10] subscription 161 completed successfully
2026-08-20 23:33:54.118 +04:00 [INF] PerpetualFutures order book WLD_USDT status changed: "Connecting" => "Syncing"
2026-08-20 23:33:54.119 +04:00 [INF] PerpetualFutures order book WLD_USDT status changed: "Syncing" => "Synced"
2026-08-20 23:33:54.119 +04:00 [INF] Futures book GateIo:WLDUSDT "Synced"
2026-08-20 23:33:54.120 +04:00 [INF] UsdFutures order book ADAUSDT status changed: "Disconnected" => "Connecting"
2026-08-20 23:33:54.517 +04:00 [INF] [Sckt 6] subscription 164 completed successfully
2026-08-20 23:33:54.519 +04:00 [INF] UsdFutures order book ADAUSDT status changed: "Connecting" => "Syncing"
2026-08-20 23:33:54.909 +04:00 [INF] UsdFutures order book ADAUSDT status changed: "Syncing" => "Synced"
2026-08-20 23:33:54.911 +04:00 [INF] Futures book Binance:ADAUSDT "Synced"
2026-08-20 23:33:54.912 +04:00 [INF] V5 order book ADAUSDT status changed: "Disconnected" => "Connecting"
2026-08-20 23:33:55.110 +04:00 [INF] [Sckt 7] subscription 169 completed successfully
2026-08-20 23:33:55.111 +04:00 [INF] V5 order book ADAUSDT status changed: "Connecting" => "Syncing"
2026-08-20 23:33:55.112 +04:00 [INF] V5 order book ADAUSDT status changed: "Syncing" => "Synced"
2026-08-20 23:33:55.113 +04:00 [INF] Futures book Bybit:ADAUSDT "Synced"
2026-08-20 23:33:55.114 +04:00 [INF] Unified order book ADA-USDT-SWAP status changed: "Disconnected" => "Connecting"
2026-08-20 23:33:55.434 +04:00 [INF] [Sckt 8] subscription 172 completed successfully
2026-08-20 23:33:55.435 +04:00 [INF] Unified order book ADA-USDT-SWAP status changed: "Connecting" => "Syncing"
2026-08-20 23:33:55.549 +04:00 [INF] Unified order book ADA-USDT-SWAP status changed: "Syncing" => "Synced"
2026-08-20 23:33:55.550 +04:00 [INF] Futures book OKX:ADAUSDT "Synced"
2026-08-20 23:33:55.551 +04:00 [INF] Futures order book ADAUSDT status changed: "Disconnected" => "Connecting"
2026-08-20 23:33:55.835 +04:00 [INF] [Sckt 9] subscription 174 completed successfully
2026-08-20 23:33:55.836 +04:00 [INF] Futures order book ADAUSDT status changed: "Connecting" => "Syncing"
2026-08-20 23:33:55.837 +04:00 [INF] Futures order book ADAUSDT status changed: "Syncing" => "Synced"
2026-08-20 23:33:55.839 +04:00 [INF] Futures book Bitget:ADAUSDT "Synced"
2026-08-20 23:33:55.839 +04:00 [INF] PerpetualFutures order book ADA_USDT status changed: "Disconnected" => "Connecting"
2026-08-20 23:33:56.159 +04:00 [INF] [Sckt 10] subscription 176 completed successfully
2026-08-20 23:33:56.160 +04:00 [INF] PerpetualFutures order book ADA_USDT status changed: "Connecting" => "Syncing"
2026-08-20 23:33:56.161 +04:00 [INF] PerpetualFutures order book ADA_USDT status changed: "Syncing" => "Synced"
2026-08-20 23:33:56.162 +04:00 [INF] Futures book GateIo:ADAUSDT "Synced"
2026-08-20 23:33:56.163 +04:00 [INF] UsdFutures order book TRUMPUSDT status changed: "Disconnected" => "Connecting"
2026-08-20 23:33:56.522 +04:00 [INF] [Sckt 6] subscription 181 completed successfully
2026-08-20 23:33:56.523 +04:00 [INF] UsdFutures order book TRUMPUSDT status changed: "Connecting" => "Syncing"
2026-08-20 23:33:56.929 +04:00 [INF] UsdFutures order book TRUMPUSDT status changed: "Syncing" => "Synced"
2026-08-20 23:33:56.942 +04:00 [INF] Futures book Binance:TRUMPUSDT "Synced"
2026-08-20 23:33:56.944 +04:00 [INF] V5 order book TRUMPUSDT status changed: "Disconnected" => "Connecting"
2026-08-20 23:33:57.146 +04:00 [INF] [Sckt 7] subscription 185 completed successfully
2026-08-20 23:33:57.147 +04:00 [INF] V5 order book TRUMPUSDT status changed: "Connecting" => "Syncing"
2026-08-20 23:33:57.148 +04:00 [INF] V5 order book TRUMPUSDT status changed: "Syncing" => "Synced"
2026-08-20 23:33:57.149 +04:00 [INF] Futures book Bybit:TRUMPUSDT "Synced"
2026-08-20 23:33:57.149 +04:00 [INF] Unified order book TRUMP-USDT-SWAP status changed: "Disconnected" => "Connecting"
2026-08-20 23:33:57.469 +04:00 [INF] [Sckt 8] subscription 188 completed successfully
2026-08-20 23:33:57.470 +04:00 [INF] Unified order book TRUMP-USDT-SWAP status changed: "Connecting" => "Syncing"
2026-08-20 23:33:57.651 +04:00 [INF] Unified order book TRUMP-USDT-SWAP status changed: "Syncing" => "Synced"
2026-08-20 23:33:57.652 +04:00 [INF] Futures book OKX:TRUMPUSDT "Synced"
2026-08-20 23:33:57.653 +04:00 [INF] Futures order book TRUMPUSDT status changed: "Disconnected" => "Connecting"
2026-08-20 23:33:58.027 +04:00 [INF] [Sckt 9] subscription 190 completed successfully
2026-08-20 23:33:58.028 +04:00 [INF] Futures order book TRUMPUSDT status changed: "Connecting" => "Syncing"
2026-08-20 23:33:58.082 +04:00 [INF] Futures order book TRUMPUSDT status changed: "Syncing" => "Synced"
2026-08-20 23:33:58.084 +04:00 [INF] Futures book Bitget:TRUMPUSDT "Synced"
2026-08-20 23:33:58.085 +04:00 [INF] PerpetualFutures order book TRUMP_USDT status changed: "Disconnected" => "Connecting"
2026-08-20 23:33:58.529 +04:00 [INF] [Sckt 10] subscription 192 completed successfully
2026-08-20 23:33:58.536 +04:00 [INF] PerpetualFutures order book TRUMP_USDT status changed: "Connecting" => "Syncing"
2026-08-20 23:33:58.538 +04:00 [INF] PerpetualFutures order book TRUMP_USDT status changed: "Syncing" => "Synced"
2026-08-20 23:33:58.539 +04:00 [INF] Futures book GateIo:TRUMPUSDT "Synced"
2026-08-20 23:33:58.540 +04:00 [INF] UsdFutures order book KORUUSDT status changed: "Disconnected" => "Connecting"
2026-08-20 23:33:58.924 +04:00 [INF] [Sckt 6] subscription 195 completed successfully
2026-08-20 23:33:58.926 +04:00 [INF] UsdFutures order book KORUUSDT status changed: "Connecting" => "Syncing"
2026-08-20 23:33:59.441 +04:00 [INF] UsdFutures order book KORUUSDT status changed: "Syncing" => "Synced"
2026-08-20 23:33:59.442 +04:00 [INF] Futures book Binance:KORUUSDT "Synced"
2026-08-20 23:33:59.443 +04:00 [INF] V5 order book KORUUSDT status changed: "Disconnected" => "Connecting"
2026-08-20 23:33:59.650 +04:00 [INF] [Sckt 7] subscription 199 completed successfully
2026-08-20 23:33:59.651 +04:00 [INF] V5 order book KORUUSDT status changed: "Connecting" => "Syncing"
2026-08-20 23:33:59.652 +04:00 [INF] V5 order book KORUUSDT status changed: "Syncing" => "Synced"
2026-08-20 23:33:59.653 +04:00 [INF] Futures book Bybit:KORUUSDT "Synced"
2026-08-20 23:33:59.654 +04:00 [INF] Unified order book KORU-USDT-SWAP status changed: "Disconnected" => "Connecting"
2026-08-20 23:33:59.992 +04:00 [INF] [Sckt 8] subscription 202 completed successfully
2026-08-20 23:33:59.993 +04:00 [INF] Unified order book KORU-USDT-SWAP status changed: "Connecting" => "Syncing"
2026-08-20 23:34:00.060 +04:00 [INF] Unified order book KORU-USDT-SWAP status changed: "Syncing" => "Synced"
2026-08-20 23:34:00.061 +04:00 [INF] Futures book OKX:KORUUSDT "Synced"
2026-08-20 23:34:00.061 +04:00 [INF] Futures order book KORUUSDT status changed: "Disconnected" => "Connecting"
2026-08-20 23:34:00.342 +04:00 [INF] [Sckt 9] subscription 204 completed successfully
2026-08-20 23:34:00.343 +04:00 [INF] Futures order book KORUUSDT status changed: "Connecting" => "Syncing"
2026-08-20 23:34:00.400 +04:00 [INF] Futures order book KORUUSDT status changed: "Syncing" => "Synced"
2026-08-20 23:34:00.402 +04:00 [INF] Futures book Bitget:KORUUSDT "Synced"
2026-08-20 23:34:00.403 +04:00 [INF] PerpetualFutures order book KORU_USDT status changed: "Disconnected" => "Connecting"
2026-08-20 23:34:00.739 +04:00 [INF] [Sckt 10] subscription 206 completed successfully
2026-08-20 23:34:00.743 +04:00 [INF] PerpetualFutures order book KORU_USDT status changed: "Connecting" => "Syncing"
2026-08-20 23:34:00.744 +04:00 [INF] PerpetualFutures order book KORU_USDT status changed: "Syncing" => "Synced"
2026-08-20 23:34:00.745 +04:00 [INF] Futures book GateIo:KORUUSDT "Synced"
2026-08-20 23:34:00.746 +04:00 [INF] UsdFutures order book ARBUSDT status changed: "Disconnected" => "Connecting"
2026-08-20 23:34:01.126 +04:00 [INF] [Sckt 6] subscription 209 completed successfully
2026-08-20 23:34:01.127 +04:00 [INF] UsdFutures order book ARBUSDT status changed: "Connecting" => "Syncing"
2026-08-20 23:34:01.517 +04:00 [INF] UsdFutures order book ARBUSDT status changed: "Syncing" => "Synced"
2026-08-20 23:34:01.518 +04:00 [INF] Futures book Binance:ARBUSDT "Synced"
2026-08-20 23:34:01.518 +04:00 [INF] V5 order book ARBUSDT status changed: "Disconnected" => "Connecting"
2026-08-20 23:34:01.720 +04:00 [INF] [Sckt 7] subscription 215 completed successfully
2026-08-20 23:34:01.721 +04:00 [INF] V5 order book ARBUSDT status changed: "Connecting" => "Syncing"
2026-08-20 23:34:01.723 +04:00 [INF] V5 order book ARBUSDT status changed: "Syncing" => "Synced"
2026-08-20 23:34:01.724 +04:00 [INF] Futures book Bybit:ARBUSDT "Synced"
2026-08-20 23:34:01.725 +04:00 [INF] Unified order book ARB-USDT-SWAP status changed: "Disconnected" => "Connecting"
2026-08-20 23:34:02.046 +04:00 [INF] [Sckt 8] subscription 218 completed successfully
2026-08-20 23:34:02.047 +04:00 [INF] Unified order book ARB-USDT-SWAP status changed: "Connecting" => "Syncing"
2026-08-20 23:34:02.161 +04:00 [INF] Unified order book ARB-USDT-SWAP status changed: "Syncing" => "Synced"
2026-08-20 23:34:02.162 +04:00 [INF] Futures book OKX:ARBUSDT "Synced"
2026-08-20 23:34:02.163 +04:00 [INF] Futures order book ARBUSDT status changed: "Disconnected" => "Connecting"
2026-08-20 23:34:02.442 +04:00 [INF] [Sckt 9] subscription 220 completed successfully
2026-08-20 23:34:02.443 +04:00 [INF] Futures order book ARBUSDT status changed: "Connecting" => "Syncing"
2026-08-20 23:34:02.444 +04:00 [INF] Futures order book ARBUSDT status changed: "Syncing" => "Synced"
2026-08-20 23:34:02.446 +04:00 [INF] Futures book Bitget:ARBUSDT "Synced"
2026-08-20 23:34:02.447 +04:00 [INF] PerpetualFutures order book ARB_USDT status changed: "Disconnected" => "Connecting"
2026-08-20 23:34:02.766 +04:00 [INF] [Sckt 10] subscription 223 completed successfully
2026-08-20 23:34:02.767 +04:00 [INF] PerpetualFutures order book ARB_USDT status changed: "Connecting" => "Syncing"
2026-08-20 23:34:02.768 +04:00 [INF] PerpetualFutures order book ARB_USDT status changed: "Syncing" => "Synced"
2026-08-20 23:34:02.769 +04:00 [INF] Futures book GateIo:ARBUSDT "Synced"
2026-08-20 23:34:02.773 +04:00 [INF] Exchange Binance: 15/15 streams live
2026-08-20 23:34:02.774 +04:00 [INF] Exchange Bybit: 15/15 streams live
2026-08-20 23:34:02.775 +04:00 [INF] Exchange OKX: 15/15 streams live
2026-08-20 23:34:02.776 +04:00 [INF] Exchange Bitget: 15/15 streams live
2026-08-20 23:34:02.777 +04:00 [INF] Exchange GateIo: 15/15 streams live
2026-08-20 23:34:02.778 +04:00 [INF] Futures books: Bitget:SNDKUSDT=Synced; GateIo:WLDUSDT=Synced; Bybit:SOXLUSDT=Synced; Bitget:SOXLUSDT=Synced; Bybit:KORUUSDT=Synced; Binance:ARBUSDT=Synced; GateIo:ADAUSDT=Synced; OKX:SPCXUSDT=Synced; OKX:SOLUSDT=Synced; Bybit:SPCXUSDT=Synced; Bybit:WLDUSDT=Synced; Bybit:TRUMPUSDT=Synced; Binance:SOLUSDT=Synced; Binance:SUIUSDT=Synced; GateIo:SNDKUSDT=Synced; GateIo:KORUUSDT=Synced; GateIo:SOXLUSDT=Synced; GateIo:XAUUSDT=Synced; GateIo:SPCXUSDT=Synced; Binance:SNDKUSDT=Synced; Bitget:TRUMPUSDT=Synced; OKX:SOXLUSDT=Synced; Bybit:SUIUSDT=Synced; Bitget:HYPEUSDT=Synced; Bybit:DOGEUSDT=Synced; Binance:TRUMPUSDT=Synced; Bitget:ARBUSDT=Synced; OKX:KORUUSDT=Synced; Binance:WLDUSDT=Synced; GateIo:HYPEUSDT=Synced; Binance:XAUUSDT=Synced; Binance:DOGEUSDT=Synced; Binance:SPCXUSDT=Synced; Bitget:DOGEUSDT=Synced; Binance:KORUUSDT=Synced; OKX:DOGEUSDT=Synced; Bybit:SNDKUSDT=Synced; Binance:ADAUSDT=Synced; Bybit:ENAUSDT=Synced; OKX:ADAUSDT=Synced; Binance:ENAUSDT=Synced; OKX:SNDKUSDT=Synced; Bitget:KORUUSDT=Synced; OKX:SUIUSDT=Synced; OKX:ARBUSDT=Synced; Bitget:SPCXUSDT=Synced; GateIo:ENAUSDT=Synced; GateIo:SOLUSDT=Synced; Bybit:XAUUSDT=Synced; OKX:ENAUSDT=Synced; OKX:XAUUSDT=Synced; GateIo:SKHYNIXUSDT=Synced; OKX:WLDUSDT=Synced; GateIo:SUIUSDT=Synced; Binance:SOXLUSDT=Synced; Binance:HYPEUSDT=Synced; Bybit:HYPEUSDT=Synced; Bitget:SOLUSDT=Synced; Bybit:ADAUSDT=Synced; Bitget:SKHYNIXUSDT=Synced; Bybit:SKHYNIXUSDT=Synced; GateIo:ARBUSDT=Synced; OKX:HYPEUSDT=Synced; Bybit:ARBUSDT=Synced; GateIo:DOGEUSDT=Synced; OKX:SKHYNIXUSDT=Synced; Bitget:SUIUSDT=Synced; Bitget:ADAUSDT=Synced; Bitget:WLDUSDT=Synced; Bitget:XAUUSDT=Synced; Binance:SKHYNIXUSDT=Synced; Bitget:ENAUSDT=Synced; OKX:TRUMPUSDT=Synced; Bybit:SOLUSDT=Synced; GateIo:TRUMPUSDT=Synced
2026-08-20 23:34:05.284 +04:00 [INF] Funding cache refresh for 15 symbols × 3 exchanges (TTL 45m)
2026-08-20 23:34:16.596 +04:00 [INF] Funding cache entries: 45
2026-08-20 23:34:58.676 +04:00 [INF] Futures scan: 1 candidate(s), best RT=-0.084% open=0.026%
2026-08-20 23:34:58.683 +04:00 [INF] Paper skip SPCXUSDT: Already open on symbol open=0.026% RT=-0.084%
2026-08-20 23:35:03.772 +04:00 [INF] Trading UI settings saved (paper=true)
2026-08-20 23:35:17.103 +04:00 [INF] Futures scan: 1 candidate(s), best RT=-0.080% open=0.030%
2026-08-20 23:35:17.105 +04:00 [INF] Paper skip SPCXUSDT: Already open on symbol open=0.030% RT=-0.080%
2026-08-20 23:35:18.134 +04:00 [INF] Futures scan: 1 candidate(s), best RT=-0.077% open=0.033%
2026-08-20 23:35:18.138 +04:00 [INF] Paper skip SPCXUSDT: Already open on symbol open=0.033% RT=-0.077%
2026-08-20 23:35:20.196 +04:00 [INF] Futures scan: 11 candidate(s), best RT=0.394% open=0.499%
2026-08-20 23:35:20.214 +04:00 [INF] FUT PAPER OPEN WLDUSDT L:OKX S:Bybit qty=5472.380624 lev=5x margin=400.00 edge=0.499%
2026-08-20 23:35:20.217 +04:00 [INF] Opened futures paper hedge (1): WLDUSDT: L OKX@0.36 / S Bybit@0.37 | RT 0.394% fund 0.000% → 0.394%
2026-08-20 23:35:20.220 +04:00 [INF] Paper skip WLDUSDT: Cooldown 4000ms open=0.479% RT=0.364%
2026-08-20 23:35:20.221 +04:00 [INF] Paper skip WLDUSDT: Cooldown 4000ms open=0.465% RT=0.360%
2026-08-20 23:35:20.222 +04:00 [INF] Paper skip WLDUSDT: Cooldown 4000ms open=0.159% RT=0.054%
2026-08-20 23:35:20.223 +04:00 [INF] Paper skip WLDUSDT: Cooldown 4000ms open=0.154% RT=0.054%
2026-08-20 23:35:20.226 +04:00 [INF] Paper skip WLDUSDT: Cooldown 4000ms open=0.134% RT=0.024%
2026-08-20 23:35:20.227 +04:00 [INF] Paper skip WLDUSDT: Cooldown 4000ms open=0.120% RT=0.020%
2026-08-20 23:35:20.231 +04:00 [INF] Paper skip SUIUSDT: Cooldown 4000ms open=0.106% RT=-0.009%
2026-08-20 23:35:20.232 +04:00 [INF] Paper skip SUIUSDT: Cooldown 4000ms open=0.102% RT=-0.003%
2026-08-20 23:35:20.233 +04:00 [INF] Paper skip SUIUSDT: Cooldown 4000ms open=0.079% RT=-0.026%
2026-08-20 23:35:20.234 +04:00 [INF] Paper skip SUIUSDT: Cooldown 4000ms open=0.075% RT=-0.030%
2026-08-20 23:35:21.265 +04:00 [INF] FUT PAPER CLOSE WLDUSDT pnl=10.4647 reason=converge lev=5x
2026-08-20 23:36:04.324 +04:00 [INF] Futures scan: 1 candidate(s), best RT=-0.083% open=0.032%
2026-08-20 23:36:04.326 +04:00 [INF] FUT PAPER OPEN ENAUSDT L:Bitget S:Bybit qty=18352.285151 lev=5x margin=400.00 edge=0.032%
2026-08-20 23:36:04.327 +04:00 [INF] Opened futures paper hedge (1): ENAUSDT: L Bitget@0.11 / S Bybit@0.11 | RT -0.083% fund 0.000% → -0.083%
2026-08-20 23:36:32.777 +04:00 [INF] Trading UI settings saved (paper=true)
2026-08-20 23:37:06.869 +04:00 [INF] FUT PAPER CLOSE ENAUSDT pnl=-0.2820 reason=converge lev=5x
2026-08-20 23:37:46.924 +04:00 [INF] Futures scan: 1 candidate(s), best RT=-0.084% open=0.026%
2026-08-20 23:37:46.926 +04:00 [INF] Paper skip SPCXUSDT: Already open on symbol open=0.026% RT=-0.084%
2026-08-20 23:37:47.970 +04:00 [INF] Futures scan: 1 candidate(s), best RT=-0.077% open=0.033%
2026-08-20 23:37:48.004 +04:00 [INF] Paper skip SPCXUSDT: Already open on symbol open=0.033% RT=-0.077%
2026-08-20 23:37:58.268 +04:00 [INF] Futures scan: 1 candidate(s), best RT=-0.084% open=0.026%
2026-08-20 23:37:58.270 +04:00 [INF] Paper skip SPCXUSDT: Already open on symbol open=0.026% RT=-0.084%
2026-08-20 23:37:59.295 +04:00 [INF] Futures scan: 1 candidate(s), best RT=-0.084% open=0.026%
2026-08-20 23:37:59.297 +04:00 [INF] Paper skip SPCXUSDT: Already open on symbol open=0.026% RT=-0.084%
2026-08-20 23:38:02.370 +04:00 [INF] Futures scan: 1 candidate(s), best RT=-0.084% open=0.026%
2026-08-20 23:38:02.371 +04:00 [INF] Paper skip SPCXUSDT: Already open on symbol open=0.026% RT=-0.084%
2026-08-20 23:38:07.499 +04:00 [INF] Futures scan: 1 candidate(s), best RT=-0.084% open=0.026%
2026-08-20 23:38:07.501 +04:00 [INF] Paper skip SPCXUSDT: Already open on symbol open=0.026% RT=-0.084%
2026-08-20 23:38:26.023 +04:00 [INF] Futures scan: 1 candidate(s), best RT=-0.084% open=0.026%
2026-08-20 23:38:26.026 +04:00 [INF] Paper skip SPCXUSDT: Already open on symbol open=0.026% RT=-0.084%
2026-08-20 23:38:30.156 +04:00 [INF] Futures scan: 1 candidate(s), best RT=-0.084% open=0.026%
2026-08-20 23:38:30.158 +04:00 [INF] Paper skip SPCXUSDT: Already open on symbol open=0.026% RT=-0.084%
2026-08-20 23:39:32.749 +04:00 [INF] Futures scan: 1 candidate(s), best RT=-0.084% open=0.026%
2026-08-20 23:39:32.751 +04:00 [INF] Paper skip SPCXUSDT: Already open on symbol open=0.026% RT=-0.084%
2026-08-20 23:39:33.770 +04:00 [INF] Futures scan: 1 candidate(s), best RT=-0.084% open=0.026%
2026-08-20 23:39:33.772 +04:00 [INF] Paper skip SPCXUSDT: Already open on symbol open=0.026% RT=-0.084%
2026-08-20 23:39:38.865 +04:00 [INF] Futures scan: 1 candidate(s), best RT=-0.080% open=0.030%
2026-08-20 23:39:38.867 +04:00 [INF] Paper skip SPCXUSDT: Already open on symbol open=0.030% RT=-0.080%
2026-08-20 23:39:49.139 +04:00 [INF] Futures scan: 1 candidate(s), best RT=-0.084% open=0.026%
2026-08-20 23:39:49.140 +04:00 [INF] Paper skip SPCXUSDT: Already open on symbol open=0.026% RT=-0.084%
2026-08-20 23:39:57.320 +04:00 [INF] Futures scan: 1 candidate(s), best RT=-0.082% open=0.028%
2026-08-20 23:39:57.322 +04:00 [INF] Paper skip SPCXUSDT: Already open on symbol open=0.028% RT=-0.082%
2026-08-20 23:40:00.379 +04:00 [INF] Futures scan: 1 candidate(s), best RT=-0.084% open=0.026%
2026-08-20 23:40:00.381 +04:00 [INF] Paper skip SPCXUSDT: Already open on symbol open=0.026% RT=-0.084%
2026-08-20 23:40:01.412 +04:00 [INF] Futures scan: 1 candidate(s), best RT=-0.084% open=0.026%
2026-08-20 23:40:01.413 +04:00 [INF] Paper skip SPCXUSDT: Already open on symbol open=0.026% RT=-0.084%
2026-08-20 23:40:06.545 +04:00 [INF] Futures scan: 1 candidate(s), best RT=-0.084% open=0.026%
2026-08-20 23:40:06.547 +04:00 [INF] Paper skip SPCXUSDT: Already open on symbol open=0.026% RT=-0.084%
2026-08-20 23:40:12.286 +04:00 [INF] Trading UI settings saved (paper=true)
2026-08-20 23:40:29.130 +04:00 [INF] Futures scan: 1 candidate(s), best RT=-0.084% open=0.026%
2026-08-20 23:40:29.138 +04:00 [INF] Paper skip SPCXUSDT: Already open on symbol open=0.026% RT=-0.084%
2026-08-20 23:40:32.225 +04:00 [INF] Futures scan: 1 candidate(s), best RT=-0.084% open=0.026%
2026-08-20 23:40:32.226 +04:00 [INF] Paper skip SPCXUSDT: Already open on symbol open=0.026% RT=-0.084%
2026-08-20 23:40:36.337 +04:00 [INF] Futures scan: 1 candidate(s), best RT=-0.075% open=0.035%
2026-08-20 23:40:36.338 +04:00 [INF] Paper skip SPCXUSDT: Already open on symbol open=0.035% RT=-0.075%
2026-08-20 23:40:37.364 +04:00 [INF] Futures scan: 1 candidate(s), best RT=-0.075% open=0.035%
2026-08-20 23:40:37.365 +04:00 [INF] Paper skip SPCXUSDT: Already open on symbol open=0.035% RT=-0.075%
2026-08-20 23:40:47.623 +04:00 [INF] Futures scan: 1 candidate(s), best RT=-0.084% open=0.026%
2026-08-20 23:40:47.625 +04:00 [INF] Paper skip SPCXUSDT: Already open on symbol open=0.026% RT=-0.084%
2026-08-20 23:40:56.853 +04:00 [INF] Futures scan: 1 candidate(s), best RT=-0.084% open=0.026%
2026-08-20 23:40:56.854 +04:00 [INF] Paper skip SPCXUSDT: Already open on symbol open=0.026% RT=-0.084%
2026-08-20 23:40:58.909 +04:00 [INF] Futures scan: 1 candidate(s), best RT=-0.081% open=0.029%
2026-08-20 23:40:58.911 +04:00 [INF] Paper skip SPCXUSDT: Already open on symbol open=0.029% RT=-0.081%
2026-08-20 23:41:12.240 +04:00 [INF] Futures scan: 1 candidate(s), best RT=-0.084% open=0.026%
2026-08-20 23:41:12.242 +04:00 [INF] Paper skip SPCXUSDT: Already open on symbol open=0.026% RT=-0.084%
2026-08-20 23:41:14.294 +04:00 [INF] Futures scan: 1 candidate(s), best RT=-0.083% open=0.027%
2026-08-20 23:41:14.297 +04:00 [INF] Paper skip SPCXUSDT: Already open on symbol open=0.027% RT=-0.083%
2026-08-20 23:41:17.382 +04:00 [INF] Futures scan: 1 candidate(s), best RT=-0.084% open=0.026%
2026-08-20 23:41:17.383 +04:00 [INF] Paper skip SPCXUSDT: Already open on symbol open=0.026% RT=-0.084%
2026-08-20 23:41:18.408 +04:00 [INF] Futures scan: 1 candidate(s), best RT=-0.084% open=0.026%
2026-08-20 23:41:18.410 +04:00 [INF] Paper skip SPCXUSDT: Already open on symbol open=0.026% RT=-0.084%
2026-08-20 23:41:32.772 +04:00 [INF] Futures scan: 1 candidate(s), best RT=-0.085% open=0.025%
2026-08-20 23:41:32.775 +04:00 [INF] Paper skip SPCXUSDT: Already open on symbol open=0.025% RT=-0.085%
2026-08-20 23:41:36.864 +04:00 [INF] Futures scan: 1 candidate(s), best RT=-0.085% open=0.025%
2026-08-20 23:41:36.866 +04:00 [INF] Paper skip SPCXUSDT: Already open on symbol open=0.025% RT=-0.085%
2026-08-20 23:41:38.938 +04:00 [INF] Futures scan: 1 candidate(s), best RT=-0.083% open=0.027%
2026-08-20 23:41:38.940 +04:00 [INF] Paper skip SPCXUSDT: Already open on symbol open=0.027% RT=-0.083%
2026-08-20 23:41:40.988 +04:00 [INF] Futures scan: 1 candidate(s), best RT=-0.084% open=0.026%
2026-08-20 23:41:40.989 +04:00 [INF] Paper skip SPCXUSDT: Already open on symbol open=0.026% RT=-0.084%
2026-08-20 23:42:58.955 +04:00 [INF] Futures scan: 1 candidate(s), best RT=-0.084% open=0.026%
2026-08-20 23:42:58.957 +04:00 [INF] Paper skip SPCXUSDT: Already open on symbol open=0.026% RT=-0.084%
2026-08-20 23:44:12.785 +04:00 [INF] Futures scan: 1 candidate(s), best RT=-0.084% open=0.026%
2026-08-20 23:44:12.787 +04:00 [INF] Paper skip SPCXUSDT: Already open on symbol open=0.026% RT=-0.084%
2026-08-20 23:44:29.203 +04:00 [INF] Futures scan: 3 candidate(s), best RT=-0.007% open=0.098%
2026-08-20 23:44:29.212 +04:00 [INF] FUT PAPER OPEN DOGEUSDT L:Bybit S:Binance qty=24989.894540 lev=5x margin=400.00 edge=0.098%
2026-08-20 23:44:29.217 +04:00 [INF] Opened futures paper hedge (1): DOGEUSDT: L Bybit@0.08 / S Binance@0.08 | RT -0.007% fund 0.000% → -0.007%
2026-08-20 23:44:29.218 +04:00 [INF] Paper skip WLDUSDT: Cooldown 4000ms open=0.062% RT=-0.048%
2026-08-20 23:44:29.223 +04:00 [INF] Paper skip WLDUSDT: Cooldown 4000ms open=0.032% RT=-0.073%
2026-08-20 23:44:30.257 +04:00 [INF] FUT PAPER CLOSE DOGEUSDT pnl=0.7113 reason=converge lev=5x
2026-08-20 23:45:44.348 +04:00 [INF] Futures scan: 1 candidate(s), best RT=-0.084% open=0.026%
2026-08-20 23:45:44.349 +04:00 [INF] Paper skip SPCXUSDT: Already open on symbol open=0.026% RT=-0.084%
2026-08-20 23:46:12.115 +04:00 [INF] FUT PAPER CLOSE SPCXUSDT pnl=-1.5608 reason=timeout lev=5x
2026-08-20 23:46:41.866 +04:00 [INF] Futures scan: 1 candidate(s), best RT=-0.084% open=0.026%
2026-08-20 23:46:41.869 +04:00 [INF] FUT PAPER OPEN SPCXUSDT L:GateIo S:Bitget qty=15.054573 lev=5x margin=400.00 edge=0.026%
2026-08-20 23:46:41.870 +04:00 [INF] Opened futures paper hedge (1): SPCXUSDT: L GateIo@132.67 / S Bitget@132.85 | RT -0.084% fund 0.000% → -0.084%
2026-08-20 23:46:55.156 +04:00 [INF] Futures scan: 1 candidate(s), best RT=-0.084% open=0.026%
2026-08-20 23:46:55.158 +04:00 [INF] Paper skip SPCXUSDT: Already open on symbol open=0.026% RT=-0.084%
2026-08-20 23:47:00.288 +04:00 [INF] Futures scan: 1 candidate(s), best RT=-0.084% open=0.026%
2026-08-20 23:47:00.289 +04:00 [INF] Paper skip SPCXUSDT: Already open on symbol open=0.026% RT=-0.084%
2026-08-20 23:47:01.319 +04:00 [INF] Futures scan: 1 candidate(s), best RT=-0.077% open=0.033%
2026-08-20 23:47:01.320 +04:00 [INF] Paper skip SPCXUSDT: Already open on symbol open=0.033% RT=-0.077%
2026-08-20 23:47:02.342 +04:00 [INF] Futures scan: 1 candidate(s), best RT=-0.077% open=0.033%
2026-08-20 23:47:02.344 +04:00 [INF] Paper skip SPCXUSDT: Already open on symbol open=0.033% RT=-0.077%
2026-08-20 23:47:04.386 +04:00 [INF] Futures scan: 1 candidate(s), best RT=-0.085% open=0.025%
2026-08-20 23:47:04.388 +04:00 [INF] Paper skip SPCXUSDT: Already open on symbol open=0.025% RT=-0.085%
2026-08-20 23:47:05.408 +04:00 [INF] Futures scan: 1 candidate(s), best RT=-0.085% open=0.025%
2026-08-20 23:47:05.411 +04:00 [INF] Paper skip SPCXUSDT: Already open on symbol open=0.025% RT=-0.085%
2026-08-20 23:47:06.436 +04:00 [INF] Futures scan: 1 candidate(s), best RT=-0.085% open=0.025%
2026-08-20 23:47:06.439 +04:00 [INF] Paper skip SPCXUSDT: Already open on symbol open=0.025% RT=-0.085%
2026-08-20 23:47:13.620 +04:00 [INF] Futures scan: 1 candidate(s), best RT=-0.084% open=0.026%
2026-08-20 23:47:13.621 +04:00 [INF] Paper skip SPCXUSDT: Already open on symbol open=0.026% RT=-0.084%
2026-08-20 23:47:30.080 +04:00 [INF] Futures scan: 1 candidate(s), best RT=-0.085% open=0.025%
2026-08-20 23:47:30.082 +04:00 [INF] Paper skip SPCXUSDT: Already open on symbol open=0.025% RT=-0.085%
2026-08-20 23:48:00.838 +04:00 [INF] Futures scan: 1 candidate(s), best RT=-0.084% open=0.026%
2026-08-20 23:48:00.840 +04:00 [INF] Paper skip SPCXUSDT: Already open on symbol open=0.026% RT=-0.084%
2026-08-20 23:48:02.893 +04:00 [INF] Futures scan: 1 candidate(s), best RT=-0.083% open=0.027%
2026-08-20 23:48:02.896 +04:00 [INF] Paper skip SPCXUSDT: Already open on symbol open=0.027% RT=-0.083%
2026-08-20 23:48:19.287 +04:00 [INF] Discovery: public tickers Binance/Bybit/OKX (arb band 5000000–500000000 USDT vol, top 15)
2026-08-20 23:48:19.949 +04:00 [INF] Binance fapi: 692 USDT perps with volume
2026-08-20 23:48:20.975 +04:00 [INF] Bybit linear: 724 USDT perps with volume
2026-08-20 23:48:21.495 +04:00 [INF] OKX SWAP: 432 USDT perps with volume
2026-08-20 23:48:21.982 +04:00 [INF] Bitget USDT-FUTURES: 755 tickers with volume
2026-08-20 23:48:24.945 +04:00 [INF] GateIo USDT futures: 935 tickers with volume
2026-08-20 23:48:25.391 +04:00 [INF] Discovered 15 arb pairs: DOGEUSDT@5ex/343.9M, SUIUSDT@5ex/95.6M, ENAUSDT@5ex/94.1M, HYPEUSDT@5ex/285.6M, SNDKUSDT@5ex/296.1M, SOXLUSDT@5ex/187.9M, XAUUSDT@5ex/178.2M, SOLUSDT@5ex/386.3M, SKHYNIXUSDT@5ex/171.5M, SPCXUSDT@5ex/153.3M, WLDUSDT@5ex/56.9M, ADAUSDT@5ex/132.2M, TRUMPUSDT@5ex/100.1M, KORUUSDT@5ex/92.8M, ZECUSDT@5ex/79.2M
2026-08-20 23:48:25.393 +04:00 [INF] Symbol refresh (http-tickers-arb): [DOGEUSDT,SUIUSDT,ENAUSDT,SNDKUSDT,HYPEUSDT,SOXLUSDT,XAUUSDT,SOLUSDT,SKHYNIXUSDT,SPCXUSDT,WLDUSDT,ADAUSDT,TRUMPUSDT,KORUUSDT,ARBUSDT] → [DOGEUSDT,SUIUSDT,ENAUSDT,HYPEUSDT,SNDKUSDT,SOXLUSDT,XAUUSDT,SOLUSDT,SKHYNIXUSDT,SPCXUSDT,WLDUSDT,ADAUSDT,TRUMPUSDT,KORUUSDT,ZECUSDT] | changed=true
2026-08-20 23:48:25.394 +04:00 [INF] Restarting futures books for new symbol set…
2026-08-20 23:48:25.669 +04:00 [INF] [Sckt 4] subscription 58 unsubscribed
2026-08-20 23:48:25.672 +04:00 [INF] Futures order book SNDKUSDT status changed: "Synced" => "Disconnected"
2026-08-20 23:48:25.990 +04:00 [INF] [Sckt 10] subscription 161 unsubscribed
2026-08-20 23:48:25.992 +04:00 [INF] PerpetualFutures order book WLD_USDT status changed: "Synced" => "Disconnected"
2026-08-20 23:48:26.210 +04:00 [INF] [Sckt 2] subscription 81 unsubscribed
2026-08-20 23:48:26.211 +04:00 [INF] V5 order book SOXLUSDT status changed: "Synced" => "Disconnected"
2026-08-20 23:48:26.480 +04:00 [INF] [Sckt 4] subscription 86 unsubscribed
2026-08-20 23:48:26.482 +04:00 [INF] Futures order book SOXLUSDT status changed: "Synced" => "Disconnected"
2026-08-20 23:48:26.683 +04:00 [INF] [Sckt 7] subscription 199 unsubscribed
2026-08-20 23:48:26.684 +04:00 [INF] V5 order book KORUUSDT status changed: "Synced" => "Disconnected"
2026-08-20 23:48:27.097 +04:00 [INF] [Sckt 6] subscription 209 unsubscribed
2026-08-20 23:48:27.098 +04:00 [INF] UsdFutures order book ARBUSDT status changed: "Synced" => "Disconnected"
2026-08-20 23:48:27.422 +04:00 [INF] [Sckt 10] subscription 176 unsubscribed
2026-08-20 23:48:27.424 +04:00 [INF] PerpetualFutures order book ADA_USDT status changed: "Synced" => "Disconnected"
2026-08-20 23:48:27.783 +04:00 [INF] [Sckt 3] subscription 143 unsubscribed
2026-08-20 23:48:27.784 +04:00 [INF] Unified order book SPCX-USDT-SWAP status changed: "Synced" => "Disconnected"
2026-08-20 23:48:28.139 +04:00 [INF] [Sckt 3] subscription 114 unsubscribed
2026-08-20 23:48:28.140 +04:00 [INF] Unified order book SOL-USDT-SWAP status changed: "Synced" => "Disconnected"
2026-08-20 23:48:28.371 +04:00 [INF] [Sckt 2] subscription 140 unsubscribed
2026-08-20 23:48:28.372 +04:00 [INF] V5 order book SPCXUSDT status changed: "Synced" => "Disconnected"
2026-08-20 23:48:28.570 +04:00 [INF] [Sckt 7] subscription 154 unsubscribed
2026-08-20 23:48:28.571 +04:00 [INF] V5 order book WLDUSDT status changed: "Synced" => "Disconnected"
2026-08-20 23:48:28.772 +04:00 [INF] [Sckt 7] subscription 185 unsubscribed
2026-08-20 23:48:28.773 +04:00 [INF] V5 order book TRUMPUSDT status changed: "Synced" => "Disconnected"
2026-08-20 23:48:29.201 +04:00 [INF] [Sckt 1] subscription 105 unsubscribed
2026-08-20 23:48:29.203 +04:00 [INF] UsdFutures order book SOLUSDT status changed: "Synced" => "Disconnected"
2026-08-20 23:48:29.597 +04:00 [INF] [Sckt 1] subscription 21 unsubscribed
2026-08-20 23:48:29.598 +04:00 [INF] UsdFutures order book SUIUSDT status changed: "Synced" => "Disconnected"
2026-08-20 23:48:29.935 +04:00 [INF] [Sckt 5] subscription 60 unsubscribed
2026-08-20 23:48:29.936 +04:00 [INF] PerpetualFutures order book SNDK_USDT status changed: "Synced" => "Disconnected"
2026-08-20 23:48:30.258 +04:00 [INF] [Sckt 10] subscription 206 unsubscribed
2026-08-20 23:48:30.260 +04:00 [INF] PerpetualFutures order book KORU_USDT status changed: "Synced" => "Disconnected"
2026-08-20 23:48:30.603 +04:00 [INF] [Sckt 5] subscription 88 unsubscribed
2026-08-20 23:48:30.604 +04:00 [INF] PerpetualFutures order book SOXL_USDT status changed: "Synced" => "Disconnected"
2026-08-20 23:48:30.941 +04:00 [INF] [Sckt 5] subscription 102 unsubscribed
2026-08-20 23:48:30.942 +04:00 [INF] PerpetualFutures order book XAU_USDT status changed: "Synced" => "Disconnected"
2026-08-20 23:48:31.278 +04:00 [INF] [Sckt 5] subscription 147 unsubscribed
2026-08-20 23:48:31.279 +04:00 [INF] PerpetualFutures order book SPCX_USDT status changed: "Synced" => "Disconnected"
2026-08-20 23:48:31.698 +04:00 [INF] [Sckt 1] subscription 49 unsubscribed
2026-08-20 23:48:31.700 +04:00 [INF] UsdFutures order book SNDKUSDT status changed: "Synced" => "Disconnected"
2026-08-20 23:48:31.974 +04:00 [INF] [Sckt 9] subscription 190 unsubscribed
2026-08-20 23:48:31.975 +04:00 [INF] Futures order book TRUMPUSDT status changed: "Synced" => "Disconnected"
2026-08-20 23:48:32.325 +04:00 [INF] [Sckt 3] subscription 84 unsubscribed
2026-08-20 23:48:32.326 +04:00 [INF] Unified order book SOXL-USDT-SWAP status changed: "Synced" => "Disconnected"
2026-08-20 23:48:32.524 +04:00 [INF] [Sckt 2] subscription 25 unsubscribed
2026-08-20 23:48:32.525 +04:00 [INF] V5 order book SUIUSDT status changed: "Synced" => "Disconnected"
2026-08-20 23:48:32.802 +04:00 [INF] [Sckt 4] subscription 72 unsubscribed
2026-08-20 23:48:32.803 +04:00 [INF] Futures order book HYPEUSDT status changed: "Synced" => "Disconnected"
2026-08-20 23:48:33.001 +04:00 [INF] [Sckt 2] subscription 10 unsubscribed
2026-08-20 23:48:33.002 +04:00 [INF] V5 order book DOGEUSDT status changed: "Synced" => "Disconnected"
2026-08-20 23:48:33.406 +04:00 [INF] [Sckt 6] subscription 181 unsubscribed
2026-08-20 23:48:33.407 +04:00 [INF] UsdFutures order book TRUMPUSDT status changed: "Synced" => "Disconnected"
2026-08-20 23:48:33.679 +04:00 [INF] [Sckt 9] subscription 220 unsubscribed
2026-08-20 23:48:33.681 +04:00 [INF] Futures order book ARBUSDT status changed: "Synced" => "Disconnected"
2026-08-20 23:48:34.004 +04:00 [INF] [Sckt 8] subscription 202 unsubscribed
2026-08-20 23:48:34.005 +04:00 [INF] Unified order book KORU-USDT-SWAP status changed: "Synced" => "Disconnected"
2026-08-20 23:48:34.408 +04:00 [INF] [Sckt 6] subscription 150 unsubscribed
2026-08-20 23:48:34.409 +04:00 [INF] UsdFutures order book WLDUSDT status changed: "Synced" => "Disconnected"
2026-08-20 23:48:34.746 +04:00 [INF] [Sckt 5] subscription 74 unsubscribed
2026-08-20 23:48:34.747 +04:00 [INF] PerpetualFutures order book HYPE_USDT status changed: "Synced" => "Disconnected"
2026-08-20 23:48:35.104 +04:00 [INF] [Sckt 1] subscription 91 unsubscribed
2026-08-20 23:48:35.105 +04:00 [INF] UsdFutures order book XAUUSDT status changed: "Synced" => "Disconnected"
2026-08-20 23:48:35.504 +04:00 [INF] [Sckt 1] subscription 6 unsubscribed
2026-08-20 23:48:35.505 +04:00 [INF] UsdFutures order book DOGEUSDT status changed: "Synced" => "Disconnected"
2026-08-20 23:48:35.904 +04:00 [INF] [Sckt 1] subscription 136 unsubscribed
2026-08-20 23:48:35.905 +04:00 [INF] UsdFutures order book SPCXUSDT status changed: "Synced" => "Disconnected"
2026-08-20 23:48:36.190 +04:00 [INF] [Sckt 4] subscription 16 unsubscribed
2026-08-20 23:48:36.192 +04:00 [INF] Futures order book DOGEUSDT status changed: "Synced" => "Disconnected"
2026-08-20 23:48:36.609 +04:00 [INF] [Sckt 6] subscription 195 unsubscribed
2026-08-20 23:48:36.610 +04:00 [INF] UsdFutures order book KORUUSDT status changed: "Synced" => "Disconnected"
2026-08-20 23:48:36.963 +04:00 [INF] [Sckt 3] subscription 14 unsubscribed
2026-08-20 23:48:36.964 +04:00 [INF] Unified order book DOGE-USDT-SWAP status changed: "Synced" => "Disconnected"
2026-08-20 23:48:37.162 +04:00 [INF] [Sckt 2] subscription 53 unsubscribed
2026-08-20 23:48:37.163 +04:00 [INF] V5 order book SNDKUSDT status changed: "Synced" => "Disconnected"
2026-08-20 23:48:37.533 +04:00 [INF] UsdFutures order book ADAUSDT status changed: "Synced" => "Disconnected"
2026-08-20 23:48:37.733 +04:00 [INF] [Sckt 2] subscription 39 unsubscribed
2026-08-20 23:48:37.734 +04:00 [INF] V5 order book ENAUSDT status changed: "Synced" => "Disconnected"
2026-08-20 23:48:38.056 +04:00 [INF] [Sckt 8] subscription 172 unsubscribed
2026-08-20 23:48:38.057 +04:00 [INF] Unified order book ADA-USDT-SWAP status changed: "Synced" => "Disconnected"
2026-08-20 23:48:38.406 +04:00 [INF] [Sckt 1] subscription 35 unsubscribed
2026-08-20 23:48:38.407 +04:00 [INF] UsdFutures order book ENAUSDT status changed: "Synced" => "Disconnected"
2026-08-20 23:48:38.757 +04:00 [INF] [Sckt 3] subscription 56 unsubscribed
2026-08-20 23:48:38.758 +04:00 [INF] Unified order book SNDK-USDT-SWAP status changed: "Synced" => "Disconnected"
2026-08-20 23:48:39.043 +04:00 [INF] [Sckt 9] subscription 204 unsubscribed
2026-08-20 23:48:39.044 +04:00 [INF] Futures order book KORUUSDT status changed: "Synced" => "Disconnected"
2026-08-20 23:48:39.394 +04:00 [INF] [Sckt 3] subscription 28 unsubscribed
2026-08-20 23:48:39.395 +04:00 [INF] Unified order book SUI-USDT-SWAP status changed: "Synced" => "Disconnected"
2026-08-20 23:48:39.717 +04:00 [INF] [Sckt 8] subscription 218 unsubscribed
2026-08-20 23:48:39.718 +04:00 [INF] Unified order book ARB-USDT-SWAP status changed: "Synced" => "Disconnected"
2026-08-20 23:48:39.990 +04:00 [INF] [Sckt 4] subscription 145 unsubscribed
2026-08-20 23:48:39.997 +04:00 [INF] Futures order book SPCXUSDT status changed: "Synced" => "Disconnected"
2026-08-20 23:48:40.372 +04:00 [INF] [Sckt 5] subscription 46 unsubscribed
2026-08-20 23:48:40.373 +04:00 [INF] PerpetualFutures order book ENA_USDT status changed: "Synced" => "Disconnected"
2026-08-20 23:48:40.713 +04:00 [INF] [Sckt 5] subscription 119 unsubscribed
2026-08-20 23:48:40.714 +04:00 [INF] PerpetualFutures order book SOL_USDT status changed: "Synced" => "Disconnected"
2026-08-20 23:48:40.914 +04:00 [INF] [Sckt 2] subscription 95 unsubscribed
2026-08-20 23:48:40.915 +04:00 [INF] V5 order book XAUUSDT status changed: "Synced" => "Disconnected"
2026-08-20 23:48:41.265 +04:00 [INF] [Sckt 3] subscription 42 unsubscribed
2026-08-20 23:48:41.266 +04:00 [INF] Unified order book ENA-USDT-SWAP status changed: "Synced" => "Disconnected"
2026-08-20 23:48:41.617 +04:00 [INF] [Sckt 3] subscription 98 unsubscribed
2026-08-20 23:48:41.618 +04:00 [INF] Unified order book XAU-USDT-SWAP status changed: "Synced" => "Disconnected"
2026-08-20 23:48:41.959 +04:00 [INF] [Sckt 5] subscription 133 unsubscribed
2026-08-20 23:48:41.960 +04:00 [INF] PerpetualFutures order book SKHYNIX_USDT status changed: "Synced" => "Disconnected"
2026-08-20 23:48:42.300 +04:00 [INF] [Sckt 8] subscription 157 unsubscribed
2026-08-20 23:48:42.302 +04:00 [INF] Unified order book WLD-USDT-SWAP status changed: "Synced" => "Disconnected"
2026-08-20 23:48:42.638 +04:00 [INF] [Sckt 5] subscription 32 unsubscribed
2026-08-20 23:48:42.640 +04:00 [INF] PerpetualFutures order book SUI_USDT status changed: "Synced" => "Disconnected"
2026-08-20 23:48:43.009 +04:00 [INF] [Sckt 1] subscription 77 unsubscribed
2026-08-20 23:48:43.011 +04:00 [INF] UsdFutures order book SOXLUSDT status changed: "Synced" => "Disconnected"
2026-08-20 23:48:43.418 +04:00 [INF] [Sckt 1] subscription 63 unsubscribed
2026-08-20 23:48:43.419 +04:00 [INF] UsdFutures order book HYPEUSDT status changed: "Synced" => "Disconnected"
2026-08-20 23:48:43.617 +04:00 [INF] [Sckt 2] subscription 67 unsubscribed
2026-08-20 23:48:43.619 +04:00 [INF] V5 order book HYPEUSDT status changed: "Synced" => "Disconnected"
2026-08-20 23:48:43.889 +04:00 [INF] [Sckt 4] subscription 117 unsubscribed
2026-08-20 23:48:43.890 +04:00 [INF] Futures order book SOLUSDT status changed: "Synced" => "Disconnected"
2026-08-20 23:48:44.088 +04:00 [INF] [Sckt 7] subscription 169 unsubscribed
2026-08-20 23:48:44.090 +04:00 [INF] V5 order book ADAUSDT status changed: "Synced" => "Disconnected"
2026-08-20 23:48:44.361 +04:00 [INF] [Sckt 4] subscription 131 unsubscribed
2026-08-20 23:48:44.362 +04:00 [INF] Futures order book SKHYNIXUSDT status changed: "Synced" => "Disconnected"
2026-08-20 23:48:44.560 +04:00 [INF] [Sckt 2] subscription 126 unsubscribed
2026-08-20 23:48:44.561 +04:00 [INF] V5 order book SKHYNIXUSDT status changed: "Synced" => "Disconnected"
2026-08-20 23:48:44.880 +04:00 [INF] [Sckt 10] subscription 223 unsubscribed
2026-08-20 23:48:44.881 +04:00 [INF] PerpetualFutures order book ARB_USDT status changed: "Synced" => "Disconnected"
2026-08-20 23:48:45.231 +04:00 [INF] [Sckt 3] subscription 70 unsubscribed
2026-08-20 23:48:45.232 +04:00 [INF] Unified order book HYPE-USDT-SWAP status changed: "Synced" => "Disconnected"
2026-08-20 23:48:45.473 +04:00 [INF] V5 order book ARBUSDT status changed: "Synced" => "Disconnected"
2026-08-20 23:48:45.831 +04:00 [INF] PerpetualFutures order book DOGE_USDT status changed: "Synced" => "Disconnected"
2026-08-20 23:48:46.202 +04:00 [INF] Unified order book SKHYNIX-USDT-SWAP status changed: "Synced" => "Disconnected"
2026-08-20 23:48:46.473 +04:00 [INF] [Sckt 4] subscription 30 unsubscribed
2026-08-20 23:48:46.474 +04:00 [INF] Futures order book SUIUSDT status changed: "Synced" => "Disconnected"
2026-08-20 23:48:46.745 +04:00 [INF] [Sckt 9] subscription 174 unsubscribed
2026-08-20 23:48:46.747 +04:00 [INF] Futures order book ADAUSDT status changed: "Synced" => "Disconnected"
2026-08-20 23:48:47.043 +04:00 [INF] Futures order book WLDUSDT status changed: "Synced" => "Disconnected"
2026-08-20 23:48:47.314 +04:00 [INF] [Sckt 4] subscription 100 unsubscribed
2026-08-20 23:48:47.315 +04:00 [INF] Futures order book XAUUSDT status changed: "Synced" => "Disconnected"
2026-08-20 23:48:47.740 +04:00 [INF] UsdFutures order book SKHYNIXUSDT status changed: "Synced" => "Disconnected"
2026-08-20 23:48:48.034 +04:00 [INF] Futures order book ENAUSDT status changed: "Synced" => "Disconnected"
2026-08-20 23:48:48.388 +04:00 [INF] Unified order book TRUMP-USDT-SWAP status changed: "Synced" => "Disconnected"
2026-08-20 23:48:48.609 +04:00 [INF] V5 order book SOLUSDT status changed: "Synced" => "Disconnected"
2026-08-20 23:48:48.954 +04:00 [INF] PerpetualFutures order book TRUMP_USDT status changed: "Synced" => "Disconnected"
2026-08-20 23:48:48.956 +04:00 [INF] UsdFutures order book DOGEUSDT status changed: "Disconnected" => "Connecting"
2026-08-20 23:48:50.639 +04:00 [INF] [Sckt 11] subscription 815 completed successfully
2026-08-20 23:48:50.640 +04:00 [INF] UsdFutures order book DOGEUSDT status changed: "Connecting" => "Syncing"
2026-08-20 23:48:51.029 +04:00 [INF] UsdFutures order book DOGEUSDT status changed: "Syncing" => "Synced"
2026-08-20 23:48:51.031 +04:00 [INF] Futures book Binance:DOGEUSDT "Synced"
2026-08-20 23:48:51.031 +04:00 [INF] V5 order book DOGEUSDT status changed: "Disconnected" => "Connecting"
2026-08-20 23:48:51.841 +04:00 [INF] [Sckt 12] subscription 819 completed successfully
2026-08-20 23:48:51.843 +04:00 [INF] V5 order book DOGEUSDT status changed: "Connecting" => "Syncing"
2026-08-20 23:48:51.844 +04:00 [INF] V5 order book DOGEUSDT status changed: "Syncing" => "Synced"
2026-08-20 23:48:51.844 +04:00 [INF] Futures book Bybit:DOGEUSDT "Synced"
2026-08-20 23:48:51.845 +04:00 [INF] Unified order book DOGE-USDT-SWAP status changed: "Disconnected" => "Connecting"
2026-08-20 23:48:53.147 +04:00 [INF] [Sckt 13] subscription 822 completed successfully
2026-08-20 23:48:53.149 +04:00 [INF] Unified order book DOGE-USDT-SWAP status changed: "Connecting" => "Syncing"
2026-08-20 23:48:53.761 +04:00 [INF] Unified order book DOGE-USDT-SWAP status changed: "Syncing" => "Synced"
2026-08-20 23:48:53.762 +04:00 [INF] Futures book OKX:DOGEUSDT "Synced"
2026-08-20 23:48:53.763 +04:00 [INF] Futures order book DOGEUSDT status changed: "Disconnected" => "Connecting"
2026-08-20 23:48:55.357 +04:00 [INF] [Sckt 14] subscription 824 completed successfully
2026-08-20 23:48:55.359 +04:00 [INF] Futures order book DOGEUSDT status changed: "Connecting" => "Syncing"
2026-08-20 23:48:55.359 +04:00 [INF] Futures order book DOGEUSDT status changed: "Syncing" => "Synced"
2026-08-20 23:48:55.360 +04:00 [INF] Futures book Bitget:DOGEUSDT "Synced"
2026-08-20 23:48:55.361 +04:00 [INF] PerpetualFutures order book DOGE_USDT status changed: "Disconnected" => "Connecting"
2026-08-20 23:48:57.051 +04:00 [INF] [Sckt 15] subscription 826 completed successfully
2026-08-20 23:48:57.052 +04:00 [INF] PerpetualFutures order book DOGE_USDT status changed: "Connecting" => "Syncing"
2026-08-20 23:48:57.053 +04:00 [INF] PerpetualFutures order book DOGE_USDT status changed: "Syncing" => "Synced"
2026-08-20 23:48:57.053 +04:00 [INF] Futures book GateIo:DOGEUSDT "Synced"
2026-08-20 23:48:57.054 +04:00 [INF] UsdFutures order book SUIUSDT status changed: "Disconnected" => "Connecting"
2026-08-20 23:48:57.446 +04:00 [INF] [Sckt 11] subscription 829 completed successfully
2026-08-20 23:48:57.448 +04:00 [INF] UsdFutures order book SUIUSDT status changed: "Connecting" => "Syncing"
2026-08-20 23:48:57.829 +04:00 [INF] UsdFutures order book SUIUSDT status changed: "Syncing" => "Synced"
2026-08-20 23:48:57.830 +04:00 [INF] Futures book Binance:SUIUSDT "Synced"
2026-08-20 23:48:57.831 +04:00 [INF] V5 order book SUIUSDT status changed: "Disconnected" => "Connecting"
2026-08-20 23:48:58.035 +04:00 [INF] [Sckt 12] subscription 833 completed successfully
2026-08-20 23:48:58.036 +04:00 [INF] V5 order book SUIUSDT status changed: "Connecting" => "Syncing"
2026-08-20 23:48:58.037 +04:00 [INF] V5 order book SUIUSDT status changed: "Syncing" => "Synced"
2026-08-20 23:48:58.038 +04:00 [INF] Futures book Bybit:SUIUSDT "Synced"
2026-08-20 23:48:58.038 +04:00 [INF] Unified order book SUI-USDT-SWAP status changed: "Disconnected" => "Connecting"
2026-08-20 23:48:58.359 +04:00 [INF] [Sckt 13] subscription 836 completed successfully
2026-08-20 23:48:58.361 +04:00 [INF] Unified order book SUI-USDT-SWAP status changed: "Connecting" => "Syncing"
2026-08-20 23:48:58.538 +04:00 [INF] Unified order book SUI-USDT-SWAP status changed: "Syncing" => "Synced"
2026-08-20 23:48:58.541 +04:00 [INF] Futures book OKX:SUIUSDT "Synced"
2026-08-20 23:48:58.543 +04:00 [INF] Futures order book SUIUSDT status changed: "Disconnected" => "Connecting"
2026-08-20 23:48:58.812 +04:00 [INF] [Sckt 14] subscription 838 completed successfully
2026-08-20 23:48:58.813 +04:00 [INF] Futures order book SUIUSDT status changed: "Connecting" => "Syncing"
2026-08-20 23:48:58.864 +04:00 [INF] Futures order book SUIUSDT status changed: "Syncing" => "Synced"
2026-08-20 23:48:58.865 +04:00 [INF] Futures book Bitget:SUIUSDT "Synced"
2026-08-20 23:48:58.866 +04:00 [INF] PerpetualFutures order book SUI_USDT status changed: "Disconnected" => "Connecting"
2026-08-20 23:48:59.189 +04:00 [INF] [Sckt 15] subscription 840 completed successfully
2026-08-20 23:48:59.190 +04:00 [INF] PerpetualFutures order book SUI_USDT status changed: "Connecting" => "Syncing"
2026-08-20 23:48:59.191 +04:00 [INF] PerpetualFutures order book SUI_USDT status changed: "Syncing" => "Synced"
2026-08-20 23:48:59.192 +04:00 [INF] Futures book GateIo:SUIUSDT "Synced"
2026-08-20 23:48:59.192 +04:00 [INF] UsdFutures order book ENAUSDT status changed: "Disconnected" => "Connecting"
2026-08-20 23:48:59.548 +04:00 [INF] [Sckt 11] subscription 843 completed successfully
2026-08-20 23:48:59.549 +04:00 [INF] UsdFutures order book ENAUSDT status changed: "Connecting" => "Syncing"
2026-08-20 23:48:59.930 +04:00 [INF] UsdFutures order book ENAUSDT status changed: "Syncing" => "Synced"
2026-08-20 23:48:59.932 +04:00 [INF] Futures book Binance:ENAUSDT "Synced"
2026-08-20 23:48:59.933 +04:00 [INF] V5 order book ENAUSDT status changed: "Disconnected" => "Connecting"
2026-08-20 23:49:00.135 +04:00 [INF] [Sckt 12] subscription 847 completed successfully
2026-08-20 23:49:00.136 +04:00 [INF] V5 order book ENAUSDT status changed: "Connecting" => "Syncing"
2026-08-20 23:49:00.137 +04:00 [INF] V5 order book ENAUSDT status changed: "Syncing" => "Synced"
2026-08-20 23:49:00.138 +04:00 [INF] Futures book Bybit:ENAUSDT "Synced"
2026-08-20 23:49:00.138 +04:00 [INF] Unified order book ENA-USDT-SWAP status changed: "Disconnected" => "Connecting"
2026-08-20 23:49:00.463 +04:00 [INF] [Sckt 13] subscription 850 completed successfully
2026-08-20 23:49:00.464 +04:00 [INF] Unified order book ENA-USDT-SWAP status changed: "Connecting" => "Syncing"
2026-08-20 23:49:00.642 +04:00 [INF] Unified order book ENA-USDT-SWAP status changed: "Syncing" => "Synced"
2026-08-20 23:49:00.643 +04:00 [INF] Futures book OKX:ENAUSDT "Synced"
2026-08-20 23:49:00.644 +04:00 [INF] Futures order book ENAUSDT status changed: "Disconnected" => "Connecting"
2026-08-20 23:49:00.929 +04:00 [INF] [Sckt 14] subscription 852 completed successfully
2026-08-20 23:49:00.930 +04:00 [INF] Futures order book ENAUSDT status changed: "Connecting" => "Syncing"
2026-08-20 23:49:00.985 +04:00 [INF] Futures order book ENAUSDT status changed: "Syncing" => "Synced"
2026-08-20 23:49:00.987 +04:00 [INF] Futures book Bitget:ENAUSDT "Synced"
2026-08-20 23:49:00.987 +04:00 [INF] PerpetualFutures order book ENA_USDT status changed: "Disconnected" => "Connecting"
2026-08-20 23:49:01.309 +04:00 [INF] [Sckt 15] subscription 854 completed successfully
2026-08-20 23:49:01.311 +04:00 [INF] PerpetualFutures order book ENA_USDT status changed: "Connecting" => "Syncing"
2026-08-20 23:49:01.312 +04:00 [INF] PerpetualFutures order book ENA_USDT status changed: "Syncing" => "Synced"
2026-08-20 23:49:01.314 +04:00 [INF] Futures book GateIo:ENAUSDT "Synced"
2026-08-20 23:49:01.314 +04:00 [INF] UsdFutures order book HYPEUSDT status changed: "Disconnected" => "Connecting"
2026-08-20 23:49:01.653 +04:00 [INF] [Sckt 11] subscription 857 completed successfully
2026-08-20 23:49:01.654 +04:00 [INF] UsdFutures order book HYPEUSDT status changed: "Connecting" => "Syncing"
2026-08-20 23:49:02.038 +04:00 [INF] UsdFutures order book HYPEUSDT status changed: "Syncing" => "Synced"
2026-08-20 23:49:02.040 +04:00 [INF] Futures book Binance:HYPEUSDT "Synced"
2026-08-20 23:49:02.040 +04:00 [INF] V5 order book HYPEUSDT status changed: "Disconnected" => "Connecting"
2026-08-20 23:49:02.371 +04:00 [INF] [Sckt 12] subscription 861 completed successfully
2026-08-20 23:49:02.373 +04:00 [INF] V5 order book HYPEUSDT status changed: "Connecting" => "Syncing"
2026-08-20 23:49:02.374 +04:00 [INF] V5 order book HYPEUSDT status changed: "Syncing" => "Synced"
2026-08-20 23:49:02.375 +04:00 [INF] Futures book Bybit:HYPEUSDT "Synced"
2026-08-20 23:49:02.375 +04:00 [INF] Unified order book HYPE-USDT-SWAP status changed: "Disconnected" => "Connecting"
2026-08-20 23:49:02.695 +04:00 [INF] [Sckt 13] subscription 864 completed successfully
2026-08-20 23:49:02.697 +04:00 [INF] Unified order book HYPE-USDT-SWAP status changed: "Connecting" => "Syncing"
2026-08-20 23:49:02.761 +04:00 [INF] Unified order book HYPE-USDT-SWAP status changed: "Syncing" => "Synced"
2026-08-20 23:49:02.763 +04:00 [INF] Futures book OKX:HYPEUSDT "Synced"
2026-08-20 23:49:02.763 +04:00 [INF] Futures order book HYPEUSDT status changed: "Disconnected" => "Connecting"
2026-08-20 23:49:03.218 +04:00 [INF] [Sckt 14] subscription 866 completed successfully
2026-08-20 23:49:03.219 +04:00 [INF] Futures order book HYPEUSDT status changed: "Connecting" => "Syncing"
2026-08-20 23:49:03.219 +04:00 [INF] Futures order book HYPEUSDT status changed: "Syncing" => "Synced"
2026-08-20 23:49:03.220 +04:00 [INF] Futures book Bitget:HYPEUSDT "Synced"
2026-08-20 23:49:03.221 +04:00 [INF] PerpetualFutures order book HYPE_USDT status changed: "Disconnected" => "Connecting"
2026-08-20 23:49:03.543 +04:00 [INF] [Sckt 15] subscription 868 completed successfully
2026-08-20 23:49:03.544 +04:00 [INF] PerpetualFutures order book HYPE_USDT status changed: "Connecting" => "Syncing"
2026-08-20 23:49:03.545 +04:00 [INF] PerpetualFutures order book HYPE_USDT status changed: "Syncing" => "Synced"
2026-08-20 23:49:03.545 +04:00 [INF] Futures book GateIo:HYPEUSDT "Synced"
2026-08-20 23:49:03.546 +04:00 [INF] UsdFutures order book SNDKUSDT status changed: "Disconnected" => "Connecting"
2026-08-20 23:49:03.955 +04:00 [INF] [Sckt 11] subscription 871 completed successfully
2026-08-20 23:49:03.956 +04:00 [INF] UsdFutures order book SNDKUSDT status changed: "Connecting" => "Syncing"
2026-08-20 23:49:04.343 +04:00 [INF] UsdFutures order book SNDKUSDT status changed: "Syncing" => "Synced"
2026-08-20 23:49:04.344 +04:00 [INF] Futures book Binance:SNDKUSDT "Synced"
2026-08-20 23:49:04.345 +04:00 [INF] V5 order book SNDKUSDT status changed: "Disconnected" => "Connecting"
2026-08-20 23:49:04.554 +04:00 [INF] [Sckt 12] subscription 875 completed successfully
2026-08-20 23:49:04.555 +04:00 [INF] V5 order book SNDKUSDT status changed: "Connecting" => "Syncing"
2026-08-20 23:49:04.556 +04:00 [INF] V5 order book SNDKUSDT status changed: "Syncing" => "Synced"
2026-08-20 23:49:04.557 +04:00 [INF] Futures book Bybit:SNDKUSDT "Synced"
2026-08-20 23:49:04.557 +04:00 [INF] Unified order book SNDK-USDT-SWAP status changed: "Disconnected" => "Connecting"
2026-08-20 23:49:04.878 +04:00 [INF] [Sckt 13] subscription 878 completed successfully
2026-08-20 23:49:04.879 +04:00 [INF] Unified order book SNDK-USDT-SWAP status changed: "Connecting" => "Syncing"
2026-08-20 23:49:05.120 +04:00 [INF] Unified order book SNDK-USDT-SWAP status changed: "Syncing" => "Synced"
2026-08-20 23:49:05.121 +04:00 [INF] Futures book OKX:SNDKUSDT "Synced"
2026-08-20 23:49:05.122 +04:00 [INF] Futures order book SNDKUSDT status changed: "Disconnected" => "Connecting"
2026-08-20 23:49:05.461 +04:00 [INF] [Sckt 14] subscription 880 completed successfully
2026-08-20 23:49:05.462 +04:00 [INF] Futures order book SNDKUSDT status changed: "Connecting" => "Syncing"
2026-08-20 23:49:05.463 +04:00 [INF] Futures order book SNDKUSDT status changed: "Syncing" => "Synced"
2026-08-20 23:49:05.464 +04:00 [INF] Futures book Bitget:SNDKUSDT "Synced"
2026-08-20 23:49:05.465 +04:00 [INF] PerpetualFutures order book SNDK_USDT status changed: "Disconnected" => "Connecting"
2026-08-20 23:49:05.788 +04:00 [INF] [Sckt 15] subscription 882 completed successfully
2026-08-20 23:49:05.789 +04:00 [INF] PerpetualFutures order book SNDK_USDT status changed: "Connecting" => "Syncing"
2026-08-20 23:49:05.790 +04:00 [INF] PerpetualFutures order book SNDK_USDT status changed: "Syncing" => "Synced"
2026-08-20 23:49:05.791 +04:00 [INF] Futures book GateIo:SNDKUSDT "Synced"
2026-08-20 23:49:05.792 +04:00 [INF] UsdFutures order book SOXLUSDT status changed: "Disconnected" => "Connecting"
2026-08-20 23:49:06.157 +04:00 [INF] [Sckt 11] subscription 885 completed successfully
2026-08-20 23:49:06.158 +04:00 [INF] UsdFutures order book SOXLUSDT status changed: "Connecting" => "Syncing"
2026-08-20 23:49:06.540 +04:00 [INF] UsdFutures order book SOXLUSDT status changed: "Syncing" => "Synced"
2026-08-20 23:49:06.542 +04:00 [INF] Futures book Binance:SOXLUSDT "Synced"
2026-08-20 23:49:06.543 +04:00 [INF] V5 order book SOXLUSDT status changed: "Disconnected" => "Connecting"
2026-08-20 23:49:06.758 +04:00 [INF] [Sckt 12] subscription 889 completed successfully
2026-08-20 23:49:06.759 +04:00 [INF] V5 order book SOXLUSDT status changed: "Connecting" => "Syncing"
2026-08-20 23:49:06.760 +04:00 [INF] V5 order book SOXLUSDT status changed: "Syncing" => "Synced"
2026-08-20 23:49:06.761 +04:00 [INF] Futures book Bybit:SOXLUSDT "Synced"
2026-08-20 23:49:06.761 +04:00 [INF] Unified order book SOXL-USDT-SWAP status changed: "Disconnected" => "Connecting"
2026-08-20 23:49:07.082 +04:00 [INF] [Sckt 13] subscription 892 completed successfully
2026-08-20 23:49:07.083 +04:00 [INF] Unified order book SOXL-USDT-SWAP status changed: "Connecting" => "Syncing"
2026-08-20 23:49:07.267 +04:00 [INF] Unified order book SOXL-USDT-SWAP status changed: "Syncing" => "Synced"
2026-08-20 23:49:07.268 +04:00 [INF] Futures book OKX:SOXLUSDT "Synced"
2026-08-20 23:49:07.269 +04:00 [INF] Futures order book SOXLUSDT status changed: "Disconnected" => "Connecting"
2026-08-20 23:49:07.540 +04:00 [INF] [Sckt 14] subscription 894 completed successfully
2026-08-20 23:49:07.541 +04:00 [INF] Futures order book SOXLUSDT status changed: "Connecting" => "Syncing"
2026-08-20 23:49:07.592 +04:00 [INF] Futures order book SOXLUSDT status changed: "Syncing" => "Synced"
2026-08-20 23:49:07.594 +04:00 [INF] Futures book Bitget:SOXLUSDT "Synced"
2026-08-20 23:49:07.594 +04:00 [INF] PerpetualFutures order book SOXL_USDT status changed: "Disconnected" => "Connecting"
2026-08-20 23:49:07.920 +04:00 [INF] [Sckt 15] subscription 896 completed successfully
2026-08-20 23:49:07.921 +04:00 [INF] PerpetualFutures order book SOXL_USDT status changed: "Connecting" => "Syncing"
2026-08-20 23:49:07.922 +04:00 [INF] PerpetualFutures order book SOXL_USDT status changed: "Syncing" => "Synced"
2026-08-20 23:49:07.923 +04:00 [INF] Futures book GateIo:SOXLUSDT "Synced"
2026-08-20 23:49:07.924 +04:00 [INF] UsdFutures order book XAUUSDT status changed: "Disconnected" => "Connecting"
2026-08-20 23:49:08.258 +04:00 [INF] [Sckt 11] subscription 899 completed successfully
2026-08-20 23:49:08.259 +04:00 [INF] UsdFutures order book XAUUSDT status changed: "Connecting" => "Syncing"
2026-08-20 23:49:08.683 +04:00 [INF] UsdFutures order book XAUUSDT status changed: "Syncing" => "Synced"
2026-08-20 23:49:08.685 +04:00 [INF] Futures book Binance:XAUUSDT "Synced"
2026-08-20 23:49:08.687 +04:00 [INF] V5 order book XAUUSDT status changed: "Disconnected" => "Connecting"
2026-08-20 23:49:08.902 +04:00 [INF] [Sckt 12] subscription 903 completed successfully
2026-08-20 23:49:08.904 +04:00 [INF] V5 order book XAUUSDT status changed: "Connecting" => "Syncing"
2026-08-20 23:49:08.905 +04:00 [INF] V5 order book XAUUSDT status changed: "Syncing" => "Synced"
2026-08-20 23:49:08.906 +04:00 [INF] Futures book Bybit:XAUUSDT "Synced"
2026-08-20 23:49:08.906 +04:00 [INF] Unified order book XAU-USDT-SWAP status changed: "Disconnected" => "Connecting"
2026-08-20 23:49:09.227 +04:00 [INF] [Sckt 13] subscription 906 completed successfully
2026-08-20 23:49:09.228 +04:00 [INF] Unified order book XAU-USDT-SWAP status changed: "Connecting" => "Syncing"
2026-08-20 23:49:09.351 +04:00 [INF] Unified order book XAU-USDT-SWAP status changed: "Syncing" => "Synced"
2026-08-20 23:49:09.352 +04:00 [INF] Futures book OKX:XAUUSDT "Synced"
2026-08-20 23:49:09.353 +04:00 [INF] Futures order book XAUUSDT status changed: "Disconnected" => "Connecting"
2026-08-20 23:49:09.640 +04:00 [INF] [Sckt 14] subscription 908 completed successfully
2026-08-20 23:49:09.642 +04:00 [INF] Futures order book XAUUSDT status changed: "Connecting" => "Syncing"
2026-08-20 23:49:09.643 +04:00 [INF] Futures order book XAUUSDT status changed: "Syncing" => "Synced"
2026-08-20 23:49:09.643 +04:00 [INF] Futures book Bitget:XAUUSDT "Synced"
2026-08-20 23:49:09.644 +04:00 [INF] PerpetualFutures order book XAU_USDT status changed: "Disconnected" => "Connecting"
2026-08-20 23:49:09.966 +04:00 [INF] [Sckt 15] subscription 910 completed successfully
2026-08-20 23:49:09.968 +04:00 [INF] PerpetualFutures order book XAU_USDT status changed: "Connecting" => "Syncing"
2026-08-20 23:49:09.968 +04:00 [INF] PerpetualFutures order book XAU_USDT status changed: "Syncing" => "Synced"
2026-08-20 23:49:09.969 +04:00 [INF] Futures book GateIo:XAUUSDT "Synced"
2026-08-20 23:49:09.970 +04:00 [INF] UsdFutures order book SOLUSDT status changed: "Disconnected" => "Connecting"
2026-08-20 23:49:10.364 +04:00 [INF] [Sckt 11] subscription 913 completed successfully
2026-08-20 23:49:10.367 +04:00 [INF] UsdFutures order book SOLUSDT status changed: "Connecting" => "Syncing"
2026-08-20 23:49:10.752 +04:00 [INF] UsdFutures order book SOLUSDT status changed: "Syncing" => "Synced"
2026-08-20 23:49:10.754 +04:00 [INF] Futures book Binance:SOLUSDT "Synced"
2026-08-20 23:49:10.754 +04:00 [INF] V5 order book SOLUSDT status changed: "Disconnected" => "Connecting"
2026-08-20 23:49:10.955 +04:00 [INF] [Sckt 12] subscription 917 completed successfully
2026-08-20 23:49:10.956 +04:00 [INF] V5 order book SOLUSDT status changed: "Connecting" => "Syncing"
2026-08-20 23:49:10.957 +04:00 [INF] V5 order book SOLUSDT status changed: "Syncing" => "Synced"
2026-08-20 23:49:10.958 +04:00 [INF] Futures book Bybit:SOLUSDT "Synced"
2026-08-20 23:49:10.958 +04:00 [INF] Unified order book SOL-USDT-SWAP status changed: "Disconnected" => "Connecting"
2026-08-20 23:49:11.283 +04:00 [INF] [Sckt 13] subscription 920 completed successfully
2026-08-20 23:49:11.284 +04:00 [INF] Unified order book SOL-USDT-SWAP status changed: "Connecting" => "Syncing"
2026-08-20 23:49:11.468 +04:00 [INF] Unified order book SOL-USDT-SWAP status changed: "Syncing" => "Synced"
2026-08-20 23:49:11.469 +04:00 [INF] Futures book OKX:SOLUSDT "Synced"
2026-08-20 23:49:11.470 +04:00 [INF] Futures order book SOLUSDT status changed: "Disconnected" => "Connecting"
2026-08-20 23:49:11.739 +04:00 [INF] [Sckt 14] subscription 924 completed successfully
2026-08-20 23:49:11.740 +04:00 [INF] Futures order book SOLUSDT status changed: "Connecting" => "Syncing"
2026-08-20 23:49:11.795 +04:00 [INF] Futures order book SOLUSDT status changed: "Syncing" => "Synced"
2026-08-20 23:49:11.797 +04:00 [INF] Futures book Bitget:SOLUSDT "Synced"
2026-08-20 23:49:11.797 +04:00 [INF] PerpetualFutures order book SOL_USDT status changed: "Disconnected" => "Connecting"
2026-08-20 23:49:12.119 +04:00 [INF] [Sckt 15] subscription 926 completed successfully
2026-08-20 23:49:12.121 +04:00 [INF] PerpetualFutures order book SOL_USDT status changed: "Connecting" => "Syncing"
2026-08-20 23:49:12.122 +04:00 [INF] PerpetualFutures order book SOL_USDT status changed: "Syncing" => "Synced"
2026-08-20 23:49:12.123 +04:00 [INF] Futures book GateIo:SOLUSDT "Synced"
2026-08-20 23:49:12.124 +04:00 [INF] UsdFutures order book SKHYNIXUSDT status changed: "Disconnected" => "Connecting"
2026-08-20 23:49:12.465 +04:00 [INF] [Sckt 11] subscription 930 completed successfully
2026-08-20 23:49:12.466 +04:00 [INF] UsdFutures order book SKHYNIXUSDT status changed: "Connecting" => "Syncing"
2026-08-20 23:49:12.852 +04:00 [INF] UsdFutures order book SKHYNIXUSDT status changed: "Syncing" => "Synced"
2026-08-20 23:49:12.853 +04:00 [INF] Futures book Binance:SKHYNIXUSDT "Synced"
2026-08-20 23:49:12.854 +04:00 [INF] V5 order book SKHYNIXUSDT status changed: "Disconnected" => "Connecting"
2026-08-20 23:49:13.065 +04:00 [INF] [Sckt 12] subscription 934 completed successfully
2026-08-20 23:49:13.066 +04:00 [INF] V5 order book SKHYNIXUSDT status changed: "Connecting" => "Syncing"
2026-08-20 23:49:13.067 +04:00 [INF] V5 order book SKHYNIXUSDT status changed: "Syncing" => "Synced"
2026-08-20 23:49:13.068 +04:00 [INF] Futures book Bybit:SKHYNIXUSDT "Synced"
2026-08-20 23:49:13.068 +04:00 [INF] Unified order book SKHYNIX-USDT-SWAP status changed: "Disconnected" => "Connecting"
2026-08-20 23:49:13.388 +04:00 [INF] [Sckt 13] subscription 937 completed successfully
2026-08-20 23:49:13.389 +04:00 [INF] Unified order book SKHYNIX-USDT-SWAP status changed: "Connecting" => "Syncing"
2026-08-20 23:49:13.517 +04:00 [INF] Unified order book SKHYNIX-USDT-SWAP status changed: "Syncing" => "Synced"
2026-08-20 23:49:13.519 +04:00 [INF] Futures book OKX:SKHYNIXUSDT "Synced"
2026-08-20 23:49:13.520 +04:00 [INF] Futures order book SKHYNIXUSDT status changed: "Disconnected" => "Connecting"
2026-08-20 23:49:13.799 +04:00 [INF] [Sckt 14] subscription 939 completed successfully
2026-08-20 23:49:13.800 +04:00 [INF] Futures order book SKHYNIXUSDT status changed: "Connecting" => "Syncing"
2026-08-20 23:49:13.801 +04:00 [INF] Futures order book SKHYNIXUSDT status changed: "Syncing" => "Synced"
2026-08-20 23:49:13.802 +04:00 [INF] Futures book Bitget:SKHYNIXUSDT "Synced"
2026-08-20 23:49:13.803 +04:00 [INF] PerpetualFutures order book SKHYNIX_USDT status changed: "Disconnected" => "Connecting"
2026-08-20 23:49:14.127 +04:00 [INF] [Sckt 15] subscription 941 completed successfully
2026-08-20 23:49:14.129 +04:00 [INF] PerpetualFutures order book SKHYNIX_USDT status changed: "Connecting" => "Syncing"
2026-08-20 23:49:14.131 +04:00 [INF] PerpetualFutures order book SKHYNIX_USDT status changed: "Syncing" => "Synced"
2026-08-20 23:49:14.132 +04:00 [INF] Futures book GateIo:SKHYNIXUSDT "Synced"
2026-08-20 23:49:14.133 +04:00 [INF] UsdFutures order book SPCXUSDT status changed: "Disconnected" => "Connecting"
2026-08-20 23:49:14.472 +04:00 [INF] [Sckt 11] subscription 944 completed successfully
2026-08-20 23:49:14.473 +04:00 [INF] UsdFutures order book SPCXUSDT status changed: "Connecting" => "Syncing"
2026-08-20 23:49:14.854 +04:00 [INF] UsdFutures order book SPCXUSDT status changed: "Syncing" => "Synced"
2026-08-20 23:49:14.855 +04:00 [INF] Futures book Binance:SPCXUSDT "Synced"
2026-08-20 23:49:14.856 +04:00 [INF] V5 order book SPCXUSDT status changed: "Disconnected" => "Connecting"
2026-08-20 23:49:15.056 +04:00 [INF] [Sckt 12] subscription 948 completed successfully
2026-08-20 23:49:15.057 +04:00 [INF] V5 order book SPCXUSDT status changed: "Connecting" => "Syncing"
2026-08-20 23:49:15.058 +04:00 [INF] V5 order book SPCXUSDT status changed: "Syncing" => "Synced"
2026-08-20 23:49:15.059 +04:00 [INF] Futures book Bybit:SPCXUSDT "Synced"
2026-08-20 23:49:15.059 +04:00 [INF] Unified order book SPCX-USDT-SWAP status changed: "Disconnected" => "Connecting"
2026-08-20 23:49:15.382 +04:00 [INF] [Sckt 13] subscription 951 completed successfully
2026-08-20 23:49:15.383 +04:00 [INF] Unified order book SPCX-USDT-SWAP status changed: "Connecting" => "Syncing"
2026-08-20 23:49:15.634 +04:00 [INF] Unified order book SPCX-USDT-SWAP status changed: "Syncing" => "Synced"
2026-08-20 23:49:15.635 +04:00 [INF] Futures book OKX:SPCXUSDT "Synced"
2026-08-20 23:49:15.636 +04:00 [INF] Futures order book SPCXUSDT status changed: "Disconnected" => "Connecting"
2026-08-20 23:49:15.923 +04:00 [INF] [Sckt 14] subscription 953 completed successfully
2026-08-20 23:49:15.924 +04:00 [INF] Futures order book SPCXUSDT status changed: "Connecting" => "Syncing"
2026-08-20 23:49:15.976 +04:00 [INF] Futures order book SPCXUSDT status changed: "Syncing" => "Synced"
2026-08-20 23:49:15.977 +04:00 [INF] Futures book Bitget:SPCXUSDT "Synced"
2026-08-20 23:49:15.978 +04:00 [INF] PerpetualFutures order book SPCX_USDT status changed: "Disconnected" => "Connecting"
2026-08-20 23:49:16.302 +04:00 [INF] [Sckt 15] subscription 955 completed successfully
2026-08-20 23:49:16.303 +04:00 [INF] PerpetualFutures order book SPCX_USDT status changed: "Connecting" => "Syncing"
2026-08-20 23:49:16.304 +04:00 [INF] PerpetualFutures order book SPCX_USDT status changed: "Syncing" => "Synced"
2026-08-20 23:49:16.305 +04:00 [INF] Futures book GateIo:SPCXUSDT "Synced"
2026-08-20 23:49:16.305 +04:00 [INF] UsdFutures order book WLDUSDT status changed: "Disconnected" => "Connecting"
2026-08-20 23:49:18.085 +04:00 [INF] [Sckt 16] subscription 958 completed successfully
2026-08-20 23:49:18.086 +04:00 [INF] UsdFutures order book WLDUSDT status changed: "Connecting" => "Syncing"
2026-08-20 23:49:18.484 +04:00 [INF] UsdFutures order book WLDUSDT status changed: "Syncing" => "Synced"
2026-08-20 23:49:18.485 +04:00 [INF] Futures book Binance:WLDUSDT "Synced"
2026-08-20 23:49:18.485 +04:00 [INF] V5 order book WLDUSDT status changed: "Disconnected" => "Connecting"
2026-08-20 23:49:19.354 +04:00 [INF] [Sckt 17] subscription 962 completed successfully
2026-08-20 23:49:19.355 +04:00 [INF] V5 order book WLDUSDT status changed: "Connecting" => "Syncing"
2026-08-20 23:49:19.355 +04:00 [INF] V5 order book WLDUSDT status changed: "Syncing" => "Synced"
2026-08-20 23:49:19.356 +04:00 [INF] Futures book Bybit:WLDUSDT "Synced"
2026-08-20 23:49:19.357 +04:00 [INF] Unified order book WLD-USDT-SWAP status changed: "Disconnected" => "Connecting"
2026-08-20 23:49:20.827 +04:00 [INF] [Sckt 18] subscription 965 completed successfully
2026-08-20 23:49:20.828 +04:00 [INF] Unified order book WLD-USDT-SWAP status changed: "Connecting" => "Syncing"
2026-08-20 23:49:21.392 +04:00 [INF] Unified order book WLD-USDT-SWAP status changed: "Syncing" => "Synced"
2026-08-20 23:49:21.394 +04:00 [INF] Futures book OKX:WLDUSDT "Synced"
2026-08-20 23:49:21.394 +04:00 [INF] Futures order book WLDUSDT status changed: "Disconnected" => "Connecting"
2026-08-20 23:49:22.521 +04:00 [INF] [Sckt 19] subscription 967 completed successfully
2026-08-20 23:49:22.523 +04:00 [INF] Futures order book WLDUSDT status changed: "Connecting" => "Syncing"
2026-08-20 23:49:22.524 +04:00 [INF] Futures order book WLDUSDT status changed: "Syncing" => "Synced"
2026-08-20 23:49:22.525 +04:00 [INF] Futures book Bitget:WLDUSDT "Synced"
2026-08-20 23:49:22.526 +04:00 [INF] PerpetualFutures order book WLD_USDT status changed: "Disconnected" => "Connecting"
2026-08-20 23:49:24.223 +04:00 [INF] [Sckt 20] subscription 969 completed successfully
2026-08-20 23:49:24.224 +04:00 [INF] PerpetualFutures order book WLD_USDT status changed: "Connecting" => "Syncing"
2026-08-20 23:49:24.225 +04:00 [INF] PerpetualFutures order book WLD_USDT status changed: "Syncing" => "Synced"
2026-08-20 23:49:24.226 +04:00 [INF] Futures book GateIo:WLDUSDT "Synced"
2026-08-20 23:49:24.226 +04:00 [INF] UsdFutures order book ADAUSDT status changed: "Disconnected" => "Connecting"
2026-08-20 23:49:24.598 +04:00 [INF] [Sckt 16] subscription 973 completed successfully
2026-08-20 23:49:24.599 +04:00 [INF] UsdFutures order book ADAUSDT status changed: "Connecting" => "Syncing"
2026-08-20 23:49:24.986 +04:00 [INF] UsdFutures order book ADAUSDT status changed: "Syncing" => "Synced"
2026-08-20 23:49:24.988 +04:00 [INF] Futures book Binance:ADAUSDT "Synced"
2026-08-20 23:49:24.988 +04:00 [INF] V5 order book ADAUSDT status changed: "Disconnected" => "Connecting"
2026-08-20 23:49:25.187 +04:00 [INF] [Sckt 17] subscription 977 completed successfully
2026-08-20 23:49:25.189 +04:00 [INF] V5 order book ADAUSDT status changed: "Connecting" => "Syncing"
2026-08-20 23:49:25.189 +04:00 [INF] V5 order book ADAUSDT status changed: "Syncing" => "Synced"
2026-08-20 23:49:25.190 +04:00 [INF] Futures book Bybit:ADAUSDT "Synced"
2026-08-20 23:49:25.191 +04:00 [INF] Unified order book ADA-USDT-SWAP status changed: "Disconnected" => "Connecting"
2026-08-20 23:49:25.543 +04:00 [INF] [Sckt 18] subscription 980 completed successfully
2026-08-20 23:49:25.544 +04:00 [INF] Unified order book ADA-USDT-SWAP status changed: "Connecting" => "Syncing"
2026-08-20 23:49:25.846 +04:00 [INF] Unified order book ADA-USDT-SWAP status changed: "Syncing" => "Synced"
2026-08-20 23:49:25.848 +04:00 [INF] Futures book OKX:ADAUSDT "Synced"
2026-08-20 23:49:25.848 +04:00 [INF] Futures order book ADAUSDT status changed: "Disconnected" => "Connecting"
2026-08-20 23:49:26.122 +04:00 [INF] [Sckt 19] subscription 984 completed successfully
2026-08-20 23:49:26.123 +04:00 [INF] Futures order book ADAUSDT status changed: "Connecting" => "Syncing"
2026-08-20 23:49:26.188 +04:00 [INF] Futures order book ADAUSDT status changed: "Syncing" => "Synced"
2026-08-20 23:49:26.189 +04:00 [INF] Futures book Bitget:ADAUSDT "Synced"
2026-08-20 23:49:26.190 +04:00 [INF] PerpetualFutures order book ADA_USDT status changed: "Disconnected" => "Connecting"
2026-08-20 23:49:26.528 +04:00 [INF] [Sckt 20] subscription 986 completed successfully
2026-08-20 23:49:26.529 +04:00 [INF] PerpetualFutures order book ADA_USDT status changed: "Connecting" => "Syncing"
2026-08-20 23:49:26.530 +04:00 [INF] PerpetualFutures order book ADA_USDT status changed: "Syncing" => "Synced"
2026-08-20 23:49:26.530 +04:00 [INF] Futures book GateIo:ADAUSDT "Synced"
2026-08-20 23:49:26.531 +04:00 [INF] UsdFutures order book TRUMPUSDT status changed: "Disconnected" => "Connecting"
2026-08-20 23:49:26.895 +04:00 [INF] [Sckt 16] subscription 989 completed successfully
2026-08-20 23:49:26.896 +04:00 [INF] UsdFutures order book TRUMPUSDT status changed: "Connecting" => "Syncing"
2026-08-20 23:49:27.296 +04:00 [INF] UsdFutures order book TRUMPUSDT status changed: "Syncing" => "Synced"
2026-08-20 23:49:27.297 +04:00 [INF] Futures book Binance:TRUMPUSDT "Synced"
2026-08-20 23:49:27.297 +04:00 [INF] V5 order book TRUMPUSDT status changed: "Disconnected" => "Connecting"
2026-08-20 23:49:27.540 +04:00 [INF] [Sckt 17] subscription 993 completed successfully
2026-08-20 23:49:27.541 +04:00 [INF] V5 order book TRUMPUSDT status changed: "Connecting" => "Syncing"
2026-08-20 23:49:27.542 +04:00 [INF] V5 order book TRUMPUSDT status changed: "Syncing" => "Synced"
2026-08-20 23:49:27.543 +04:00 [INF] Futures book Bybit:TRUMPUSDT "Synced"
2026-08-20 23:49:27.544 +04:00 [INF] Unified order book TRUMP-USDT-SWAP status changed: "Disconnected" => "Connecting"
2026-08-20 23:49:27.896 +04:00 [INF] [Sckt 18] subscription 996 completed successfully
2026-08-20 23:49:27.898 +04:00 [INF] Unified order book TRUMP-USDT-SWAP status changed: "Connecting" => "Syncing"
2026-08-20 23:49:27.949 +04:00 [INF] Unified order book TRUMP-USDT-SWAP status changed: "Syncing" => "Synced"
2026-08-20 23:49:27.950 +04:00 [INF] Futures book OKX:TRUMPUSDT "Synced"
2026-08-20 23:49:27.951 +04:00 [INF] Futures order book TRUMPUSDT status changed: "Disconnected" => "Connecting"
2026-08-20 23:49:28.230 +04:00 [INF] [Sckt 19] subscription 998 completed successfully
2026-08-20 23:49:28.231 +04:00 [INF] Futures order book TRUMPUSDT status changed: "Connecting" => "Syncing"
2026-08-20 23:49:28.292 +04:00 [INF] Futures order book TRUMPUSDT status changed: "Syncing" => "Synced"
2026-08-20 23:49:28.293 +04:00 [INF] Futures book Bitget:TRUMPUSDT "Synced"
2026-08-20 23:49:28.294 +04:00 [INF] PerpetualFutures order book TRUMP_USDT status changed: "Disconnected" => "Connecting"
2026-08-20 23:49:28.631 +04:00 [INF] [Sckt 20] subscription 1000 completed successfully
2026-08-20 23:49:28.633 +04:00 [INF] PerpetualFutures order book TRUMP_USDT status changed: "Connecting" => "Syncing"
2026-08-20 23:49:28.634 +04:00 [INF] PerpetualFutures order book TRUMP_USDT status changed: "Syncing" => "Synced"
2026-08-20 23:49:28.635 +04:00 [INF] Futures book GateIo:TRUMPUSDT "Synced"
2026-08-20 23:49:28.635 +04:00 [INF] UsdFutures order book KORUUSDT status changed: "Disconnected" => "Connecting"
2026-08-20 23:49:28.996 +04:00 [INF] [Sckt 16] subscription 1003 completed successfully
2026-08-20 23:49:28.997 +04:00 [INF] UsdFutures order book KORUUSDT status changed: "Connecting" => "Syncing"
2026-08-20 23:49:29.388 +04:00 [INF] UsdFutures order book KORUUSDT status changed: "Syncing" => "Synced"
2026-08-20 23:49:29.390 +04:00 [INF] Futures book Binance:KORUUSDT "Synced"
2026-08-20 23:49:29.391 +04:00 [INF] V5 order book KORUUSDT status changed: "Disconnected" => "Connecting"
2026-08-20 23:49:29.589 +04:00 [INF] [Sckt 17] subscription 1007 completed successfully
2026-08-20 23:49:29.590 +04:00 [INF] V5 order book KORUUSDT status changed: "Connecting" => "Syncing"
2026-08-20 23:49:29.591 +04:00 [INF] V5 order book KORUUSDT status changed: "Syncing" => "Synced"
2026-08-20 23:49:29.592 +04:00 [INF] Futures book Bybit:KORUUSDT "Synced"
2026-08-20 23:49:29.593 +04:00 [INF] Unified order book KORU-USDT-SWAP status changed: "Disconnected" => "Connecting"
2026-08-20 23:49:29.946 +04:00 [INF] [Sckt 18] subscription 1010 completed successfully
2026-08-20 23:49:29.947 +04:00 [INF] Unified order book KORU-USDT-SWAP status changed: "Connecting" => "Syncing"
2026-08-20 23:49:30.066 +04:00 [INF] Unified order book KORU-USDT-SWAP status changed: "Syncing" => "Synced"
2026-08-20 23:49:30.067 +04:00 [INF] Futures book OKX:KORUUSDT "Synced"
2026-08-20 23:49:30.068 +04:00 [INF] Futures order book KORUUSDT status changed: "Disconnected" => "Connecting"
2026-08-20 23:49:30.376 +04:00 [INF] [Sckt 19] subscription 1012 completed successfully
2026-08-20 23:49:30.377 +04:00 [INF] Futures order book KORUUSDT status changed: "Connecting" => "Syncing"
2026-08-20 23:49:30.378 +04:00 [INF] Futures order book KORUUSDT status changed: "Syncing" => "Synced"
2026-08-20 23:49:30.379 +04:00 [INF] Futures book Bitget:KORUUSDT "Synced"
2026-08-20 23:49:30.380 +04:00 [INF] PerpetualFutures order book KORU_USDT status changed: "Disconnected" => "Connecting"
2026-08-20 23:49:30.718 +04:00 [INF] [Sckt 20] subscription 1014 completed successfully
2026-08-20 23:49:30.719 +04:00 [INF] PerpetualFutures order book KORU_USDT status changed: "Connecting" => "Syncing"
2026-08-20 23:49:30.720 +04:00 [INF] PerpetualFutures order book KORU_USDT status changed: "Syncing" => "Synced"
2026-08-20 23:49:30.721 +04:00 [INF] Futures book GateIo:KORUUSDT "Synced"
2026-08-20 23:49:30.722 +04:00 [INF] UsdFutures order book ZECUSDT status changed: "Disconnected" => "Connecting"
2026-08-20 23:49:31.098 +04:00 [INF] [Sckt 16] subscription 1017 completed successfully
2026-08-20 23:49:31.099 +04:00 [INF] UsdFutures order book ZECUSDT status changed: "Connecting" => "Syncing"
2026-08-20 23:49:31.490 +04:00 [INF] UsdFutures order book ZECUSDT status changed: "Syncing" => "Synced"
2026-08-20 23:49:31.492 +04:00 [INF] Futures book Binance:ZECUSDT "Synced"
2026-08-20 23:49:31.493 +04:00 [INF] V5 order book ZECUSDT status changed: "Disconnected" => "Connecting"
2026-08-20 23:49:31.693 +04:00 [INF] [Sckt 17] subscription 1023 completed successfully
2026-08-20 23:49:31.694 +04:00 [INF] V5 order book ZECUSDT status changed: "Connecting" => "Syncing"
2026-08-20 23:49:31.695 +04:00 [INF] V5 order book ZECUSDT status changed: "Syncing" => "Synced"
2026-08-20 23:49:31.696 +04:00 [INF] Futures book Bybit:ZECUSDT "Synced"
2026-08-20 23:49:31.696 +04:00 [INF] Unified order book ZEC-USDT-SWAP status changed: "Disconnected" => "Connecting"
2026-08-20 23:49:32.050 +04:00 [INF] [Sckt 18] subscription 1026 completed successfully
2026-08-20 23:49:32.051 +04:00 [INF] Unified order book ZEC-USDT-SWAP status changed: "Connecting" => "Syncing"
2026-08-20 23:49:32.176 +04:00 [INF] Unified order book ZEC-USDT-SWAP status changed: "Syncing" => "Synced"
2026-08-20 23:49:32.177 +04:00 [INF] Futures book OKX:ZECUSDT "Synced"
2026-08-20 23:49:32.177 +04:00 [INF] Futures order book ZECUSDT status changed: "Disconnected" => "Connecting"
2026-08-20 23:49:32.448 +04:00 [INF] [Sckt 19] subscription 1028 completed successfully
2026-08-20 23:49:32.449 +04:00 [INF] Futures order book ZECUSDT status changed: "Connecting" => "Syncing"
2026-08-20 23:49:32.450 +04:00 [INF] Futures order book ZECUSDT status changed: "Syncing" => "Synced"
2026-08-20 23:49:32.451 +04:00 [INF] Futures book Bitget:ZECUSDT "Synced"
2026-08-20 23:49:32.452 +04:00 [INF] PerpetualFutures order book ZEC_USDT status changed: "Disconnected" => "Connecting"
2026-08-20 23:49:32.793 +04:00 [INF] [Sckt 20] subscription 1031 completed successfully
2026-08-20 23:49:32.795 +04:00 [INF] PerpetualFutures order book ZEC_USDT status changed: "Connecting" => "Syncing"
2026-08-20 23:49:32.796 +04:00 [INF] PerpetualFutures order book ZEC_USDT status changed: "Syncing" => "Synced"
2026-08-20 23:49:32.796 +04:00 [INF] Futures book GateIo:ZECUSDT "Synced"
2026-08-20 23:49:32.797 +04:00 [INF] Exchange Binance: 15/15 streams live
2026-08-20 23:49:32.797 +04:00 [INF] Exchange Bybit: 15/15 streams live
2026-08-20 23:49:32.798 +04:00 [INF] Exchange OKX: 15/15 streams live
2026-08-20 23:49:32.799 +04:00 [INF] Exchange Bitget: 15/15 streams live
2026-08-20 23:49:32.799 +04:00 [INF] Exchange GateIo: 15/15 streams live
2026-08-20 23:49:47.121 +04:00 [INF] Futures scan: 1 candidate(s), best RT=-0.085% open=0.025%
2026-08-20 23:49:47.123 +04:00 [INF] Paper skip SPCXUSDT: Already open on symbol open=0.025% RT=-0.085%
2026-08-20 23:50:16.250 +04:00 [INF] Futures scan: 1 candidate(s), best RT=-0.083% open=0.027%
2026-08-20 23:50:16.251 +04:00 [INF] Paper skip SPCXUSDT: Already open on symbol open=0.027% RT=-0.083%
2026-08-20 23:50:18.303 +04:00 [INF] Futures scan: 1 candidate(s), best RT=-0.080% open=0.030%
2026-08-20 23:50:18.305 +04:00 [INF] Paper skip SPCXUSDT: Already open on symbol open=0.030% RT=-0.080%
2026-08-20 23:50:19.339 +04:00 [INF] Futures scan: 1 candidate(s), best RT=-0.080% open=0.030%
2026-08-20 23:50:19.340 +04:00 [INF] Paper skip SPCXUSDT: Already open on symbol open=0.030% RT=-0.080%
2026-08-20 23:50:20.383 +04:00 [INF] Futures scan: 1 candidate(s), best RT=-0.073% open=0.037%
2026-08-20 23:50:20.384 +04:00 [INF] Paper skip SPCXUSDT: Already open on symbol open=0.037% RT=-0.073%
2026-08-20 23:50:21.419 +04:00 [INF] Futures scan: 1 candidate(s), best RT=-0.080% open=0.030%
2026-08-20 23:50:21.421 +04:00 [INF] Paper skip SPCXUSDT: Already open on symbol open=0.030% RT=-0.080%
2026-08-20 23:50:23.463 +04:00 [INF] Futures scan: 1 candidate(s), best RT=-0.079% open=0.031%
2026-08-20 23:50:23.466 +04:00 [INF] Paper skip SPCXUSDT: Already open on symbol open=0.031% RT=-0.079%
2026-08-20 23:50:24.487 +04:00 [INF] Futures scan: 1 candidate(s), best RT=-0.079% open=0.031%
2026-08-20 23:50:24.488 +04:00 [INF] Paper skip SPCXUSDT: Already open on symbol open=0.031% RT=-0.079%
2026-08-20 23:50:25.509 +04:00 [INF] Futures scan: 1 candidate(s), best RT=-0.079% open=0.031%
2026-08-20 23:50:25.510 +04:00 [INF] Paper skip SPCXUSDT: Already open on symbol open=0.031% RT=-0.079%
2026-08-20 23:50:27.558 +04:00 [INF] Futures scan: 1 candidate(s), best RT=-0.084% open=0.026%
2026-08-20 23:50:27.559 +04:00 [INF] Paper skip SPCXUSDT: Already open on symbol open=0.026% RT=-0.084%
2026-08-20 23:50:29.627 +04:00 [INF] Futures scan: 1 candidate(s), best RT=-0.085% open=0.025%
2026-08-20 23:50:29.629 +04:00 [INF] Paper skip SPCXUSDT: Already open on symbol open=0.025% RT=-0.085%
2026-08-20 23:50:32.704 +04:00 [INF] Futures scan: 1 candidate(s), best RT=-0.085% open=0.025%
2026-08-20 23:50:32.706 +04:00 [INF] Paper skip SPCXUSDT: Already open on symbol open=0.025% RT=-0.085%
2026-08-20 23:50:34.759 +04:00 [INF] Futures scan: 1 candidate(s), best RT=-0.085% open=0.025%
2026-08-20 23:50:34.763 +04:00 [INF] Paper skip SPCXUSDT: Already open on symbol open=0.025% RT=-0.085%
2026-08-20 23:50:38.849 +04:00 [INF] Futures scan: 1 candidate(s), best RT=-0.085% open=0.025%
2026-08-20 23:50:38.851 +04:00 [INF] Paper skip SPCXUSDT: Already open on symbol open=0.025% RT=-0.085%
2026-08-20 23:50:52.169 +04:00 [INF] Futures scan: 1 candidate(s), best RT=-0.085% open=0.025%
2026-08-20 23:50:52.171 +04:00 [INF] Paper skip SPCXUSDT: Already open on symbol open=0.025% RT=-0.085%
2026-08-20 23:50:53.203 +04:00 [INF] Futures scan: 1 candidate(s), best RT=-0.077% open=0.033%
2026-08-20 23:50:53.209 +04:00 [INF] Paper skip SPCXUSDT: Already open on symbol open=0.033% RT=-0.077%
2026-08-20 23:50:55.254 +04:00 [INF] Futures scan: 1 candidate(s), best RT=-0.080% open=0.030%
2026-08-20 23:50:55.257 +04:00 [INF] Paper skip SPCXUSDT: Already open on symbol open=0.030% RT=-0.080%
2026-08-20 23:50:56.282 +04:00 [INF] Futures scan: 1 candidate(s), best RT=-0.077% open=0.033%
2026-08-20 23:50:56.284 +04:00 [INF] Paper skip SPCXUSDT: Already open on symbol open=0.033% RT=-0.077%
2026-08-20 23:50:57.320 +04:00 [INF] Futures scan: 1 candidate(s), best RT=-0.084% open=0.026%
2026-08-20 23:50:57.322 +04:00 [INF] Paper skip SPCXUSDT: Already open on symbol open=0.026% RT=-0.084%
2026-08-20 23:50:58.378 +04:00 [INF] Futures scan: 1 candidate(s), best RT=-0.084% open=0.026%
2026-08-20 23:50:58.380 +04:00 [INF] Paper skip SPCXUSDT: Already open on symbol open=0.026% RT=-0.084%
2026-08-20 23:50:59.396 +04:00 [INF] Futures scan: 1 candidate(s), best RT=-0.077% open=0.033%
2026-08-20 23:50:59.397 +04:00 [INF] Paper skip SPCXUSDT: Already open on symbol open=0.033% RT=-0.077%
2026-08-20 23:51:03.489 +04:00 [INF] Futures scan: 1 candidate(s), best RT=-0.082% open=0.028%
2026-08-20 23:51:03.492 +04:00 [INF] Paper skip SPCXUSDT: Already open on symbol open=0.028% RT=-0.082%
2026-08-20 23:51:04.528 +04:00 [INF] Futures scan: 1 candidate(s), best RT=-0.080% open=0.030%
2026-08-20 23:51:04.530 +04:00 [INF] Paper skip SPCXUSDT: Already open on symbol open=0.030% RT=-0.080%
2026-08-20 23:51:05.565 +04:00 [INF] Futures scan: 1 candidate(s), best RT=-0.085% open=0.025%
2026-08-20 23:51:05.566 +04:00 [INF] Paper skip SPCXUSDT: Already open on symbol open=0.025% RT=-0.085%
2026-08-20 23:51:09.653 +04:00 [INF] Futures scan: 1 candidate(s), best RT=-0.075% open=0.035%
2026-08-20 23:51:09.661 +04:00 [INF] Paper skip SPCXUSDT: Already open on symbol open=0.035% RT=-0.075%
2026-08-20 23:51:10.690 +04:00 [INF] Futures scan: 1 candidate(s), best RT=-0.082% open=0.028%
2026-08-20 23:51:10.692 +04:00 [INF] Paper skip SPCXUSDT: Already open on symbol open=0.028% RT=-0.082%
2026-08-20 23:51:12.756 +04:00 [INF] Futures scan: 1 candidate(s), best RT=-0.084% open=0.026%
2026-08-20 23:51:12.760 +04:00 [INF] Paper skip SPCXUSDT: Already open on symbol open=0.026% RT=-0.084%
2026-08-20 23:51:14.813 +04:00 [INF] Futures scan: 1 candidate(s), best RT=-0.080% open=0.030%
2026-08-20 23:51:14.822 +04:00 [INF] Paper skip SPCXUSDT: Already open on symbol open=0.030% RT=-0.080%
2026-08-20 23:51:16.872 +04:00 [INF] Futures scan: 1 candidate(s), best RT=-0.079% open=0.031%
2026-08-20 23:51:16.874 +04:00 [INF] Paper skip SPCXUSDT: Already open on symbol open=0.031% RT=-0.079%
2026-08-20 23:51:19.974 +04:00 [INF] Futures scan: 1 candidate(s), best RT=-0.085% open=0.025%
2026-08-20 23:51:19.992 +04:00 [INF] Paper skip SPCXUSDT: Already open on symbol open=0.025% RT=-0.085%
2026-08-20 23:51:21.021 +04:00 [INF] Futures scan: 1 candidate(s), best RT=-0.084% open=0.026%
2026-08-20 23:51:21.027 +04:00 [INF] Paper skip SPCXUSDT: Already open on symbol open=0.026% RT=-0.084%
2026-08-20 23:51:22.060 +04:00 [INF] Futures scan: 1 candidate(s), best RT=-0.078% open=0.032%
2026-08-20 23:51:22.061 +04:00 [INF] Paper skip SPCXUSDT: Already open on symbol open=0.032% RT=-0.078%
2026-08-20 23:51:24.118 +04:00 [INF] Futures scan: 1 candidate(s), best RT=-0.078% open=0.032%
2026-08-20 23:51:24.121 +04:00 [INF] Paper skip SPCXUSDT: Already open on symbol open=0.032% RT=-0.078%
2026-08-20 23:51:25.153 +04:00 [INF] Futures scan: 1 candidate(s), best RT=-0.083% open=0.027%
2026-08-20 23:51:25.155 +04:00 [INF] Paper skip SPCXUSDT: Already open on symbol open=0.027% RT=-0.083%
2026-08-20 23:51:26.191 +04:00 [INF] Futures scan: 1 candidate(s), best RT=-0.081% open=0.029%
2026-08-20 23:51:26.193 +04:00 [INF] Paper skip SPCXUSDT: Already open on symbol open=0.029% RT=-0.081%
2026-08-20 23:51:27.213 +04:00 [INF] Futures scan: 1 candidate(s), best RT=-0.082% open=0.028%
2026-08-20 23:51:27.215 +04:00 [INF] Paper skip SPCXUSDT: Already open on symbol open=0.028% RT=-0.082%
2026-08-20 23:51:31.327 +04:00 [INF] Futures scan: 1 candidate(s), best RT=-0.084% open=0.026%
2026-08-20 23:51:31.331 +04:00 [INF] Paper skip SPCXUSDT: Already open on symbol open=0.026% RT=-0.084%
2026-08-20 23:51:37.516 +04:00 [INF] Futures scan: 1 candidate(s), best RT=-0.084% open=0.026%
2026-08-20 23:51:37.518 +04:00 [INF] Paper skip SPCXUSDT: Already open on symbol open=0.026% RT=-0.084%
2026-08-20 23:51:38.546 +04:00 [INF] Futures scan: 1 candidate(s), best RT=-0.084% open=0.026%
2026-08-20 23:51:38.548 +04:00 [INF] Paper skip SPCXUSDT: Already open on symbol open=0.026% RT=-0.084%
2026-08-20 23:51:45.752 +04:00 [INF] Futures scan: 1 candidate(s), best RT=-0.085% open=0.025%
2026-08-20 23:51:45.754 +04:00 [INF] Paper skip SPCXUSDT: Already open on symbol open=0.025% RT=-0.085%
2026-08-20 23:51:47.801 +04:00 [INF] Futures scan: 1 candidate(s), best RT=-0.082% open=0.028%
2026-08-20 23:51:47.804 +04:00 [INF] Paper skip SPCXUSDT: Already open on symbol open=0.028% RT=-0.082%
2026-08-20 23:51:49.865 +04:00 [INF] Futures scan: 2 candidate(s), best RT=-0.073% open=0.028%
2026-08-20 23:51:49.867 +04:00 [INF] Paper skip SPCXUSDT: Already open on symbol open=0.028% RT=-0.082%
2026-08-20 23:51:49.871 +04:00 [INF] Paper skip SPCXUSDT: Already open on symbol open=0.027% RT=-0.073%
2026-08-20 23:52:45.414 +04:00 [INF] Futures scan: 1 candidate(s), best RT=-0.078% open=0.032%
2026-08-20 23:52:45.415 +04:00 [INF] Paper skip SPCXUSDT: Already open on symbol open=0.032% RT=-0.078%
2026-08-20 23:53:08.995 +04:00 [INF] Futures scan: 1 candidate(s), best RT=-0.083% open=0.027%
2026-08-20 23:53:08.996 +04:00 [INF] Paper skip SPCXUSDT: Already open on symbol open=0.027% RT=-0.083%
2026-08-20 23:53:11.046 +04:00 [INF] Futures scan: 1 candidate(s), best RT=-0.084% open=0.026%
2026-08-20 23:53:11.048 +04:00 [INF] Paper skip SPCXUSDT: Already open on symbol open=0.026% RT=-0.084%
2026-08-20 23:53:12.081 +04:00 [INF] Futures scan: 1 candidate(s), best RT=-0.080% open=0.030%
2026-08-20 23:53:12.084 +04:00 [INF] Paper skip SPCXUSDT: Already open on symbol open=0.030% RT=-0.080%
2026-08-20 23:53:13.103 +04:00 [INF] Futures scan: 1 candidate(s), best RT=-0.078% open=0.032%
2026-08-20 23:53:13.105 +04:00 [INF] Paper skip SPCXUSDT: Already open on symbol open=0.032% RT=-0.078%
2026-08-20 23:53:16.186 +04:00 [INF] Futures scan: 1 candidate(s), best RT=-0.080% open=0.030%
2026-08-20 23:53:16.188 +04:00 [INF] Paper skip SPCXUSDT: Already open on symbol open=0.030% RT=-0.080%
2026-08-20 23:53:17.206 +04:00 [INF] Futures scan: 1 candidate(s), best RT=-0.078% open=0.032%
2026-08-20 23:53:17.207 +04:00 [INF] Paper skip SPCXUSDT: Already open on symbol open=0.032% RT=-0.078%
2026-08-20 23:53:43.853 +04:00 [INF] Futures scan: 3 candidate(s), best RT=-0.063% open=0.047%
2026-08-20 23:53:43.855 +04:00 [INF] Paper skip SPCXUSDT: Already open on symbol open=0.047% RT=-0.063%
2026-08-20 23:53:43.857 +04:00 [INF] Paper skip SPCXUSDT: Already open on symbol open=0.036% RT=-0.064%
2026-08-20 23:53:43.858 +04:00 [INF] Paper skip SPCXUSDT: Already open on symbol open=0.027% RT=-0.073%
2026-08-20 23:54:50.440 +04:00 [INF] Futures scan: 3 candidate(s), best RT=-0.020% open=0.080%
2026-08-20 23:54:50.442 +04:00 [INF] Paper skip SPCXUSDT: Already open on symbol open=0.080% RT=-0.020%
2026-08-20 23:54:50.444 +04:00 [INF] Paper skip SPCXUSDT: Already open on symbol open=0.069% RT=-0.041%
2026-08-20 23:54:50.445 +04:00 [INF] Paper skip SPCXUSDT: Already open on symbol open=0.050% RT=-0.055%
2026-08-20 23:54:51.480 +04:00 [INF] Futures scan: 1 candidate(s), best RT=-0.082% open=0.028%
2026-08-20 23:54:51.482 +04:00 [INF] Paper skip SPCXUSDT: Already open on symbol open=0.028% RT=-0.082%
2026-08-20 23:54:52.501 +04:00 [INF] Futures scan: 1 candidate(s), best RT=-0.071% open=0.039%
2026-08-20 23:54:52.506 +04:00 [INF] Paper skip SPCXUSDT: Already open on symbol open=0.039% RT=-0.071%
2026-08-20 23:54:53.540 +04:00 [INF] Futures scan: 1 candidate(s), best RT=-0.062% open=0.048%
2026-08-20 23:54:53.542 +04:00 [INF] Paper skip SPCXUSDT: Already open on symbol open=0.048% RT=-0.062%
2026-08-20 23:54:54.577 +04:00 [INF] Futures scan: 1 candidate(s), best RT=-0.061% open=0.049%
2026-08-20 23:54:54.579 +04:00 [INF] Paper skip SPCXUSDT: Already open on symbol open=0.049% RT=-0.061%
2026-08-20 23:54:55.619 +04:00 [INF] Futures scan: 1 candidate(s), best RT=-0.075% open=0.035%
2026-08-20 23:54:55.620 +04:00 [INF] Paper skip SPCXUSDT: Already open on symbol open=0.035% RT=-0.075%
2026-08-20 23:54:56.644 +04:00 [INF] Futures scan: 3 candidate(s), best RT=-0.044% open=0.066%
2026-08-20 23:54:56.646 +04:00 [INF] Paper skip SPCXUSDT: Already open on symbol open=0.066% RT=-0.044%
2026-08-20 23:54:56.647 +04:00 [INF] Paper skip SPCXUSDT: Already open on symbol open=0.049% RT=-0.051%
2026-08-20 23:54:56.648 +04:00 [INF] Paper skip SPCXUSDT: Already open on symbol open=0.027% RT=-0.073%
2026-08-20 23:54:57.670 +04:00 [INF] Futures scan: 1 candidate(s), best RT=-0.083% open=0.027%
2026-08-20 23:54:57.672 +04:00 [INF] Paper skip SPCXUSDT: Already open on symbol open=0.027% RT=-0.083%
2026-08-20 23:54:58.693 +04:00 [INF] Futures scan: 1 candidate(s), best RT=-0.078% open=0.032%
2026-08-20 23:54:58.695 +04:00 [INF] Paper skip SPCXUSDT: Already open on symbol open=0.032% RT=-0.078%
2026-08-20 23:54:59.728 +04:00 [INF] Futures scan: 1 candidate(s), best RT=-0.085% open=0.025%
2026-08-20 23:54:59.730 +04:00 [INF] Paper skip SPCXUSDT: Already open on symbol open=0.025% RT=-0.085%
2026-08-20 23:55:01.776 +04:00 [INF] Futures scan: 3 candidate(s), best RT=-0.068% open=0.032%
2026-08-20 23:55:01.779 +04:00 [INF] FUT PAPER OPEN SOXLUSDT L:GateIo S:Binance qty=16.432503 lev=5x margin=400.00 edge=0.032%
2026-08-20 23:55:01.780 +04:00 [INF] Opened futures paper hedge (1): SOXLUSDT: L GateIo@121.55 / S Binance@121.71 | RT -0.068% fund 0.000% → -0.068%
2026-08-20 23:55:01.782 +04:00 [INF] Paper skip SPCXUSDT: Cooldown 4000ms open=0.029% RT=-0.081%
2026-08-20 23:55:01.783 +04:00 [INF] Paper skip SOXLUSDT: Cooldown 4000ms open=0.025% RT=-0.085%
2026-08-20 23:55:02.818 +04:00 [INF] Futures scan: 2 candidate(s), best RT=-0.070% open=0.040%
2026-08-20 23:55:02.820 +04:00 [INF] Paper skip SPCXUSDT: Cooldown 4000ms open=0.040% RT=-0.070%
2026-08-20 23:55:02.821 +04:00 [INF] Paper skip SPCXUSDT: Cooldown 4000ms open=0.027% RT=-0.073%
2026-08-20 23:55:03.843 +04:00 [INF] Futures scan: 1 candidate(s), best RT=-0.077% open=0.033%
2026-08-20 23:55:03.845 +04:00 [INF] Paper skip SPCXUSDT: Cooldown 4000ms open=0.033% RT=-0.077%
2026-08-20 23:55:05.886 +04:00 [INF] Futures scan: 1 candidate(s), best RT=-0.078% open=0.032%
2026-08-20 23:55:05.888 +04:00 [INF] Paper skip SPCXUSDT: Already open on symbol open=0.032% RT=-0.078%
2026-08-20 23:55:07.928 +04:00 [INF] Futures scan: 1 candidate(s), best RT=-0.071% open=0.039%
2026-08-20 23:55:07.930 +04:00 [INF] Paper skip SPCXUSDT: Already open on symbol open=0.039% RT=-0.071%
2026-08-20 23:55:10.992 +04:00 [INF] Futures scan: 2 candidate(s), best RT=-0.073% open=0.029%
2026-08-20 23:55:10.993 +04:00 [INF] Paper skip SPCXUSDT: Already open on symbol open=0.029% RT=-0.081%
2026-08-20 23:55:10.994 +04:00 [INF] Paper skip SPCXUSDT: Already open on symbol open=0.027% RT=-0.073%
2026-08-20 23:55:21.285 +04:00 [INF] Futures scan: 1 candidate(s), best RT=-0.081% open=0.029%
2026-08-20 23:55:21.287 +04:00 [INF] Paper skip SPCXUSDT: Already open on symbol open=0.029% RT=-0.081%
2026-08-20 23:55:24.344 +04:00 [INF] Futures scan: 1 candidate(s), best RT=-0.078% open=0.032%
2026-08-20 23:55:24.346 +04:00 [INF] Paper skip SPCXUSDT: Already open on symbol open=0.032% RT=-0.078%
2026-08-20 23:55:26.392 +04:00 [INF] Futures scan: 1 candidate(s), best RT=-0.078% open=0.032%
2026-08-20 23:55:26.393 +04:00 [INF] Paper skip SPCXUSDT: Already open on symbol open=0.032% RT=-0.078%
2026-08-20 23:55:27.429 +04:00 [INF] Futures scan: 1 candidate(s), best RT=-0.071% open=0.039%
2026-08-20 23:55:27.431 +04:00 [INF] Paper skip SPCXUSDT: Already open on symbol open=0.039% RT=-0.071%
2026-08-20 23:55:28.460 +04:00 [INF] Futures scan: 1 candidate(s), best RT=-0.080% open=0.030%
2026-08-20 23:55:28.461 +04:00 [INF] Paper skip SPCXUSDT: Already open on symbol open=0.030% RT=-0.080%
2026-08-20 23:55:31.548 +04:00 [INF] Futures scan: 1 candidate(s), best RT=-0.071% open=0.039%
2026-08-20 23:55:31.550 +04:00 [INF] Paper skip SPCXUSDT: Already open on symbol open=0.039% RT=-0.071%
2026-08-20 23:55:43.877 +04:00 [INF] Futures scan: 1 candidate(s), best RT=-0.081% open=0.029%
2026-08-20 23:55:43.879 +04:00 [INF] Paper skip SPCXUSDT: Already open on symbol open=0.029% RT=-0.081%
2026-08-20 23:55:45.927 +04:00 [INF] Futures scan: 1 candidate(s), best RT=-0.085% open=0.025%
2026-08-20 23:55:45.930 +04:00 [INF] Paper skip SPCXUSDT: Already open on symbol open=0.025% RT=-0.085%
2026-08-20 23:55:53.090 +04:00 [INF] FUT PAPER CLOSE SOXLUSDT pnl=-0.3604 reason=converge lev=5x
2026-08-20 23:56:00.299 +04:00 [INF] Futures scan: 1 candidate(s), best RT=-0.083% open=0.027%
2026-08-20 23:56:00.300 +04:00 [INF] Paper skip SPCXUSDT: Already open on symbol open=0.027% RT=-0.083%
2026-08-20 23:56:01.324 +04:00 [INF] Futures scan: 1 candidate(s), best RT=-0.081% open=0.029%
2026-08-20 23:56:01.325 +04:00 [INF] Paper skip SPCXUSDT: Already open on symbol open=0.029% RT=-0.081%
2026-08-20 23:56:02.352 +04:00 [INF] Futures scan: 1 candidate(s), best RT=-0.083% open=0.027%
2026-08-20 23:56:02.354 +04:00 [INF] Paper skip SPCXUSDT: Already open on symbol open=0.027% RT=-0.083%
2026-08-20 23:56:05.426 +04:00 [INF] Futures scan: 1 candidate(s), best RT=-0.083% open=0.027%
2026-08-20 23:56:05.429 +04:00 [INF] Paper skip SPCXUSDT: Already open on symbol open=0.027% RT=-0.083%
2026-08-20 23:56:06.452 +04:00 [INF] Futures scan: 1 candidate(s), best RT=-0.080% open=0.030%
2026-08-20 23:56:06.453 +04:00 [INF] Paper skip SPCXUSDT: Already open on symbol open=0.030% RT=-0.080%
2026-08-20 23:56:10.551 +04:00 [INF] Futures scan: 1 candidate(s), best RT=-0.082% open=0.028%
2026-08-20 23:56:10.553 +04:00 [INF] Paper skip SPCXUSDT: Already open on symbol open=0.028% RT=-0.082%
2026-08-20 23:56:11.572 +04:00 [INF] Futures scan: 1 candidate(s), best RT=-0.084% open=0.026%
2026-08-20 23:56:11.573 +04:00 [INF] Paper skip SPCXUSDT: Already open on symbol open=0.026% RT=-0.084%
2026-08-20 23:56:12.599 +04:00 [INF] Futures scan: 1 candidate(s), best RT=-0.074% open=0.036%
2026-08-20 23:56:12.600 +04:00 [INF] Paper skip SPCXUSDT: Already open on symbol open=0.036% RT=-0.074%
2026-08-20 23:56:13.623 +04:00 [INF] Futures scan: 1 candidate(s), best RT=-0.081% open=0.029%
2026-08-20 23:56:13.625 +04:00 [INF] Paper skip SPCXUSDT: Already open on symbol open=0.029% RT=-0.081%
2026-08-20 23:56:14.645 +04:00 [INF] Futures scan: 1 candidate(s), best RT=-0.080% open=0.030%
2026-08-20 23:56:14.646 +04:00 [INF] Paper skip SPCXUSDT: Already open on symbol open=0.030% RT=-0.080%
2026-08-20 23:56:15.668 +04:00 [INF] Futures scan: 1 candidate(s), best RT=-0.078% open=0.032%
2026-08-20 23:56:15.669 +04:00 [INF] Paper skip SPCXUSDT: Already open on symbol open=0.032% RT=-0.078%
2026-08-20 23:56:16.694 +04:00 [INF] Futures scan: 1 candidate(s), best RT=-0.078% open=0.032%
2026-08-20 23:56:16.695 +04:00 [INF] Paper skip SPCXUSDT: Already open on symbol open=0.032% RT=-0.078%
2026-08-20 23:56:18.743 +04:00 [INF] Futures scan: 1 candidate(s), best RT=-0.080% open=0.030%
2026-08-20 23:56:18.744 +04:00 [INF] Paper skip SPCXUSDT: Already open on symbol open=0.030% RT=-0.080%
2026-08-20 23:56:19.774 +04:00 [INF] Futures scan: 1 candidate(s), best RT=-0.083% open=0.027%
2026-08-20 23:56:19.775 +04:00 [INF] Paper skip SPCXUSDT: Already open on symbol open=0.027% RT=-0.083%
2026-08-20 23:56:23.868 +04:00 [INF] Futures scan: 1 candidate(s), best RT=-0.075% open=0.035%
2026-08-20 23:56:23.869 +04:00 [INF] Paper skip SPCXUSDT: Already open on symbol open=0.035% RT=-0.075%
2026-08-20 23:56:24.903 +04:00 [INF] Futures scan: 1 candidate(s), best RT=-0.083% open=0.027%
2026-08-20 23:56:24.904 +04:00 [INF] Paper skip SPCXUSDT: Already open on symbol open=0.027% RT=-0.083%
2026-08-20 23:56:33.078 +04:00 [INF] Futures scan: 1 candidate(s), best RT=-0.082% open=0.028%
2026-08-20 23:56:33.080 +04:00 [INF] Paper skip SPCXUSDT: Already open on symbol open=0.028% RT=-0.082%
2026-08-20 23:56:38.198 +04:00 [INF] Futures scan: 1 candidate(s), best RT=-0.082% open=0.028%
2026-08-20 23:56:38.200 +04:00 [INF] Paper skip SPCXUSDT: Already open on symbol open=0.028% RT=-0.082%
2026-08-20 23:56:44.365 +04:00 [INF] Futures scan: 1 candidate(s), best RT=-0.079% open=0.031%
2026-08-20 23:56:44.367 +04:00 [INF] Paper skip SPCXUSDT: Already open on symbol open=0.031% RT=-0.079%
2026-08-20 23:56:49.483 +04:00 [INF] Futures scan: 1 candidate(s), best RT=-0.081% open=0.029%
2026-08-20 23:56:49.485 +04:00 [INF] Paper skip SPCXUSDT: Already open on symbol open=0.029% RT=-0.081%
2026-08-20 23:57:02.812 +04:00 [INF] Futures scan: 1 candidate(s), best RT=-0.083% open=0.027%
2026-08-20 23:57:02.814 +04:00 [INF] Paper skip SPCXUSDT: Already open on symbol open=0.027% RT=-0.083%
2026-08-20 23:57:03.833 +04:00 [INF] Futures scan: 1 candidate(s), best RT=-0.075% open=0.035%
2026-08-20 23:57:03.835 +04:00 [INF] Paper skip SPCXUSDT: Already open on symbol open=0.035% RT=-0.075%
2026-08-20 23:57:04.856 +04:00 [INF] Futures scan: 1 candidate(s), best RT=-0.083% open=0.027%
2026-08-20 23:57:04.858 +04:00 [INF] Paper skip SPCXUSDT: Already open on symbol open=0.027% RT=-0.083%
2026-08-20 23:57:05.887 +04:00 [INF] Futures scan: 1 candidate(s), best RT=-0.084% open=0.026%
2026-08-20 23:57:05.890 +04:00 [INF] Paper skip SPCXUSDT: Already open on symbol open=0.026% RT=-0.084%
2026-08-20 23:57:11.019 +04:00 [INF] Futures scan: 1 candidate(s), best RT=-0.085% open=0.025%
2026-08-20 23:57:11.020 +04:00 [INF] Paper skip SPCXUSDT: Already open on symbol open=0.025% RT=-0.085%
2026-08-20 23:57:14.093 +04:00 [INF] Futures scan: 1 candidate(s), best RT=-0.085% open=0.025%
2026-08-20 23:57:14.095 +04:00 [INF] Paper skip SPCXUSDT: Already open on symbol open=0.025% RT=-0.085%
2026-08-20 23:57:18.190 +04:00 [INF] Futures scan: 1 candidate(s), best RT=-0.078% open=0.032%
2026-08-20 23:57:18.192 +04:00 [INF] Paper skip SPCXUSDT: Already open on symbol open=0.032% RT=-0.078%
2026-08-20 23:57:24.350 +04:00 [INF] Futures scan: 1 candidate(s), best RT=-0.071% open=0.039%
2026-08-20 23:57:24.352 +04:00 [INF] Paper skip SPCXUSDT: Already open on symbol open=0.039% RT=-0.071%
2026-08-20 23:57:25.397 +04:00 [INF] Futures scan: 1 candidate(s), best RT=-0.078% open=0.032%
2026-08-20 23:57:25.398 +04:00 [INF] Paper skip SPCXUSDT: Already open on symbol open=0.032% RT=-0.078%
2026-08-20 23:57:29.528 +04:00 [INF] Futures scan: 1 candidate(s), best RT=-0.078% open=0.032%
2026-08-20 23:57:29.529 +04:00 [INF] Paper skip SPCXUSDT: Already open on symbol open=0.032% RT=-0.078%
2026-08-20 23:57:30.564 +04:00 [INF] Futures scan: 3 candidate(s), best RT=-0.065% open=0.045%
2026-08-20 23:57:30.566 +04:00 [INF] Paper skip SPCXUSDT: Already open on symbol open=0.045% RT=-0.065%
2026-08-20 23:57:30.567 +04:00 [INF] Paper skip SPCXUSDT: Already open on symbol open=0.034% RT=-0.066%
2026-08-20 23:57:30.569 +04:00 [INF] Paper skip SPCXUSDT: Already open on symbol open=0.028% RT=-0.072%
2026-08-20 23:57:32.613 +04:00 [INF] Futures scan: 1 candidate(s), best RT=-0.081% open=0.029%
2026-08-20 23:57:32.614 +04:00 [INF] Paper skip SPCXUSDT: Already open on symbol open=0.029% RT=-0.081%
2026-08-20 23:57:35.673 +04:00 [INF] Futures scan: 1 candidate(s), best RT=-0.082% open=0.028%
2026-08-20 23:57:35.674 +04:00 [INF] Paper skip SPCXUSDT: Already open on symbol open=0.028% RT=-0.082%
2026-08-20 23:57:36.702 +04:00 [INF] Futures scan: 1 candidate(s), best RT=-0.068% open=0.042%
2026-08-20 23:57:36.704 +04:00 [INF] Paper skip SPCXUSDT: Already open on symbol open=0.042% RT=-0.068%
2026-08-20 23:57:37.728 +04:00 [INF] Futures scan: 1 candidate(s), best RT=-0.076% open=0.034%
2026-08-20 23:57:37.729 +04:00 [INF] Paper skip SPCXUSDT: Already open on symbol open=0.034% RT=-0.076%
2026-08-20 23:57:38.748 +04:00 [INF] Futures scan: 1 candidate(s), best RT=-0.080% open=0.030%
2026-08-20 23:57:38.750 +04:00 [INF] Paper skip SPCXUSDT: Already open on symbol open=0.030% RT=-0.080%
2026-08-20 23:57:39.786 +04:00 [INF] Futures scan: 1 candidate(s), best RT=-0.078% open=0.032%
2026-08-20 23:57:39.787 +04:00 [INF] Paper skip SPCXUSDT: Already open on symbol open=0.032% RT=-0.078%
2026-08-20 23:57:41.838 +04:00 [INF] Futures scan: 1 candidate(s), best RT=-0.063% open=0.047%
2026-08-20 23:57:41.840 +04:00 [INF] Paper skip SPCXUSDT: Already open on symbol open=0.047% RT=-0.063%
2026-08-20 23:57:42.866 +04:00 [INF] Futures scan: 1 candidate(s), best RT=-0.071% open=0.039%
2026-08-20 23:57:42.868 +04:00 [INF] Paper skip SPCXUSDT: Already open on symbol open=0.039% RT=-0.071%
2026-08-20 23:57:43.901 +04:00 [INF] Futures scan: 1 candidate(s), best RT=-0.079% open=0.031%
2026-08-20 23:57:43.903 +04:00 [INF] Paper skip SPCXUSDT: Already open on symbol open=0.031% RT=-0.079%
2026-08-20 23:57:47.999 +04:00 [INF] Futures scan: 1 candidate(s), best RT=-0.078% open=0.032%
2026-08-20 23:57:48.001 +04:00 [INF] Paper skip SPCXUSDT: Already open on symbol open=0.032% RT=-0.078%
2026-08-20 23:57:54.147 +04:00 [INF] Futures scan: 1 candidate(s), best RT=-0.080% open=0.030%
2026-08-20 23:57:54.148 +04:00 [INF] Paper skip SPCXUSDT: Already open on symbol open=0.030% RT=-0.080%
2026-08-20 23:57:55.181 +04:00 [INF] Futures scan: 1 candidate(s), best RT=-0.078% open=0.032%
2026-08-20 23:57:55.183 +04:00 [INF] Paper skip SPCXUSDT: Already open on symbol open=0.032% RT=-0.078%
2026-08-20 23:57:59.282 +04:00 [INF] Futures scan: 1 candidate(s), best RT=-0.083% open=0.027%
2026-08-20 23:57:59.284 +04:00 [INF] Paper skip SPCXUSDT: Already open on symbol open=0.027% RT=-0.083%
2026-08-20 23:58:00.316 +04:00 [INF] Futures scan: 1 candidate(s), best RT=-0.076% open=0.034%
2026-08-20 23:58:00.318 +04:00 [INF] Paper skip SPCXUSDT: Already open on symbol open=0.034% RT=-0.076%
2026-08-20 23:58:03.388 +04:00 [INF] Futures scan: 1 candidate(s), best RT=-0.083% open=0.027%
2026-08-20 23:58:03.389 +04:00 [INF] Paper skip SPCXUSDT: Already open on symbol open=0.027% RT=-0.083%
2026-08-20 23:58:52.643 +04:00 [INF] Futures scan: 3 candidate(s), best RT=-0.026% open=0.084%
2026-08-20 23:58:52.645 +04:00 [INF] FUT PAPER OPEN SUIUSDT L:Bitget S:Binance qty=2765.104383 lev=5x margin=400.00 edge=0.084%
2026-08-20 23:58:52.648 +04:00 [INF] Opened futures paper hedge (1): SUIUSDT: L Bitget@0.72 / S Binance@0.72 | RT -0.026% fund 0.000% → -0.026%
2026-08-20 23:58:52.648 +04:00 [INF] Paper skip SUIUSDT: Cooldown 4000ms open=0.055% RT=-0.060%
2026-08-20 23:58:52.649 +04:00 [INF] Paper skip ZECUSDT: Cooldown 4000ms open=0.046% RT=-0.059%
2026-08-20 23:58:53.677 +04:00 [INF] FUT PAPER CLOSE SUIUSDT pnl=0.2900 reason=converge lev=5x
2026-08-20 23:59:07.075 +04:00 [INF] Futures scan: 1 candidate(s), best RT=-0.079% open=0.031%
2026-08-20 23:59:07.076 +04:00 [INF] Paper skip SPCXUSDT: Already open on symbol open=0.031% RT=-0.079%
2026-08-20 23:59:14.260 +04:00 [INF] Futures scan: 1 candidate(s), best RT=-0.083% open=0.027%
2026-08-20 23:59:14.261 +04:00 [INF] Paper skip SPCXUSDT: Already open on symbol open=0.027% RT=-0.083%
2026-08-20 23:59:53.268 +04:00 [INF] Futures scan: 1 candidate(s), best RT=-0.083% open=0.027%
2026-08-20 23:59:53.270 +04:00 [INF] Paper skip SPCXUSDT: Already open on symbol open=0.027% RT=-0.083%
2026-08-20 23:59:54.292 +04:00 [INF] Futures scan: 1 candidate(s), best RT=-0.078% open=0.032%
2026-08-20 23:59:54.293 +04:00 [INF] Paper skip SPCXUSDT: Already open on symbol open=0.032% RT=-0.078%
