2026-08-18 19:04:09.845 +04:00 [INF] ArbitrageWorker starting. Mode: PAPER | Symbols: BTCUSDT, ETHUSDT, SOLUSDT, BTCUSDT, ETHUSDT, SOLUSDT | Exchanges: Binance, Bybit, OKX, Binance, Bybit, OKX
2026-08-18 19:04:09.960 +04:00 [INF] Spot order book BTCUSDT status changed: "Disconnected" => "Connecting"
2026-08-18 19:04:12.079 +04:00 [INF] [Sckt 1] subscription 1 completed successfully
2026-08-18 19:04:12.083 +04:00 [INF] Spot order book BTCUSDT status changed: "Connecting" => "Syncing"
2026-08-18 19:04:12.201 +04:00 [INF] Spot order book BTCUSDT status changed: "Syncing" => "Synced"
2026-08-18 19:04:12.203 +04:00 [INF] Order book started: Binance:BTCUSDT status="Synced"
2026-08-18 19:04:12.216 +04:00 [INF] V5 order book BTCUSDT status changed: "Disconnected" => "Connecting"
2026-08-18 19:04:13.491 +04:00 [INF] [Sckt 2] subscription 4 completed successfully
2026-08-18 19:04:13.492 +04:00 [INF] V5 order book BTCUSDT status changed: "Connecting" => "Syncing"
2026-08-18 19:04:13.552 +04:00 [INF] V5 order book BTCUSDT status changed: "Syncing" => "Synced"
2026-08-18 19:04:13.554 +04:00 [INF] Order book started: Bybit:BTCUSDT status="Synced"
2026-08-18 19:04:13.568 +04:00 [INF] Unified order book BTC-USDT status changed: "Disconnected" => "Connecting"
2026-08-18 19:04:15.010 +04:00 [INF] [Sckt 3] subscription 8 completed successfully
2026-08-18 19:04:15.011 +04:00 [INF] Unified order book BTC-USDT status changed: "Connecting" => "Syncing"
2026-08-18 19:04:15.547 +04:00 [INF] Unified order book BTC-USDT status changed: "Syncing" => "Synced"
2026-08-18 19:04:15.549 +04:00 [INF] Order book started: OKX:BTCUSDT status="Synced"
2026-08-18 19:04:15.549 +04:00 [INF] Spot order book BTCUSDT status changed: "Disconnected" => "Connecting"
2026-08-18 19:04:16.062 +04:00 [INF] [Sckt 1] subscription 10 completed successfully
2026-08-18 19:04:16.067 +04:00 [INF] Spot order book BTCUSDT status changed: "Connecting" => "Syncing"
2026-08-18 19:04:16.068 +04:00 [INF] Spot order book BTCUSDT status changed: "Syncing" => "Synced"
2026-08-18 19:04:16.069 +04:00 [INF] Order book started: Binance:BTCUSDT status="Synced"
2026-08-18 19:04:16.069 +04:00 [INF] V5 order book BTCUSDT status changed: "Disconnected" => "Connecting"
2026-08-18 19:04:36.084 +04:00 [WRN] [Sckt 2] failed to subscribe: [TimeoutError.Timeout] Failed to receive a response from the server in time
2026-08-18 19:04:36.089 +04:00 [INF] V5 order book BTCUSDT status changed: "Connecting" => "Disconnected"
2026-08-18 19:04:36.090 +04:00 [WRN] Failed to start order book Bybit:BTCUSDT: null
2026-08-18 19:04:36.308 +04:00 [INF] [Sckt 2] subscription 19 completed successfully
2026-08-18 19:04:36.311 +04:00 [INF] Book ticker WS subscribed: Bybit:BTCUSDT
2026-08-18 19:04:36.312 +04:00 [INF] Unified order book BTC-USDT status changed: "Disconnected" => "Connecting"
2026-08-18 19:04:36.631 +04:00 [INF] [Sckt 3] subscription 22 completed successfully
2026-08-18 19:04:36.632 +04:00 [INF] Unified order book BTC-USDT status changed: "Connecting" => "Syncing"
2026-08-18 19:05:06.639 +04:00 [INF] Unified order book BTC-USDT status changed: "Syncing" => "Disconnected"
2026-08-18 19:05:06.641 +04:00 [WRN] Failed to start order book OKX:BTCUSDT: null
2026-08-18 19:05:06.964 +04:00 [INF] [Sckt 3] subscription 27 completed successfully
2026-08-18 19:05:06.966 +04:00 [INF] Book ticker WS subscribed: OKX:BTCUSDT
2026-08-18 19:05:06.968 +04:00 [INF] Spot order book ETHUSDT status changed: "Disconnected" => "Connecting"
2026-08-18 19:05:07.333 +04:00 [INF] [Sckt 1] subscription 29 completed successfully
2026-08-18 19:05:07.334 +04:00 [INF] Spot order book ETHUSDT status changed: "Connecting" => "Syncing"
2026-08-18 19:05:07.452 +04:00 [INF] Spot order book ETHUSDT status changed: "Syncing" => "Synced"
2026-08-18 19:05:07.454 +04:00 [INF] Order book started: Binance:ETHUSDT status="Synced"
2026-08-18 19:05:07.455 +04:00 [INF] V5 order book ETHUSDT status changed: "Disconnected" => "Connecting"
2026-08-18 19:05:07.662 +04:00 [INF] [Sckt 2] subscription 32 completed successfully
2026-08-18 19:05:07.663 +04:00 [INF] V5 order book ETHUSDT status changed: "Connecting" => "Syncing"
2026-08-18 19:05:07.663 +04:00 [INF] V5 order book ETHUSDT status changed: "Syncing" => "Synced"
2026-08-18 19:05:07.664 +04:00 [INF] Order book started: Bybit:ETHUSDT status="Synced"
2026-08-18 19:05:07.665 +04:00 [INF] Unified order book ETH-USDT status changed: "Disconnected" => "Connecting"
2026-08-18 19:05:07.983 +04:00 [INF] [Sckt 3] subscription 35 completed successfully
2026-08-18 19:05:07.984 +04:00 [INF] Unified order book ETH-USDT status changed: "Connecting" => "Syncing"
2026-08-18 19:05:08.052 +04:00 [INF] Unified order book ETH-USDT status changed: "Syncing" => "Synced"
2026-08-18 19:05:08.054 +04:00 [INF] Order book started: OKX:ETHUSDT status="Synced"
2026-08-18 19:05:08.055 +04:00 [INF] Spot order book ETHUSDT status changed: "Disconnected" => "Connecting"
2026-08-18 19:05:08.436 +04:00 [INF] [Sckt 1] subscription 37 completed successfully
2026-08-18 19:05:08.437 +04:00 [INF] Spot order book ETHUSDT status changed: "Connecting" => "Syncing"
2026-08-18 19:05:08.438 +04:00 [INF] Spot order book ETHUSDT status changed: "Syncing" => "Synced"
2026-08-18 19:05:08.439 +04:00 [INF] Order book started: Binance:ETHUSDT status="Synced"
2026-08-18 19:05:08.440 +04:00 [INF] V5 order book ETHUSDT status changed: "Disconnected" => "Connecting"
2026-08-18 19:15:44.711 +04:00 [INF] ArbitrageWorker starting. Mode: PAPER | Symbols: BTCUSDT, ETHUSDT, SOLUSDT, BTCUSDT, ETHUSDT, SOLUSDT | Exchanges: Binance, Bybit, OKX, Binance, Bybit, OKX
2026-08-18 19:15:44.802 +04:00 [INF] Spot order book BTCUSDT status changed: "Disconnected" => "Connecting"
2026-08-18 19:15:46.792 +04:00 [INF] [Sckt 1] subscription 1 completed successfully
2026-08-18 19:15:46.799 +04:00 [INF] Spot order book BTCUSDT status changed: "Connecting" => "Syncing"
2026-08-18 19:15:46.859 +04:00 [INF] Spot order book BTCUSDT status changed: "Syncing" => "Synced"
2026-08-18 19:15:46.861 +04:00 [INF] Order book started: Binance:BTCUSDT status="Synced"
2026-08-18 19:15:46.877 +04:00 [INF] V5 order book BTCUSDT status changed: "Disconnected" => "Connecting"
2026-08-18 19:15:47.991 +04:00 [INF] [Sckt 2] subscription 4 completed successfully
2026-08-18 19:15:47.993 +04:00 [INF] V5 order book BTCUSDT status changed: "Connecting" => "Syncing"
2026-08-18 19:15:48.049 +04:00 [INF] V5 order book BTCUSDT status changed: "Syncing" => "Synced"
2026-08-18 19:15:48.050 +04:00 [INF] Order book started: Bybit:BTCUSDT status="Synced"
2026-08-18 19:15:48.060 +04:00 [INF] Unified order book BTC-USDT status changed: "Disconnected" => "Connecting"
2026-08-18 19:15:49.586 +04:00 [INF] [Sckt 3] subscription 8 completed successfully
2026-08-18 19:15:49.589 +04:00 [INF] Unified order book BTC-USDT status changed: "Connecting" => "Syncing"
2026-08-18 19:15:50.140 +04:00 [INF] Unified order book BTC-USDT status changed: "Syncing" => "Synced"
2026-08-18 19:15:50.141 +04:00 [INF] Order book started: OKX:BTCUSDT status="Synced"
2026-08-18 19:15:50.142 +04:00 [INF] Spot order book BTCUSDT status changed: "Disconnected" => "Connecting"
2026-08-18 19:15:50.491 +04:00 [INF] [Sckt 1] subscription 10 completed successfully
2026-08-18 19:15:50.493 +04:00 [INF] Spot order book BTCUSDT status changed: "Connecting" => "Syncing"
2026-08-18 19:15:50.494 +04:00 [INF] Spot order book BTCUSDT status changed: "Syncing" => "Synced"
2026-08-18 19:15:50.494 +04:00 [INF] Order book started: Binance:BTCUSDT status="Synced"
2026-08-18 19:15:50.495 +04:00 [INF] V5 order book BTCUSDT status changed: "Disconnected" => "Connecting"
2026-08-18 19:16:10.516 +04:00 [WRN] [Sckt 2] failed to subscribe: [TimeoutError.Timeout] Failed to receive a response from the server in time
2026-08-18 19:16:10.520 +04:00 [INF] V5 order book BTCUSDT status changed: "Connecting" => "Disconnected"
2026-08-18 19:16:10.521 +04:00 [WRN] Failed to start order book Bybit:BTCUSDT: null
2026-08-18 19:16:10.735 +04:00 [INF] [Sckt 2] subscription 19 completed successfully
2026-08-18 19:16:10.737 +04:00 [INF] Book ticker WS subscribed: Bybit:BTCUSDT
2026-08-18 19:16:10.738 +04:00 [INF] Unified order book BTC-USDT status changed: "Disconnected" => "Connecting"
2026-08-18 19:16:11.078 +04:00 [INF] [Sckt 3] subscription 22 completed successfully
2026-08-18 19:16:11.079 +04:00 [INF] Unified order book BTC-USDT status changed: "Connecting" => "Syncing"
2026-08-18 19:16:41.083 +04:00 [INF] Unified order book BTC-USDT status changed: "Syncing" => "Disconnected"
2026-08-18 19:16:41.085 +04:00 [WRN] Failed to start order book OKX:BTCUSDT: null
2026-08-18 19:16:41.428 +04:00 [INF] [Sckt 3] subscription 27 completed successfully
2026-08-18 19:16:41.429 +04:00 [INF] Book ticker WS subscribed: OKX:BTCUSDT
2026-08-18 19:16:41.430 +04:00 [INF] Spot order book ETHUSDT status changed: "Disconnected" => "Connecting"
2026-08-18 19:16:41.854 +04:00 [INF] [Sckt 1] subscription 29 completed successfully
2026-08-18 19:16:41.855 +04:00 [INF] Spot order book ETHUSDT status changed: "Connecting" => "Syncing"
2026-08-18 19:16:41.968 +04:00 [INF] Spot order book ETHUSDT status changed: "Syncing" => "Synced"
2026-08-18 19:16:41.970 +04:00 [INF] Order book started: Binance:ETHUSDT status="Synced"
2026-08-18 19:16:41.971 +04:00 [INF] V5 order book ETHUSDT status changed: "Disconnected" => "Connecting"
2026-08-18 19:16:42.179 +04:00 [INF] [Sckt 2] subscription 32 completed successfully
2026-08-18 19:16:42.181 +04:00 [INF] V5 order book ETHUSDT status changed: "Connecting" => "Syncing"
2026-08-18 19:16:42.183 +04:00 [INF] V5 order book ETHUSDT status changed: "Syncing" => "Synced"
2026-08-18 19:16:42.184 +04:00 [INF] Order book started: Bybit:ETHUSDT status="Synced"
2026-08-18 19:16:42.184 +04:00 [INF] Unified order book ETH-USDT status changed: "Disconnected" => "Connecting"
2026-08-18 19:16:42.523 +04:00 [INF] [Sckt 3] subscription 35 completed successfully
2026-08-18 19:16:42.525 +04:00 [INF] Unified order book ETH-USDT status changed: "Connecting" => "Syncing"
2026-08-18 19:16:42.587 +04:00 [INF] Unified order book ETH-USDT status changed: "Syncing" => "Synced"
2026-08-18 19:16:42.588 +04:00 [INF] Order book started: OKX:ETHUSDT status="Synced"
2026-08-18 19:16:42.589 +04:00 [INF] Spot order book ETHUSDT status changed: "Disconnected" => "Connecting"
2026-08-18 19:16:42.968 +04:00 [INF] [Sckt 1] subscription 37 completed successfully
2026-08-18 19:16:42.969 +04:00 [INF] Spot order book ETHUSDT status changed: "Connecting" => "Syncing"
2026-08-18 19:16:42.971 +04:00 [INF] Spot order book ETHUSDT status changed: "Syncing" => "Synced"
2026-08-18 19:16:42.973 +04:00 [INF] Order book started: Binance:ETHUSDT status="Synced"
2026-08-18 19:16:42.974 +04:00 [INF] V5 order book ETHUSDT status changed: "Disconnected" => "Connecting"
2026-08-18 19:17:02.988 +04:00 [WRN] [Sckt 2] failed to subscribe: [TimeoutError.Timeout] Failed to receive a response from the server in time
2026-08-18 19:17:02.989 +04:00 [INF] V5 order book ETHUSDT status changed: "Connecting" => "Disconnected"
2026-08-18 19:17:02.990 +04:00 [WRN] Failed to start order book Bybit:ETHUSDT: null
2026-08-18 19:17:03.190 +04:00 [INF] [Sckt 2] subscription 46 completed successfully
2026-08-18 19:17:03.192 +04:00 [INF] Book ticker WS subscribed: Bybit:ETHUSDT
2026-08-18 19:17:03.193 +04:00 [INF] Unified order book ETH-USDT status changed: "Disconnected" => "Connecting"
2026-08-18 19:17:03.533 +04:00 [INF] [Sckt 3] subscription 49 completed successfully
2026-08-18 19:17:03.534 +04:00 [INF] Unified order book ETH-USDT status changed: "Connecting" => "Syncing"
2026-08-18 19:17:33.588 +04:00 [INF] Unified order book ETH-USDT status changed: "Syncing" => "Disconnected"
2026-08-18 19:17:33.589 +04:00 [WRN] Failed to start order book OKX:ETHUSDT: null
2026-08-18 19:17:33.927 +04:00 [INF] [Sckt 3] subscription 57 completed successfully
2026-08-18 19:17:33.928 +04:00 [INF] Book ticker WS subscribed: OKX:ETHUSDT
2026-08-18 19:17:33.929 +04:00 [INF] Spot order book SOLUSDT status changed: "Disconnected" => "Connecting"
2026-08-18 19:17:34.335 +04:00 [INF] [Sckt 1] subscription 59 completed successfully
2026-08-18 19:17:34.337 +04:00 [INF] Spot order book SOLUSDT status changed: "Connecting" => "Syncing"
2026-08-18 19:17:34.763 +04:00 [INF] Spot order book SOLUSDT status changed: "Syncing" => "Synced"
2026-08-18 19:17:34.765 +04:00 [INF] Order book started: Binance:SOLUSDT status="Synced"
2026-08-18 19:17:34.765 +04:00 [INF] V5 order book SOLUSDT status changed: "Disconnected" => "Connecting"
2026-08-18 19:17:34.972 +04:00 [INF] [Sckt 2] subscription 62 completed successfully
2026-08-18 19:17:34.974 +04:00 [INF] V5 order book SOLUSDT status changed: "Connecting" => "Syncing"
2026-08-18 19:17:34.976 +04:00 [INF] V5 order book SOLUSDT status changed: "Syncing" => "Synced"
2026-08-18 19:17:34.978 +04:00 [INF] Order book started: Bybit:SOLUSDT status="Synced"
2026-08-18 19:17:34.979 +04:00 [INF] Unified order book SOL-USDT status changed: "Disconnected" => "Connecting"
2026-08-18 19:17:35.320 +04:00 [INF] [Sckt 3] subscription 65 completed successfully
2026-08-18 19:17:35.321 +04:00 [INF] Unified order book SOL-USDT status changed: "Connecting" => "Syncing"
2026-08-18 19:17:35.692 +04:00 [INF] Unified order book SOL-USDT status changed: "Syncing" => "Synced"
2026-08-18 19:17:35.694 +04:00 [INF] Order book started: OKX:SOLUSDT status="Synced"
2026-08-18 19:17:35.695 +04:00 [INF] Spot order book SOLUSDT status changed: "Disconnected" => "Connecting"
2026-08-18 19:17:36.038 +04:00 [INF] [Sckt 1] subscription 67 completed successfully
2026-08-18 19:17:36.039 +04:00 [INF] Spot order book SOLUSDT status changed: "Connecting" => "Syncing"
2026-08-18 19:17:36.040 +04:00 [INF] Spot order book SOLUSDT status changed: "Syncing" => "Synced"
2026-08-18 19:17:36.041 +04:00 [INF] Order book started: Binance:SOLUSDT status="Synced"
2026-08-18 19:17:36.041 +04:00 [INF] V5 order book SOLUSDT status changed: "Disconnected" => "Connecting"
2026-08-18 19:17:56.058 +04:00 [WRN] [Sckt 2] failed to subscribe: [TimeoutError.Timeout] Failed to receive a response from the server in time
2026-08-18 19:17:56.060 +04:00 [INF] V5 order book SOLUSDT status changed: "Connecting" => "Disconnected"
2026-08-18 19:17:56.061 +04:00 [WRN] Failed to start order book Bybit:SOLUSDT: null
2026-08-18 19:17:56.282 +04:00 [INF] [Sckt 2] subscription 76 completed successfully
2026-08-18 19:17:56.284 +04:00 [INF] Book ticker WS subscribed: Bybit:SOLUSDT
2026-08-18 19:17:56.286 +04:00 [INF] Unified order book SOL-USDT status changed: "Disconnected" => "Connecting"
2026-08-18 19:17:56.627 +04:00 [INF] [Sckt 3] subscription 79 completed successfully
2026-08-18 19:17:56.628 +04:00 [INF] Unified order book SOL-USDT status changed: "Connecting" => "Syncing"
2026-08-18 19:18:26.659 +04:00 [INF] Unified order book SOL-USDT status changed: "Syncing" => "Disconnected"
2026-08-18 19:18:26.661 +04:00 [WRN] Failed to start order book OKX:SOLUSDT: null
2026-08-18 19:18:26.999 +04:00 [INF] [Sckt 3] subscription 84 completed successfully
2026-08-18 19:18:27.000 +04:00 [INF] Book ticker WS subscribed: OKX:SOLUSDT
2026-08-18 19:18:27.001 +04:00 [INF] Spot order book BTCUSDT status changed: "Disconnected" => "Connecting"
2026-08-18 19:18:27.416 +04:00 [INF] [Sckt 1] subscription 86 completed successfully
2026-08-18 19:18:27.418 +04:00 [INF] Spot order book BTCUSDT status changed: "Connecting" => "Syncing"
2026-08-18 19:18:27.419 +04:00 [INF] Spot order book BTCUSDT status changed: "Syncing" => "Synced"
2026-08-18 19:18:27.420 +04:00 [INF] Order book started: Binance:BTCUSDT status="Synced"
2026-08-18 19:18:27.421 +04:00 [INF] V5 order book BTCUSDT status changed: "Disconnected" => "Connecting"
2026-08-18 19:18:47.427 +04:00 [WRN] [Sckt 2] failed to subscribe: [TimeoutError.Timeout] Failed to receive a response from the server in time
2026-08-18 19:18:47.431 +04:00 [INF] V5 order book BTCUSDT status changed: "Connecting" => "Disconnected"
2026-08-18 19:18:47.432 +04:00 [WRN] Failed to start order book Bybit:BTCUSDT: null
2026-08-18 19:19:07.442 +04:00 [WRN] [Sckt 2] failed to subscribe: [TimeoutError.Timeout] Failed to receive a response from the server in time
2026-08-18 19:19:07.444 +04:00 [WRN] Book ticker subscribe failed Bybit:BTCUSDT: null
2026-08-18 19:19:07.445 +04:00 [INF] Unified order book BTC-USDT status changed: "Disconnected" => "Connecting"
2026-08-18 19:19:07.782 +04:00 [INF] [Sckt 3] subscription 101 completed successfully
2026-08-18 19:19:07.783 +04:00 [INF] Unified order book BTC-USDT status changed: "Connecting" => "Syncing"
2026-08-18 19:19:37.808 +04:00 [INF] Unified order book BTC-USDT status changed: "Syncing" => "Disconnected"
2026-08-18 19:19:37.810 +04:00 [WRN] Failed to start order book OKX:BTCUSDT: null
2026-08-18 19:19:38.147 +04:00 [INF] [Sckt 3] subscription 109 completed successfully
2026-08-18 19:19:38.150 +04:00 [INF] Book ticker WS subscribed: OKX:BTCUSDT
2026-08-18 19:19:38.151 +04:00 [INF] Spot order book BTCUSDT status changed: "Disconnected" => "Connecting"
2026-08-18 19:19:38.556 +04:00 [INF] [Sckt 1] subscription 111 completed successfully
2026-08-18 19:19:38.557 +04:00 [INF] Spot order book BTCUSDT status changed: "Connecting" => "Syncing"
2026-08-18 19:19:38.558 +04:00 [INF] Spot order book BTCUSDT status changed: "Syncing" => "Synced"
2026-08-18 19:19:38.559 +04:00 [INF] Order book started: Binance:BTCUSDT status="Synced"
2026-08-18 19:19:38.560 +04:00 [INF] V5 order book BTCUSDT status changed: "Disconnected" => "Connecting"
2026-08-18 19:19:58.562 +04:00 [WRN] [Sckt 2] failed to subscribe: [TimeoutError.Timeout] Failed to receive a response from the server in time
2026-08-18 19:19:58.565 +04:00 [INF] V5 order book BTCUSDT status changed: "Connecting" => "Disconnected"
2026-08-18 19:19:58.566 +04:00 [WRN] Failed to start order book Bybit:BTCUSDT: null
2026-08-18 19:20:18.572 +04:00 [WRN] [Sckt 2] failed to subscribe: [TimeoutError.Timeout] Failed to receive a response from the server in time
2026-08-18 19:20:18.573 +04:00 [WRN] Book ticker subscribe failed Bybit:BTCUSDT: null
2026-08-18 19:20:18.574 +04:00 [INF] Unified order book BTC-USDT status changed: "Disconnected" => "Connecting"
2026-08-18 19:20:18.910 +04:00 [INF] [Sckt 3] subscription 126 completed successfully
2026-08-18 19:20:18.912 +04:00 [INF] Unified order book BTC-USDT status changed: "Connecting" => "Syncing"
2026-08-18 19:20:48.922 +04:00 [INF] Unified order book BTC-USDT status changed: "Syncing" => "Disconnected"
2026-08-18 19:20:48.925 +04:00 [WRN] Failed to start order book OKX:BTCUSDT: null
2026-08-18 19:20:49.264 +04:00 [INF] [Sckt 3] subscription 131 completed successfully
2026-08-18 19:20:49.265 +04:00 [INF] Book ticker WS subscribed: OKX:BTCUSDT
2026-08-18 19:20:49.266 +04:00 [INF] Spot order book ETHUSDT status changed: "Disconnected" => "Connecting"
2026-08-18 19:20:49.603 +04:00 [INF] [Sckt 1] subscription 133 completed successfully
2026-08-18 19:20:49.605 +04:00 [INF] Spot order book ETHUSDT status changed: "Connecting" => "Syncing"
2026-08-18 19:20:49.606 +04:00 [INF] Spot order book ETHUSDT status changed: "Syncing" => "Synced"
2026-08-18 19:20:49.607 +04:00 [INF] Order book started: Binance:ETHUSDT status="Synced"
2026-08-18 19:20:49.608 +04:00 [INF] V5 order book ETHUSDT status changed: "Disconnected" => "Connecting"
2026-08-18 19:21:09.614 +04:00 [WRN] [Sckt 2] failed to subscribe: [TimeoutError.Timeout] Failed to receive a response from the server in time
2026-08-18 19:21:09.616 +04:00 [INF] V5 order book ETHUSDT status changed: "Connecting" => "Disconnected"
2026-08-18 19:21:09.617 +04:00 [WRN] Failed to start order book Bybit:ETHUSDT: null
2026-08-18 19:21:29.626 +04:00 [WRN] [Sckt 2] failed to subscribe: [TimeoutError.Timeout] Failed to receive a response from the server in time
2026-08-18 19:21:29.628 +04:00 [WRN] Book ticker subscribe failed Bybit:ETHUSDT: null
2026-08-18 19:21:29.628 +04:00 [INF] Unified order book ETH-USDT status changed: "Disconnected" => "Connecting"
2026-08-18 19:21:29.966 +04:00 [INF] [Sckt 3] subscription 148 completed successfully
2026-08-18 19:21:29.967 +04:00 [INF] Unified order book ETH-USDT status changed: "Connecting" => "Syncing"
2026-08-18 19:22:00.024 +04:00 [INF] Unified order book ETH-USDT status changed: "Syncing" => "Disconnected"
2026-08-18 19:22:00.027 +04:00 [WRN] Failed to start order book OKX:ETHUSDT: null
2026-08-18 19:22:00.366 +04:00 [INF] [Sckt 3] subscription 156 completed successfully
2026-08-18 19:22:00.367 +04:00 [INF] Book ticker WS subscribed: OKX:ETHUSDT
2026-08-18 19:22:00.369 +04:00 [INF] Spot order book ETHUSDT status changed: "Disconnected" => "Connecting"
2026-08-18 19:22:00.749 +04:00 [INF] [Sckt 1] subscription 158 completed successfully
2026-08-18 19:22:00.751 +04:00 [INF] Spot order book ETHUSDT status changed: "Connecting" => "Syncing"
2026-08-18 19:22:00.752 +04:00 [INF] Spot order book ETHUSDT status changed: "Syncing" => "Synced"
2026-08-18 19:22:00.752 +04:00 [INF] Order book started: Binance:ETHUSDT status="Synced"
2026-08-18 19:22:00.753 +04:00 [INF] V5 order book ETHUSDT status changed: "Disconnected" => "Connecting"
2026-08-18 19:52:32.004 +04:00 [INF] ArbitrageWorker starting. Mode: PAPER | Symbols: BTCUSDT, ETHUSDT, SOLUSDT | Exchanges: Binance, Bybit, OKX
2026-08-18 19:52:32.101 +04:00 [INF] Spot order book BTCUSDT status changed: "Disconnected" => "Connecting"
2026-08-18 19:52:34.166 +04:00 [INF] [Sckt 1] subscription 1 completed successfully
2026-08-18 19:52:34.170 +04:00 [INF] Spot order book BTCUSDT status changed: "Connecting" => "Syncing"
2026-08-18 19:52:34.235 +04:00 [INF] Spot order book BTCUSDT status changed: "Syncing" => "Synced"
2026-08-18 19:52:34.237 +04:00 [INF] Order book started: Binance:BTCUSDT status="Synced"
2026-08-18 19:52:34.248 +04:00 [INF] V5 order book BTCUSDT status changed: "Disconnected" => "Connecting"
2026-08-18 19:52:35.187 +04:00 [INF] [Sckt 2] subscription 4 completed successfully
2026-08-18 19:52:35.188 +04:00 [INF] V5 order book BTCUSDT status changed: "Connecting" => "Syncing"
2026-08-18 19:52:35.253 +04:00 [INF] V5 order book BTCUSDT status changed: "Syncing" => "Synced"
2026-08-18 19:52:35.254 +04:00 [INF] Order book started: Bybit:BTCUSDT status="Synced"
2026-08-18 19:52:35.263 +04:00 [INF] Unified order book BTC-USDT status changed: "Disconnected" => "Connecting"
2026-08-18 19:52:36.655 +04:00 [INF] [Sckt 3] subscription 8 completed successfully
2026-08-18 19:52:36.658 +04:00 [INF] Unified order book BTC-USDT status changed: "Connecting" => "Syncing"
2026-08-18 19:52:37.212 +04:00 [INF] Unified order book BTC-USDT status changed: "Syncing" => "Synced"
2026-08-18 19:52:37.213 +04:00 [INF] Order book started: OKX:BTCUSDT status="Synced"
2026-08-18 19:52:37.214 +04:00 [INF] Spot order book ETHUSDT status changed: "Disconnected" => "Connecting"
2026-08-18 19:52:37.589 +04:00 [INF] [Sckt 1] subscription 10 completed successfully
2026-08-18 19:52:37.592 +04:00 [INF] Spot order book ETHUSDT status changed: "Connecting" => "Syncing"
2026-08-18 19:52:37.709 +04:00 [INF] Spot order book ETHUSDT status changed: "Syncing" => "Synced"
2026-08-18 19:52:37.710 +04:00 [INF] Order book started: Binance:ETHUSDT status="Synced"
2026-08-18 19:52:37.711 +04:00 [INF] V5 order book ETHUSDT status changed: "Disconnected" => "Connecting"
2026-08-18 19:52:37.928 +04:00 [INF] [Sckt 2] subscription 13 completed successfully
2026-08-18 19:52:37.930 +04:00 [INF] V5 order book ETHUSDT status changed: "Connecting" => "Syncing"
2026-08-18 19:52:37.931 +04:00 [INF] V5 order book ETHUSDT status changed: "Syncing" => "Synced"
2026-08-18 19:52:37.932 +04:00 [INF] Order book started: Bybit:ETHUSDT status="Synced"
2026-08-18 19:52:37.932 +04:00 [INF] Unified order book ETH-USDT status changed: "Disconnected" => "Connecting"
2026-08-18 19:52:38.257 +04:00 [INF] [Sckt 3] subscription 16 completed successfully
2026-08-18 19:52:38.259 +04:00 [INF] Unified order book ETH-USDT status changed: "Connecting" => "Syncing"
2026-08-18 19:52:38.376 +04:00 [INF] Unified order book ETH-USDT status changed: "Syncing" => "Synced"
2026-08-18 19:52:38.378 +04:00 [INF] Order book started: OKX:ETHUSDT status="Synced"
2026-08-18 19:52:38.379 +04:00 [INF] Spot order book SOLUSDT status changed: "Disconnected" => "Connecting"
2026-08-18 19:52:38.782 +04:00 [INF] [Sckt 1] subscription 18 completed successfully
2026-08-18 19:52:38.783 +04:00 [INF] Spot order book SOLUSDT status changed: "Connecting" => "Syncing"
2026-08-18 19:52:38.966 +04:00 [INF] Spot order book SOLUSDT status changed: "Syncing" => "Synced"
2026-08-18 19:52:38.968 +04:00 [INF] Order book started: Binance:SOLUSDT status="Synced"
2026-08-18 19:52:38.969 +04:00 [INF] V5 order book SOLUSDT status changed: "Disconnected" => "Connecting"
2026-08-18 19:52:39.218 +04:00 [INF] [Sckt 2] subscription 21 completed successfully
2026-08-18 19:52:39.218 +04:00 [INF] V5 order book SOLUSDT status changed: "Connecting" => "Syncing"
2026-08-18 19:52:39.219 +04:00 [INF] V5 order book SOLUSDT status changed: "Syncing" => "Synced"
2026-08-18 19:52:39.220 +04:00 [INF] Order book started: Bybit:SOLUSDT status="Synced"
2026-08-18 19:52:39.221 +04:00 [INF] Unified order book SOL-USDT status changed: "Disconnected" => "Connecting"
2026-08-18 19:52:39.544 +04:00 [INF] [Sckt 3] subscription 24 completed successfully
2026-08-18 19:52:39.548 +04:00 [INF] Unified order book SOL-USDT status changed: "Connecting" => "Syncing"
2026-08-18 19:52:39.910 +04:00 [INF] Unified order book SOL-USDT status changed: "Syncing" => "Synced"
2026-08-18 19:52:39.911 +04:00 [INF] Order book started: OKX:SOLUSDT status="Synced"
2026-08-18 19:52:39.913 +04:00 [INF] Order books started. Status: OKX:SOLUSDT=Synced; Binance:BTCUSDT=Synced; Binance:SOLUSDT=Synced; Bybit:BTCUSDT=Synced; OKX:BTCUSDT=Synced; Bybit:ETHUSDT=Synced; Bybit:SOLUSDT=Synced; Binance:ETHUSDT=Synced; OKX:ETHUSDT=Synced
2026-08-18 20:39:22.747 +04:00 [WRN] [Sckt 3] error: Websocket error code "ConnectionClosedPrematurely", details: The remote party closed the WebSocket connection without completing the close handshake.
System.Net.WebSockets.WebSocketException (0x80004005): The remote party closed the WebSocket connection without completing the close handshake.
   at System.Net.WebSockets.ManagedWebSocket.ThrowEOFUnexpected()
   at System.Net.WebSockets.ManagedWebSocket.EnsureBufferContainsAsync(Int32 minimumRequiredBytes, CancellationToken cancellationToken)
   at System.Runtime.CompilerServices.PoolingAsyncValueTaskMethodBuilder`1.StateMachineBox`1.System.Threading.Tasks.Sources.IValueTaskSource.GetResult(Int16 token)
   at System.Net.WebSockets.ManagedWebSocket.ReceiveAsyncPrivate[TResult](Memory`1 payloadBuffer, CancellationToken cancellationToken)
   at CryptoExchange.Net.Sockets.Default.CryptoExchangeWebSocketClient.ReceiveLoopNewAsync()
2026-08-18 20:39:22.777 +04:00 [WRN] Unified order book BTC-USDT connection lost
2026-08-18 20:39:22.778 +04:00 [INF] Unified order book BTC-USDT status changed: "Synced" => "Reconnecting"
2026-08-18 20:39:22.779 +04:00 [WRN] Unified order book ETH-USDT connection lost
2026-08-18 20:39:22.780 +04:00 [INF] Unified order book ETH-USDT status changed: "Synced" => "Reconnecting"
2026-08-18 20:39:22.781 +04:00 [WRN] Unified order book SOL-USDT connection lost
2026-08-18 20:39:22.782 +04:00 [INF] Unified order book SOL-USDT status changed: "Synced" => "Reconnecting"
2026-08-18 20:39:24.137 +04:00 [INF] Unified order book BTC-USDT status changed: "Reconnecting" => "Syncing"
2026-08-18 20:39:24.140 +04:00 [INF] Unified order book ETH-USDT status changed: "Reconnecting" => "Syncing"
2026-08-18 20:39:24.141 +04:00 [INF] Unified order book SOL-USDT status changed: "Reconnecting" => "Syncing"
2026-08-18 20:39:24.634 +04:00 [INF] Unified order book ETH-USDT successfully resynchronized
2026-08-18 20:39:24.635 +04:00 [INF] Unified order book ETH-USDT status changed: "Syncing" => "Synced"
2026-08-18 20:39:24.819 +04:00 [INF] Unified order book SOL-USDT successfully resynchronized
2026-08-18 20:39:24.820 +04:00 [INF] Unified order book SOL-USDT status changed: "Syncing" => "Synced"
2026-08-18 20:39:24.942 +04:00 [INF] Unified order book BTC-USDT successfully resynchronized
2026-08-18 20:39:24.944 +04:00 [INF] Unified order book BTC-USDT status changed: "Syncing" => "Synced"
2026-08-18 20:45:26.574 +04:00 [INF] ArbitrageWorker starting. Mode: PAPER | Symbols: BTCUSDT, ETHUSDT, SOLUSDT, ACEUSDT | Exchanges: Binance, Bybit, OKX | PaperAuto=true
2026-08-18 20:45:26.599 +04:00 [INF] Paper portfolio initialized. Quote=10000 per exchange, exchanges=3
2026-08-18 20:45:26.674 +04:00 [INF] Spot order book BTCUSDT status changed: "Disconnected" => "Connecting"
2026-08-18 20:45:28.630 +04:00 [INF] [Sckt 1] subscription 1 completed successfully
2026-08-18 20:45:28.635 +04:00 [INF] Spot order book BTCUSDT status changed: "Connecting" => "Syncing"
2026-08-18 20:45:28.762 +04:00 [INF] Spot order book BTCUSDT status changed: "Syncing" => "Synced"
2026-08-18 20:45:28.763 +04:00 [INF] Order book started: Binance:BTCUSDT status="Synced"
2026-08-18 20:45:28.774 +04:00 [INF] V5 order book BTCUSDT status changed: "Disconnected" => "Connecting"
2026-08-18 20:45:30.031 +04:00 [INF] [Sckt 2] subscription 4 completed successfully
2026-08-18 20:45:30.033 +04:00 [INF] V5 order book BTCUSDT status changed: "Connecting" => "Syncing"
2026-08-18 20:45:30.094 +04:00 [INF] V5 order book BTCUSDT status changed: "Syncing" => "Synced"
2026-08-18 20:45:30.096 +04:00 [INF] Order book started: Bybit:BTCUSDT status="Synced"
2026-08-18 20:45:30.105 +04:00 [INF] Unified order book BTC-USDT status changed: "Disconnected" => "Connecting"
2026-08-18 20:45:31.485 +04:00 [INF] [Sckt 3] subscription 8 completed successfully
2026-08-18 20:45:31.487 +04:00 [INF] Unified order book BTC-USDT status changed: "Connecting" => "Syncing"
2026-08-18 20:45:31.849 +04:00 [INF] Unified order book BTC-USDT status changed: "Syncing" => "Synced"
2026-08-18 20:45:31.851 +04:00 [INF] Order book started: OKX:BTCUSDT status="Synced"
2026-08-18 20:45:31.852 +04:00 [INF] Spot order book ETHUSDT status changed: "Disconnected" => "Connecting"
2026-08-18 20:45:32.229 +04:00 [INF] [Sckt 1] subscription 10 completed successfully
2026-08-18 20:45:32.232 +04:00 [INF] Spot order book ETHUSDT status changed: "Connecting" => "Syncing"
2026-08-18 20:45:32.348 +04:00 [INF] Spot order book ETHUSDT status changed: "Syncing" => "Synced"
2026-08-18 20:45:32.350 +04:00 [INF] Order book started: Binance:ETHUSDT status="Synced"
2026-08-18 20:45:32.351 +04:00 [INF] V5 order book ETHUSDT status changed: "Disconnected" => "Connecting"
2026-08-18 20:45:32.554 +04:00 [INF] [Sckt 2] subscription 13 completed successfully
2026-08-18 20:45:32.556 +04:00 [INF] V5 order book ETHUSDT status changed: "Connecting" => "Syncing"
2026-08-18 20:45:32.556 +04:00 [INF] V5 order book ETHUSDT status changed: "Syncing" => "Synced"
2026-08-18 20:45:32.557 +04:00 [INF] Order book started: Bybit:ETHUSDT status="Synced"
2026-08-18 20:45:32.557 +04:00 [INF] Unified order book ETH-USDT status changed: "Disconnected" => "Connecting"
2026-08-18 20:45:32.881 +04:00 [INF] [Sckt 3] subscription 16 completed successfully
2026-08-18 20:45:32.883 +04:00 [INF] Unified order book ETH-USDT status changed: "Connecting" => "Syncing"
2026-08-18 20:45:33.002 +04:00 [INF] Unified order book ETH-USDT status changed: "Syncing" => "Synced"
2026-08-18 20:45:33.003 +04:00 [INF] Order book started: OKX:ETHUSDT status="Synced"
2026-08-18 20:45:33.005 +04:00 [INF] Spot order book SOLUSDT status changed: "Disconnected" => "Connecting"
2026-08-18 20:45:33.433 +04:00 [INF] [Sckt 1] subscription 18 completed successfully
2026-08-18 20:45:33.434 +04:00 [INF] Spot order book SOLUSDT status changed: "Connecting" => "Syncing"
2026-08-18 20:45:33.680 +04:00 [INF] Spot order book SOLUSDT status changed: "Syncing" => "Synced"
2026-08-18 20:45:33.683 +04:00 [INF] Order book started: Binance:SOLUSDT status="Synced"
2026-08-18 20:45:33.688 +04:00 [INF] V5 order book SOLUSDT status changed: "Disconnected" => "Connecting"
2026-08-18 20:45:33.893 +04:00 [INF] [Sckt 2] subscription 21 completed successfully
2026-08-18 20:45:33.894 +04:00 [INF] V5 order book SOLUSDT status changed: "Connecting" => "Syncing"
2026-08-18 20:45:33.895 +04:00 [INF] V5 order book SOLUSDT status changed: "Syncing" => "Synced"
2026-08-18 20:45:33.896 +04:00 [INF] Order book started: Bybit:SOLUSDT status="Synced"
2026-08-18 20:45:33.897 +04:00 [INF] Unified order book SOL-USDT status changed: "Disconnected" => "Connecting"
2026-08-18 20:45:34.236 +04:00 [INF] [Sckt 3] subscription 24 completed successfully
2026-08-18 20:45:34.238 +04:00 [INF] Unified order book SOL-USDT status changed: "Connecting" => "Syncing"
2026-08-18 20:45:34.545 +04:00 [INF] Unified order book SOL-USDT status changed: "Syncing" => "Synced"
2026-08-18 20:45:34.546 +04:00 [INF] Order book started: OKX:SOLUSDT status="Synced"
2026-08-18 20:45:34.547 +04:00 [INF] Spot order book ACEUSDT status changed: "Disconnected" => "Connecting"
2026-08-18 20:45:34.934 +04:00 [INF] [Sckt 1] subscription 26 completed successfully
2026-08-18 20:45:34.937 +04:00 [INF] Spot order book ACEUSDT status changed: "Connecting" => "Syncing"
2026-08-18 20:45:35.061 +04:00 [INF] Spot order book ACEUSDT status changed: "Syncing" => "Synced"
2026-08-18 20:45:35.065 +04:00 [INF] Order book started: Binance:ACEUSDT status="Synced"
2026-08-18 20:45:35.068 +04:00 [INF] V5 order book ACEUSDT status changed: "Disconnected" => "Connecting"
2026-08-18 20:45:35.297 +04:00 [WRN] [Sckt 2] failed to subscribe: [ServerError.UnknownSymbol] Invalid symbol :[orderbook.50.ACEUSDT]
2026-08-18 20:45:35.506 +04:00 [INF] [Sckt 2] subscription 29 unsubscribed
2026-08-18 20:45:35.508 +04:00 [INF] V5 order book ACEUSDT status changed: "Connecting" => "Disconnected"
2026-08-18 20:45:35.510 +04:00 [WRN] Failed to start order book Bybit:ACEUSDT: Invalid symbol :[orderbook.50.ACEUSDT]
2026-08-18 20:45:35.736 +04:00 [WRN] [Sckt 2] failed to subscribe: [ServerError.UnknownSymbol] Invalid symbol :[orderbook.1.ACEUSDT]
2026-08-18 20:45:35.943 +04:00 [INF] [Sckt 2] subscription 34 unsubscribed
2026-08-18 20:45:35.945 +04:00 [WRN] Book ticker subscribe failed Bybit:ACEUSDT: Invalid symbol :[orderbook.1.ACEUSDT]
2026-08-18 20:45:35.946 +04:00 [INF] Unified order book ACE-USDT status changed: "Disconnected" => "Connecting"
2026-08-18 20:45:36.278 +04:00 [INF] [Sckt 3] subscription 39 completed successfully
2026-08-18 20:45:36.279 +04:00 [INF] Unified order book ACE-USDT status changed: "Connecting" => "Syncing"
2026-08-18 20:45:36.340 +04:00 [INF] Unified order book ACE-USDT status changed: "Syncing" => "Synced"
2026-08-18 20:45:36.343 +04:00 [INF] Order book started: OKX:ACEUSDT status="Synced"
2026-08-18 20:45:36.345 +04:00 [INF] Order books started. Status: OKX:SOLUSDT=Synced; Binance:BTCUSDT=Synced; Binance:SOLUSDT=Synced; OKX:ACEUSDT=Synced; Bybit:ACEUSDT=ticker-fail: Invalid symbol :[orderbook.1.ACEUSDT]; Bybit:BTCUSDT=Synced; OKX:BTCUSDT=Synced; Binance:ACEUSDT=Synced; Bybit:ETHUSDT=Synced; Bybit:SOLUSDT=Synced; Binance:ETHUSDT=Synced; OKX:ETHUSDT=Synced
2026-08-18 20:47:05.751 +04:00 [INF] ArbitrageWorker starting. Mode: PAPER | Symbols: BTCUSDT, ETHUSDT, SOLUSDT, MUUSDT | Exchanges: Binance, Bybit, OKX | PaperAuto=true
2026-08-18 20:47:05.779 +04:00 [INF] Paper portfolio initialized. Quote=10000 per exchange, exchanges=3
2026-08-18 20:47:05.864 +04:00 [INF] Spot order book BTCUSDT status changed: "Disconnected" => "Connecting"
2026-08-18 20:47:07.796 +04:00 [INF] [Sckt 1] subscription 1 completed successfully
2026-08-18 20:47:07.801 +04:00 [INF] Spot order book BTCUSDT status changed: "Connecting" => "Syncing"
2026-08-18 20:47:07.869 +04:00 [INF] Spot order book BTCUSDT status changed: "Syncing" => "Synced"
2026-08-18 20:47:07.871 +04:00 [INF] Order book started: Binance:BTCUSDT status="Synced"
2026-08-18 20:47:07.882 +04:00 [INF] V5 order book BTCUSDT status changed: "Disconnected" => "Connecting"
2026-08-18 20:47:09.058 +04:00 [INF] [Sckt 2] subscription 4 completed successfully
2026-08-18 20:47:09.060 +04:00 [INF] V5 order book BTCUSDT status changed: "Connecting" => "Syncing"
2026-08-18 20:47:09.125 +04:00 [INF] V5 order book BTCUSDT status changed: "Syncing" => "Synced"
2026-08-18 20:47:09.128 +04:00 [INF] Order book started: Bybit:BTCUSDT status="Synced"
2026-08-18 20:47:09.137 +04:00 [INF] Unified order book BTC-USDT status changed: "Disconnected" => "Connecting"
2026-08-18 20:47:10.667 +04:00 [INF] [Sckt 3] subscription 8 completed successfully
2026-08-18 20:47:10.669 +04:00 [INF] Unified order book BTC-USDT status changed: "Connecting" => "Syncing"
2026-08-18 20:47:11.158 +04:00 [INF] Unified order book BTC-USDT status changed: "Syncing" => "Synced"
2026-08-18 20:47:11.159 +04:00 [INF] Order book started: OKX:BTCUSDT status="Synced"
2026-08-18 20:47:11.160 +04:00 [INF] Spot order book ETHUSDT status changed: "Disconnected" => "Connecting"
2026-08-18 20:47:11.589 +04:00 [INF] [Sckt 1] subscription 10 completed successfully
2026-08-18 20:47:11.592 +04:00 [INF] Spot order book ETHUSDT status changed: "Connecting" => "Syncing"
2026-08-18 20:47:11.647 +04:00 [INF] Spot order book ETHUSDT status changed: "Syncing" => "Synced"
2026-08-18 20:47:11.648 +04:00 [INF] Order book started: Binance:ETHUSDT status="Synced"
2026-08-18 20:47:11.648 +04:00 [INF] V5 order book ETHUSDT status changed: "Disconnected" => "Connecting"
2026-08-18 20:47:11.866 +04:00 [INF] [Sckt 2] subscription 13 completed successfully
2026-08-18 20:47:11.867 +04:00 [INF] V5 order book ETHUSDT status changed: "Connecting" => "Syncing"
2026-08-18 20:47:11.869 +04:00 [INF] V5 order book ETHUSDT status changed: "Syncing" => "Synced"
2026-08-18 20:47:11.869 +04:00 [INF] Order book started: Bybit:ETHUSDT status="Synced"
2026-08-18 20:47:11.870 +04:00 [INF] Unified order book ETH-USDT status changed: "Disconnected" => "Connecting"
2026-08-18 20:47:12.197 +04:00 [INF] [Sckt 3] subscription 16 completed successfully
2026-08-18 20:47:12.199 +04:00 [INF] Unified order book ETH-USDT status changed: "Connecting" => "Syncing"
2026-08-18 20:47:12.322 +04:00 [INF] Unified order book ETH-USDT status changed: "Syncing" => "Synced"
2026-08-18 20:47:12.323 +04:00 [INF] Order book started: OKX:ETHUSDT status="Synced"
2026-08-18 20:47:12.325 +04:00 [INF] Spot order book SOLUSDT status changed: "Disconnected" => "Connecting"
2026-08-18 20:47:12.691 +04:00 [INF] [Sckt 1] subscription 18 completed successfully
2026-08-18 20:47:12.692 +04:00 [INF] Spot order book SOLUSDT status changed: "Connecting" => "Syncing"
2026-08-18 20:47:12.996 +04:00 [INF] Spot order book SOLUSDT status changed: "Syncing" => "Synced"
2026-08-18 20:47:12.998 +04:00 [INF] Order book started: Binance:SOLUSDT status="Synced"
2026-08-18 20:47:12.998 +04:00 [INF] V5 order book SOLUSDT status changed: "Disconnected" => "Connecting"
2026-08-18 20:47:13.198 +04:00 [INF] [Sckt 2] subscription 21 completed successfully
2026-08-18 20:47:13.200 +04:00 [INF] V5 order book SOLUSDT status changed: "Connecting" => "Syncing"
2026-08-18 20:47:13.201 +04:00 [INF] V5 order book SOLUSDT status changed: "Syncing" => "Synced"
2026-08-18 20:47:13.202 +04:00 [INF] Order book started: Bybit:SOLUSDT status="Synced"
2026-08-18 20:47:13.203 +04:00 [INF] Unified order book SOL-USDT status changed: "Disconnected" => "Connecting"
2026-08-18 20:47:13.530 +04:00 [INF] [Sckt 3] subscription 24 completed successfully
2026-08-18 20:47:13.531 +04:00 [INF] Unified order book SOL-USDT status changed: "Connecting" => "Syncing"
2026-08-18 20:47:13.838 +04:00 [INF] Unified order book SOL-USDT status changed: "Syncing" => "Synced"
2026-08-18 20:47:13.840 +04:00 [INF] Order book started: OKX:SOLUSDT status="Synced"
2026-08-18 20:47:13.841 +04:00 [INF] Spot order book MUUSDT status changed: "Disconnected" => "Connecting"
2026-08-18 20:47:14.195 +04:00 [INF] [Sckt 1] subscription 26 completed successfully
2026-08-18 20:47:14.198 +04:00 [INF] Spot order book MUUSDT status changed: "Connecting" => "Syncing"
2026-08-18 20:47:44.601 +04:00 [INF] [Sckt 1] subscription 26 unsubscribed
2026-08-18 20:47:44.602 +04:00 [INF] Spot order book MUUSDT status changed: "Syncing" => "Disconnected"
2026-08-18 20:47:44.603 +04:00 [WRN] Failed to start order book Binance:MUUSDT: null
2026-08-18 20:47:45.000 +04:00 [INF] [Sckt 1] subscription 34 completed successfully
2026-08-18 20:47:45.003 +04:00 [INF] Book ticker WS subscribed: Binance:MUUSDT
2026-08-18 20:47:45.003 +04:00 [INF] V5 order book MUUSDT status changed: "Disconnected" => "Connecting"
2026-08-18 20:47:45.210 +04:00 [WRN] [Sckt 2] failed to subscribe: [ServerError.UnknownSymbol] Invalid symbol :[orderbook.50.MUUSDT]
2026-08-18 20:47:45.409 +04:00 [INF] [Sckt 2] subscription 37 unsubscribed
2026-08-18 20:47:45.411 +04:00 [INF] V5 order book MUUSDT status changed: "Connecting" => "Disconnected"
2026-08-18 20:47:45.413 +04:00 [WRN] Failed to start order book Bybit:MUUSDT: Invalid symbol :[orderbook.50.MUUSDT]
2026-08-18 20:47:45.615 +04:00 [WRN] [Sckt 2] failed to subscribe: [ServerError.UnknownSymbol] Invalid symbol :[orderbook.1.MUUSDT]
2026-08-18 20:47:45.817 +04:00 [INF] [Sckt 2] subscription 42 unsubscribed
2026-08-18 20:47:45.819 +04:00 [WRN] Book ticker subscribe failed Bybit:MUUSDT: Invalid symbol :[orderbook.1.MUUSDT]
2026-08-18 20:47:45.820 +04:00 [INF] Unified order book MU-USDT status changed: "Disconnected" => "Connecting"
2026-08-18 20:47:46.160 +04:00 [WRN] [Sckt 3] failed to subscribe: [ServerError.UnknownSymbol] 60018: Wrong URL or channel:books,instId:MU-USDT doesn't exist. Please use the correct URL, channel and parameters referring to API document.
2026-08-18 20:47:46.485 +04:00 [INF] [Sckt 3] subscription 47 unsubscribed
2026-08-18 20:47:46.486 +04:00 [INF] Unified order book MU-USDT status changed: "Connecting" => "Disconnected"
2026-08-18 20:47:46.488 +04:00 [WRN] Failed to start order book OKX:MUUSDT: Wrong URL or channel:books,instId:MU-USDT doesn't exist. Please use the correct URL, channel and parameters referring to API document.
2026-08-18 20:47:46.818 +04:00 [WRN] [Sckt 3] failed to subscribe: [ServerError.UnknownSymbol] 60018: Wrong URL or channel:tickers,instId:MU-USDT doesn't exist. Please use the correct URL, channel and parameters referring to API document.
2026-08-18 20:47:47.148 +04:00 [INF] [Sckt 3] subscription 50 unsubscribed
2026-08-18 20:47:47.151 +04:00 [WRN] Book ticker subscribe failed OKX:MUUSDT: Wrong URL or channel:tickers,instId:MU-USDT doesn't exist. Please use the correct URL, channel and parameters referring to API document.
2026-08-18 20:47:47.152 +04:00 [INF] Order books started. Status: OKX:SOLUSDT=Synced; Bybit:MUUSDT=ticker-fail: Invalid symbol :[orderbook.1.MUUSDT]; OKX:MUUSDT=ticker-fail: Wrong URL or channel:tickers,instId:MU-USDT doesn't exist. Please use the correct URL, channel and parameters referring to API document.; Binance:BTCUSDT=Synced; Binance:SOLUSDT=Synced; Binance:MUUSDT=book-ticker-sub; Bybit:BTCUSDT=Synced; OKX:BTCUSDT=Synced; Bybit:ETHUSDT=Synced; Bybit:SOLUSDT=Synced; Binance:ETHUSDT=Synced; OKX:ETHUSDT=Synced
2026-08-18 20:48:22.178 +04:00 [INF] ArbitrageWorker starting. Mode: PAPER | Symbols: BTCUSDT, ETHUSDT, SOLUSDT, MUUSDT | Exchanges: Binance, Bybit, OKX | PaperAuto=true
2026-08-18 20:48:22.205 +04:00 [INF] Paper portfolio initialized. Quote=10000 per exchange, exchanges=3
2026-08-18 20:48:22.290 +04:00 [INF] Spot order book BTCUSDT status changed: "Disconnected" => "Connecting"
2026-08-18 20:48:24.288 +04:00 [INF] [Sckt 1] subscription 1 completed successfully
2026-08-18 20:48:24.294 +04:00 [INF] Spot order book BTCUSDT status changed: "Connecting" => "Syncing"
2026-08-18 20:48:24.361 +04:00 [INF] Spot order book BTCUSDT status changed: "Syncing" => "Synced"
2026-08-18 20:48:24.362 +04:00 [INF] Order book started: Binance:BTCUSDT status="Synced"
2026-08-18 20:48:24.375 +04:00 [INF] V5 order book BTCUSDT status changed: "Disconnected" => "Connecting"
2026-08-18 20:48:25.354 +04:00 [INF] [Sckt 2] subscription 4 completed successfully
2026-08-18 20:48:25.357 +04:00 [INF] V5 order book BTCUSDT status changed: "Connecting" => "Syncing"
2026-08-18 20:48:25.415 +04:00 [INF] V5 order book BTCUSDT status changed: "Syncing" => "Synced"
2026-08-18 20:48:25.416 +04:00 [INF] Order book started: Bybit:BTCUSDT status="Synced"
2026-08-18 20:48:25.425 +04:00 [INF] Unified order book BTC-USDT status changed: "Disconnected" => "Connecting"
2026-08-18 20:48:26.791 +04:00 [INF] [Sckt 3] subscription 8 completed successfully
2026-08-18 20:48:26.793 +04:00 [INF] Unified order book BTC-USDT status changed: "Connecting" => "Syncing"
2026-08-18 20:48:27.351 +04:00 [INF] Unified order book BTC-USDT status changed: "Syncing" => "Synced"
2026-08-18 20:48:27.353 +04:00 [INF] Order book started: OKX:BTCUSDT status="Synced"
2026-08-18 20:48:27.353 +04:00 [INF] Spot order book ETHUSDT status changed: "Disconnected" => "Connecting"
2026-08-18 20:48:27.690 +04:00 [INF] [Sckt 1] subscription 10 completed successfully
2026-08-18 20:48:27.692 +04:00 [INF] Spot order book ETHUSDT status changed: "Connecting" => "Syncing"
2026-08-18 20:48:27.754 +04:00 [INF] Spot order book ETHUSDT status changed: "Syncing" => "Synced"
2026-08-18 20:48:27.755 +04:00 [INF] Order book started: Binance:ETHUSDT status="Synced"
2026-08-18 20:48:27.756 +04:00 [INF] V5 order book ETHUSDT status changed: "Disconnected" => "Connecting"
2026-08-18 20:48:27.958 +04:00 [INF] [Sckt 2] subscription 13 completed successfully
2026-08-18 20:48:27.960 +04:00 [INF] V5 order book ETHUSDT status changed: "Connecting" => "Syncing"
2026-08-18 20:48:27.962 +04:00 [INF] V5 order book ETHUSDT status changed: "Syncing" => "Synced"
2026-08-18 20:48:27.963 +04:00 [INF] Order book started: Bybit:ETHUSDT status="Synced"
2026-08-18 20:48:27.963 +04:00 [INF] Unified order book ETH-USDT status changed: "Disconnected" => "Connecting"
2026-08-18 20:48:28.284 +04:00 [INF] [Sckt 3] subscription 16 completed successfully
2026-08-18 20:48:28.285 +04:00 [INF] Unified order book ETH-USDT status changed: "Connecting" => "Syncing"
2026-08-18 20:48:28.522 +04:00 [INF] Unified order book ETH-USDT status changed: "Syncing" => "Synced"
2026-08-18 20:48:28.524 +04:00 [INF] Order book started: OKX:ETHUSDT status="Synced"
2026-08-18 20:48:28.525 +04:00 [INF] Spot order book SOLUSDT status changed: "Disconnected" => "Connecting"
2026-08-18 20:48:28.892 +04:00 [INF] [Sckt 1] subscription 18 completed successfully
2026-08-18 20:48:28.894 +04:00 [INF] Spot order book SOLUSDT status changed: "Connecting" => "Syncing"
2026-08-18 20:48:29.020 +04:00 [INF] Spot order book SOLUSDT status changed: "Syncing" => "Synced"
2026-08-18 20:48:29.022 +04:00 [INF] Order book started: Binance:SOLUSDT status="Synced"
2026-08-18 20:48:29.022 +04:00 [INF] V5 order book SOLUSDT status changed: "Disconnected" => "Connecting"
2026-08-18 20:48:29.232 +04:00 [INF] [Sckt 2] subscription 21 completed successfully
2026-08-18 20:48:29.234 +04:00 [INF] V5 order book SOLUSDT status changed: "Connecting" => "Syncing"
2026-08-18 20:48:29.235 +04:00 [INF] V5 order book SOLUSDT status changed: "Syncing" => "Synced"
2026-08-18 20:48:29.235 +04:00 [INF] Order book started: Bybit:SOLUSDT status="Synced"
2026-08-18 20:48:29.236 +04:00 [INF] Unified order book SOL-USDT status changed: "Disconnected" => "Connecting"
2026-08-18 20:48:29.557 +04:00 [INF] [Sckt 3] subscription 24 completed successfully
2026-08-18 20:48:29.558 +04:00 [INF] Unified order book SOL-USDT status changed: "Connecting" => "Syncing"
2026-08-18 20:48:29.750 +04:00 [INF] Unified order book SOL-USDT status changed: "Syncing" => "Synced"
2026-08-18 20:48:29.752 +04:00 [INF] Order book started: OKX:SOLUSDT status="Synced"
2026-08-18 20:48:29.753 +04:00 [INF] Spot order book MUUSDT status changed: "Disconnected" => "Connecting"
2026-08-18 20:48:30.095 +04:00 [INF] [Sckt 1] subscription 26 completed successfully
2026-08-18 20:48:30.097 +04:00 [INF] Spot order book MUUSDT status changed: "Connecting" => "Syncing"
2026-08-18 20:49:00.490 +04:00 [INF] [Sckt 1] subscription 26 unsubscribed
2026-08-18 20:49:00.493 +04:00 [INF] Spot order book MUUSDT status changed: "Syncing" => "Disconnected"
2026-08-18 20:49:00.494 +04:00 [WRN] Failed to start order book Binance:MUUSDT: null
2026-08-18 20:49:00.890 +04:00 [INF] [Sckt 1] subscription 34 completed successfully
2026-08-18 20:49:00.893 +04:00 [INF] Book ticker WS subscribed: Binance:MUUSDT
2026-08-18 20:49:00.894 +04:00 [INF] V5 order book MUUSDT status changed: "Disconnected" => "Connecting"
2026-08-18 20:49:01.101 +04:00 [WRN] [Sckt 2] failed to subscribe: [ServerError.UnknownSymbol] Invalid symbol :[orderbook.50.MUUSDT]
2026-08-18 20:49:01.305 +04:00 [INF] [Sckt 2] subscription 37 unsubscribed
2026-08-18 20:49:01.306 +04:00 [INF] V5 order book MUUSDT status changed: "Connecting" => "Disconnected"
2026-08-18 20:49:01.307 +04:00 [WRN] Failed to start order book Bybit:MUUSDT: Invalid symbol :[orderbook.50.MUUSDT]
2026-08-18 20:49:01.510 +04:00 [WRN] [Sckt 2] failed to subscribe: [ServerError.UnknownSymbol] Invalid symbol :[orderbook.1.MUUSDT]
2026-08-18 20:49:01.710 +04:00 [INF] [Sckt 2] subscription 42 unsubscribed
2026-08-18 20:49:01.715 +04:00 [WRN] Book ticker subscribe failed Bybit:MUUSDT: Invalid symbol :[orderbook.1.MUUSDT]
2026-08-18 20:49:01.716 +04:00 [INF] Unified order book MU-USDT status changed: "Disconnected" => "Connecting"
2026-08-18 20:49:02.040 +04:00 [WRN] [Sckt 3] failed to subscribe: [ServerError.UnknownSymbol] 60018: Wrong URL or channel:books,instId:MU-USDT doesn't exist. Please use the correct URL, channel and parameters referring to API document.
2026-08-18 20:49:02.362 +04:00 [INF] [Sckt 3] subscription 47 unsubscribed
2026-08-18 20:49:02.364 +04:00 [INF] Unified order book MU-USDT status changed: "Connecting" => "Disconnected"
2026-08-18 20:49:02.365 +04:00 [WRN] Failed to start order book OKX:MUUSDT: Wrong URL or channel:books,instId:MU-USDT doesn't exist. Please use the correct URL, channel and parameters referring to API document.
2026-08-18 20:49:02.690 +04:00 [WRN] [Sckt 3] failed to subscribe: [ServerError.UnknownSymbol] 60018: Wrong URL or channel:tickers,instId:MU-USDT doesn't exist. Please use the correct URL, channel and parameters referring to API document.
2026-08-18 20:49:03.010 +04:00 [INF] [Sckt 3] subscription 50 unsubscribed
2026-08-18 20:49:03.012 +04:00 [WRN] Book ticker subscribe failed OKX:MUUSDT: Wrong URL or channel:tickers,instId:MU-USDT doesn't exist. Please use the correct URL, channel and parameters referring to API document.
2026-08-18 20:49:03.015 +04:00 [INF] Order books started. Status: OKX:SOLUSDT=Synced; Bybit:MUUSDT=ticker-fail: Invalid symbol :[orderbook.1.MUUSDT]; OKX:MUUSDT=ticker-fail: Wrong URL or channel:tickers,instId:MU-USDT doesn't exist. Please use the correct URL, channel and parameters referring to API document.; Binance:BTCUSDT=Synced; Binance:SOLUSDT=Synced; Binance:MUUSDT=book-ticker-sub; Bybit:BTCUSDT=Synced; OKX:BTCUSDT=Synced; Bybit:ETHUSDT=Synced; Bybit:SOLUSDT=Synced; Binance:ETHUSDT=Synced; OKX:ETHUSDT=Synced
2026-08-18 20:53:39.490 +04:00 [INF] ArbitrageWorker starting. Mode: PAPER | Symbols: BTCUSDT, ETHUSDT, SOLUSDT, ZECUSDT | Exchanges: Binance, Bybit, OKX | PaperAuto=true
2026-08-18 20:53:39.518 +04:00 [INF] Paper portfolio initialized. Quote=10000 per exchange, exchanges=3
2026-08-18 20:53:39.611 +04:00 [INF] Spot order book BTCUSDT status changed: "Disconnected" => "Connecting"
2026-08-18 20:53:41.570 +04:00 [INF] [Sckt 1] subscription 1 completed successfully
2026-08-18 20:53:41.584 +04:00 [INF] Spot order book BTCUSDT status changed: "Connecting" => "Syncing"
2026-08-18 20:53:41.658 +04:00 [INF] Spot order book BTCUSDT status changed: "Syncing" => "Synced"
2026-08-18 20:53:41.678 +04:00 [INF] Order book started: Binance:BTCUSDT status="Synced"
2026-08-18 20:53:41.698 +04:00 [INF] V5 order book BTCUSDT status changed: "Disconnected" => "Connecting"
2026-08-18 20:53:42.793 +04:00 [INF] [Sckt 2] subscription 4 completed successfully
2026-08-18 20:53:42.796 +04:00 [INF] V5 order book BTCUSDT status changed: "Connecting" => "Syncing"
2026-08-18 20:53:42.854 +04:00 [INF] V5 order book BTCUSDT status changed: "Syncing" => "Synced"
2026-08-18 20:53:42.856 +04:00 [INF] Order book started: Bybit:BTCUSDT status="Synced"
2026-08-18 20:53:42.865 +04:00 [INF] Unified order book BTC-USDT status changed: "Disconnected" => "Connecting"
2026-08-18 20:53:44.318 +04:00 [INF] [Sckt 3] subscription 8 completed successfully
2026-08-18 20:53:44.320 +04:00 [INF] Unified order book BTC-USDT status changed: "Connecting" => "Syncing"
2026-08-18 20:53:44.754 +04:00 [INF] Unified order book BTC-USDT status changed: "Syncing" => "Synced"
2026-08-18 20:53:44.756 +04:00 [INF] Order book started: OKX:BTCUSDT status="Synced"
2026-08-18 20:53:44.757 +04:00 [INF] Spot order book ETHUSDT status changed: "Disconnected" => "Connecting"
2026-08-18 20:53:45.169 +04:00 [INF] [Sckt 1] subscription 10 completed successfully
2026-08-18 20:53:45.171 +04:00 [INF] Spot order book ETHUSDT status changed: "Connecting" => "Syncing"
2026-08-18 20:53:45.225 +04:00 [INF] Spot order book ETHUSDT status changed: "Syncing" => "Synced"
2026-08-18 20:53:45.227 +04:00 [INF] Order book started: Binance:ETHUSDT status="Synced"
2026-08-18 20:53:45.228 +04:00 [INF] V5 order book ETHUSDT status changed: "Disconnected" => "Connecting"
2026-08-18 20:53:45.431 +04:00 [INF] [Sckt 2] subscription 13 completed successfully
2026-08-18 20:53:45.432 +04:00 [INF] V5 order book ETHUSDT status changed: "Connecting" => "Syncing"
2026-08-18 20:53:45.486 +04:00 [INF] V5 order book ETHUSDT status changed: "Syncing" => "Synced"
2026-08-18 20:53:45.488 +04:00 [INF] Order book started: Bybit:ETHUSDT status="Synced"
2026-08-18 20:53:45.489 +04:00 [INF] Unified order book ETH-USDT status changed: "Disconnected" => "Connecting"
2026-08-18 20:53:45.809 +04:00 [INF] [Sckt 3] subscription 16 completed successfully
2026-08-18 20:53:45.810 +04:00 [INF] Unified order book ETH-USDT status changed: "Connecting" => "Syncing"
2026-08-18 20:53:45.935 +04:00 [INF] Unified order book ETH-USDT status changed: "Syncing" => "Synced"
2026-08-18 20:53:45.937 +04:00 [INF] Order book started: OKX:ETHUSDT status="Synced"
2026-08-18 20:53:45.938 +04:00 [INF] Spot order book SOLUSDT status changed: "Disconnected" => "Connecting"
2026-08-18 20:53:46.356 +04:00 [INF] [Sckt 1] subscription 18 completed successfully
2026-08-18 20:53:46.357 +04:00 [INF] Spot order book SOLUSDT status changed: "Connecting" => "Syncing"
2026-08-18 20:53:47.602 +04:00 [INF] Spot order book SOLUSDT status changed: "Syncing" => "Synced"
2026-08-18 20:53:47.604 +04:00 [INF] Order book started: Binance:SOLUSDT status="Synced"
2026-08-18 20:53:47.604 +04:00 [INF] V5 order book SOLUSDT status changed: "Disconnected" => "Connecting"
2026-08-18 20:53:47.806 +04:00 [INF] [Sckt 2] subscription 21 completed successfully
2026-08-18 20:53:47.807 +04:00 [INF] V5 order book SOLUSDT status changed: "Connecting" => "Syncing"
2026-08-18 20:53:47.808 +04:00 [INF] V5 order book SOLUSDT status changed: "Syncing" => "Synced"
2026-08-18 20:53:47.809 +04:00 [INF] Order book started: Bybit:SOLUSDT status="Synced"
2026-08-18 20:53:47.810 +04:00 [INF] Unified order book SOL-USDT status changed: "Disconnected" => "Connecting"
2026-08-18 20:53:48.139 +04:00 [INF] [Sckt 3] subscription 24 completed successfully
2026-08-18 20:53:48.140 +04:00 [INF] Unified order book SOL-USDT status changed: "Connecting" => "Syncing"
2026-08-18 20:53:48.316 +04:00 [INF] Unified order book SOL-USDT status changed: "Syncing" => "Synced"
2026-08-18 20:53:48.317 +04:00 [INF] Order book started: OKX:SOLUSDT status="Synced"
2026-08-18 20:53:48.318 +04:00 [INF] Spot order book ZECUSDT status changed: "Disconnected" => "Connecting"
2026-08-18 20:53:49.257 +04:00 [INF] ArbitrageWorker starting. Mode: PAPER | Symbols: BTCUSDT, ETHUSDT, SOLUSDT, ZECUSDT | Exchanges: Binance, Bybit, OKX | PaperAuto=true
2026-08-18 20:53:49.285 +04:00 [INF] Paper portfolio initialized. Quote=10000 per exchange, exchanges=3
2026-08-18 20:53:49.365 +04:00 [INF] Spot order book BTCUSDT status changed: "Disconnected" => "Connecting"
2026-08-18 20:53:51.313 +04:00 [INF] [Sckt 1] subscription 1 completed successfully
2026-08-18 20:53:51.318 +04:00 [INF] Spot order book BTCUSDT status changed: "Connecting" => "Syncing"
2026-08-18 20:53:51.381 +04:00 [INF] Spot order book BTCUSDT status changed: "Syncing" => "Synced"
2026-08-18 20:53:51.383 +04:00 [INF] Order book started: Binance:BTCUSDT status="Synced"
2026-08-18 20:53:51.394 +04:00 [INF] V5 order book BTCUSDT status changed: "Disconnected" => "Connecting"
2026-08-18 20:53:52.420 +04:00 [INF] [Sckt 2] subscription 4 completed successfully
2026-08-18 20:53:52.422 +04:00 [INF] V5 order book BTCUSDT status changed: "Connecting" => "Syncing"
2026-08-18 20:53:52.480 +04:00 [INF] V5 order book BTCUSDT status changed: "Syncing" => "Synced"
2026-08-18 20:53:52.480 +04:00 [INF] Order book started: Bybit:BTCUSDT status="Synced"
2026-08-18 20:53:52.490 +04:00 [INF] Unified order book BTC-USDT status changed: "Disconnected" => "Connecting"
2026-08-18 20:53:54.043 +04:00 [INF] [Sckt 3] subscription 8 completed successfully
2026-08-18 20:53:54.046 +04:00 [INF] Unified order book BTC-USDT status changed: "Connecting" => "Syncing"
2026-08-18 20:53:54.662 +04:00 [INF] Unified order book BTC-USDT status changed: "Syncing" => "Synced"
2026-08-18 20:53:54.663 +04:00 [INF] Order book started: OKX:BTCUSDT status="Synced"
2026-08-18 20:53:54.664 +04:00 [INF] Spot order book ETHUSDT status changed: "Disconnected" => "Connecting"
2026-08-18 20:53:55.013 +04:00 [INF] [Sckt 1] subscription 10 completed successfully
2026-08-18 20:53:55.016 +04:00 [INF] Spot order book ETHUSDT status changed: "Connecting" => "Syncing"
2026-08-18 20:53:55.140 +04:00 [INF] Spot order book ETHUSDT status changed: "Syncing" => "Synced"
2026-08-18 20:53:55.141 +04:00 [INF] Order book started: Binance:ETHUSDT status="Synced"
2026-08-18 20:53:55.142 +04:00 [INF] V5 order book ETHUSDT status changed: "Disconnected" => "Connecting"
2026-08-18 20:53:55.342 +04:00 [INF] [Sckt 2] subscription 13 completed successfully
2026-08-18 20:53:55.344 +04:00 [INF] V5 order book ETHUSDT status changed: "Connecting" => "Syncing"
2026-08-18 20:53:55.345 +04:00 [INF] V5 order book ETHUSDT status changed: "Syncing" => "Synced"
2026-08-18 20:53:55.347 +04:00 [INF] Order book started: Bybit:ETHUSDT status="Synced"
2026-08-18 20:53:55.347 +04:00 [INF] Unified order book ETH-USDT status changed: "Disconnected" => "Connecting"
2026-08-18 20:53:55.677 +04:00 [INF] [Sckt 3] subscription 16 completed successfully
2026-08-18 20:53:55.678 +04:00 [INF] Unified order book ETH-USDT status changed: "Connecting" => "Syncing"
2026-08-18 20:53:55.864 +04:00 [INF] Unified order book ETH-USDT status changed: "Syncing" => "Synced"
2026-08-18 20:53:55.866 +04:00 [INF] Order book started: OKX:ETHUSDT status="Synced"
2026-08-18 20:53:55.868 +04:00 [INF] Spot order book SOLUSDT status changed: "Disconnected" => "Connecting"
2026-08-18 20:53:56.216 +04:00 [INF] [Sckt 1] subscription 18 completed successfully
2026-08-18 20:53:56.218 +04:00 [INF] Spot order book SOLUSDT status changed: "Connecting" => "Syncing"
2026-08-18 20:53:56.527 +04:00 [INF] Spot order book SOLUSDT status changed: "Syncing" => "Synced"
2026-08-18 20:53:56.529 +04:00 [INF] Order book started: Binance:SOLUSDT status="Synced"
2026-08-18 20:53:56.529 +04:00 [INF] V5 order book SOLUSDT status changed: "Disconnected" => "Connecting"
2026-08-18 20:53:56.729 +04:00 [INF] [Sckt 2] subscription 21 completed successfully
2026-08-18 20:53:56.732 +04:00 [INF] V5 order book SOLUSDT status changed: "Connecting" => "Syncing"
2026-08-18 20:53:56.733 +04:00 [INF] V5 order book SOLUSDT status changed: "Syncing" => "Synced"
2026-08-18 20:53:56.735 +04:00 [INF] Order book started: Bybit:SOLUSDT status="Synced"
2026-08-18 20:53:56.737 +04:00 [INF] Unified order book SOL-USDT status changed: "Disconnected" => "Connecting"
2026-08-18 20:53:57.068 +04:00 [INF] [Sckt 3] subscription 24 completed successfully
2026-08-18 20:53:57.069 +04:00 [INF] Unified order book SOL-USDT status changed: "Connecting" => "Syncing"
2026-08-18 20:53:57.371 +04:00 [INF] Unified order book SOL-USDT status changed: "Syncing" => "Synced"
2026-08-18 20:53:57.372 +04:00 [INF] Order book started: OKX:SOLUSDT status="Synced"
2026-08-18 20:53:57.373 +04:00 [INF] Spot order book ZECUSDT status changed: "Disconnected" => "Connecting"
2026-08-18 20:53:57.718 +04:00 [INF] [Sckt 1] subscription 26 completed successfully
2026-08-18 20:53:57.719 +04:00 [INF] Spot order book ZECUSDT status changed: "Connecting" => "Syncing"
2026-08-18 20:53:57.835 +04:00 [INF] Spot order book ZECUSDT status changed: "Syncing" => "Synced"
2026-08-18 20:53:57.837 +04:00 [INF] Order book started: Binance:ZECUSDT status="Synced"
2026-08-18 20:53:57.838 +04:00 [INF] V5 order book ZECUSDT status changed: "Disconnected" => "Connecting"
2026-08-18 20:53:58.046 +04:00 [INF] [Sckt 2] subscription 29 completed successfully
2026-08-18 20:53:58.048 +04:00 [INF] V5 order book ZECUSDT status changed: "Connecting" => "Syncing"
2026-08-18 20:54:18.469 +04:00 [INF] Paper portfolio initialized. Quote=10000 per exchange, exchanges=3
2026-08-18 20:54:28.292 +04:00 [INF] [Sckt 2] subscription 29 unsubscribed
2026-08-18 20:54:28.296 +04:00 [INF] V5 order book ZECUSDT status changed: "Syncing" => "Disconnected"
2026-08-18 20:54:28.297 +04:00 [WRN] Failed to start order book Bybit:ZECUSDT: null
2026-08-18 20:54:28.530 +04:00 [INF] [Sckt 2] subscription 37 completed successfully
2026-08-18 20:54:28.535 +04:00 [INF] Book ticker WS subscribed: Bybit:ZECUSDT
2026-08-18 20:54:28.535 +04:00 [INF] Unified order book ZEC-USDT status changed: "Disconnected" => "Connecting"
2026-08-18 20:54:28.865 +04:00 [INF] [Sckt 3] subscription 40 completed successfully
2026-08-18 20:54:28.869 +04:00 [INF] Unified order book ZEC-USDT status changed: "Connecting" => "Syncing"
2026-08-18 20:54:29.171 +04:00 [INF] Unified order book ZEC-USDT status changed: "Syncing" => "Synced"
2026-08-18 20:54:29.173 +04:00 [INF] Order book started: OKX:ZECUSDT status="Synced"
2026-08-18 20:54:29.174 +04:00 [INF] Order books started. Status: OKX:SOLUSDT=Synced; Binance:ZECUSDT=Synced; Binance:BTCUSDT=Synced; Binance:SOLUSDT=Synced; OKX:ZECUSDT=Synced; Bybit:BTCUSDT=Synced; OKX:BTCUSDT=Synced; Bybit:ETHUSDT=Synced; Bybit:SOLUSDT=Synced; Binance:ETHUSDT=Synced; Bybit:ZECUSDT=book-ticker-sub; OKX:ETHUSDT=Synced
2026-08-18 21:04:25.617 +04:00 [INF] Discovering liquid USDT pairs on Binance, Bybit, OKX…
2026-08-18 21:04:26.648 +04:00 [WRN] Discovery returned 0 symbols, using fallback list
2026-08-18 21:04:26.651 +04:00 [INF] Active symbols (3): BTCUSDT, ETHUSDT, SOLUSDT
2026-08-18 21:04:26.654 +04:00 [INF] Worker start | Mode=PAPER | Dynamic=true | Symbols=BTCUSDT, ETHUSDT, SOLUSDT | Exchanges=Binance, Bybit, OKX | AutoPaper=true
2026-08-18 21:04:26.658 +04:00 [INF] Paper portfolio initialized. Quote=10000 per exchange, exchanges=3
2026-08-18 21:04:26.690 +04:00 [INF] Spot order book BTCUSDT status changed: "Disconnected" => "Connecting"
2026-08-18 21:04:28.589 +04:00 [INF] [Sckt 1] subscription 4 completed successfully
2026-08-18 21:04:28.593 +04:00 [INF] Spot order book BTCUSDT status changed: "Connecting" => "Syncing"
2026-08-18 21:04:28.653 +04:00 [INF] Spot order book BTCUSDT status changed: "Syncing" => "Synced"
2026-08-18 21:04:28.654 +04:00 [INF] Order book started: Binance:BTCUSDT status="Synced"
2026-08-18 21:04:28.660 +04:00 [INF] V5 order book BTCUSDT status changed: "Disconnected" => "Connecting"
2026-08-18 21:04:29.592 +04:00 [INF] [Sckt 2] subscription 7 completed successfully
2026-08-18 21:04:29.594 +04:00 [INF] V5 order book BTCUSDT status changed: "Connecting" => "Syncing"
2026-08-18 21:04:29.646 +04:00 [INF] V5 order book BTCUSDT status changed: "Syncing" => "Synced"
2026-08-18 21:04:29.648 +04:00 [INF] Order book started: Bybit:BTCUSDT status="Synced"
2026-08-18 21:04:29.652 +04:00 [INF] Unified order book BTC-USDT status changed: "Disconnected" => "Connecting"
2026-08-18 21:04:31.151 +04:00 [INF] [Sckt 3] subscription 11 completed successfully
2026-08-18 21:04:31.153 +04:00 [INF] Unified order book BTC-USDT status changed: "Connecting" => "Syncing"
2026-08-18 21:04:31.589 +04:00 [INF] Unified order book BTC-USDT status changed: "Syncing" => "Synced"
2026-08-18 21:04:31.590 +04:00 [INF] Order book started: OKX:BTCUSDT status="Synced"
2026-08-18 21:04:31.591 +04:00 [INF] Spot order book ETHUSDT status changed: "Disconnected" => "Connecting"
2026-08-18 21:04:31.980 +04:00 [INF] [Sckt 1] subscription 13 completed successfully
2026-08-18 21:04:31.982 +04:00 [INF] Spot order book ETHUSDT status changed: "Connecting" => "Syncing"
2026-08-18 21:04:32.039 +04:00 [INF] Spot order book ETHUSDT status changed: "Syncing" => "Synced"
2026-08-18 21:04:32.041 +04:00 [INF] Order book started: Binance:ETHUSDT status="Synced"
2026-08-18 21:04:32.042 +04:00 [INF] V5 order book ETHUSDT status changed: "Disconnected" => "Connecting"
2026-08-18 21:04:32.258 +04:00 [INF] [Sckt 2] subscription 16 completed successfully
2026-08-18 21:04:32.260 +04:00 [INF] V5 order book ETHUSDT status changed: "Connecting" => "Syncing"
2026-08-18 21:04:32.261 +04:00 [INF] V5 order book ETHUSDT status changed: "Syncing" => "Synced"
2026-08-18 21:04:32.262 +04:00 [INF] Order book started: Bybit:ETHUSDT status="Synced"
2026-08-18 21:04:32.263 +04:00 [INF] Unified order book ETH-USDT status changed: "Disconnected" => "Connecting"
2026-08-18 21:04:32.594 +04:00 [INF] [Sckt 3] subscription 19 completed successfully
2026-08-18 21:04:32.595 +04:00 [INF] Unified order book ETH-USDT status changed: "Connecting" => "Syncing"
2026-08-18 21:04:32.784 +04:00 [INF] Unified order book ETH-USDT status changed: "Syncing" => "Synced"
2026-08-18 21:04:32.786 +04:00 [INF] Order book started: OKX:ETHUSDT status="Synced"
2026-08-18 21:04:32.787 +04:00 [INF] Spot order book SOLUSDT status changed: "Disconnected" => "Connecting"
2026-08-18 21:04:33.183 +04:00 [INF] [Sckt 1] subscription 21 completed successfully
2026-08-18 21:04:33.184 +04:00 [INF] Spot order book SOLUSDT status changed: "Connecting" => "Syncing"
2026-08-18 21:04:33.562 +04:00 [INF] Spot order book SOLUSDT status changed: "Syncing" => "Synced"
2026-08-18 21:04:33.564 +04:00 [INF] Order book started: Binance:SOLUSDT status="Synced"
2026-08-18 21:04:33.564 +04:00 [INF] V5 order book SOLUSDT status changed: "Disconnected" => "Connecting"
2026-08-18 21:04:33.850 +04:00 [INF] [Sckt 2] subscription 24 completed successfully
2026-08-18 21:04:33.852 +04:00 [INF] V5 order book SOLUSDT status changed: "Connecting" => "Syncing"
2026-08-18 21:04:33.853 +04:00 [INF] V5 order book SOLUSDT status changed: "Syncing" => "Synced"
2026-08-18 21:04:33.854 +04:00 [INF] Order book started: Bybit:SOLUSDT status="Synced"
2026-08-18 21:04:33.855 +04:00 [INF] Unified order book SOL-USDT status changed: "Disconnected" => "Connecting"
2026-08-18 21:04:34.183 +04:00 [INF] [Sckt 3] subscription 27 completed successfully
2026-08-18 21:04:34.184 +04:00 [INF] Unified order book SOL-USDT status changed: "Connecting" => "Syncing"
2026-08-18 21:04:34.241 +04:00 [INF] Unified order book SOL-USDT status changed: "Syncing" => "Synced"
2026-08-18 21:04:34.243 +04:00 [INF] Order book started: OKX:SOLUSDT status="Synced"
2026-08-18 21:04:34.245 +04:00 [INF] Order books: OKX:SOLUSDT=Synced; Binance:BTCUSDT=Synced; Binance:SOLUSDT=Synced; Bybit:BTCUSDT=Synced; OKX:BTCUSDT=Synced; Bybit:ETHUSDT=Synced; Bybit:SOLUSDT=Synced; Binance:ETHUSDT=Synced; OKX:ETHUSDT=Synced
2026-08-18 21:21:39.160 +04:00 [WRN] [Sckt 3] error: Websocket error code "ConnectionClosedPrematurely", details: The remote party closed the WebSocket connection without completing the close handshake.
System.Net.WebSockets.WebSocketException (0x80004005): The remote party closed the WebSocket connection without completing the close handshake.
 ---> System.IO.IOException: Unable to read data from the transport connection: An existing connection was forcibly closed by the remote host..
 ---> System.Net.Sockets.SocketException (10054): An existing connection was forcibly closed by the remote host.
   --- End of inner exception stack trace ---
   at System.Net.Sockets.Socket.AwaitableSocketAsyncEventArgs.ThrowException(SocketError error, CancellationToken cancellationToken)
   at System.Net.Sockets.Socket.AwaitableSocketAsyncEventArgs.System.Threading.Tasks.Sources.IValueTaskSource<System.Int32>.GetResult(Int16 token)
   at System.Net.Security.SslStream.EnsureFullTlsFrameAsync[TIOAdapter](CancellationToken cancellationToken, Int32 estimatedSize)
   at System.Runtime.CompilerServices.PoolingAsyncValueTaskMethodBuilder`1.StateMachineBox`1.System.Threading.Tasks.Sources.IValueTaskSource<TResult>.GetResult(Int16 token)
   at System.Net.Security.SslStream.ReadAsyncInternal[TIOAdapter](Memory`1 buffer, CancellationToken cancellationToken)
   at System.Runtime.CompilerServices.PoolingAsyncValueTaskMethodBuilder`1.StateMachineBox`1.System.Threading.Tasks.Sources.IValueTaskSource<TResult>.GetResult(Int16 token)
   at System.Net.Http.HttpConnection.ReadBufferedAsyncCore(Memory`1 destination)
   at System.Runtime.CompilerServices.PoolingAsyncValueTaskMethodBuilder`1.StateMachineBox`1.System.Threading.Tasks.Sources.IValueTaskSource<TResult>.GetResult(Int16 token)
   at System.Net.Http.HttpConnection.RawConnectionStream.ReadAsync(Memory`1 buffer, CancellationToken cancellationToken)
   at System.Runtime.CompilerServices.PoolingAsyncValueTaskMethodBuilder`1.StateMachineBox`1.System.Threading.Tasks.Sources.IValueTaskSource<TResult>.GetResult(Int16 token)
   at System.IO.Stream.ReadAtLeastAsyncCore(Memory`1 buffer, Int32 minimumBytes, Boolean throwOnEndOfStream, CancellationToken cancellationToken)
   at System.Runtime.CompilerServices.PoolingAsyncValueTaskMethodBuilder`1.StateMachineBox`1.System.Threading.Tasks.Sources.IValueTaskSource<TResult>.GetResult(Int16 token)
   at System.Net.WebSockets.ManagedWebSocket.EnsureBufferContainsAsync(Int32 minimumRequiredBytes, CancellationToken cancellationToken)
   at System.Runtime.CompilerServices.PoolingAsyncValueTaskMethodBuilder`1.StateMachineBox`1.System.Threading.Tasks.Sources.IValueTaskSource.GetResult(Int16 token)
   at System.Net.WebSockets.ManagedWebSocket.ReceiveAsyncPrivate[TResult](Memory`1 payloadBuffer, CancellationToken cancellationToken)
   at System.Net.WebSockets.ManagedWebSocket.ReceiveAsyncPrivate[TResult](Memory`1 payloadBuffer, CancellationToken cancellationToken)
   at CryptoExchange.Net.Sockets.Default.CryptoExchangeWebSocketClient.ReceiveLoopNewAsync()
2026-08-18 21:21:39.180 +04:00 [WRN] Unified order book BTC-USDT connection lost
2026-08-18 21:21:39.181 +04:00 [INF] Unified order book BTC-USDT status changed: "Synced" => "Reconnecting"
2026-08-18 21:21:39.182 +04:00 [WRN] Unified order book ETH-USDT connection lost
2026-08-18 21:21:39.182 +04:00 [INF] Unified order book ETH-USDT status changed: "Synced" => "Reconnecting"
2026-08-18 21:21:39.183 +04:00 [WRN] Unified order book SOL-USDT connection lost
2026-08-18 21:21:39.183 +04:00 [INF] Unified order book SOL-USDT status changed: "Synced" => "Reconnecting"
2026-08-18 21:21:40.577 +04:00 [INF] Unified order book BTC-USDT status changed: "Reconnecting" => "Syncing"
2026-08-18 21:21:40.580 +04:00 [INF] Unified order book ETH-USDT status changed: "Reconnecting" => "Syncing"
2026-08-18 21:21:40.581 +04:00 [INF] Unified order book SOL-USDT status changed: "Reconnecting" => "Syncing"
2026-08-18 21:21:41.076 +04:00 [INF] Unified order book SOL-USDT successfully resynchronized
2026-08-18 21:21:41.078 +04:00 [INF] Unified order book SOL-USDT status changed: "Syncing" => "Synced"
2026-08-18 21:21:41.139 +04:00 [INF] Unified order book BTC-USDT successfully resynchronized
2026-08-18 21:21:41.140 +04:00 [INF] Unified order book BTC-USDT status changed: "Syncing" => "Synced"
2026-08-18 21:21:41.385 +04:00 [INF] Unified order book ETH-USDT successfully resynchronized
2026-08-18 21:21:41.387 +04:00 [INF] Unified order book ETH-USDT status changed: "Syncing" => "Synced"
2026-08-18 21:31:11.435 +04:00 [WRN] Discovery returned 0 symbols, using fallback list
2026-08-18 21:31:11.458 +04:00 [INF] Start | Strategy=FuturesCross | Mode=PAPER | Symbols=BTCUSDT,ETHUSDT,SOLUSDT | Ex=Binance,Bybit,OKX
2026-08-18 21:31:11.464 +04:00 [INF] Futures paper margin initialized: 10000 USDT x 3 exchanges
2026-08-18 21:31:11.513 +04:00 [INF] UsdFutures order book BTCUSDT status changed: "Disconnected" => "Connecting"
2026-08-18 21:31:13.550 +04:00 [INF] [Sckt 1] subscription 4 completed successfully
2026-08-18 21:31:13.554 +04:00 [INF] UsdFutures order book BTCUSDT status changed: "Connecting" => "Syncing"
2026-08-18 21:31:13.678 +04:00 [INF] UsdFutures order book BTCUSDT status changed: "Syncing" => "Synced"
2026-08-18 21:31:13.680 +04:00 [INF] Futures book Binance:BTCUSDT "Synced"
2026-08-18 21:31:13.685 +04:00 [INF] V5 order book BTCUSDT status changed: "Disconnected" => "Connecting"
2026-08-18 21:31:15.536 +04:00 [INF] [Sckt 2] subscription 7 completed successfully
2026-08-18 21:31:15.539 +04:00 [INF] V5 order book BTCUSDT status changed: "Connecting" => "Syncing"
2026-08-18 21:31:15.540 +04:00 [INF] V5 order book BTCUSDT status changed: "Syncing" => "Synced"
2026-08-18 21:31:15.541 +04:00 [INF] Futures book Bybit:BTCUSDT "Synced"
2026-08-18 21:31:15.546 +04:00 [INF] Unified order book BTC-USDT-SWAP status changed: "Disconnected" => "Connecting"
2026-08-18 21:31:17.260 +04:00 [INF] [Sckt 3] subscription 11 completed successfully
2026-08-18 21:31:17.262 +04:00 [INF] Unified order book BTC-USDT-SWAP status changed: "Connecting" => "Syncing"
2026-08-18 21:31:17.753 +04:00 [INF] Unified order book BTC-USDT-SWAP status changed: "Syncing" => "Synced"
2026-08-18 21:31:17.757 +04:00 [INF] Futures book OKX:BTCUSDT "Synced"
2026-08-18 21:31:17.758 +04:00 [INF] UsdFutures order book ETHUSDT status changed: "Disconnected" => "Connecting"
2026-08-18 21:31:18.140 +04:00 [INF] [Sckt 1] subscription 13 completed successfully
2026-08-18 21:31:18.142 +04:00 [INF] UsdFutures order book ETHUSDT status changed: "Connecting" => "Syncing"
2026-08-18 21:31:18.270 +04:00 [INF] UsdFutures order book ETHUSDT status changed: "Syncing" => "Synced"
2026-08-18 21:31:18.272 +04:00 [INF] Futures book Binance:ETHUSDT "Synced"
2026-08-18 21:31:18.273 +04:00 [INF] V5 order book ETHUSDT status changed: "Disconnected" => "Connecting"
2026-08-18 21:31:18.546 +04:00 [INF] [Sckt 2] subscription 16 completed successfully
2026-08-18 21:31:18.546 +04:00 [INF] V5 order book ETHUSDT status changed: "Connecting" => "Syncing"
2026-08-18 21:31:18.547 +04:00 [INF] V5 order book ETHUSDT status changed: "Syncing" => "Synced"
2026-08-18 21:31:18.548 +04:00 [INF] Futures book Bybit:ETHUSDT "Synced"
2026-08-18 21:31:18.548 +04:00 [INF] Unified order book ETH-USDT-SWAP status changed: "Disconnected" => "Connecting"
2026-08-18 21:31:18.846 +04:00 [INF] [Sckt 3] subscription 19 completed successfully
2026-08-18 21:31:18.848 +04:00 [INF] Unified order book ETH-USDT-SWAP status changed: "Connecting" => "Syncing"
2026-08-18 21:31:18.975 +04:00 [INF] Unified order book ETH-USDT-SWAP status changed: "Syncing" => "Synced"
2026-08-18 21:31:18.976 +04:00 [INF] Futures book OKX:ETHUSDT "Synced"
2026-08-18 21:31:18.978 +04:00 [INF] UsdFutures order book SOLUSDT status changed: "Disconnected" => "Connecting"
2026-08-18 21:31:19.340 +04:00 [INF] [Sckt 1] subscription 21 completed successfully
2026-08-18 21:31:19.341 +04:00 [INF] UsdFutures order book SOLUSDT status changed: "Connecting" => "Syncing"
2026-08-18 21:31:19.468 +04:00 [INF] UsdFutures order book SOLUSDT status changed: "Syncing" => "Synced"
2026-08-18 21:31:19.470 +04:00 [INF] Futures book Binance:SOLUSDT "Synced"
2026-08-18 21:31:19.471 +04:00 [INF] V5 order book SOLUSDT status changed: "Disconnected" => "Connecting"
2026-08-18 21:31:19.675 +04:00 [INF] [Sckt 2] subscription 24 completed successfully
2026-08-18 21:31:19.677 +04:00 [INF] V5 order book SOLUSDT status changed: "Connecting" => "Syncing"
2026-08-18 21:31:19.678 +04:00 [INF] V5 order book SOLUSDT status changed: "Syncing" => "Synced"
2026-08-18 21:31:19.679 +04:00 [INF] Futures book Bybit:SOLUSDT "Synced"
2026-08-18 21:31:19.680 +04:00 [INF] Unified order book SOL-USDT-SWAP status changed: "Disconnected" => "Connecting"
2026-08-18 21:31:19.976 +04:00 [INF] [Sckt 3] subscription 27 completed successfully
2026-08-18 21:31:19.977 +04:00 [INF] Unified order book SOL-USDT-SWAP status changed: "Connecting" => "Syncing"
2026-08-18 21:31:20.152 +04:00 [INF] Unified order book SOL-USDT-SWAP status changed: "Syncing" => "Synced"
2026-08-18 21:31:20.154 +04:00 [INF] Futures book OKX:SOLUSDT "Synced"
2026-08-18 21:31:20.159 +04:00 [INF] Futures books: OKX:SOLUSDT=Synced; Binance:BTCUSDT=Synced; Binance:SOLUSDT=Synced; Bybit:BTCUSDT=Synced; OKX:BTCUSDT=Synced; Bybit:ETHUSDT=Synced; Bybit:SOLUSDT=Synced; Binance:ETHUSDT=Synced; OKX:ETHUSDT=Synced
2026-08-18 21:34:08.966 +04:00 [WRN] Discovery returned 0 symbols, using fallback list
2026-08-18 21:34:08.986 +04:00 [INF] Start | Strategy=FuturesCross | Mode=PAPER | Symbols=BTCUSDT,ETHUSDT,SOLUSDT | Ex=Binance,Bybit,OKX
2026-08-18 21:34:08.992 +04:00 [INF] Futures paper margin initialized: 10000 USDT x 3 exchanges
2026-08-18 21:34:09.021 +04:00 [INF] UsdFutures order book BTCUSDT status changed: "Disconnected" => "Connecting"
2026-08-18 21:34:10.851 +04:00 [INF] [Sckt 1] subscription 4 completed successfully
2026-08-18 21:34:10.856 +04:00 [INF] UsdFutures order book BTCUSDT status changed: "Connecting" => "Syncing"
2026-08-18 21:34:10.970 +04:00 [INF] UsdFutures order book BTCUSDT status changed: "Syncing" => "Synced"
2026-08-18 21:34:10.972 +04:00 [INF] Futures book Binance:BTCUSDT "Synced"
2026-08-18 21:34:10.977 +04:00 [INF] V5 order book BTCUSDT status changed: "Disconnected" => "Connecting"
2026-08-18 21:34:11.998 +04:00 [INF] [Sckt 2] subscription 7 completed successfully
2026-08-18 21:34:12.000 +04:00 [INF] V5 order book BTCUSDT status changed: "Connecting" => "Syncing"
2026-08-18 21:34:12.001 +04:00 [INF] V5 order book BTCUSDT status changed: "Syncing" => "Synced"
2026-08-18 21:34:12.002 +04:00 [INF] Futures book Bybit:BTCUSDT "Synced"
2026-08-18 21:34:12.006 +04:00 [INF] Unified order book BTC-USDT-SWAP status changed: "Disconnected" => "Connecting"
2026-08-18 21:34:14.810 +04:00 [INF] [Sckt 3] subscription 11 completed successfully
2026-08-18 21:34:14.812 +04:00 [INF] Unified order book BTC-USDT-SWAP status changed: "Connecting" => "Syncing"
2026-08-18 21:34:15.359 +04:00 [INF] Unified order book BTC-USDT-SWAP status changed: "Syncing" => "Synced"
2026-08-18 21:34:15.360 +04:00 [INF] Futures book OKX:BTCUSDT "Synced"
2026-08-18 21:34:15.362 +04:00 [INF] UsdFutures order book ETHUSDT status changed: "Disconnected" => "Connecting"
2026-08-18 21:34:15.856 +04:00 [INF] [Sckt 1] subscription 13 completed successfully
2026-08-18 21:34:15.858 +04:00 [INF] UsdFutures order book ETHUSDT status changed: "Connecting" => "Syncing"
2026-08-18 21:34:15.973 +04:00 [INF] UsdFutures order book ETHUSDT status changed: "Syncing" => "Synced"
2026-08-18 21:34:15.975 +04:00 [INF] Futures book Binance:ETHUSDT "Synced"
2026-08-18 21:34:15.976 +04:00 [INF] V5 order book ETHUSDT status changed: "Disconnected" => "Connecting"
2026-08-18 21:34:16.185 +04:00 [INF] [Sckt 2] subscription 16 completed successfully
2026-08-18 21:34:16.186 +04:00 [INF] V5 order book ETHUSDT status changed: "Connecting" => "Syncing"
2026-08-18 21:34:16.187 +04:00 [INF] V5 order book ETHUSDT status changed: "Syncing" => "Synced"
2026-08-18 21:34:16.188 +04:00 [INF] Futures book Bybit:ETHUSDT "Synced"
2026-08-18 21:34:16.189 +04:00 [INF] Unified order book ETH-USDT-SWAP status changed: "Disconnected" => "Connecting"
2026-08-18 21:34:16.488 +04:00 [INF] [Sckt 3] subscription 19 completed successfully
2026-08-18 21:34:16.489 +04:00 [INF] Unified order book ETH-USDT-SWAP status changed: "Connecting" => "Syncing"
2026-08-18 21:34:16.553 +04:00 [INF] Unified order book ETH-USDT-SWAP status changed: "Syncing" => "Synced"
2026-08-18 21:34:16.555 +04:00 [INF] Futures book OKX:ETHUSDT "Synced"
2026-08-18 21:34:16.556 +04:00 [INF] UsdFutures order book SOLUSDT status changed: "Disconnected" => "Connecting"
2026-08-18 21:34:16.947 +04:00 [INF] [Sckt 1] subscription 21 completed successfully
2026-08-18 21:34:16.949 +04:00 [INF] UsdFutures order book SOLUSDT status changed: "Connecting" => "Syncing"
2026-08-18 21:34:17.001 +04:00 [INF] UsdFutures order book SOLUSDT status changed: "Syncing" => "Synced"
2026-08-18 21:34:17.003 +04:00 [INF] Futures book Binance:SOLUSDT "Synced"
2026-08-18 21:34:17.004 +04:00 [INF] V5 order book SOLUSDT status changed: "Disconnected" => "Connecting"
2026-08-18 21:34:17.209 +04:00 [INF] [Sckt 2] subscription 24 completed successfully
2026-08-18 21:34:17.211 +04:00 [INF] V5 order book SOLUSDT status changed: "Connecting" => "Syncing"
2026-08-18 21:34:17.211 +04:00 [INF] V5 order book SOLUSDT status changed: "Syncing" => "Synced"
2026-08-18 21:34:17.212 +04:00 [INF] Futures book Bybit:SOLUSDT "Synced"
2026-08-18 21:34:17.213 +04:00 [INF] Unified order book SOL-USDT-SWAP status changed: "Disconnected" => "Connecting"
2026-08-18 21:34:17.509 +04:00 [INF] [Sckt 3] subscription 27 completed successfully
2026-08-18 21:34:17.510 +04:00 [INF] Unified order book SOL-USDT-SWAP status changed: "Connecting" => "Syncing"
2026-08-18 21:34:17.756 +04:00 [INF] Unified order book SOL-USDT-SWAP status changed: "Syncing" => "Synced"
2026-08-18 21:34:17.758 +04:00 [INF] Futures book OKX:SOLUSDT "Synced"
2026-08-18 21:34:17.759 +04:00 [INF] Futures books: OKX:SOLUSDT=Synced; Binance:BTCUSDT=Synced; Binance:SOLUSDT=Synced; Bybit:BTCUSDT=Synced; OKX:BTCUSDT=Synced; Bybit:ETHUSDT=Synced; Bybit:SOLUSDT=Synced; Binance:ETHUSDT=Synced; OKX:ETHUSDT=Synced
2026-08-18 22:32:25.217 +04:00 [INF] Discovery: futures tickers on Binance,Bybit,OKX
2026-08-18 22:32:27.008 +04:00 [INF] Discovery: spot tickers on Binance,Bybit,OKX
2026-08-18 22:32:27.951 +04:00 [WRN] No symbols above minVol=3000000, relaxing filter
2026-08-18 22:32:27.956 +04:00 [WRN] Fallback symbols (empty)
2026-08-18 22:32:27.960 +04:00 [INF] Start | Strategy=FuturesCross | Mode=PAPER | Symbols=BTCUSDT,ETHUSDT,SOLUSDT | Ex=Binance,Bybit,OKX
2026-08-18 22:32:27.965 +04:00 [INF] Futures paper margin initialized: 10000 USDT x 3 exchanges
2026-08-18 22:32:27.995 +04:00 [INF] UsdFutures order book BTCUSDT status changed: "Disconnected" => "Connecting"
2026-08-18 22:32:30.088 +04:00 [INF] [Sckt 1] subscription 11 completed successfully
2026-08-18 22:32:30.092 +04:00 [INF] UsdFutures order book BTCUSDT status changed: "Connecting" => "Syncing"
2026-08-18 22:32:30.161 +04:00 [INF] UsdFutures order book BTCUSDT status changed: "Syncing" => "Synced"
2026-08-18 22:32:30.162 +04:00 [INF] Futures book Binance:BTCUSDT "Synced"
2026-08-18 22:32:30.168 +04:00 [INF] V5 order book BTCUSDT status changed: "Disconnected" => "Connecting"
2026-08-18 22:32:32.345 +04:00 [INF] [Sckt 2] subscription 14 completed successfully
2026-08-18 22:32:32.347 +04:00 [INF] V5 order book BTCUSDT status changed: "Connecting" => "Syncing"
2026-08-18 22:32:32.348 +04:00 [INF] V5 order book BTCUSDT status changed: "Syncing" => "Synced"
2026-08-18 22:32:32.349 +04:00 [INF] Futures book Bybit:BTCUSDT "Synced"
2026-08-18 22:32:32.353 +04:00 [INF] Unified order book BTC-USDT-SWAP status changed: "Disconnected" => "Connecting"
2026-08-18 22:32:34.623 +04:00 [INF] [Sckt 3] subscription 18 completed successfully
2026-08-18 22:32:34.625 +04:00 [INF] Unified order book BTC-USDT-SWAP status changed: "Connecting" => "Syncing"
2026-08-18 22:32:35.185 +04:00 [INF] Unified order book BTC-USDT-SWAP status changed: "Syncing" => "Synced"
2026-08-18 22:32:35.187 +04:00 [INF] Futures book OKX:BTCUSDT "Synced"
2026-08-18 22:32:35.188 +04:00 [INF] UsdFutures order book ETHUSDT status changed: "Disconnected" => "Connecting"
2026-08-18 22:32:35.530 +04:00 [INF] [Sckt 1] subscription 20 completed successfully
2026-08-18 22:32:35.532 +04:00 [INF] UsdFutures order book ETHUSDT status changed: "Connecting" => "Syncing"
2026-08-18 22:32:35.592 +04:00 [INF] UsdFutures order book ETHUSDT status changed: "Syncing" => "Synced"
2026-08-18 22:32:35.593 +04:00 [INF] Futures book Binance:ETHUSDT "Synced"
2026-08-18 22:32:35.594 +04:00 [INF] V5 order book ETHUSDT status changed: "Disconnected" => "Connecting"
2026-08-18 22:32:35.920 +04:00 [INF] [Sckt 2] subscription 23 completed successfully
2026-08-18 22:32:35.922 +04:00 [INF] V5 order book ETHUSDT status changed: "Connecting" => "Syncing"
2026-08-18 22:32:35.922 +04:00 [INF] V5 order book ETHUSDT status changed: "Syncing" => "Synced"
2026-08-18 22:32:35.923 +04:00 [INF] Futures book Bybit:ETHUSDT "Synced"
2026-08-18 22:32:35.924 +04:00 [INF] Unified order book ETH-USDT-SWAP status changed: "Disconnected" => "Connecting"
2026-08-18 22:32:36.468 +04:00 [INF] [Sckt 3] subscription 26 completed successfully
2026-08-18 22:32:36.469 +04:00 [INF] Unified order book ETH-USDT-SWAP status changed: "Connecting" => "Syncing"
2026-08-18 22:32:36.768 +04:00 [INF] Unified order book ETH-USDT-SWAP status changed: "Syncing" => "Synced"
2026-08-18 22:32:36.769 +04:00 [INF] Futures book OKX:ETHUSDT "Synced"
2026-08-18 22:32:36.770 +04:00 [INF] UsdFutures order book SOLUSDT status changed: "Disconnected" => "Connecting"
2026-08-18 22:32:37.132 +04:00 [INF] [Sckt 1] subscription 28 completed successfully
2026-08-18 22:32:37.133 +04:00 [INF] UsdFutures order book SOLUSDT status changed: "Connecting" => "Syncing"
2026-08-18 22:32:37.183 +04:00 [INF] UsdFutures order book SOLUSDT status changed: "Syncing" => "Synced"
2026-08-18 22:32:37.186 +04:00 [INF] Futures book Binance:SOLUSDT "Synced"
2026-08-18 22:32:37.187 +04:00 [INF] V5 order book SOLUSDT status changed: "Disconnected" => "Connecting"
2026-08-18 22:32:37.388 +04:00 [INF] [Sckt 2] subscription 31 completed successfully
2026-08-18 22:32:37.390 +04:00 [INF] V5 order book SOLUSDT status changed: "Connecting" => "Syncing"
2026-08-18 22:32:37.391 +04:00 [INF] V5 order book SOLUSDT status changed: "Syncing" => "Synced"
2026-08-18 22:32:37.391 +04:00 [INF] Futures book Bybit:SOLUSDT "Synced"
2026-08-18 22:32:37.392 +04:00 [INF] Unified order book SOL-USDT-SWAP status changed: "Disconnected" => "Connecting"
2026-08-18 22:32:37.677 +04:00 [INF] [Sckt 3] subscription 34 completed successfully
2026-08-18 22:32:37.678 +04:00 [INF] Unified order book SOL-USDT-SWAP status changed: "Connecting" => "Syncing"
2026-08-18 22:32:37.928 +04:00 [INF] Unified order book SOL-USDT-SWAP status changed: "Syncing" => "Synced"
2026-08-18 22:32:37.930 +04:00 [INF] Futures book OKX:SOLUSDT "Synced"
2026-08-18 22:32:37.931 +04:00 [INF] Futures books: OKX:SOLUSDT=Synced; Binance:BTCUSDT=Synced; Binance:SOLUSDT=Synced; Bybit:BTCUSDT=Synced; OKX:BTCUSDT=Synced; Bybit:ETHUSDT=Synced; Bybit:SOLUSDT=Synced; Binance:ETHUSDT=Synced; OKX:ETHUSDT=Synced
2026-08-18 22:48:12.177 +04:00 [INF] Discovery: futures tickers on Binance,Bybit,OKX
2026-08-18 22:48:13.846 +04:00 [INF] Discovery: spot tickers on Binance,Bybit,OKX
2026-08-18 22:48:14.815 +04:00 [WRN] No symbols above minVol=3000000, relaxing filter
2026-08-18 22:48:14.819 +04:00 [WRN] Fallback symbols (empty)
2026-08-18 22:48:14.822 +04:00 [INF] Start | Strategy=FuturesCross | Mode=PAPER | Symbols=BTC,ETH,SOL,XRP,DOGE,ADA,AVAX,LINK | Ex=Binance,Bybit,OKX
2026-08-18 22:48:14.825 +04:00 [INF] Futures paper margin initialized: 10000 USDT x 3 exchanges
2026-08-18 22:48:14.828 +04:00 [WRN] Skip symbol BTC
System.ArgumentException: Unsupported futures symbol BTC
   at ArbitrageBot.Services.FuturesMarketService.ParsePerp(String symbol) in D:\Users\karap\source\repos\ArbitrageBot\ArbitrageBot\Services\FuturesMarketService.cs:line 326
   at ArbitrageBot.Services.FuturesMarketService.StartAsync(CancellationToken ct) in D:\Users\karap\source\repos\ArbitrageBot\ArbitrageBot\Services\FuturesMarketService.cs:line 55
2026-08-18 22:48:14.846 +04:00 [WRN] Skip symbol ETH
System.ArgumentException: Unsupported futures symbol ETH
   at ArbitrageBot.Services.FuturesMarketService.ParsePerp(String symbol) in D:\Users\karap\source\repos\ArbitrageBot\ArbitrageBot\Services\FuturesMarketService.cs:line 326
   at ArbitrageBot.Services.FuturesMarketService.StartAsync(CancellationToken ct) in D:\Users\karap\source\repos\ArbitrageBot\ArbitrageBot\Services\FuturesMarketService.cs:line 55
2026-08-18 22:48:14.847 +04:00 [WRN] Skip symbol SOL
System.ArgumentException: Unsupported futures symbol SOL
   at ArbitrageBot.Services.FuturesMarketService.ParsePerp(String symbol) in D:\Users\karap\source\repos\ArbitrageBot\ArbitrageBot\Services\FuturesMarketService.cs:line 326
   at ArbitrageBot.Services.FuturesMarketService.StartAsync(CancellationToken ct) in D:\Users\karap\source\repos\ArbitrageBot\ArbitrageBot\Services\FuturesMarketService.cs:line 55
2026-08-18 22:48:14.848 +04:00 [WRN] Skip symbol XRP
System.ArgumentException: Unsupported futures symbol XRP
   at ArbitrageBot.Services.FuturesMarketService.ParsePerp(String symbol) in D:\Users\karap\source\repos\ArbitrageBot\ArbitrageBot\Services\FuturesMarketService.cs:line 326
   at ArbitrageBot.Services.FuturesMarketService.StartAsync(CancellationToken ct) in D:\Users\karap\source\repos\ArbitrageBot\ArbitrageBot\Services\FuturesMarketService.cs:line 55
2026-08-18 22:48:14.848 +04:00 [WRN] Skip symbol DOGE
System.ArgumentException: Unsupported futures symbol DOGE
   at ArbitrageBot.Services.FuturesMarketService.ParsePerp(String symbol) in D:\Users\karap\source\repos\ArbitrageBot\ArbitrageBot\Services\FuturesMarketService.cs:line 326
   at ArbitrageBot.Services.FuturesMarketService.StartAsync(CancellationToken ct) in D:\Users\karap\source\repos\ArbitrageBot\ArbitrageBot\Services\FuturesMarketService.cs:line 55
2026-08-18 22:48:14.850 +04:00 [WRN] Skip symbol ADA
System.ArgumentException: Unsupported futures symbol ADA
   at ArbitrageBot.Services.FuturesMarketService.ParsePerp(String symbol) in D:\Users\karap\source\repos\ArbitrageBot\ArbitrageBot\Services\FuturesMarketService.cs:line 326
   at ArbitrageBot.Services.FuturesMarketService.StartAsync(CancellationToken ct) in D:\Users\karap\source\repos\ArbitrageBot\ArbitrageBot\Services\FuturesMarketService.cs:line 55
2026-08-18 22:48:14.852 +04:00 [WRN] Skip symbol AVAX
System.ArgumentException: Unsupported futures symbol AVAX
   at ArbitrageBot.Services.FuturesMarketService.ParsePerp(String symbol) in D:\Users\karap\source\repos\ArbitrageBot\ArbitrageBot\Services\FuturesMarketService.cs:line 326
   at ArbitrageBot.Services.FuturesMarketService.StartAsync(CancellationToken ct) in D:\Users\karap\source\repos\ArbitrageBot\ArbitrageBot\Services\FuturesMarketService.cs:line 55
2026-08-18 22:48:14.853 +04:00 [WRN] Skip symbol LINK
System.ArgumentException: Unsupported futures symbol LINK
   at ArbitrageBot.Services.FuturesMarketService.ParsePerp(String symbol) in D:\Users\karap\source\repos\ArbitrageBot\ArbitrageBot\Services\FuturesMarketService.cs:line 326
   at ArbitrageBot.Services.FuturesMarketService.StartAsync(CancellationToken ct) in D:\Users\karap\source\repos\ArbitrageBot\ArbitrageBot\Services\FuturesMarketService.cs:line 55
2026-08-18 22:48:14.856 +04:00 [INF] Futures books: 
2026-08-18 22:49:23.836 +04:00 [INF] Discovery: futures tickers on Binance,Bybit,OKX
2026-08-18 22:49:25.636 +04:00 [INF] Discovery: spot tickers on Binance,Bybit,OKX
2026-08-18 22:49:27.076 +04:00 [WRN] No symbols above minVol=3000000, relaxing filter
2026-08-18 22:49:27.081 +04:00 [WRN] Fallback symbols (empty)
2026-08-18 22:49:27.085 +04:00 [INF] Start | Strategy=FuturesCross | Mode=PAPER | Symbols=BTC,ETH,SOL,XRP,DOGE,ADA,AVAX,LINK | Ex=Binance,Bybit,OKX
2026-08-18 22:49:27.089 +04:00 [INF] Futures paper margin initialized: 10000 USDT x 3 exchanges
2026-08-18 22:49:27.093 +04:00 [WRN] Skip symbol BTC
System.ArgumentException: Unsupported futures symbol BTC
   at ArbitrageBot.Services.FuturesMarketService.ParsePerp(String symbol) in D:\Users\karap\source\repos\ArbitrageBot\ArbitrageBot\Services\FuturesMarketService.cs:line 326
   at ArbitrageBot.Services.FuturesMarketService.StartAsync(CancellationToken ct) in D:\Users\karap\source\repos\ArbitrageBot\ArbitrageBot\Services\FuturesMarketService.cs:line 55
2026-08-18 22:49:27.099 +04:00 [WRN] Skip symbol ETH
System.ArgumentException: Unsupported futures symbol ETH
   at ArbitrageBot.Services.FuturesMarketService.ParsePerp(String symbol) in D:\Users\karap\source\repos\ArbitrageBot\ArbitrageBot\Services\FuturesMarketService.cs:line 326
   at ArbitrageBot.Services.FuturesMarketService.StartAsync(CancellationToken ct) in D:\Users\karap\source\repos\ArbitrageBot\ArbitrageBot\Services\FuturesMarketService.cs:line 55
2026-08-18 22:49:27.100 +04:00 [WRN] Skip symbol SOL
System.ArgumentException: Unsupported futures symbol SOL
   at ArbitrageBot.Services.FuturesMarketService.ParsePerp(String symbol) in D:\Users\karap\source\repos\ArbitrageBot\ArbitrageBot\Services\FuturesMarketService.cs:line 326
   at ArbitrageBot.Services.FuturesMarketService.StartAsync(CancellationToken ct) in D:\Users\karap\source\repos\ArbitrageBot\ArbitrageBot\Services\FuturesMarketService.cs:line 55
2026-08-18 22:49:27.101 +04:00 [WRN] Skip symbol XRP
System.ArgumentException: Unsupported futures symbol XRP
   at ArbitrageBot.Services.FuturesMarketService.ParsePerp(String symbol) in D:\Users\karap\source\repos\ArbitrageBot\ArbitrageBot\Services\FuturesMarketService.cs:line 326
   at ArbitrageBot.Services.FuturesMarketService.StartAsync(CancellationToken ct) in D:\Users\karap\source\repos\ArbitrageBot\ArbitrageBot\Services\FuturesMarketService.cs:line 55
2026-08-18 22:49:27.102 +04:00 [WRN] Skip symbol DOGE
System.ArgumentException: Unsupported futures symbol DOGE
   at ArbitrageBot.Services.FuturesMarketService.ParsePerp(String symbol) in D:\Users\karap\source\repos\ArbitrageBot\ArbitrageBot\Services\FuturesMarketService.cs:line 326
   at ArbitrageBot.Services.FuturesMarketService.StartAsync(CancellationToken ct) in D:\Users\karap\source\repos\ArbitrageBot\ArbitrageBot\Services\FuturesMarketService.cs:line 55
2026-08-18 22:49:27.104 +04:00 [WRN] Skip symbol ADA
System.ArgumentException: Unsupported futures symbol ADA
   at ArbitrageBot.Services.FuturesMarketService.ParsePerp(String symbol) in D:\Users\karap\source\repos\ArbitrageBot\ArbitrageBot\Services\FuturesMarketService.cs:line 326
   at ArbitrageBot.Services.FuturesMarketService.StartAsync(CancellationToken ct) in D:\Users\karap\source\repos\ArbitrageBot\ArbitrageBot\Services\FuturesMarketService.cs:line 55
2026-08-18 22:49:27.108 +04:00 [WRN] Skip symbol AVAX
System.ArgumentException: Unsupported futures symbol AVAX
   at ArbitrageBot.Services.FuturesMarketService.ParsePerp(String symbol) in D:\Users\karap\source\repos\ArbitrageBot\ArbitrageBot\Services\FuturesMarketService.cs:line 326
   at ArbitrageBot.Services.FuturesMarketService.StartAsync(CancellationToken ct) in D:\Users\karap\source\repos\ArbitrageBot\ArbitrageBot\Services\FuturesMarketService.cs:line 55
2026-08-18 22:49:27.110 +04:00 [WRN] Skip symbol LINK
System.ArgumentException: Unsupported futures symbol LINK
   at ArbitrageBot.Services.FuturesMarketService.ParsePerp(String symbol) in D:\Users\karap\source\repos\ArbitrageBot\ArbitrageBot\Services\FuturesMarketService.cs:line 326
   at ArbitrageBot.Services.FuturesMarketService.StartAsync(CancellationToken ct) in D:\Users\karap\source\repos\ArbitrageBot\ArbitrageBot\Services\FuturesMarketService.cs:line 55
2026-08-18 22:49:27.116 +04:00 [INF] Futures books: 
2026-08-18 22:50:20.548 +04:00 [INF] Discovery: futures tickers on Binance,Bybit,OKX
2026-08-18 22:50:22.840 +04:00 [INF] Discovery: spot tickers on Binance,Bybit,OKX
2026-08-18 22:50:24.285 +04:00 [WRN] No symbols above minVol=3000000, relaxing filter
2026-08-18 22:50:24.291 +04:00 [WRN] Fallback symbols (empty)
2026-08-18 22:50:24.294 +04:00 [INF] Start | Strategy=FuturesCross | Mode=PAPER | Symbols=BTC,ETH,SOL,XRP,DOGE,ADA,AVAX,LINK | Ex=Binance,Bybit,OKX
2026-08-18 22:50:24.298 +04:00 [INF] Futures paper margin initialized: 10000 USDT x 3 exchanges
2026-08-18 22:50:24.302 +04:00 [WRN] Skip symbol BTC
System.ArgumentException: Unsupported futures symbol BTC
   at ArbitrageBot.Services.FuturesMarketService.ParsePerp(String symbol) in D:\Users\karap\source\repos\ArbitrageBot\ArbitrageBot\Services\FuturesMarketService.cs:line 326
   at ArbitrageBot.Services.FuturesMarketService.StartAsync(CancellationToken ct) in D:\Users\karap\source\repos\ArbitrageBot\ArbitrageBot\Services\FuturesMarketService.cs:line 55
2026-08-18 22:50:24.308 +04:00 [WRN] Skip symbol ETH
System.ArgumentException: Unsupported futures symbol ETH
   at ArbitrageBot.Services.FuturesMarketService.ParsePerp(String symbol) in D:\Users\karap\source\repos\ArbitrageBot\ArbitrageBot\Services\FuturesMarketService.cs:line 326
   at ArbitrageBot.Services.FuturesMarketService.StartAsync(CancellationToken ct) in D:\Users\karap\source\repos\ArbitrageBot\ArbitrageBot\Services\FuturesMarketService.cs:line 55
2026-08-18 22:50:24.309 +04:00 [WRN] Skip symbol SOL
System.ArgumentException: Unsupported futures symbol SOL
   at ArbitrageBot.Services.FuturesMarketService.ParsePerp(String symbol) in D:\Users\karap\source\repos\ArbitrageBot\ArbitrageBot\Services\FuturesMarketService.cs:line 326
   at ArbitrageBot.Services.FuturesMarketService.StartAsync(CancellationToken ct) in D:\Users\karap\source\repos\ArbitrageBot\ArbitrageBot\Services\FuturesMarketService.cs:line 55
2026-08-18 22:50:24.310 +04:00 [WRN] Skip symbol XRP
System.ArgumentException: Unsupported futures symbol XRP
   at ArbitrageBot.Services.FuturesMarketService.ParsePerp(String symbol) in D:\Users\karap\source\repos\ArbitrageBot\ArbitrageBot\Services\FuturesMarketService.cs:line 326
   at ArbitrageBot.Services.FuturesMarketService.StartAsync(CancellationToken ct) in D:\Users\karap\source\repos\ArbitrageBot\ArbitrageBot\Services\FuturesMarketService.cs:line 55
2026-08-18 22:50:24.310 +04:00 [WRN] Skip symbol DOGE
System.ArgumentException: Unsupported futures symbol DOGE
   at ArbitrageBot.Services.FuturesMarketService.ParsePerp(String symbol) in D:\Users\karap\source\repos\ArbitrageBot\ArbitrageBot\Services\FuturesMarketService.cs:line 326
   at ArbitrageBot.Services.FuturesMarketService.StartAsync(CancellationToken ct) in D:\Users\karap\source\repos\ArbitrageBot\ArbitrageBot\Services\FuturesMarketService.cs:line 55
2026-08-18 22:50:24.312 +04:00 [WRN] Skip symbol ADA
System.ArgumentException: Unsupported futures symbol ADA
   at ArbitrageBot.Services.FuturesMarketService.ParsePerp(String symbol) in D:\Users\karap\source\repos\ArbitrageBot\ArbitrageBot\Services\FuturesMarketService.cs:line 326
   at ArbitrageBot.Services.FuturesMarketService.StartAsync(CancellationToken ct) in D:\Users\karap\source\repos\ArbitrageBot\ArbitrageBot\Services\FuturesMarketService.cs:line 55
2026-08-18 22:50:24.313 +04:00 [WRN] Skip symbol AVAX
System.ArgumentException: Unsupported futures symbol AVAX
   at ArbitrageBot.Services.FuturesMarketService.ParsePerp(String symbol) in D:\Users\karap\source\repos\ArbitrageBot\ArbitrageBot\Services\FuturesMarketService.cs:line 326
   at ArbitrageBot.Services.FuturesMarketService.StartAsync(CancellationToken ct) in D:\Users\karap\source\repos\ArbitrageBot\ArbitrageBot\Services\FuturesMarketService.cs:line 55
2026-08-18 22:50:24.314 +04:00 [WRN] Skip symbol LINK
System.ArgumentException: Unsupported futures symbol LINK
   at ArbitrageBot.Services.FuturesMarketService.ParsePerp(String symbol) in D:\Users\karap\source\repos\ArbitrageBot\ArbitrageBot\Services\FuturesMarketService.cs:line 326
   at ArbitrageBot.Services.FuturesMarketService.StartAsync(CancellationToken ct) in D:\Users\karap\source\repos\ArbitrageBot\ArbitrageBot\Services\FuturesMarketService.cs:line 55
2026-08-18 22:50:24.316 +04:00 [INF] Futures books: 
2026-08-18 22:52:59.188 +04:00 [INF] Discovery: futures tickers on Binance,Bybit,OKX
2026-08-18 22:53:00.989 +04:00 [INF] Discovery: spot tickers on Binance,Bybit,OKX
2026-08-18 22:53:02.302 +04:00 [WRN] No symbols above minVol=3000000, relaxing filter
2026-08-18 22:53:02.307 +04:00 [WRN] Fallback symbols (empty)
2026-08-18 22:53:02.310 +04:00 [INF] Start | Strategy=FuturesCross | Mode=PAPER | Symbols=BTC,ETH,SOL,XRP,DOGE,ADA,AVAX,LINK | Ex=Binance,Bybit,OKX
2026-08-18 22:53:02.313 +04:00 [INF] Futures paper margin initialized: 10000 USDT x 3 exchanges
2026-08-18 22:53:02.416 +04:00 [INF] UsdFutures order book BTCUSDT status changed: "Disconnected" => "Connecting"
2026-08-18 22:53:04.395 +04:00 [INF] [Sckt 1] subscription 11 completed successfully
2026-08-18 22:53:04.399 +04:00 [INF] UsdFutures order book BTCUSDT status changed: "Connecting" => "Syncing"
2026-08-18 22:53:04.456 +04:00 [INF] UsdFutures order book BTCUSDT status changed: "Syncing" => "Synced"
2026-08-18 22:53:04.458 +04:00 [INF] Futures book Binance:BTC "Synced"
2026-08-18 22:53:04.471 +04:00 [INF] V5 order book BTCUSDT status changed: "Disconnected" => "Connecting"
2026-08-18 22:53:05.929 +04:00 [INF] [Sckt 2] subscription 14 completed successfully
2026-08-18 22:53:05.931 +04:00 [INF] V5 order book BTCUSDT status changed: "Connecting" => "Syncing"
2026-08-18 22:53:05.931 +04:00 [INF] V5 order book BTCUSDT status changed: "Syncing" => "Synced"
2026-08-18 22:53:05.932 +04:00 [INF] Futures book Bybit:BTC "Synced"
2026-08-18 22:53:05.959 +04:00 [INF] Unified order book BTC-USDT-SWAP status changed: "Disconnected" => "Connecting"
2026-08-18 22:53:07.563 +04:00 [INF] [Sckt 3] subscription 18 completed successfully
2026-08-18 22:53:07.566 +04:00 [INF] Unified order book BTC-USDT-SWAP status changed: "Connecting" => "Syncing"
2026-08-18 22:53:08.001 +04:00 [INF] Unified order book BTC-USDT-SWAP status changed: "Syncing" => "Synced"
2026-08-18 22:53:08.003 +04:00 [INF] Futures book OKX:BTC "Synced"
2026-08-18 22:53:08.004 +04:00 [INF] UsdFutures order book ETHUSDT status changed: "Disconnected" => "Connecting"
2026-08-18 22:53:08.365 +04:00 [INF] [Sckt 1] subscription 20 completed successfully
2026-08-18 22:53:08.367 +04:00 [INF] UsdFutures order book ETHUSDT status changed: "Connecting" => "Syncing"
2026-08-18 22:53:08.484 +04:00 [INF] UsdFutures order book ETHUSDT status changed: "Syncing" => "Synced"
2026-08-18 22:53:08.486 +04:00 [INF] Futures book Binance:ETH "Synced"
2026-08-18 22:53:08.486 +04:00 [INF] V5 order book ETHUSDT status changed: "Disconnected" => "Connecting"
2026-08-18 22:53:08.703 +04:00 [INF] [Sckt 2] subscription 23 completed successfully
2026-08-18 22:53:08.705 +04:00 [INF] V5 order book ETHUSDT status changed: "Connecting" => "Syncing"
2026-08-18 22:53:08.706 +04:00 [INF] V5 order book ETHUSDT status changed: "Syncing" => "Synced"
2026-08-18 22:53:08.706 +04:00 [INF] Futures book Bybit:ETH "Synced"
2026-08-18 22:53:08.707 +04:00 [INF] Unified order book ETH-USDT-SWAP status changed: "Disconnected" => "Connecting"
2026-08-18 22:53:09.033 +04:00 [INF] [Sckt 3] subscription 26 completed successfully
2026-08-18 22:53:09.035 +04:00 [INF] Unified order book ETH-USDT-SWAP status changed: "Connecting" => "Syncing"
2026-08-18 22:53:09.155 +04:00 [INF] Unified order book ETH-USDT-SWAP status changed: "Syncing" => "Synced"
2026-08-18 22:53:09.157 +04:00 [INF] Futures book OKX:ETH "Synced"
2026-08-18 22:53:09.158 +04:00 [INF] UsdFutures order book SOLUSDT status changed: "Disconnected" => "Connecting"
2026-08-18 22:53:09.568 +04:00 [INF] [Sckt 1] subscription 28 completed successfully
2026-08-18 22:53:09.569 +04:00 [INF] UsdFutures order book SOLUSDT status changed: "Connecting" => "Syncing"
2026-08-18 22:53:09.620 +04:00 [INF] UsdFutures order book SOLUSDT status changed: "Syncing" => "Synced"
2026-08-18 22:53:09.621 +04:00 [INF] Futures book Binance:SOL "Synced"
2026-08-18 22:53:09.622 +04:00 [INF] V5 order book SOLUSDT status changed: "Disconnected" => "Connecting"
2026-08-18 22:53:09.838 +04:00 [INF] [Sckt 2] subscription 31 completed successfully
2026-08-18 22:53:09.839 +04:00 [INF] V5 order book SOLUSDT status changed: "Connecting" => "Syncing"
2026-08-18 22:53:09.840 +04:00 [INF] V5 order book SOLUSDT status changed: "Syncing" => "Synced"
2026-08-18 22:53:09.841 +04:00 [INF] Futures book Bybit:SOL "Synced"
2026-08-18 22:53:09.842 +04:00 [INF] Unified order book SOL-USDT-SWAP status changed: "Disconnected" => "Connecting"
2026-08-18 22:53:10.169 +04:00 [INF] [Sckt 3] subscription 34 completed successfully
2026-08-18 22:53:10.170 +04:00 [INF] Unified order book SOL-USDT-SWAP status changed: "Connecting" => "Syncing"
2026-08-18 22:53:10.350 +04:00 [INF] Unified order book SOL-USDT-SWAP status changed: "Syncing" => "Synced"
2026-08-18 22:53:10.352 +04:00 [INF] Futures book OKX:SOL "Synced"
2026-08-18 22:53:10.354 +04:00 [INF] UsdFutures order book XRPUSDT status changed: "Disconnected" => "Connecting"
2026-08-18 22:53:10.769 +04:00 [INF] [Sckt 1] subscription 36 completed successfully
2026-08-18 22:53:10.771 +04:00 [INF] UsdFutures order book XRPUSDT status changed: "Connecting" => "Syncing"
2026-08-18 22:53:10.894 +04:00 [INF] UsdFutures order book XRPUSDT status changed: "Syncing" => "Synced"
2026-08-18 22:53:10.896 +04:00 [INF] Futures book Binance:XRP "Synced"
2026-08-18 22:53:10.897 +04:00 [INF] V5 order book XRPUSDT status changed: "Disconnected" => "Connecting"
2026-08-18 22:53:11.110 +04:00 [INF] [Sckt 2] subscription 39 completed successfully
2026-08-18 22:53:11.112 +04:00 [INF] V5 order book XRPUSDT status changed: "Connecting" => "Syncing"
2026-08-18 22:53:11.112 +04:00 [INF] V5 order book XRPUSDT status changed: "Syncing" => "Synced"
2026-08-18 22:53:11.113 +04:00 [INF] Futures book Bybit:XRP "Synced"
2026-08-18 22:53:11.114 +04:00 [INF] Unified order book XRP-USDT-SWAP status changed: "Disconnected" => "Connecting"
2026-08-18 22:53:11.442 +04:00 [INF] [Sckt 3] subscription 42 completed successfully
2026-08-18 22:53:11.444 +04:00 [INF] Unified order book XRP-USDT-SWAP status changed: "Connecting" => "Syncing"
2026-08-18 22:53:11.556 +04:00 [INF] Unified order book XRP-USDT-SWAP status changed: "Syncing" => "Synced"
2026-08-18 22:53:11.558 +04:00 [INF] Futures book OKX:XRP "Synced"
2026-08-18 22:53:11.558 +04:00 [INF] UsdFutures order book DOGEUSDT status changed: "Disconnected" => "Connecting"
2026-08-18 22:53:11.970 +04:00 [INF] [Sckt 1] subscription 44 completed successfully
2026-08-18 22:53:11.971 +04:00 [INF] UsdFutures order book DOGEUSDT status changed: "Connecting" => "Syncing"
2026-08-18 22:53:12.022 +04:00 [INF] UsdFutures order book DOGEUSDT status changed: "Syncing" => "Synced"
2026-08-18 22:53:12.024 +04:00 [INF] Futures book Binance:DOGE "Synced"
2026-08-18 22:53:12.025 +04:00 [INF] V5 order book DOGEUSDT status changed: "Disconnected" => "Connecting"
2026-08-18 22:53:12.238 +04:00 [INF] [Sckt 2] subscription 47 completed successfully
2026-08-18 22:53:12.238 +04:00 [INF] V5 order book DOGEUSDT status changed: "Connecting" => "Syncing"
2026-08-18 22:53:12.239 +04:00 [INF] V5 order book DOGEUSDT status changed: "Syncing" => "Synced"
2026-08-18 22:53:12.240 +04:00 [INF] Futures book Bybit:DOGE "Synced"
2026-08-18 22:53:12.240 +04:00 [INF] Unified order book DOGE-USDT-SWAP status changed: "Disconnected" => "Connecting"
2026-08-18 22:53:12.567 +04:00 [INF] [Sckt 3] subscription 50 completed successfully
2026-08-18 22:53:12.568 +04:00 [INF] Unified order book DOGE-USDT-SWAP status changed: "Connecting" => "Syncing"
2026-08-18 22:53:12.750 +04:00 [INF] Unified order book DOGE-USDT-SWAP status changed: "Syncing" => "Synced"
2026-08-18 22:53:12.752 +04:00 [INF] Futures book OKX:DOGE "Synced"
2026-08-18 22:53:12.753 +04:00 [INF] UsdFutures order book ADAUSDT status changed: "Disconnected" => "Connecting"
2026-08-18 22:53:13.172 +04:00 [INF] [Sckt 1] subscription 52 completed successfully
2026-08-18 22:53:13.173 +04:00 [INF] UsdFutures order book ADAUSDT status changed: "Connecting" => "Syncing"
2026-08-18 22:53:13.231 +04:00 [INF] UsdFutures order book ADAUSDT status changed: "Syncing" => "Synced"
2026-08-18 22:53:13.232 +04:00 [INF] Futures book Binance:ADA "Synced"
2026-08-18 22:53:13.233 +04:00 [INF] V5 order book ADAUSDT status changed: "Disconnected" => "Connecting"
2026-08-18 22:53:13.445 +04:00 [INF] [Sckt 2] subscription 55 completed successfully
2026-08-18 22:53:13.446 +04:00 [INF] V5 order book ADAUSDT status changed: "Connecting" => "Syncing"
2026-08-18 22:53:13.447 +04:00 [INF] V5 order book ADAUSDT status changed: "Syncing" => "Synced"
2026-08-18 22:53:13.448 +04:00 [INF] Futures book Bybit:ADA "Synced"
2026-08-18 22:53:13.449 +04:00 [INF] Unified order book ADA-USDT-SWAP status changed: "Disconnected" => "Connecting"
2026-08-18 22:53:13.776 +04:00 [INF] [Sckt 3] subscription 58 completed successfully
2026-08-18 22:53:13.777 +04:00 [INF] Unified order book ADA-USDT-SWAP status changed: "Connecting" => "Syncing"
2026-08-18 22:53:13.964 +04:00 [INF] Unified order book ADA-USDT-SWAP status changed: "Syncing" => "Synced"
2026-08-18 22:53:13.967 +04:00 [INF] Futures book OKX:ADA "Synced"
2026-08-18 22:53:13.967 +04:00 [INF] UsdFutures order book AVAXUSDT status changed: "Disconnected" => "Connecting"
2026-08-18 22:53:14.372 +04:00 [INF] [Sckt 1] subscription 60 completed successfully
2026-08-18 22:53:14.373 +04:00 [INF] UsdFutures order book AVAXUSDT status changed: "Connecting" => "Syncing"
2026-08-18 22:53:14.487 +04:00 [INF] UsdFutures order book AVAXUSDT status changed: "Syncing" => "Synced"
2026-08-18 22:53:14.488 +04:00 [INF] Futures book Binance:AVAX "Synced"
2026-08-18 22:53:14.489 +04:00 [INF] V5 order book AVAXUSDT status changed: "Disconnected" => "Connecting"
2026-08-18 22:53:14.714 +04:00 [INF] [Sckt 2] subscription 63 completed successfully
2026-08-18 22:53:14.716 +04:00 [INF] V5 order book AVAXUSDT status changed: "Connecting" => "Syncing"
2026-08-18 22:53:14.716 +04:00 [INF] V5 order book AVAXUSDT status changed: "Syncing" => "Synced"
2026-08-18 22:53:14.717 +04:00 [INF] Futures book Bybit:AVAX "Synced"
2026-08-18 22:53:14.718 +04:00 [INF] Unified order book AVAX-USDT-SWAP status changed: "Disconnected" => "Connecting"
2026-08-18 22:53:15.051 +04:00 [INF] [Sckt 3] subscription 66 completed successfully
2026-08-18 22:53:15.052 +04:00 [INF] Unified order book AVAX-USDT-SWAP status changed: "Connecting" => "Syncing"
2026-08-18 22:53:15.170 +04:00 [INF] Unified order book AVAX-USDT-SWAP status changed: "Syncing" => "Synced"
2026-08-18 22:53:15.171 +04:00 [INF] Futures book OKX:AVAX "Synced"
2026-08-18 22:53:15.172 +04:00 [INF] UsdFutures order book LINKUSDT status changed: "Disconnected" => "Connecting"
2026-08-18 22:53:15.575 +04:00 [INF] [Sckt 1] subscription 68 completed successfully
2026-08-18 22:53:15.576 +04:00 [INF] UsdFutures order book LINKUSDT status changed: "Connecting" => "Syncing"
2026-08-18 22:53:15.757 +04:00 [INF] UsdFutures order book LINKUSDT status changed: "Syncing" => "Synced"
2026-08-18 22:53:15.758 +04:00 [INF] Futures book Binance:LINK "Synced"
2026-08-18 22:53:15.759 +04:00 [INF] V5 order book LINKUSDT status changed: "Disconnected" => "Connecting"
2026-08-18 22:53:15.971 +04:00 [INF] [Sckt 2] subscription 71 completed successfully
2026-08-18 22:53:15.972 +04:00 [INF] V5 order book LINKUSDT status changed: "Connecting" => "Syncing"
2026-08-18 22:53:15.974 +04:00 [INF] V5 order book LINKUSDT status changed: "Syncing" => "Synced"
2026-08-18 22:53:15.975 +04:00 [INF] Futures book Bybit:LINK "Synced"
2026-08-18 22:53:15.976 +04:00 [INF] Unified order book LINK-USDT-SWAP status changed: "Disconnected" => "Connecting"
2026-08-18 22:53:16.304 +04:00 [INF] [Sckt 3] subscription 74 completed successfully
2026-08-18 22:53:16.305 +04:00 [INF] Unified order book LINK-USDT-SWAP status changed: "Connecting" => "Syncing"
2026-08-18 22:53:16.610 +04:00 [INF] Unified order book LINK-USDT-SWAP status changed: "Syncing" => "Synced"
2026-08-18 22:53:16.611 +04:00 [INF] Futures book OKX:LINK "Synced"
2026-08-18 22:53:16.613 +04:00 [INF] Futures books: Bybit:LINK=Synced; OKX:ADA=Synced; Binance:ETH=Synced; OKX:DOGE=Synced; OKX:ETH=Synced; OKX:AVAX=Synced; Binance:LINK=Synced; OKX:LINK=Synced; Binance:SOL=Synced; OKX:SOL=Synced; Bybit:AVAX=Synced; Bybit:XRP=Synced; Bybit:BTC=Synced; Binance:ADA=Synced; Bybit:SOL=Synced; Binance:BTC=Synced; Binance:DOGE=Synced; Binance:XRP=Synced; Bybit:ADA=Synced; OKX:BTC=Synced; Bybit:DOGE=Synced; OKX:XRP=Synced; Bybit:ETH=Synced; Binance:AVAX=Synced
2026-08-18 23:20:05.201 +04:00 [INF] Discovery: futures tickers on Binance,Bybit,OKX
2026-08-18 23:20:06.773 +04:00 [INF] Discovery: spot tickers on Binance,Bybit,OKX
2026-08-18 23:20:07.455 +04:00 [WRN] No symbols above minVol=3000000, relaxing filter
2026-08-18 23:20:07.460 +04:00 [WRN] Fallback symbols (empty)
2026-08-18 23:20:07.463 +04:00 [INF] Start | Strategy=FuturesCross | Mode=PAPER | Symbols=BTC,ETH,SOL,XRP,DOGE,ADA,AVAX,LINK | Ex=Binance,Bybit,OKX
2026-08-18 23:20:07.466 +04:00 [INF] Futures paper margin initialized: 10000 USDT x 3 exchanges
2026-08-18 23:20:07.494 +04:00 [INF] UsdFutures order book BTCUSDT status changed: "Disconnected" => "Connecting"
2026-08-18 23:20:09.454 +04:00 [INF] [Sckt 1] subscription 11 completed successfully
2026-08-18 23:20:09.458 +04:00 [INF] UsdFutures order book BTCUSDT status changed: "Connecting" => "Syncing"
2026-08-18 23:20:09.524 +04:00 [INF] UsdFutures order book BTCUSDT status changed: "Syncing" => "Synced"
2026-08-18 23:20:09.527 +04:00 [INF] Futures book Binance:BTC "Synced"
2026-08-18 23:20:09.534 +04:00 [INF] V5 order book BTCUSDT status changed: "Disconnected" => "Connecting"
2026-08-18 23:20:11.627 +04:00 [INF] [Sckt 2] subscription 14 completed successfully
2026-08-18 23:20:11.629 +04:00 [INF] V5 order book BTCUSDT status changed: "Connecting" => "Syncing"
2026-08-18 23:20:11.629 +04:00 [INF] V5 order book BTCUSDT status changed: "Syncing" => "Synced"
2026-08-18 23:20:11.630 +04:00 [INF] Futures book Bybit:BTC "Synced"
2026-08-18 23:20:11.634 +04:00 [INF] Unified order book BTC-USDT-SWAP status changed: "Disconnected" => "Connecting"
2026-08-18 23:20:13.170 +04:00 [INF] [Sckt 3] subscription 18 completed successfully
2026-08-18 23:20:13.172 +04:00 [INF] Unified order book BTC-USDT-SWAP status changed: "Connecting" => "Syncing"
2026-08-18 23:20:13.724 +04:00 [INF] Unified order book BTC-USDT-SWAP status changed: "Syncing" => "Synced"
2026-08-18 23:20:13.725 +04:00 [INF] Futures book OKX:BTC "Synced"
2026-08-18 23:20:13.726 +04:00 [INF] UsdFutures order book ETHUSDT status changed: "Disconnected" => "Connecting"
2026-08-18 23:20:14.140 +04:00 [INF] [Sckt 1] subscription 20 completed successfully
2026-08-18 23:20:14.142 +04:00 [INF] UsdFutures order book ETHUSDT status changed: "Connecting" => "Syncing"
2026-08-18 23:20:14.260 +04:00 [INF] UsdFutures order book ETHUSDT status changed: "Syncing" => "Synced"
2026-08-18 23:20:14.261 +04:00 [INF] Futures book Binance:ETH "Synced"
2026-08-18 23:20:14.262 +04:00 [INF] V5 order book ETHUSDT status changed: "Disconnected" => "Connecting"
2026-08-18 23:20:14.475 +04:00 [INF] [Sckt 2] subscription 23 completed successfully
2026-08-18 23:20:14.477 +04:00 [INF] V5 order book ETHUSDT status changed: "Connecting" => "Syncing"
2026-08-18 23:20:14.478 +04:00 [INF] V5 order book ETHUSDT status changed: "Syncing" => "Synced"
2026-08-18 23:20:14.479 +04:00 [INF] Futures book Bybit:ETH "Synced"
2026-08-18 23:20:14.480 +04:00 [INF] Unified order book ETH-USDT-SWAP status changed: "Disconnected" => "Connecting"
2026-08-18 23:20:14.804 +04:00 [INF] [Sckt 3] subscription 26 completed successfully
2026-08-18 23:20:14.805 +04:00 [INF] Unified order book ETH-USDT-SWAP status changed: "Connecting" => "Syncing"
2026-08-18 23:20:14.868 +04:00 [INF] Unified order book ETH-USDT-SWAP status changed: "Syncing" => "Synced"
2026-08-18 23:20:14.869 +04:00 [INF] Futures book OKX:ETH "Synced"
2026-08-18 23:20:14.870 +04:00 [INF] UsdFutures order book SOLUSDT status changed: "Disconnected" => "Connecting"
2026-08-18 23:20:15.253 +04:00 [INF] [Sckt 1] subscription 28 completed successfully
2026-08-18 23:20:15.254 +04:00 [INF] UsdFutures order book SOLUSDT status changed: "Connecting" => "Syncing"
2026-08-18 23:20:15.318 +04:00 [INF] UsdFutures order book SOLUSDT status changed: "Syncing" => "Synced"
2026-08-18 23:20:15.320 +04:00 [INF] Futures book Binance:SOL "Synced"
2026-08-18 23:20:15.321 +04:00 [INF] V5 order book SOLUSDT status changed: "Disconnected" => "Connecting"
2026-08-18 23:20:15.535 +04:00 [INF] [Sckt 2] subscription 31 completed successfully
2026-08-18 23:20:15.536 +04:00 [INF] V5 order book SOLUSDT status changed: "Connecting" => "Syncing"
2026-08-18 23:20:15.538 +04:00 [INF] V5 order book SOLUSDT status changed: "Syncing" => "Synced"
2026-08-18 23:20:15.538 +04:00 [INF] Futures book Bybit:SOL "Synced"
2026-08-18 23:20:15.539 +04:00 [INF] Unified order book SOL-USDT-SWAP status changed: "Disconnected" => "Connecting"
2026-08-18 23:20:15.865 +04:00 [INF] [Sckt 3] subscription 34 completed successfully
2026-08-18 23:20:15.867 +04:00 [INF] Unified order book SOL-USDT-SWAP status changed: "Connecting" => "Syncing"
2026-08-18 23:20:16.042 +04:00 [INF] Unified order book SOL-USDT-SWAP status changed: "Syncing" => "Synced"
2026-08-18 23:20:16.044 +04:00 [INF] Futures book OKX:SOL "Synced"
2026-08-18 23:20:16.046 +04:00 [INF] UsdFutures order book XRPUSDT status changed: "Disconnected" => "Connecting"
2026-08-18 23:20:16.447 +04:00 [INF] [Sckt 1] subscription 36 completed successfully
2026-08-18 23:20:16.448 +04:00 [INF] UsdFutures order book XRPUSDT status changed: "Connecting" => "Syncing"
2026-08-18 23:20:16.505 +04:00 [INF] UsdFutures order book XRPUSDT status changed: "Syncing" => "Synced"
2026-08-18 23:20:16.506 +04:00 [INF] Futures book Binance:XRP "Synced"
2026-08-18 23:20:16.507 +04:00 [INF] V5 order book XRPUSDT status changed: "Disconnected" => "Connecting"
2026-08-18 23:20:16.720 +04:00 [INF] [Sckt 2] subscription 39 completed successfully
2026-08-18 23:20:16.722 +04:00 [INF] V5 order book XRPUSDT status changed: "Connecting" => "Syncing"
2026-08-18 23:20:16.724 +04:00 [INF] V5 order book XRPUSDT status changed: "Syncing" => "Synced"
2026-08-18 23:20:16.725 +04:00 [INF] Futures book Bybit:XRP "Synced"
2026-08-18 23:20:16.726 +04:00 [INF] Unified order book XRP-USDT-SWAP status changed: "Disconnected" => "Connecting"
2026-08-18 23:20:17.053 +04:00 [INF] [Sckt 3] subscription 42 completed successfully
2026-08-18 23:20:17.055 +04:00 [INF] Unified order book XRP-USDT-SWAP status changed: "Connecting" => "Syncing"
2026-08-18 23:20:17.602 +04:00 [INF] Unified order book XRP-USDT-SWAP status changed: "Syncing" => "Synced"
2026-08-18 23:20:17.603 +04:00 [INF] Futures book OKX:XRP "Synced"
2026-08-18 23:20:17.604 +04:00 [INF] UsdFutures order book DOGEUSDT status changed: "Disconnected" => "Connecting"
2026-08-18 23:20:17.951 +04:00 [INF] [Sckt 1] subscription 44 completed successfully
2026-08-18 23:20:17.952 +04:00 [INF] UsdFutures order book DOGEUSDT status changed: "Connecting" => "Syncing"
2026-08-18 23:20:18.004 +04:00 [INF] UsdFutures order book DOGEUSDT status changed: "Syncing" => "Synced"
2026-08-18 23:20:18.006 +04:00 [INF] Futures book Binance:DOGE "Synced"
2026-08-18 23:20:18.007 +04:00 [INF] V5 order book DOGEUSDT status changed: "Disconnected" => "Connecting"
2026-08-18 23:20:18.220 +04:00 [INF] [Sckt 2] subscription 47 completed successfully
2026-08-18 23:20:18.221 +04:00 [INF] V5 order book DOGEUSDT status changed: "Connecting" => "Syncing"
2026-08-18 23:20:18.222 +04:00 [INF] V5 order book DOGEUSDT status changed: "Syncing" => "Synced"
2026-08-18 23:20:18.223 +04:00 [INF] Futures book Bybit:DOGE "Synced"
2026-08-18 23:20:18.224 +04:00 [INF] Unified order book DOGE-USDT-SWAP status changed: "Disconnected" => "Connecting"
2026-08-18 23:20:18.549 +04:00 [INF] [Sckt 3] subscription 50 completed successfully
2026-08-18 23:20:18.551 +04:00 [INF] Unified order book DOGE-USDT-SWAP status changed: "Connecting" => "Syncing"
2026-08-18 23:20:18.732 +04:00 [INF] Unified order book DOGE-USDT-SWAP status changed: "Syncing" => "Synced"
2026-08-18 23:20:18.733 +04:00 [INF] Futures book OKX:DOGE "Synced"
2026-08-18 23:20:18.734 +04:00 [INF] UsdFutures order book ADAUSDT status changed: "Disconnected" => "Connecting"
2026-08-18 23:20:19.410 +04:00 [INF] [Sckt 1] subscription 52 completed successfully
2026-08-18 23:20:19.411 +04:00 [INF] UsdFutures order book ADAUSDT status changed: "Connecting" => "Syncing"
2026-08-18 23:20:19.412 +04:00 [INF] UsdFutures order book ADAUSDT status changed: "Syncing" => "Synced"
2026-08-18 23:20:19.413 +04:00 [INF] Futures book Binance:ADA "Synced"
2026-08-18 23:20:19.413 +04:00 [INF] V5 order book ADAUSDT status changed: "Disconnected" => "Connecting"
2026-08-18 23:20:19.623 +04:00 [INF] [Sckt 2] subscription 55 completed successfully
2026-08-18 23:20:19.625 +04:00 [INF] V5 order book ADAUSDT status changed: "Connecting" => "Syncing"
2026-08-18 23:20:19.626 +04:00 [INF] V5 order book ADAUSDT status changed: "Syncing" => "Synced"
2026-08-18 23:20:19.627 +04:00 [INF] Futures book Bybit:ADA "Synced"
2026-08-18 23:20:19.627 +04:00 [INF] Unified order book ADA-USDT-SWAP status changed: "Disconnected" => "Connecting"
2026-08-18 23:20:19.958 +04:00 [INF] [Sckt 3] subscription 58 completed successfully
2026-08-18 23:20:19.960 +04:00 [INF] Unified order book ADA-USDT-SWAP status changed: "Connecting" => "Syncing"
2026-08-18 23:20:20.262 +04:00 [INF] Unified order book ADA-USDT-SWAP status changed: "Syncing" => "Synced"
2026-08-18 23:20:20.263 +04:00 [INF] Futures book OKX:ADA "Synced"
2026-08-18 23:20:20.264 +04:00 [INF] UsdFutures order book AVAXUSDT status changed: "Disconnected" => "Connecting"
2026-08-18 23:20:20.650 +04:00 [INF] [Sckt 1] subscription 60 completed successfully
2026-08-18 23:20:20.652 +04:00 [INF] UsdFutures order book AVAXUSDT status changed: "Connecting" => "Syncing"
2026-08-18 23:20:20.775 +04:00 [INF] UsdFutures order book AVAXUSDT status changed: "Syncing" => "Synced"
2026-08-18 23:20:20.776 +04:00 [INF] Futures book Binance:AVAX "Synced"
2026-08-18 23:20:20.776 +04:00 [INF] V5 order book AVAXUSDT status changed: "Disconnected" => "Connecting"
2026-08-18 23:20:20.988 +04:00 [INF] [Sckt 2] subscription 63 completed successfully
2026-08-18 23:20:20.989 +04:00 [INF] V5 order book AVAXUSDT status changed: "Connecting" => "Syncing"
2026-08-18 23:20:20.990 +04:00 [INF] V5 order book AVAXUSDT status changed: "Syncing" => "Synced"
2026-08-18 23:20:20.991 +04:00 [INF] Futures book Bybit:AVAX "Synced"
2026-08-18 23:20:20.991 +04:00 [INF] Unified order book AVAX-USDT-SWAP status changed: "Disconnected" => "Connecting"
2026-08-18 23:20:21.319 +04:00 [INF] [Sckt 3] subscription 66 completed successfully
2026-08-18 23:20:21.320 +04:00 [INF] Unified order book AVAX-USDT-SWAP status changed: "Connecting" => "Syncing"
2026-08-18 23:20:21.441 +04:00 [INF] Unified order book AVAX-USDT-SWAP status changed: "Syncing" => "Synced"
2026-08-18 23:20:21.442 +04:00 [INF] Futures book OKX:AVAX "Synced"
2026-08-18 23:20:21.443 +04:00 [INF] UsdFutures order book LINKUSDT status changed: "Disconnected" => "Connecting"
2026-08-18 23:20:21.852 +04:00 [INF] [Sckt 1] subscription 68 completed successfully
2026-08-18 23:20:21.854 +04:00 [INF] UsdFutures order book LINKUSDT status changed: "Connecting" => "Syncing"
2026-08-18 23:20:21.920 +04:00 [INF] UsdFutures order book LINKUSDT status changed: "Syncing" => "Synced"
2026-08-18 23:20:21.922 +04:00 [INF] Futures book Binance:LINK "Synced"
2026-08-18 23:20:21.923 +04:00 [INF] V5 order book LINKUSDT status changed: "Disconnected" => "Connecting"
2026-08-18 23:20:22.139 +04:00 [INF] [Sckt 2] subscription 71 completed successfully
2026-08-18 23:20:22.140 +04:00 [INF] V5 order book LINKUSDT status changed: "Connecting" => "Syncing"
2026-08-18 23:20:22.141 +04:00 [INF] V5 order book LINKUSDT status changed: "Syncing" => "Synced"
2026-08-18 23:20:22.142 +04:00 [INF] Futures book Bybit:LINK "Synced"
2026-08-18 23:20:22.143 +04:00 [INF] Unified order book LINK-USDT-SWAP status changed: "Disconnected" => "Connecting"
2026-08-18 23:20:22.470 +04:00 [INF] [Sckt 3] subscription 74 completed successfully
2026-08-18 23:20:22.471 +04:00 [INF] Unified order book LINK-USDT-SWAP status changed: "Connecting" => "Syncing"
2026-08-18 23:20:22.651 +04:00 [INF] Unified order book LINK-USDT-SWAP status changed: "Syncing" => "Synced"
2026-08-18 23:20:22.652 +04:00 [INF] Futures book OKX:LINK "Synced"
2026-08-18 23:20:22.655 +04:00 [INF] Futures books: Bybit:LINK=Synced; OKX:ADA=Synced; Binance:ETH=Synced; OKX:DOGE=Synced; OKX:ETH=Synced; OKX:AVAX=Synced; Binance:LINK=Synced; OKX:LINK=Synced; Binance:SOL=Synced; OKX:SOL=Synced; Bybit:AVAX=Synced; Bybit:XRP=Synced; Bybit:BTC=Synced; Binance:ADA=Synced; Bybit:SOL=Synced; Binance:BTC=Synced; Binance:DOGE=Synced; Binance:XRP=Synced; Bybit:ADA=Synced; OKX:BTC=Synced; Bybit:DOGE=Synced; OKX:XRP=Synced; Bybit:ETH=Synced; Binance:AVAX=Synced
2026-08-18 23:26:14.983 +04:00 [INF] Discovery: futures tickers on Binance,Bybit,OKX
2026-08-18 23:26:16.695 +04:00 [INF] Discovery: spot tickers on Binance,Bybit,OKX
2026-08-18 23:26:17.598 +04:00 [WRN] No symbols above minVol=3000000, relaxing filter
2026-08-18 23:26:17.604 +04:00 [WRN] Fallback symbols (empty)
2026-08-18 23:26:17.607 +04:00 [INF] Start | Strategy=FuturesCross | Mode=PAPER | Symbols=BTCUSDT,ETHUSDT,SOLUSDT,XRPUSDT,DOGEUSDT,ADAUSDT,AVAXUSDT,LINKUSDT | Ex=Binance,Bybit,OKX
2026-08-18 23:26:17.611 +04:00 [INF] Futures paper margin initialized: 10000 USDT x 3 exchanges
2026-08-18 23:26:17.638 +04:00 [INF] UsdFutures order book BTCUSDT status changed: "Disconnected" => "Connecting"
2026-08-18 23:26:19.549 +04:00 [INF] [Sckt 1] subscription 11 completed successfully
2026-08-18 23:26:19.553 +04:00 [INF] UsdFutures order book BTCUSDT status changed: "Connecting" => "Syncing"
2026-08-18 23:26:19.619 +04:00 [INF] UsdFutures order book BTCUSDT status changed: "Syncing" => "Synced"
2026-08-18 23:26:19.620 +04:00 [INF] Futures book Binance:BTCUSDT "Synced"
2026-08-18 23:26:19.626 +04:00 [INF] V5 order book BTCUSDT status changed: "Disconnected" => "Connecting"
2026-08-18 23:26:21.114 +04:00 [INF] [Sckt 2] subscription 14 completed successfully
2026-08-18 23:26:21.117 +04:00 [INF] V5 order book BTCUSDT status changed: "Connecting" => "Syncing"
2026-08-18 23:26:21.117 +04:00 [INF] V5 order book BTCUSDT status changed: "Syncing" => "Synced"
2026-08-18 23:26:21.118 +04:00 [INF] Futures book Bybit:BTCUSDT "Synced"
2026-08-18 23:26:21.122 +04:00 [INF] Unified order book BTC-USDT-SWAP status changed: "Disconnected" => "Connecting"
2026-08-18 23:26:22.858 +04:00 [INF] [Sckt 3] subscription 18 completed successfully
2026-08-18 23:26:22.860 +04:00 [INF] Unified order book BTC-USDT-SWAP status changed: "Connecting" => "Syncing"
2026-08-18 23:26:23.280 +04:00 [INF] Unified order book BTC-USDT-SWAP status changed: "Syncing" => "Synced"
2026-08-18 23:26:23.281 +04:00 [INF] Futures book OKX:BTCUSDT "Synced"
2026-08-18 23:26:23.283 +04:00 [INF] UsdFutures order book ETHUSDT status changed: "Disconnected" => "Connecting"
2026-08-18 23:26:23.638 +04:00 [INF] [Sckt 1] subscription 20 completed successfully
2026-08-18 23:26:23.640 +04:00 [INF] UsdFutures order book ETHUSDT status changed: "Connecting" => "Syncing"
2026-08-18 23:26:23.698 +04:00 [INF] UsdFutures order book ETHUSDT status changed: "Syncing" => "Synced"
2026-08-18 23:26:23.699 +04:00 [INF] Futures book Binance:ETHUSDT "Synced"
2026-08-18 23:26:23.700 +04:00 [INF] V5 order book ETHUSDT status changed: "Disconnected" => "Connecting"
2026-08-18 23:26:23.927 +04:00 [INF] [Sckt 2] subscription 23 completed successfully
2026-08-18 23:26:23.928 +04:00 [INF] V5 order book ETHUSDT status changed: "Connecting" => "Syncing"
2026-08-18 23:26:23.929 +04:00 [INF] V5 order book ETHUSDT status changed: "Syncing" => "Synced"
2026-08-18 23:26:23.930 +04:00 [INF] Futures book Bybit:ETHUSDT "Synced"
2026-08-18 23:26:23.931 +04:00 [INF] Unified order book ETH-USDT-SWAP status changed: "Disconnected" => "Connecting"
2026-08-18 23:26:24.258 +04:00 [INF] [Sckt 3] subscription 26 completed successfully
2026-08-18 23:26:24.259 +04:00 [INF] Unified order book ETH-USDT-SWAP status changed: "Connecting" => "Syncing"
2026-08-18 23:26:24.442 +04:00 [INF] Unified order book ETH-USDT-SWAP status changed: "Syncing" => "Synced"
2026-08-18 23:26:24.443 +04:00 [INF] Futures book OKX:ETHUSDT "Synced"
2026-08-18 23:26:24.444 +04:00 [INF] UsdFutures order book SOLUSDT status changed: "Disconnected" => "Connecting"
2026-08-18 23:26:24.840 +04:00 [INF] [Sckt 1] subscription 28 completed successfully
2026-08-18 23:26:24.841 +04:00 [INF] UsdFutures order book SOLUSDT status changed: "Connecting" => "Syncing"
2026-08-18 23:26:24.966 +04:00 [INF] UsdFutures order book SOLUSDT status changed: "Syncing" => "Synced"
2026-08-18 23:26:24.968 +04:00 [INF] Futures book Binance:SOLUSDT "Synced"
2026-08-18 23:26:24.969 +04:00 [INF] V5 order book SOLUSDT status changed: "Disconnected" => "Connecting"
2026-08-18 23:26:25.196 +04:00 [INF] [Sckt 2] subscription 31 completed successfully
2026-08-18 23:26:25.197 +04:00 [INF] V5 order book SOLUSDT status changed: "Connecting" => "Syncing"
2026-08-18 23:26:25.198 +04:00 [INF] V5 order book SOLUSDT status changed: "Syncing" => "Synced"
2026-08-18 23:26:25.199 +04:00 [INF] Futures book Bybit:SOLUSDT "Synced"
2026-08-18 23:26:25.200 +04:00 [INF] Unified order book SOL-USDT-SWAP status changed: "Disconnected" => "Connecting"
2026-08-18 23:26:25.524 +04:00 [INF] [Sckt 3] subscription 34 completed successfully
2026-08-18 23:26:25.525 +04:00 [INF] Unified order book SOL-USDT-SWAP status changed: "Connecting" => "Syncing"
2026-08-18 23:26:25.711 +04:00 [INF] Unified order book SOL-USDT-SWAP status changed: "Syncing" => "Synced"
2026-08-18 23:26:25.712 +04:00 [INF] Futures book OKX:SOLUSDT "Synced"
2026-08-18 23:26:25.713 +04:00 [INF] UsdFutures order book XRPUSDT status changed: "Disconnected" => "Connecting"
2026-08-18 23:26:26.044 +04:00 [INF] [Sckt 1] subscription 36 completed successfully
2026-08-18 23:26:26.045 +04:00 [INF] UsdFutures order book XRPUSDT status changed: "Connecting" => "Syncing"
2026-08-18 23:26:26.098 +04:00 [INF] UsdFutures order book XRPUSDT status changed: "Syncing" => "Synced"
2026-08-18 23:26:26.099 +04:00 [INF] Futures book Binance:XRPUSDT "Synced"
2026-08-18 23:26:26.100 +04:00 [INF] V5 order book XRPUSDT status changed: "Disconnected" => "Connecting"
2026-08-18 23:26:26.322 +04:00 [INF] [Sckt 2] subscription 39 completed successfully
2026-08-18 23:26:26.324 +04:00 [INF] V5 order book XRPUSDT status changed: "Connecting" => "Syncing"
2026-08-18 23:26:26.324 +04:00 [INF] V5 order book XRPUSDT status changed: "Syncing" => "Synced"
2026-08-18 23:26:26.325 +04:00 [INF] Futures book Bybit:XRPUSDT "Synced"
2026-08-18 23:26:26.326 +04:00 [INF] Unified order book XRP-USDT-SWAP status changed: "Disconnected" => "Connecting"
2026-08-18 23:26:26.650 +04:00 [INF] [Sckt 3] subscription 42 completed successfully
2026-08-18 23:26:26.652 +04:00 [INF] Unified order book XRP-USDT-SWAP status changed: "Connecting" => "Syncing"
2026-08-18 23:26:26.841 +04:00 [INF] Unified order book XRP-USDT-SWAP status changed: "Syncing" => "Synced"
2026-08-18 23:26:26.843 +04:00 [INF] Futures book OKX:XRPUSDT "Synced"
2026-08-18 23:26:26.844 +04:00 [INF] UsdFutures order book DOGEUSDT status changed: "Disconnected" => "Connecting"
2026-08-18 23:26:27.247 +04:00 [INF] [Sckt 1] subscription 44 completed successfully
2026-08-18 23:26:27.249 +04:00 [INF] UsdFutures order book DOGEUSDT status changed: "Connecting" => "Syncing"
2026-08-18 23:26:27.431 +04:00 [INF] UsdFutures order book DOGEUSDT status changed: "Syncing" => "Synced"
2026-08-18 23:26:27.433 +04:00 [INF] Futures book Binance:DOGEUSDT "Synced"
2026-08-18 23:26:27.434 +04:00 [INF] V5 order book DOGEUSDT status changed: "Disconnected" => "Connecting"
2026-08-18 23:26:27.660 +04:00 [INF] [Sckt 2] subscription 47 completed successfully
2026-08-18 23:26:27.661 +04:00 [INF] V5 order book DOGEUSDT status changed: "Connecting" => "Syncing"
2026-08-18 23:26:27.662 +04:00 [INF] V5 order book DOGEUSDT status changed: "Syncing" => "Synced"
2026-08-18 23:26:27.663 +04:00 [INF] Futures book Bybit:DOGEUSDT "Synced"
2026-08-18 23:26:27.664 +04:00 [INF] Unified order book DOGE-USDT-SWAP status changed: "Disconnected" => "Connecting"
2026-08-18 23:26:27.988 +04:00 [INF] [Sckt 3] subscription 50 completed successfully
2026-08-18 23:26:27.990 +04:00 [INF] Unified order book DOGE-USDT-SWAP status changed: "Connecting" => "Syncing"
2026-08-18 23:26:28.051 +04:00 [INF] Unified order book DOGE-USDT-SWAP status changed: "Syncing" => "Synced"
2026-08-18 23:26:28.053 +04:00 [INF] Futures book OKX:DOGEUSDT "Synced"
2026-08-18 23:26:28.054 +04:00 [INF] UsdFutures order book ADAUSDT status changed: "Disconnected" => "Connecting"
2026-08-18 23:26:28.448 +04:00 [INF] [Sckt 1] subscription 52 completed successfully
2026-08-18 23:26:28.449 +04:00 [INF] UsdFutures order book ADAUSDT status changed: "Connecting" => "Syncing"
2026-08-18 23:26:28.504 +04:00 [INF] UsdFutures order book ADAUSDT status changed: "Syncing" => "Synced"
2026-08-18 23:26:28.506 +04:00 [INF] Futures book Binance:ADAUSDT "Synced"
2026-08-18 23:26:28.507 +04:00 [INF] V5 order book ADAUSDT status changed: "Disconnected" => "Connecting"
2026-08-18 23:26:28.735 +04:00 [INF] [Sckt 2] subscription 55 completed successfully
2026-08-18 23:26:28.737 +04:00 [INF] V5 order book ADAUSDT status changed: "Connecting" => "Syncing"
2026-08-18 23:26:28.743 +04:00 [INF] V5 order book ADAUSDT status changed: "Syncing" => "Synced"
2026-08-18 23:26:28.744 +04:00 [INF] Futures book Bybit:ADAUSDT "Synced"
2026-08-18 23:26:28.745 +04:00 [INF] Unified order book ADA-USDT-SWAP status changed: "Disconnected" => "Connecting"
2026-08-18 23:26:29.083 +04:00 [INF] [Sckt 3] subscription 58 completed successfully
2026-08-18 23:26:29.085 +04:00 [INF] Unified order book ADA-USDT-SWAP status changed: "Connecting" => "Syncing"
2026-08-18 23:26:29.276 +04:00 [INF] Unified order book ADA-USDT-SWAP status changed: "Syncing" => "Synced"
2026-08-18 23:26:29.277 +04:00 [INF] Futures book OKX:ADAUSDT "Synced"
2026-08-18 23:26:29.278 +04:00 [INF] UsdFutures order book AVAXUSDT status changed: "Disconnected" => "Connecting"
2026-08-18 23:26:29.647 +04:00 [INF] [Sckt 1] subscription 60 completed successfully
2026-08-18 23:26:29.648 +04:00 [INF] UsdFutures order book AVAXUSDT status changed: "Connecting" => "Syncing"
2026-08-18 23:26:29.707 +04:00 [INF] UsdFutures order book AVAXUSDT status changed: "Syncing" => "Synced"
2026-08-18 23:26:29.709 +04:00 [INF] Futures book Binance:AVAXUSDT "Synced"
2026-08-18 23:26:29.709 +04:00 [INF] V5 order book AVAXUSDT status changed: "Disconnected" => "Connecting"
2026-08-18 23:26:29.931 +04:00 [INF] [Sckt 2] subscription 63 completed successfully
2026-08-18 23:26:29.933 +04:00 [INF] V5 order book AVAXUSDT status changed: "Connecting" => "Syncing"
2026-08-18 23:26:29.935 +04:00 [INF] V5 order book AVAXUSDT status changed: "Syncing" => "Synced"
2026-08-18 23:26:29.937 +04:00 [INF] Futures book Bybit:AVAXUSDT "Synced"
2026-08-18 23:26:29.937 +04:00 [INF] Unified order book AVAX-USDT-SWAP status changed: "Disconnected" => "Connecting"
2026-08-18 23:26:30.263 +04:00 [INF] [Sckt 3] subscription 66 completed successfully
2026-08-18 23:26:30.264 +04:00 [INF] Unified order book AVAX-USDT-SWAP status changed: "Connecting" => "Syncing"
2026-08-18 23:26:30.448 +04:00 [INF] Unified order book AVAX-USDT-SWAP status changed: "Syncing" => "Synced"
2026-08-18 23:26:30.450 +04:00 [INF] Futures book OKX:AVAXUSDT "Synced"
2026-08-18 23:26:30.451 +04:00 [INF] UsdFutures order book LINKUSDT status changed: "Disconnected" => "Connecting"
2026-08-18 23:26:30.848 +04:00 [INF] [Sckt 1] subscription 68 completed successfully
2026-08-18 23:26:30.849 +04:00 [INF] UsdFutures order book LINKUSDT status changed: "Connecting" => "Syncing"
2026-08-18 23:26:31.035 +04:00 [INF] UsdFutures order book LINKUSDT status changed: "Syncing" => "Synced"
2026-08-18 23:26:31.037 +04:00 [INF] Futures book Binance:LINKUSDT "Synced"
2026-08-18 23:26:31.037 +04:00 [INF] V5 order book LINKUSDT status changed: "Disconnected" => "Connecting"
2026-08-18 23:26:31.261 +04:00 [INF] [Sckt 2] subscription 71 completed successfully
2026-08-18 23:26:31.261 +04:00 [INF] V5 order book LINKUSDT status changed: "Connecting" => "Syncing"
2026-08-18 23:26:31.263 +04:00 [INF] V5 order book LINKUSDT status changed: "Syncing" => "Synced"
2026-08-18 23:26:31.265 +04:00 [INF] Futures book Bybit:LINKUSDT "Synced"
2026-08-18 23:26:31.265 +04:00 [INF] Unified order book LINK-USDT-SWAP status changed: "Disconnected" => "Connecting"
2026-08-18 23:26:31.590 +04:00 [INF] [Sckt 3] subscription 74 completed successfully
2026-08-18 23:26:31.591 +04:00 [INF] Unified order book LINK-USDT-SWAP status changed: "Connecting" => "Syncing"
2026-08-18 23:26:31.656 +04:00 [INF] Unified order book LINK-USDT-SWAP status changed: "Syncing" => "Synced"
2026-08-18 23:26:31.657 +04:00 [INF] Futures book OKX:LINKUSDT "Synced"
2026-08-18 23:26:31.659 +04:00 [INF] Futures books: OKX:XRPUSDT=Synced; OKX:ETHUSDT=Synced; Binance:XRPUSDT=Synced; Binance:DOGEUSDT=Synced; Bybit:AVAXUSDT=Synced; Bybit:SOLUSDT=Synced; Bybit:LINKUSDT=Synced; Bybit:XRPUSDT=Synced; OKX:LINKUSDT=Synced; OKX:SOLUSDT=Synced; Bybit:BTCUSDT=Synced; Binance:ETHUSDT=Synced; Binance:BTCUSDT=Synced; OKX:DOGEUSDT=Synced; Binance:SOLUSDT=Synced; OKX:BTCUSDT=Synced; Binance:AVAXUSDT=Synced; Bybit:ETHUSDT=Synced; Bybit:ADAUSDT=Synced; Binance:ADAUSDT=Synced; Binance:LINKUSDT=Synced; OKX:AVAXUSDT=Synced; Bybit:DOGEUSDT=Synced; OKX:ADAUSDT=Synced
2026-08-18 23:28:46.022 +04:00 [WRN] [Sckt 2] Ping response timeout, reconnecting
2026-08-18 23:28:47.039 +04:00 [WRN] V5 order book BTCUSDT connection lost
2026-08-18 23:28:47.040 +04:00 [INF] V5 order book BTCUSDT status changed: "Synced" => "Reconnecting"
2026-08-18 23:28:47.041 +04:00 [WRN] V5 order book ETHUSDT connection lost
2026-08-18 23:28:47.042 +04:00 [INF] V5 order book ETHUSDT status changed: "Synced" => "Reconnecting"
2026-08-18 23:28:47.042 +04:00 [WRN] V5 order book SOLUSDT connection lost
2026-08-18 23:28:47.043 +04:00 [INF] V5 order book SOLUSDT status changed: "Synced" => "Reconnecting"
2026-08-18 23:28:47.043 +04:00 [WRN] V5 order book XRPUSDT connection lost
2026-08-18 23:28:47.044 +04:00 [INF] V5 order book XRPUSDT status changed: "Synced" => "Reconnecting"
2026-08-18 23:28:47.044 +04:00 [WRN] V5 order book DOGEUSDT connection lost
2026-08-18 23:28:47.045 +04:00 [INF] V5 order book DOGEUSDT status changed: "Synced" => "Reconnecting"
2026-08-18 23:28:47.046 +04:00 [WRN] V5 order book ADAUSDT connection lost
2026-08-18 23:28:47.046 +04:00 [INF] V5 order book ADAUSDT status changed: "Synced" => "Reconnecting"
2026-08-18 23:28:47.047 +04:00 [WRN] V5 order book AVAXUSDT connection lost
2026-08-18 23:28:47.048 +04:00 [INF] V5 order book AVAXUSDT status changed: "Synced" => "Reconnecting"
2026-08-18 23:28:47.049 +04:00 [WRN] V5 order book LINKUSDT connection lost
2026-08-18 23:28:47.050 +04:00 [INF] V5 order book LINKUSDT status changed: "Synced" => "Reconnecting"
2026-08-18 23:28:48.157 +04:00 [WRN] [Sckt 3] Ping response timeout, reconnecting
2026-08-18 23:28:49.170 +04:00 [WRN] Unified order book BTC-USDT-SWAP connection lost
2026-08-18 23:28:49.171 +04:00 [INF] Unified order book BTC-USDT-SWAP status changed: "Synced" => "Reconnecting"
2026-08-18 23:28:49.172 +04:00 [WRN] Unified order book ETH-USDT-SWAP connection lost
2026-08-18 23:28:49.173 +04:00 [INF] Unified order book ETH-USDT-SWAP status changed: "Synced" => "Reconnecting"
2026-08-18 23:28:49.173 +04:00 [WRN] Unified order book SOL-USDT-SWAP connection lost
2026-08-18 23:28:49.174 +04:00 [INF] Unified order book SOL-USDT-SWAP status changed: "Synced" => "Reconnecting"
2026-08-18 23:28:49.175 +04:00 [WRN] Unified order book XRP-USDT-SWAP connection lost
2026-08-18 23:28:49.175 +04:00 [INF] Unified order book XRP-USDT-SWAP status changed: "Synced" => "Reconnecting"
2026-08-18 23:28:49.176 +04:00 [WRN] Unified order book DOGE-USDT-SWAP connection lost
2026-08-18 23:28:49.177 +04:00 [INF] Unified order book DOGE-USDT-SWAP status changed: "Synced" => "Reconnecting"
2026-08-18 23:28:49.178 +04:00 [WRN] Unified order book ADA-USDT-SWAP connection lost
2026-08-18 23:28:49.178 +04:00 [INF] Unified order book ADA-USDT-SWAP status changed: "Synced" => "Reconnecting"
2026-08-18 23:28:49.179 +04:00 [WRN] Unified order book AVAX-USDT-SWAP connection lost
2026-08-18 23:28:49.180 +04:00 [INF] Unified order book AVAX-USDT-SWAP status changed: "Synced" => "Reconnecting"
2026-08-18 23:28:49.182 +04:00 [WRN] Unified order book LINK-USDT-SWAP connection lost
2026-08-18 23:28:49.182 +04:00 [INF] Unified order book LINK-USDT-SWAP status changed: "Synced" => "Reconnecting"
2026-08-18 23:28:53.185 +04:00 [INF] Unified order book BTC-USDT-SWAP status changed: "Reconnecting" => "Syncing"
2026-08-18 23:28:53.187 +04:00 [INF] Unified order book BTC-USDT-SWAP successfully resynchronized
2026-08-18 23:28:53.188 +04:00 [INF] Unified order book BTC-USDT-SWAP status changed: "Syncing" => "Synced"
2026-08-18 23:28:53.188 +04:00 [INF] Unified order book ETH-USDT-SWAP status changed: "Reconnecting" => "Syncing"
2026-08-18 23:28:53.190 +04:00 [INF] Unified order book ETH-USDT-SWAP successfully resynchronized
2026-08-18 23:28:53.190 +04:00 [INF] Unified order book ETH-USDT-SWAP status changed: "Syncing" => "Synced"
2026-08-18 23:28:53.191 +04:00 [INF] Unified order book SOL-USDT-SWAP status changed: "Reconnecting" => "Syncing"
2026-08-18 23:28:53.192 +04:00 [INF] Unified order book SOL-USDT-SWAP successfully resynchronized
2026-08-18 23:28:53.193 +04:00 [INF] Unified order book SOL-USDT-SWAP status changed: "Syncing" => "Synced"
2026-08-18 23:28:53.193 +04:00 [INF] Unified order book XRP-USDT-SWAP status changed: "Reconnecting" => "Syncing"
2026-08-18 23:28:53.194 +04:00 [INF] Unified order book XRP-USDT-SWAP successfully resynchronized
2026-08-18 23:28:53.195 +04:00 [INF] Unified order book XRP-USDT-SWAP status changed: "Syncing" => "Synced"
2026-08-18 23:28:53.195 +04:00 [INF] Unified order book DOGE-USDT-SWAP status changed: "Reconnecting" => "Syncing"
2026-08-18 23:28:53.198 +04:00 [INF] Unified order book ADA-USDT-SWAP status changed: "Reconnecting" => "Syncing"
2026-08-18 23:28:53.200 +04:00 [INF] Unified order book AVAX-USDT-SWAP status changed: "Reconnecting" => "Syncing"
2026-08-18 23:28:53.201 +04:00 [INF] Unified order book LINK-USDT-SWAP status changed: "Reconnecting" => "Syncing"
2026-08-18 23:28:54.775 +04:00 [INF] FUT PAPER OPEN SOLUSDT L:Binance S:OKX qty=6.464124 edge=0.104%
2026-08-18 23:28:54.777 +04:00 [INF] Opened futures paper hedge: SOLUSDT: LONG Binance@77.27 / SHORT OKX@77.35 | net 0.104% (~0.52 USD)
2026-08-18 23:28:55.190 +04:00 [INF] Unified order book LINK-USDT-SWAP successfully resynchronized
2026-08-18 23:28:55.191 +04:00 [INF] Unified order book LINK-USDT-SWAP status changed: "Syncing" => "Synced"
2026-08-18 23:28:55.252 +04:00 [INF] Unified order book DOGE-USDT-SWAP successfully resynchronized
2026-08-18 23:28:55.252 +04:00 [INF] Unified order book AVAX-USDT-SWAP successfully resynchronized
2026-08-18 23:28:55.253 +04:00 [INF] Unified order book DOGE-USDT-SWAP status changed: "Syncing" => "Synced"
2026-08-18 23:28:55.254 +04:00 [INF] Unified order book AVAX-USDT-SWAP status changed: "Syncing" => "Synced"
2026-08-18 23:28:55.746 +04:00 [INF] Unified order book ADA-USDT-SWAP successfully resynchronized
2026-08-18 23:28:55.748 +04:00 [INF] Unified order book ADA-USDT-SWAP status changed: "Syncing" => "Synced"
2026-08-18 23:28:56.798 +04:00 [INF] FUT PAPER OPEN ETHUSDT L:Binance S:OKX qty=0.260857 edge=0.059%
2026-08-18 23:28:56.800 +04:00 [INF] Opened futures paper hedge: ETHUSDT: LONG Binance@1915.63 / SHORT OKX@1916.76 | net 0.059% (~0.29 USD)
2026-08-18 23:29:03.654 +04:00 [INF] Discovery: futures tickers on Binance,Bybit,OKX
2026-08-18 23:29:05.318 +04:00 [INF] Discovery: spot tickers on Binance,Bybit,OKX
2026-08-18 23:29:06.666 +04:00 [WRN] No symbols above minVol=3000000, relaxing filter
2026-08-18 23:29:06.671 +04:00 [WRN] Fallback symbols (empty)
2026-08-18 23:29:06.674 +04:00 [INF] Start | Strategy=FuturesCross | Mode=PAPER | Symbols=BTCUSDT,ETHUSDT,SOLUSDT,XRPUSDT,DOGEUSDT,ADAUSDT,AVAXUSDT,LINKUSDT | Ex=Binance,Bybit,OKX
2026-08-18 23:29:06.677 +04:00 [INF] Futures paper margin initialized: 10000 USDT x 3 exchanges
2026-08-18 23:29:06.704 +04:00 [INF] UsdFutures order book BTCUSDT status changed: "Disconnected" => "Connecting"
2026-08-18 23:29:08.619 +04:00 [INF] [Sckt 1] subscription 11 completed successfully
2026-08-18 23:29:08.623 +04:00 [INF] UsdFutures order book BTCUSDT status changed: "Connecting" => "Syncing"
2026-08-18 23:29:08.678 +04:00 [INF] UsdFutures order book BTCUSDT status changed: "Syncing" => "Synced"
2026-08-18 23:29:08.681 +04:00 [INF] Futures book Binance:BTCUSDT "Synced"
2026-08-18 23:29:08.686 +04:00 [INF] V5 order book BTCUSDT status changed: "Disconnected" => "Connecting"
2026-08-18 23:29:09.965 +04:00 [INF] [Sckt 2] subscription 14 completed successfully
2026-08-18 23:29:09.967 +04:00 [INF] V5 order book BTCUSDT status changed: "Connecting" => "Syncing"
2026-08-18 23:29:09.968 +04:00 [INF] V5 order book BTCUSDT status changed: "Syncing" => "Synced"
2026-08-18 23:29:09.969 +04:00 [INF] Futures book Bybit:BTCUSDT "Synced"
2026-08-18 23:29:09.973 +04:00 [INF] Unified order book BTC-USDT-SWAP status changed: "Disconnected" => "Connecting"
2026-08-18 23:29:11.452 +04:00 [INF] [Sckt 3] subscription 18 completed successfully
2026-08-18 23:29:11.454 +04:00 [INF] Unified order book BTC-USDT-SWAP status changed: "Connecting" => "Syncing"
2026-08-18 23:29:11.885 +04:00 [INF] Unified order book BTC-USDT-SWAP status changed: "Syncing" => "Synced"
2026-08-18 23:29:11.886 +04:00 [INF] Futures book OKX:BTCUSDT "Synced"
2026-08-18 23:29:11.887 +04:00 [INF] UsdFutures order book ETHUSDT status changed: "Disconnected" => "Connecting"
2026-08-18 23:29:12.313 +04:00 [INF] [Sckt 1] subscription 20 completed successfully
2026-08-18 23:29:12.315 +04:00 [INF] UsdFutures order book ETHUSDT status changed: "Connecting" => "Syncing"
2026-08-18 23:29:12.376 +04:00 [INF] UsdFutures order book ETHUSDT status changed: "Syncing" => "Synced"
2026-08-18 23:29:12.377 +04:00 [INF] Futures book Binance:ETHUSDT "Synced"
2026-08-18 23:29:12.378 +04:00 [INF] V5 order book ETHUSDT status changed: "Disconnected" => "Connecting"
2026-08-18 23:29:12.601 +04:00 [INF] [Sckt 2] subscription 23 completed successfully
2026-08-18 23:29:12.603 +04:00 [INF] V5 order book ETHUSDT status changed: "Connecting" => "Syncing"
2026-08-18 23:29:12.605 +04:00 [INF] V5 order book ETHUSDT status changed: "Syncing" => "Synced"
2026-08-18 23:29:12.606 +04:00 [INF] Futures book Bybit:ETHUSDT "Synced"
2026-08-18 23:29:12.606 +04:00 [INF] Unified order book ETH-USDT-SWAP status changed: "Disconnected" => "Connecting"
2026-08-18 23:29:12.935 +04:00 [INF] [Sckt 3] subscription 26 completed successfully
2026-08-18 23:29:12.937 +04:00 [INF] Unified order book ETH-USDT-SWAP status changed: "Connecting" => "Syncing"
2026-08-18 23:29:13.057 +04:00 [INF] Unified order book ETH-USDT-SWAP status changed: "Syncing" => "Synced"
2026-08-18 23:29:13.059 +04:00 [INF] Futures book OKX:ETHUSDT "Synced"
2026-08-18 23:29:13.060 +04:00 [INF] UsdFutures order book SOLUSDT status changed: "Disconnected" => "Connecting"
2026-08-18 23:29:13.415 +04:00 [INF] [Sckt 1] subscription 28 completed successfully
2026-08-18 23:29:13.416 +04:00 [INF] UsdFutures order book SOLUSDT status changed: "Connecting" => "Syncing"
2026-08-18 23:29:13.475 +04:00 [INF] UsdFutures order book SOLUSDT status changed: "Syncing" => "Synced"
2026-08-18 23:29:13.477 +04:00 [INF] Futures book Binance:SOLUSDT "Synced"
2026-08-18 23:29:13.477 +04:00 [INF] V5 order book SOLUSDT status changed: "Disconnected" => "Connecting"
2026-08-18 23:29:13.698 +04:00 [INF] [Sckt 2] subscription 31 completed successfully
2026-08-18 23:29:13.700 +04:00 [INF] V5 order book SOLUSDT status changed: "Connecting" => "Syncing"
2026-08-18 23:29:13.704 +04:00 [INF] V5 order book SOLUSDT status changed: "Syncing" => "Synced"
2026-08-18 23:29:13.705 +04:00 [INF] Futures book Bybit:SOLUSDT "Synced"
2026-08-18 23:29:13.705 +04:00 [INF] Unified order book SOL-USDT-SWAP status changed: "Disconnected" => "Connecting"
2026-08-18 23:29:14.028 +04:00 [INF] [Sckt 3] subscription 34 completed successfully
2026-08-18 23:29:14.029 +04:00 [INF] Unified order book SOL-USDT-SWAP status changed: "Connecting" => "Syncing"
2026-08-18 23:29:14.268 +04:00 [INF] Unified order book SOL-USDT-SWAP status changed: "Syncing" => "Synced"
2026-08-18 23:29:14.268 +04:00 [INF] Futures book OKX:SOLUSDT "Synced"
2026-08-18 23:29:14.270 +04:00 [INF] UsdFutures order book XRPUSDT status changed: "Disconnected" => "Connecting"
2026-08-18 23:29:14.615 +04:00 [INF] [Sckt 1] subscription 36 completed successfully
2026-08-18 23:29:14.616 +04:00 [INF] UsdFutures order book XRPUSDT status changed: "Connecting" => "Syncing"
2026-08-18 23:29:14.734 +04:00 [INF] UsdFutures order book XRPUSDT status changed: "Syncing" => "Synced"
2026-08-18 23:29:14.736 +04:00 [INF] Futures book Binance:XRPUSDT "Synced"
2026-08-18 23:29:14.737 +04:00 [INF] V5 order book XRPUSDT status changed: "Disconnected" => "Connecting"
2026-08-18 23:29:14.963 +04:00 [INF] [Sckt 2] subscription 39 completed successfully
2026-08-18 23:29:14.965 +04:00 [INF] V5 order book XRPUSDT status changed: "Connecting" => "Syncing"
2026-08-18 23:29:14.965 +04:00 [INF] V5 order book XRPUSDT status changed: "Syncing" => "Synced"
2026-08-18 23:29:14.966 +04:00 [INF] Futures book Bybit:XRPUSDT "Synced"
2026-08-18 23:29:14.967 +04:00 [INF] Unified order book XRP-USDT-SWAP status changed: "Disconnected" => "Connecting"
2026-08-18 23:29:15.307 +04:00 [INF] [Sckt 3] subscription 42 completed successfully
2026-08-18 23:29:15.309 +04:00 [INF] Unified order book XRP-USDT-SWAP status changed: "Connecting" => "Syncing"
2026-08-18 23:29:15.487 +04:00 [INF] Unified order book XRP-USDT-SWAP status changed: "Syncing" => "Synced"
2026-08-18 23:29:15.489 +04:00 [INF] Futures book OKX:XRPUSDT "Synced"
2026-08-18 23:29:15.490 +04:00 [INF] UsdFutures order book DOGEUSDT status changed: "Disconnected" => "Connecting"
2026-08-18 23:29:15.916 +04:00 [INF] [Sckt 1] subscription 44 completed successfully
2026-08-18 23:29:15.917 +04:00 [INF] UsdFutures order book DOGEUSDT status changed: "Connecting" => "Syncing"
2026-08-18 23:29:15.983 +04:00 [INF] UsdFutures order book DOGEUSDT status changed: "Syncing" => "Synced"
2026-08-18 23:29:15.984 +04:00 [INF] Futures book Binance:DOGEUSDT "Synced"
2026-08-18 23:29:15.985 +04:00 [INF] V5 order book DOGEUSDT status changed: "Disconnected" => "Connecting"
2026-08-18 23:29:16.214 +04:00 [INF] [Sckt 2] subscription 47 completed successfully
2026-08-18 23:29:16.216 +04:00 [INF] V5 order book DOGEUSDT status changed: "Connecting" => "Syncing"
2026-08-18 23:29:16.217 +04:00 [INF] V5 order book DOGEUSDT status changed: "Syncing" => "Synced"
2026-08-18 23:29:16.218 +04:00 [INF] Futures book Bybit:DOGEUSDT "Synced"
2026-08-18 23:29:16.219 +04:00 [INF] Unified order book DOGE-USDT-SWAP status changed: "Disconnected" => "Connecting"
2026-08-18 23:29:16.648 +04:00 [INF] [Sckt 3] subscription 50 completed successfully
2026-08-18 23:29:16.649 +04:00 [INF] Unified order book DOGE-USDT-SWAP status changed: "Connecting" => "Syncing"
2026-08-18 23:29:16.712 +04:00 [INF] Unified order book DOGE-USDT-SWAP status changed: "Syncing" => "Synced"
2026-08-18 23:29:16.714 +04:00 [INF] Futures book OKX:DOGEUSDT "Synced"
2026-08-18 23:29:16.715 +04:00 [INF] UsdFutures order book ADAUSDT status changed: "Disconnected" => "Connecting"
2026-08-18 23:29:17.116 +04:00 [INF] [Sckt 1] subscription 52 completed successfully
2026-08-18 23:29:17.117 +04:00 [INF] UsdFutures order book ADAUSDT status changed: "Connecting" => "Syncing"
2026-08-18 23:29:17.359 +04:00 [INF] UsdFutures order book ADAUSDT status changed: "Syncing" => "Synced"
2026-08-18 23:29:17.361 +04:00 [INF] Futures book Binance:ADAUSDT "Synced"
2026-08-18 23:29:17.362 +04:00 [INF] V5 order book ADAUSDT status changed: "Disconnected" => "Connecting"
2026-08-18 23:29:17.583 +04:00 [INF] [Sckt 2] subscription 55 completed successfully
2026-08-18 23:29:17.585 +04:00 [INF] V5 order book ADAUSDT status changed: "Connecting" => "Syncing"
2026-08-18 23:29:17.586 +04:00 [INF] V5 order book ADAUSDT status changed: "Syncing" => "Synced"
2026-08-18 23:29:17.587 +04:00 [INF] Futures book Bybit:ADAUSDT "Synced"
2026-08-18 23:29:17.588 +04:00 [INF] Unified order book ADA-USDT-SWAP status changed: "Disconnected" => "Connecting"
2026-08-18 23:29:17.915 +04:00 [INF] [Sckt 3] subscription 58 completed successfully
2026-08-18 23:29:17.917 +04:00 [INF] Unified order book ADA-USDT-SWAP status changed: "Connecting" => "Syncing"
2026-08-18 23:29:18.164 +04:00 [INF] Unified order book ADA-USDT-SWAP status changed: "Syncing" => "Synced"
2026-08-18 23:29:18.166 +04:00 [INF] Futures book OKX:ADAUSDT "Synced"
2026-08-18 23:29:18.166 +04:00 [INF] UsdFutures order book AVAXUSDT status changed: "Disconnected" => "Connecting"
2026-08-18 23:29:18.517 +04:00 [INF] [Sckt 1] subscription 60 completed successfully
2026-08-18 23:29:18.518 +04:00 [INF] UsdFutures order book AVAXUSDT status changed: "Connecting" => "Syncing"
2026-08-18 23:29:18.642 +04:00 [INF] UsdFutures order book AVAXUSDT status changed: "Syncing" => "Synced"
2026-08-18 23:29:18.643 +04:00 [INF] Futures book Binance:AVAXUSDT "Synced"
2026-08-18 23:29:18.644 +04:00 [INF] V5 order book AVAXUSDT status changed: "Disconnected" => "Connecting"
2026-08-18 23:29:18.866 +04:00 [INF] [Sckt 2] subscription 63 completed successfully
2026-08-18 23:29:18.867 +04:00 [INF] V5 order book AVAXUSDT status changed: "Connecting" => "Syncing"
2026-08-18 23:29:18.868 +04:00 [INF] V5 order book AVAXUSDT status changed: "Syncing" => "Synced"
2026-08-18 23:29:18.869 +04:00 [INF] Futures book Bybit:AVAXUSDT "Synced"
2026-08-18 23:29:18.870 +04:00 [INF] Unified order book AVAX-USDT-SWAP status changed: "Disconnected" => "Connecting"
2026-08-18 23:29:19.196 +04:00 [INF] [Sckt 3] subscription 66 completed successfully
2026-08-18 23:29:19.197 +04:00 [INF] Unified order book AVAX-USDT-SWAP status changed: "Connecting" => "Syncing"
2026-08-18 23:29:19.384 +04:00 [INF] Unified order book AVAX-USDT-SWAP status changed: "Syncing" => "Synced"
2026-08-18 23:29:19.385 +04:00 [INF] Futures book OKX:AVAXUSDT "Synced"
2026-08-18 23:29:19.386 +04:00 [INF] UsdFutures order book LINKUSDT status changed: "Disconnected" => "Connecting"
2026-08-18 23:29:19.719 +04:00 [INF] [Sckt 1] subscription 68 completed successfully
2026-08-18 23:29:19.720 +04:00 [INF] UsdFutures order book LINKUSDT status changed: "Connecting" => "Syncing"
2026-08-18 23:29:19.895 +04:00 [INF] UsdFutures order book LINKUSDT status changed: "Syncing" => "Synced"
2026-08-18 23:29:19.896 +04:00 [INF] Futures book Binance:LINKUSDT "Synced"
2026-08-18 23:29:19.897 +04:00 [INF] V5 order book LINKUSDT status changed: "Disconnected" => "Connecting"
2026-08-18 23:29:20.126 +04:00 [INF] [Sckt 2] subscription 71 completed successfully
2026-08-18 23:29:20.127 +04:00 [INF] V5 order book LINKUSDT status changed: "Connecting" => "Syncing"
2026-08-18 23:29:20.128 +04:00 [INF] V5 order book LINKUSDT status changed: "Syncing" => "Synced"
2026-08-18 23:29:20.129 +04:00 [INF] Futures book Bybit:LINKUSDT "Synced"
2026-08-18 23:29:20.130 +04:00 [INF] Unified order book LINK-USDT-SWAP status changed: "Disconnected" => "Connecting"
2026-08-18 23:29:20.455 +04:00 [INF] [Sckt 3] subscription 74 completed successfully
2026-08-18 23:29:20.456 +04:00 [INF] Unified order book LINK-USDT-SWAP status changed: "Connecting" => "Syncing"
2026-08-18 23:29:20.570 +04:00 [INF] Unified order book LINK-USDT-SWAP status changed: "Syncing" => "Synced"
2026-08-18 23:29:20.572 +04:00 [INF] Futures book OKX:LINKUSDT "Synced"
2026-08-18 23:29:20.575 +04:00 [INF] Futures books: OKX:XRPUSDT=Synced; OKX:ETHUSDT=Synced; Binance:XRPUSDT=Synced; Binance:DOGEUSDT=Synced; Bybit:AVAXUSDT=Synced; Bybit:SOLUSDT=Synced; Bybit:LINKUSDT=Synced; Bybit:XRPUSDT=Synced; OKX:LINKUSDT=Synced; OKX:SOLUSDT=Synced; Bybit:BTCUSDT=Synced; Binance:ETHUSDT=Synced; Binance:BTCUSDT=Synced; OKX:DOGEUSDT=Synced; Binance:SOLUSDT=Synced; OKX:BTCUSDT=Synced; Binance:AVAXUSDT=Synced; Bybit:ETHUSDT=Synced; Bybit:ADAUSDT=Synced; Binance:ADAUSDT=Synced; Binance:LINKUSDT=Synced; OKX:AVAXUSDT=Synced; Bybit:DOGEUSDT=Synced; OKX:ADAUSDT=Synced
2026-08-18 23:30:52.982 +04:00 [INF] Futures paper margin initialized: 10000 USDT x 3 exchanges
2026-08-18 23:31:12.724 +04:00 [INF] Futures paper margin initialized: 10000 USDT x 3 exchanges
2026-08-18 23:32:52.146 +04:00 [INF] Discovery: futures tickers on Binance,Bybit,OKX
2026-08-18 23:32:54.067 +04:00 [INF] Discovery: spot tickers on Binance,Bybit,OKX
2026-08-18 23:32:55.467 +04:00 [WRN] No symbols above minVol=3000000, relaxing filter
2026-08-18 23:32:55.472 +04:00 [WRN] Fallback symbols (empty)
2026-08-18 23:32:55.477 +04:00 [INF] Start | Strategy=FuturesCross | Mode=PAPER | Symbols=BTCUSDT,ETHUSDT,SOLUSDT,XRPUSDT,DOGEUSDT,ADAUSDT,AVAXUSDT,LINKUSDT | Ex=Binance,Bybit,OKX
2026-08-18 23:32:55.481 +04:00 [INF] Futures paper margin initialized: 10000 USDT x 3 exchanges
2026-08-18 23:32:55.509 +04:00 [INF] UsdFutures order book BTCUSDT status changed: "Disconnected" => "Connecting"
2026-08-18 23:32:57.343 +04:00 [INF] [Sckt 1] subscription 11 completed successfully
2026-08-18 23:32:57.348 +04:00 [INF] UsdFutures order book BTCUSDT status changed: "Connecting" => "Syncing"
2026-08-18 23:32:57.407 +04:00 [INF] UsdFutures order book BTCUSDT status changed: "Syncing" => "Synced"
2026-08-18 23:32:57.409 +04:00 [INF] Futures book Binance:BTCUSDT "Synced"
2026-08-18 23:32:57.416 +04:00 [INF] V5 order book BTCUSDT status changed: "Disconnected" => "Connecting"
2026-08-18 23:32:58.458 +04:00 [INF] [Sckt 2] subscription 14 completed successfully
2026-08-18 23:32:58.460 +04:00 [INF] V5 order book BTCUSDT status changed: "Connecting" => "Syncing"
2026-08-18 23:32:58.460 +04:00 [INF] V5 order book BTCUSDT status changed: "Syncing" => "Synced"
2026-08-18 23:32:58.462 +04:00 [INF] Futures book Bybit:BTCUSDT "Synced"
2026-08-18 23:32:58.467 +04:00 [INF] Unified order book BTC-USDT-SWAP status changed: "Disconnected" => "Connecting"
2026-08-18 23:33:00.084 +04:00 [INF] [Sckt 3] subscription 18 completed successfully
2026-08-18 23:33:00.086 +04:00 [INF] Unified order book BTC-USDT-SWAP status changed: "Connecting" => "Syncing"
2026-08-18 23:33:00.522 +04:00 [INF] Unified order book BTC-USDT-SWAP status changed: "Syncing" => "Synced"
2026-08-18 23:33:00.527 +04:00 [INF] Futures book OKX:BTCUSDT "Synced"
2026-08-18 23:33:00.528 +04:00 [INF] UsdFutures order book ETHUSDT status changed: "Disconnected" => "Connecting"
2026-08-18 23:33:00.998 +04:00 [INF] [Sckt 1] subscription 20 completed successfully
2026-08-18 23:33:01.000 +04:00 [INF] UsdFutures order book ETHUSDT status changed: "Connecting" => "Syncing"
2026-08-18 23:33:01.117 +04:00 [INF] UsdFutures order book ETHUSDT status changed: "Syncing" => "Synced"
2026-08-18 23:33:01.119 +04:00 [INF] Futures book Binance:ETHUSDT "Synced"
2026-08-18 23:33:01.119 +04:00 [INF] V5 order book ETHUSDT status changed: "Disconnected" => "Connecting"
2026-08-18 23:33:01.339 +04:00 [INF] [Sckt 2] subscription 23 completed successfully
2026-08-18 23:33:01.340 +04:00 [INF] V5 order book ETHUSDT status changed: "Connecting" => "Syncing"
2026-08-18 23:33:01.341 +04:00 [INF] V5 order book ETHUSDT status changed: "Syncing" => "Synced"
2026-08-18 23:33:01.342 +04:00 [INF] Futures book Bybit:ETHUSDT "Synced"
2026-08-18 23:33:01.343 +04:00 [INF] Unified order book ETH-USDT-SWAP status changed: "Disconnected" => "Connecting"
2026-08-18 23:33:01.844 +04:00 [INF] [Sckt 3] subscription 26 completed successfully
2026-08-18 23:33:01.845 +04:00 [INF] Unified order book ETH-USDT-SWAP status changed: "Connecting" => "Syncing"
2026-08-18 23:33:02.080 +04:00 [INF] Unified order book ETH-USDT-SWAP status changed: "Syncing" => "Synced"
2026-08-18 23:33:02.083 +04:00 [INF] Futures book OKX:ETHUSDT "Synced"
2026-08-18 23:33:02.085 +04:00 [INF] UsdFutures order book SOLUSDT status changed: "Disconnected" => "Connecting"
2026-08-18 23:33:02.434 +04:00 [INF] [Sckt 1] subscription 28 completed successfully
2026-08-18 23:33:02.435 +04:00 [INF] UsdFutures order book SOLUSDT status changed: "Connecting" => "Syncing"
2026-08-18 23:33:02.553 +04:00 [INF] UsdFutures order book SOLUSDT status changed: "Syncing" => "Synced"
2026-08-18 23:33:02.555 +04:00 [INF] Futures book Binance:SOLUSDT "Synced"
2026-08-18 23:33:02.555 +04:00 [INF] V5 order book SOLUSDT status changed: "Disconnected" => "Connecting"
2026-08-18 23:33:02.765 +04:00 [INF] [Sckt 2] subscription 31 completed successfully
2026-08-18 23:33:02.767 +04:00 [INF] V5 order book SOLUSDT status changed: "Connecting" => "Syncing"
2026-08-18 23:33:02.768 +04:00 [INF] V5 order book SOLUSDT status changed: "Syncing" => "Synced"
2026-08-18 23:33:02.768 +04:00 [INF] Futures book Bybit:SOLUSDT "Synced"
2026-08-18 23:33:02.769 +04:00 [INF] Unified order book SOL-USDT-SWAP status changed: "Disconnected" => "Connecting"
2026-08-18 23:33:03.092 +04:00 [INF] [Sckt 3] subscription 34 completed successfully
2026-08-18 23:33:03.093 +04:00 [INF] Unified order book SOL-USDT-SWAP status changed: "Connecting" => "Syncing"
2026-08-18 23:33:03.158 +04:00 [INF] Unified order book SOL-USDT-SWAP status changed: "Syncing" => "Synced"
2026-08-18 23:33:03.160 +04:00 [INF] Futures book OKX:SOLUSDT "Synced"
2026-08-18 23:33:03.161 +04:00 [INF] UsdFutures order book XRPUSDT status changed: "Disconnected" => "Connecting"
2026-08-18 23:33:03.539 +04:00 [INF] [Sckt 1] subscription 36 completed successfully
2026-08-18 23:33:03.542 +04:00 [INF] UsdFutures order book XRPUSDT status changed: "Connecting" => "Syncing"
2026-08-18 23:33:03.606 +04:00 [INF] UsdFutures order book XRPUSDT status changed: "Syncing" => "Synced"
2026-08-18 23:33:03.607 +04:00 [INF] Futures book Binance:XRPUSDT "Synced"
2026-08-18 23:33:03.608 +04:00 [INF] V5 order book XRPUSDT status changed: "Disconnected" => "Connecting"
2026-08-18 23:33:03.823 +04:00 [INF] [Sckt 2] subscription 39 completed successfully
2026-08-18 23:33:03.825 +04:00 [INF] V5 order book XRPUSDT status changed: "Connecting" => "Syncing"
2026-08-18 23:33:03.826 +04:00 [INF] V5 order book XRPUSDT status changed: "Syncing" => "Synced"
2026-08-18 23:33:03.826 +04:00 [INF] Futures book Bybit:XRPUSDT "Synced"
2026-08-18 23:33:03.827 +04:00 [INF] Unified order book XRP-USDT-SWAP status changed: "Disconnected" => "Connecting"
2026-08-18 23:33:04.147 +04:00 [INF] [Sckt 3] subscription 42 completed successfully
2026-08-18 23:33:04.149 +04:00 [INF] Unified order book XRP-USDT-SWAP status changed: "Connecting" => "Syncing"
2026-08-18 23:33:04.390 +04:00 [INF] Unified order book XRP-USDT-SWAP status changed: "Syncing" => "Synced"
2026-08-18 23:33:04.392 +04:00 [INF] Futures book OKX:XRPUSDT "Synced"
2026-08-18 23:33:04.393 +04:00 [INF] UsdFutures order book DOGEUSDT status changed: "Disconnected" => "Connecting"
2026-08-18 23:33:04.736 +04:00 [INF] [Sckt 1] subscription 44 completed successfully
2026-08-18 23:33:04.737 +04:00 [INF] UsdFutures order book DOGEUSDT status changed: "Connecting" => "Syncing"
2026-08-18 23:33:04.855 +04:00 [INF] UsdFutures order book DOGEUSDT status changed: "Syncing" => "Synced"
2026-08-18 23:33:04.857 +04:00 [INF] Futures book Binance:DOGEUSDT "Synced"
2026-08-18 23:33:04.858 +04:00 [INF] V5 order book DOGEUSDT status changed: "Disconnected" => "Connecting"
2026-08-18 23:33:05.078 +04:00 [INF] [Sckt 2] subscription 47 completed successfully
2026-08-18 23:33:05.079 +04:00 [INF] V5 order book DOGEUSDT status changed: "Connecting" => "Syncing"
2026-08-18 23:33:05.081 +04:00 [INF] V5 order book DOGEUSDT status changed: "Syncing" => "Synced"
2026-08-18 23:33:05.082 +04:00 [INF] Futures book Bybit:DOGEUSDT "Synced"
2026-08-18 23:33:05.083 +04:00 [INF] Unified order book DOGE-USDT-SWAP status changed: "Disconnected" => "Connecting"
2026-08-18 23:33:05.417 +04:00 [INF] [Sckt 3] subscription 50 completed successfully
2026-08-18 23:33:05.418 +04:00 [INF] Unified order book DOGE-USDT-SWAP status changed: "Connecting" => "Syncing"
2026-08-18 23:33:05.595 +04:00 [INF] Unified order book DOGE-USDT-SWAP status changed: "Syncing" => "Synced"
2026-08-18 23:33:05.597 +04:00 [INF] Futures book OKX:DOGEUSDT "Synced"
2026-08-18 23:33:05.598 +04:00 [INF] UsdFutures order book ADAUSDT status changed: "Disconnected" => "Connecting"
2026-08-18 23:33:05.940 +04:00 [INF] [Sckt 1] subscription 52 completed successfully
2026-08-18 23:33:05.941 +04:00 [INF] UsdFutures order book ADAUSDT status changed: "Connecting" => "Syncing"
2026-08-18 23:33:06.059 +04:00 [INF] UsdFutures order book ADAUSDT status changed: "Syncing" => "Synced"
2026-08-18 23:33:06.061 +04:00 [INF] Futures book Binance:ADAUSDT "Synced"
2026-08-18 23:33:06.062 +04:00 [INF] V5 order book ADAUSDT status changed: "Disconnected" => "Connecting"
2026-08-18 23:33:06.273 +04:00 [INF] [Sckt 2] subscription 55 completed successfully
2026-08-18 23:33:06.274 +04:00 [INF] V5 order book ADAUSDT status changed: "Connecting" => "Syncing"
2026-08-18 23:33:06.275 +04:00 [INF] V5 order book ADAUSDT status changed: "Syncing" => "Synced"
2026-08-18 23:33:06.276 +04:00 [INF] Futures book Bybit:ADAUSDT "Synced"
2026-08-18 23:33:06.276 +04:00 [INF] Unified order book ADA-USDT-SWAP status changed: "Disconnected" => "Connecting"
2026-08-18 23:33:06.598 +04:00 [INF] [Sckt 3] subscription 58 completed successfully
2026-08-18 23:33:06.599 +04:00 [INF] Unified order book ADA-USDT-SWAP status changed: "Connecting" => "Syncing"
2026-08-18 23:33:06.786 +04:00 [INF] Unified order book ADA-USDT-SWAP status changed: "Syncing" => "Synced"
2026-08-18 23:33:06.788 +04:00 [INF] Futures book OKX:ADAUSDT "Synced"
2026-08-18 23:33:06.789 +04:00 [INF] UsdFutures order book AVAXUSDT status changed: "Disconnected" => "Connecting"
2026-08-18 23:33:07.139 +04:00 [INF] [Sckt 1] subscription 60 completed successfully
2026-08-18 23:33:07.141 +04:00 [INF] UsdFutures order book AVAXUSDT status changed: "Connecting" => "Syncing"
2026-08-18 23:33:07.202 +04:00 [INF] UsdFutures order book AVAXUSDT status changed: "Syncing" => "Synced"
2026-08-18 23:33:07.204 +04:00 [INF] Futures book Binance:AVAXUSDT "Synced"
2026-08-18 23:33:07.204 +04:00 [INF] V5 order book AVAXUSDT status changed: "Disconnected" => "Connecting"
2026-08-18 23:33:07.415 +04:00 [INF] [Sckt 2] subscription 63 completed successfully
2026-08-18 23:33:07.416 +04:00 [INF] V5 order book AVAXUSDT status changed: "Connecting" => "Syncing"
2026-08-18 23:33:07.417 +04:00 [INF] V5 order book AVAXUSDT status changed: "Syncing" => "Synced"
2026-08-18 23:33:07.418 +04:00 [INF] Futures book Bybit:AVAXUSDT "Synced"
2026-08-18 23:33:07.419 +04:00 [INF] Unified order book AVAX-USDT-SWAP status changed: "Disconnected" => "Connecting"
2026-08-18 23:33:07.739 +04:00 [INF] [Sckt 3] subscription 66 completed successfully
2026-08-18 23:33:07.740 +04:00 [INF] Unified order book AVAX-USDT-SWAP status changed: "Connecting" => "Syncing"
2026-08-18 23:33:08.052 +04:00 [INF] Unified order book AVAX-USDT-SWAP status changed: "Syncing" => "Synced"
2026-08-18 23:33:08.054 +04:00 [INF] Futures book OKX:AVAXUSDT "Synced"
2026-08-18 23:33:08.054 +04:00 [INF] UsdFutures order book LINKUSDT status changed: "Disconnected" => "Connecting"
2026-08-18 23:33:08.438 +04:00 [INF] [Sckt 1] subscription 68 completed successfully
2026-08-18 23:33:08.440 +04:00 [INF] UsdFutures order book LINKUSDT status changed: "Connecting" => "Syncing"
2026-08-18 23:33:08.564 +04:00 [INF] UsdFutures order book LINKUSDT status changed: "Syncing" => "Synced"
2026-08-18 23:33:08.565 +04:00 [INF] Futures book Binance:LINKUSDT "Synced"
2026-08-18 23:33:08.566 +04:00 [INF] V5 order book LINKUSDT status changed: "Disconnected" => "Connecting"
2026-08-18 23:33:08.776 +04:00 [INF] [Sckt 2] subscription 71 completed successfully
2026-08-18 23:33:08.777 +04:00 [INF] V5 order book LINKUSDT status changed: "Connecting" => "Syncing"
2026-08-18 23:33:08.778 +04:00 [INF] V5 order book LINKUSDT status changed: "Syncing" => "Synced"
2026-08-18 23:33:08.779 +04:00 [INF] Futures book Bybit:LINKUSDT "Synced"
2026-08-18 23:33:08.780 +04:00 [INF] Unified order book LINK-USDT-SWAP status changed: "Disconnected" => "Connecting"
2026-08-18 23:33:09.100 +04:00 [INF] [Sckt 3] subscription 74 completed successfully
2026-08-18 23:33:09.102 +04:00 [INF] Unified order book LINK-USDT-SWAP status changed: "Connecting" => "Syncing"
2026-08-18 23:33:09.155 +04:00 [INF] Unified order book LINK-USDT-SWAP status changed: "Syncing" => "Synced"
2026-08-18 23:33:09.156 +04:00 [INF] Futures book OKX:LINKUSDT "Synced"
2026-08-18 23:33:09.158 +04:00 [INF] Futures books: OKX:XRPUSDT=Synced; OKX:ETHUSDT=Synced; Binance:XRPUSDT=Synced; Binance:DOGEUSDT=Synced; Bybit:AVAXUSDT=Synced; Bybit:SOLUSDT=Synced; Bybit:LINKUSDT=Synced; Bybit:XRPUSDT=Synced; OKX:LINKUSDT=Synced; OKX:SOLUSDT=Synced; Bybit:BTCUSDT=Synced; Binance:ETHUSDT=Synced; Binance:BTCUSDT=Synced; OKX:DOGEUSDT=Synced; Binance:SOLUSDT=Synced; OKX:BTCUSDT=Synced; Binance:AVAXUSDT=Synced; Bybit:ETHUSDT=Synced; Bybit:ADAUSDT=Synced; Binance:ADAUSDT=Synced; Binance:LINKUSDT=Synced; OKX:AVAXUSDT=Synced; Bybit:DOGEUSDT=Synced; OKX:ADAUSDT=Synced
2026-08-18 23:38:14.310 +04:00 [INF] Discovery: futures tickers on Binance,Bybit,OKX
2026-08-18 23:38:16.067 +04:00 [INF] Discovery: spot tickers on Binance,Bybit,OKX
2026-08-18 23:38:17.059 +04:00 [WRN] No symbols above minVol=3000000, relaxing filter
2026-08-18 23:38:17.063 +04:00 [WRN] Fallback symbols (empty)
2026-08-18 23:38:17.067 +04:00 [INF] Start | Strategy=FuturesCross | Mode=PAPER | Symbols=BTCUSDT,ETHUSDT,SOLUSDT,XRPUSDT,DOGEUSDT,ADAUSDT,AVAXUSDT,LINKUSDT | Ex=Binance,Bybit,OKX
2026-08-18 23:38:17.070 +04:00 [INF] Futures paper margin initialized: 10000 USDT x 3 exchanges
2026-08-18 23:38:17.096 +04:00 [INF] UsdFutures order book BTCUSDT status changed: "Disconnected" => "Connecting"
2026-08-18 23:38:19.226 +04:00 [INF] [Sckt 1] subscription 11 completed successfully
2026-08-18 23:38:19.230 +04:00 [INF] UsdFutures order book BTCUSDT status changed: "Connecting" => "Syncing"
2026-08-18 23:38:19.292 +04:00 [INF] UsdFutures order book BTCUSDT status changed: "Syncing" => "Synced"
2026-08-18 23:38:19.293 +04:00 [INF] Futures book Binance:BTCUSDT "Synced"
2026-08-18 23:38:19.298 +04:00 [INF] V5 order book BTCUSDT status changed: "Disconnected" => "Connecting"
2026-08-18 23:38:21.411 +04:00 [INF] [Sckt 2] subscription 14 completed successfully
2026-08-18 23:38:21.413 +04:00 [INF] V5 order book BTCUSDT status changed: "Connecting" => "Syncing"
2026-08-18 23:38:21.414 +04:00 [INF] V5 order book BTCUSDT status changed: "Syncing" => "Synced"
2026-08-18 23:38:21.415 +04:00 [INF] Futures book Bybit:BTCUSDT "Synced"
2026-08-18 23:38:21.419 +04:00 [INF] Unified order book BTC-USDT-SWAP status changed: "Disconnected" => "Connecting"
2026-08-18 23:38:23.130 +04:00 [INF] [Sckt 3] subscription 18 completed successfully
2026-08-18 23:38:23.132 +04:00 [INF] Unified order book BTC-USDT-SWAP status changed: "Connecting" => "Syncing"
2026-08-18 23:38:23.623 +04:00 [INF] Unified order book BTC-USDT-SWAP status changed: "Syncing" => "Synced"
2026-08-18 23:38:23.625 +04:00 [INF] Futures book OKX:BTCUSDT "Synced"
2026-08-18 23:38:23.625 +04:00 [INF] UsdFutures order book ETHUSDT status changed: "Disconnected" => "Connecting"
2026-08-18 23:38:24.012 +04:00 [INF] [Sckt 1] subscription 20 completed successfully
2026-08-18 23:38:24.014 +04:00 [INF] UsdFutures order book ETHUSDT status changed: "Connecting" => "Syncing"
2026-08-18 23:38:24.073 +04:00 [INF] UsdFutures order book ETHUSDT status changed: "Syncing" => "Synced"
2026-08-18 23:38:24.075 +04:00 [INF] Futures book Binance:ETHUSDT "Synced"
2026-08-18 23:38:24.075 +04:00 [INF] V5 order book ETHUSDT status changed: "Disconnected" => "Connecting"
2026-08-18 23:38:24.293 +04:00 [INF] [Sckt 2] subscription 23 completed successfully
2026-08-18 23:38:24.294 +04:00 [INF] V5 order book ETHUSDT status changed: "Connecting" => "Syncing"
2026-08-18 23:38:24.296 +04:00 [INF] V5 order book ETHUSDT status changed: "Syncing" => "Synced"
2026-08-18 23:38:24.296 +04:00 [INF] Futures book Bybit:ETHUSDT "Synced"
2026-08-18 23:38:24.298 +04:00 [INF] Unified order book ETH-USDT-SWAP status changed: "Disconnected" => "Connecting"
2026-08-18 23:38:24.615 +04:00 [INF] [Sckt 3] subscription 26 completed successfully
2026-08-18 23:38:24.617 +04:00 [INF] Unified order book ETH-USDT-SWAP status changed: "Connecting" => "Syncing"
2026-08-18 23:38:24.802 +04:00 [INF] Unified order book ETH-USDT-SWAP status changed: "Syncing" => "Synced"
2026-08-18 23:38:24.804 +04:00 [INF] Futures book OKX:ETHUSDT "Synced"
2026-08-18 23:38:24.805 +04:00 [INF] UsdFutures order book SOLUSDT status changed: "Disconnected" => "Connecting"
2026-08-18 23:38:25.210 +04:00 [INF] [Sckt 1] subscription 28 completed successfully
2026-08-18 23:38:25.211 +04:00 [INF] UsdFutures order book SOLUSDT status changed: "Connecting" => "Syncing"
2026-08-18 23:38:25.263 +04:00 [INF] UsdFutures order book SOLUSDT status changed: "Syncing" => "Synced"
2026-08-18 23:38:25.265 +04:00 [INF] Futures book Binance:SOLUSDT "Synced"
2026-08-18 23:38:25.265 +04:00 [INF] V5 order book SOLUSDT status changed: "Disconnected" => "Connecting"
2026-08-18 23:38:25.495 +04:00 [INF] [Sckt 2] subscription 31 completed successfully
2026-08-18 23:38:25.496 +04:00 [INF] V5 order book SOLUSDT status changed: "Connecting" => "Syncing"
2026-08-18 23:38:25.498 +04:00 [INF] V5 order book SOLUSDT status changed: "Syncing" => "Synced"
2026-08-18 23:38:25.499 +04:00 [INF] Futures book Bybit:SOLUSDT "Synced"
2026-08-18 23:38:25.500 +04:00 [INF] Unified order book SOL-USDT-SWAP status changed: "Disconnected" => "Connecting"
2026-08-18 23:38:25.819 +04:00 [INF] [Sckt 3] subscription 34 completed successfully
2026-08-18 23:38:25.820 +04:00 [INF] Unified order book SOL-USDT-SWAP status changed: "Connecting" => "Syncing"
2026-08-18 23:38:25.996 +04:00 [INF] Unified order book SOL-USDT-SWAP status changed: "Syncing" => "Synced"
2026-08-18 23:38:25.998 +04:00 [INF] Futures book OKX:SOLUSDT "Synced"
2026-08-18 23:38:26.000 +04:00 [INF] UsdFutures order book XRPUSDT status changed: "Disconnected" => "Connecting"
2026-08-18 23:38:26.421 +04:00 [INF] [Sckt 1] subscription 36 completed successfully
2026-08-18 23:38:26.421 +04:00 [INF] UsdFutures order book XRPUSDT status changed: "Connecting" => "Syncing"
2026-08-18 23:38:26.536 +04:00 [INF] UsdFutures order book XRPUSDT status changed: "Syncing" => "Synced"
2026-08-18 23:38:26.538 +04:00 [INF] Futures book Binance:XRPUSDT "Synced"
2026-08-18 23:38:26.539 +04:00 [INF] V5 order book XRPUSDT status changed: "Disconnected" => "Connecting"
2026-08-18 23:38:26.754 +04:00 [INF] [Sckt 2] subscription 39 completed successfully
2026-08-18 23:38:26.755 +04:00 [INF] V5 order book XRPUSDT status changed: "Connecting" => "Syncing"
2026-08-18 23:38:26.756 +04:00 [INF] V5 order book XRPUSDT status changed: "Syncing" => "Synced"
2026-08-18 23:38:26.757 +04:00 [INF] Futures book Bybit:XRPUSDT "Synced"
2026-08-18 23:38:26.758 +04:00 [INF] Unified order book XRP-USDT-SWAP status changed: "Disconnected" => "Connecting"
2026-08-18 23:38:27.076 +04:00 [INF] [Sckt 3] subscription 42 completed successfully
2026-08-18 23:38:27.078 +04:00 [INF] Unified order book XRP-USDT-SWAP status changed: "Connecting" => "Syncing"
2026-08-18 23:38:27.140 +04:00 [INF] Unified order book XRP-USDT-SWAP status changed: "Syncing" => "Synced"
2026-08-18 23:38:27.142 +04:00 [INF] Futures book OKX:XRPUSDT "Synced"
2026-08-18 23:38:27.143 +04:00 [INF] UsdFutures order book DOGEUSDT status changed: "Disconnected" => "Connecting"
2026-08-18 23:38:27.513 +04:00 [INF] [Sckt 1] subscription 44 completed successfully
2026-08-18 23:38:27.514 +04:00 [INF] UsdFutures order book DOGEUSDT status changed: "Connecting" => "Syncing"
2026-08-18 23:38:27.639 +04:00 [INF] UsdFutures order book DOGEUSDT status changed: "Syncing" => "Synced"
2026-08-18 23:38:27.641 +04:00 [INF] Futures book Binance:DOGEUSDT "Synced"
2026-08-18 23:38:27.642 +04:00 [INF] V5 order book DOGEUSDT status changed: "Disconnected" => "Connecting"
2026-08-18 23:38:27.862 +04:00 [INF] [Sckt 2] subscription 47 completed successfully
2026-08-18 23:38:27.863 +04:00 [INF] V5 order book DOGEUSDT status changed: "Connecting" => "Syncing"
2026-08-18 23:38:27.864 +04:00 [INF] V5 order book DOGEUSDT status changed: "Syncing" => "Synced"
2026-08-18 23:38:27.865 +04:00 [INF] Futures book Bybit:DOGEUSDT "Synced"
2026-08-18 23:38:27.866 +04:00 [INF] Unified order book DOGE-USDT-SWAP status changed: "Disconnected" => "Connecting"
2026-08-18 23:38:28.186 +04:00 [INF] [Sckt 3] subscription 50 completed successfully
2026-08-18 23:38:28.187 +04:00 [INF] Unified order book DOGE-USDT-SWAP status changed: "Connecting" => "Syncing"
2026-08-18 23:38:28.366 +04:00 [INF] Unified order book DOGE-USDT-SWAP status changed: "Syncing" => "Synced"
2026-08-18 23:38:28.368 +04:00 [INF] Futures book OKX:DOGEUSDT "Synced"
2026-08-18 23:38:28.369 +04:00 [INF] UsdFutures order book ADAUSDT status changed: "Disconnected" => "Connecting"
2026-08-18 23:38:28.714 +04:00 [INF] [Sckt 1] subscription 52 completed successfully
2026-08-18 23:38:28.715 +04:00 [INF] UsdFutures order book ADAUSDT status changed: "Connecting" => "Syncing"
2026-08-18 23:38:28.834 +04:00 [INF] UsdFutures order book ADAUSDT status changed: "Syncing" => "Synced"
2026-08-18 23:38:28.835 +04:00 [INF] Futures book Binance:ADAUSDT "Synced"
2026-08-18 23:38:28.836 +04:00 [INF] V5 order book ADAUSDT status changed: "Disconnected" => "Connecting"
2026-08-18 23:38:29.050 +04:00 [INF] [Sckt 2] subscription 55 completed successfully
2026-08-18 23:38:29.051 +04:00 [INF] V5 order book ADAUSDT status changed: "Connecting" => "Syncing"
2026-08-18 23:38:29.052 +04:00 [INF] V5 order book ADAUSDT status changed: "Syncing" => "Synced"
2026-08-18 23:38:29.053 +04:00 [INF] Futures book Bybit:ADAUSDT "Synced"
2026-08-18 23:38:29.054 +04:00 [INF] Unified order book ADA-USDT-SWAP status changed: "Disconnected" => "Connecting"
2026-08-18 23:38:29.379 +04:00 [INF] [Sckt 3] subscription 58 completed successfully
2026-08-18 23:38:29.380 +04:00 [INF] Unified order book ADA-USDT-SWAP status changed: "Connecting" => "Syncing"
2026-08-18 23:38:29.624 +04:00 [INF] Unified order book ADA-USDT-SWAP status changed: "Syncing" => "Synced"
2026-08-18 23:38:29.626 +04:00 [INF] Futures book OKX:ADAUSDT "Synced"
2026-08-18 23:38:29.626 +04:00 [INF] UsdFutures order book AVAXUSDT status changed: "Disconnected" => "Connecting"
2026-08-18 23:38:30.015 +04:00 [INF] [Sckt 1] subscription 60 completed successfully
2026-08-18 23:38:30.016 +04:00 [INF] UsdFutures order book AVAXUSDT status changed: "Connecting" => "Syncing"
2026-08-18 23:38:30.132 +04:00 [INF] UsdFutures order book AVAXUSDT status changed: "Syncing" => "Synced"
2026-08-18 23:38:30.134 +04:00 [INF] Futures book Binance:AVAXUSDT "Synced"
2026-08-18 23:38:30.135 +04:00 [INF] V5 order book AVAXUSDT status changed: "Disconnected" => "Connecting"
2026-08-18 23:38:30.365 +04:00 [INF] [Sckt 2] subscription 63 completed successfully
2026-08-18 23:38:30.366 +04:00 [INF] V5 order book AVAXUSDT status changed: "Connecting" => "Syncing"
2026-08-18 23:38:30.367 +04:00 [INF] V5 order book AVAXUSDT status changed: "Syncing" => "Synced"
2026-08-18 23:38:30.368 +04:00 [INF] Futures book Bybit:AVAXUSDT "Synced"
2026-08-18 23:38:30.369 +04:00 [INF] Unified order book AVAX-USDT-SWAP status changed: "Disconnected" => "Connecting"
2026-08-18 23:38:30.688 +04:00 [INF] [Sckt 3] subscription 66 completed successfully
2026-08-18 23:38:30.689 +04:00 [INF] Unified order book AVAX-USDT-SWAP status changed: "Connecting" => "Syncing"
2026-08-18 23:38:30.747 +04:00 [INF] Unified order book AVAX-USDT-SWAP status changed: "Syncing" => "Synced"
2026-08-18 23:38:30.748 +04:00 [INF] Futures book OKX:AVAXUSDT "Synced"
2026-08-18 23:38:30.749 +04:00 [INF] UsdFutures order book LINKUSDT status changed: "Disconnected" => "Connecting"
2026-08-18 23:38:31.115 +04:00 [INF] [Sckt 1] subscription 68 completed successfully
2026-08-18 23:38:31.117 +04:00 [INF] UsdFutures order book LINKUSDT status changed: "Connecting" => "Syncing"
2026-08-18 23:38:31.363 +04:00 [INF] UsdFutures order book LINKUSDT status changed: "Syncing" => "Synced"
2026-08-18 23:38:31.365 +04:00 [INF] Futures book Binance:LINKUSDT "Synced"
2026-08-18 23:38:31.365 +04:00 [INF] V5 order book LINKUSDT status changed: "Disconnected" => "Connecting"
2026-08-18 23:38:31.585 +04:00 [INF] [Sckt 2] subscription 71 completed successfully
2026-08-18 23:38:31.586 +04:00 [INF] V5 order book LINKUSDT status changed: "Connecting" => "Syncing"
2026-08-18 23:38:31.587 +04:00 [INF] V5 order book LINKUSDT status changed: "Syncing" => "Synced"
2026-08-18 23:38:31.588 +04:00 [INF] Futures book Bybit:LINKUSDT "Synced"
2026-08-18 23:38:31.589 +04:00 [INF] Unified order book LINK-USDT-SWAP status changed: "Disconnected" => "Connecting"
2026-08-18 23:38:31.908 +04:00 [INF] [Sckt 3] subscription 74 completed successfully
2026-08-18 23:38:31.909 +04:00 [INF] Unified order book LINK-USDT-SWAP status changed: "Connecting" => "Syncing"
2026-08-18 23:38:31.969 +04:00 [INF] Unified order book LINK-USDT-SWAP status changed: "Syncing" => "Synced"
2026-08-18 23:38:31.970 +04:00 [INF] Futures book OKX:LINKUSDT "Synced"
2026-08-18 23:38:31.972 +04:00 [INF] Futures books: OKX:XRPUSDT=Synced; OKX:ETHUSDT=Synced; Binance:XRPUSDT=Synced; Binance:DOGEUSDT=Synced; Bybit:AVAXUSDT=Synced; Bybit:SOLUSDT=Synced; Bybit:LINKUSDT=Synced; Bybit:XRPUSDT=Synced; OKX:LINKUSDT=Synced; OKX:SOLUSDT=Synced; Bybit:BTCUSDT=Synced; Binance:ETHUSDT=Synced; Binance:BTCUSDT=Synced; OKX:DOGEUSDT=Synced; Binance:SOLUSDT=Synced; OKX:BTCUSDT=Synced; Binance:AVAXUSDT=Synced; Bybit:ETHUSDT=Synced; Bybit:ADAUSDT=Synced; Binance:ADAUSDT=Synced; Binance:LINKUSDT=Synced; OKX:AVAXUSDT=Synced; Bybit:DOGEUSDT=Synced; OKX:ADAUSDT=Synced
2026-08-18 23:38:34.506 +04:00 [INF] FUT PAPER OPEN BTCUSDT L:Binance S:Bybit qty=0.007728 edge=0.011%
2026-08-18 23:38:34.508 +04:00 [INF] Opened futures paper hedge: BTCUSDT: LONG Binance@64696.60 / SHORT Bybit@64703.70 | net 0.011% (~0.05 USD)
2026-08-18 23:38:36.561 +04:00 [INF] FUT PAPER CLOSE BTCUSDT pnl=-0.5000 reason=converge
2026-08-18 23:38:36.562 +04:00 [INF] FUT PAPER OPEN BTCUSDT L:Binance S:Bybit qty=0.007728 edge=0.011%
2026-08-18 23:38:36.564 +04:00 [INF] Opened futures paper hedge: BTCUSDT: LONG Binance@64696.60 / SHORT Bybit@64703.50 | net 0.011% (~0.05 USD)
2026-08-18 23:38:38.580 +04:00 [INF] FUT PAPER CLOSE BTCUSDT pnl=-0.5015 reason=converge
2026-08-18 23:38:38.581 +04:00 [INF] FUT PAPER OPEN BTCUSDT L:Binance S:Bybit qty=0.007728 edge=0.011%
2026-08-18 23:38:38.583 +04:00 [INF] Opened futures paper hedge: BTCUSDT: LONG Binance@64696.60 / SHORT Bybit@64703.50 | net 0.011% (~0.05 USD)
2026-08-18 23:38:40.599 +04:00 [INF] FUT PAPER CLOSE BTCUSDT pnl=-0.5000 reason=converge
2026-08-18 23:38:40.600 +04:00 [INF] FUT PAPER OPEN LINKUSDT L:OKX S:Binance qty=52.620501 edge=0.011%
2026-08-18 23:38:40.601 +04:00 [INF] Opened futures paper hedge: LINKUSDT: LONG OKX@9.50 / SHORT Binance@9.50 | net 0.011% (~0.05 USD)
2026-08-18 23:38:42.608 +04:00 [INF] FUT PAPER OPEN ETHUSDT L:OKX S:Bybit qty=0.261124 edge=0.008%
2026-08-18 23:38:42.614 +04:00 [INF] Opened futures paper hedge: ETHUSDT: LONG OKX@1914.64 / SHORT Bybit@1914.80 | net 0.008% (~0.04 USD)
2026-08-18 23:38:44.621 +04:00 [INF] FUT PAPER CLOSE ETHUSDT pnl=-0.5052 reason=converge
2026-08-18 23:38:44.622 +04:00 [INF] FUT PAPER OPEN ETHUSDT L:OKX S:Bybit qty=0.261124 edge=0.008%
2026-08-18 23:38:44.623 +04:00 [INF] Opened futures paper hedge: ETHUSDT: LONG OKX@1914.64 / SHORT Bybit@1914.80 | net 0.008% (~0.04 USD)
2026-08-18 23:38:46.627 +04:00 [INF] FUT PAPER CLOSE ETHUSDT pnl=-0.5052 reason=converge
2026-08-18 23:38:46.629 +04:00 [INF] FUT PAPER OPEN ETHUSDT L:OKX S:Bybit qty=0.261124 edge=0.008%
2026-08-18 23:38:46.630 +04:00 [INF] Opened futures paper hedge: ETHUSDT: LONG OKX@1914.64 / SHORT Bybit@1914.80 | net 0.008% (~0.04 USD)
2026-08-18 23:38:48.635 +04:00 [INF] FUT PAPER CLOSE ETHUSDT pnl=-0.5052 reason=converge
2026-08-18 23:38:48.637 +04:00 [INF] FUT PAPER OPEN ETHUSDT L:OKX S:Bybit qty=0.261124 edge=0.008%
2026-08-18 23:38:48.639 +04:00 [INF] Opened futures paper hedge: ETHUSDT: LONG OKX@1914.64 / SHORT Bybit@1914.80 | net 0.008% (~0.04 USD)
2026-08-18 23:38:50.651 +04:00 [INF] FUT PAPER CLOSE ETHUSDT pnl=-0.5052 reason=converge
2026-08-18 23:38:50.653 +04:00 [INF] FUT PAPER OPEN ETHUSDT L:OKX S:Bybit qty=0.261124 edge=0.008%
2026-08-18 23:38:50.654 +04:00 [INF] Opened futures paper hedge: ETHUSDT: LONG OKX@1914.64 / SHORT Bybit@1914.80 | net 0.008% (~0.04 USD)
2026-08-18 23:38:52.658 +04:00 [INF] FUT PAPER CLOSE ETHUSDT pnl=-0.4686 reason=converge
2026-08-18 23:38:52.660 +04:00 [INF] FUT PAPER OPEN BTCUSDT L:Binance S:Bybit qty=0.007728 edge=0.006%
2026-08-18 23:38:52.661 +04:00 [INF] Opened futures paper hedge: BTCUSDT: LONG Binance@64696.60 / SHORT Bybit@64700.60 | net 0.006% (~0.03 USD)
2026-08-18 23:38:54.673 +04:00 [INF] FUT PAPER CLOSE BTCUSDT pnl=-0.5015 reason=converge
2026-08-18 23:38:54.674 +04:00 [INF] FUT PAPER OPEN BTCUSDT L:Binance S:Bybit qty=0.007728 edge=0.006%
2026-08-18 23:38:54.675 +04:00 [INF] Opened futures paper hedge: BTCUSDT: LONG Binance@64696.60 / SHORT Bybit@64700.60 | net 0.006% (~0.03 USD)
2026-08-18 23:38:56.681 +04:00 [INF] FUT PAPER CLOSE BTCUSDT pnl=-0.5015 reason=converge
2026-08-18 23:38:56.683 +04:00 [INF] FUT PAPER OPEN BTCUSDT L:Binance S:Bybit qty=0.007728 edge=0.006%
2026-08-18 23:38:56.684 +04:00 [INF] Opened futures paper hedge: BTCUSDT: LONG Binance@64696.60 / SHORT Bybit@64700.60 | net 0.006% (~0.03 USD)
2026-08-18 23:38:58.699 +04:00 [INF] FUT PAPER CLOSE BTCUSDT pnl=-0.5015 reason=converge
2026-08-18 23:38:58.701 +04:00 [INF] FUT PAPER OPEN BTCUSDT L:Binance S:Bybit qty=0.007728 edge=0.006%
2026-08-18 23:38:58.702 +04:00 [INF] Opened futures paper hedge: BTCUSDT: LONG Binance@64696.60 / SHORT Bybit@64700.60 | net 0.006% (~0.03 USD)
2026-08-18 23:39:00.719 +04:00 [INF] FUT PAPER CLOSE BTCUSDT pnl=-0.5015 reason=converge
2026-08-18 23:39:00.721 +04:00 [INF] FUT PAPER OPEN BTCUSDT L:Binance S:Bybit qty=0.007728 edge=0.006%
2026-08-18 23:39:00.723 +04:00 [INF] Opened futures paper hedge: BTCUSDT: LONG Binance@64696.60 / SHORT Bybit@64700.60 | net 0.006% (~0.03 USD)
2026-08-18 23:39:02.732 +04:00 [INF] FUT PAPER CLOSE BTCUSDT pnl=-0.5015 reason=converge
2026-08-18 23:39:02.734 +04:00 [INF] FUT PAPER OPEN BTCUSDT L:Binance S:Bybit qty=0.007728 edge=0.006%
2026-08-18 23:39:02.735 +04:00 [INF] Opened futures paper hedge: BTCUSDT: LONG Binance@64696.60 / SHORT Bybit@64700.60 | net 0.006% (~0.03 USD)
2026-08-18 23:39:04.740 +04:00 [INF] FUT PAPER CLOSE BTCUSDT pnl=-0.5015 reason=converge
2026-08-18 23:39:04.741 +04:00 [INF] FUT PAPER OPEN BTCUSDT L:Binance S:Bybit qty=0.007728 edge=0.006%
2026-08-18 23:39:04.742 +04:00 [INF] Opened futures paper hedge: BTCUSDT: LONG Binance@64696.60 / SHORT Bybit@64700.60 | net 0.006% (~0.03 USD)
2026-08-18 23:39:06.748 +04:00 [INF] FUT PAPER CLOSE BTCUSDT pnl=-0.5015 reason=converge
2026-08-18 23:39:06.750 +04:00 [INF] FUT PAPER OPEN BTCUSDT L:Binance S:Bybit qty=0.007728 edge=0.006%
2026-08-18 23:39:06.751 +04:00 [INF] Opened futures paper hedge: BTCUSDT: LONG Binance@64696.60 / SHORT Bybit@64700.60 | net 0.006% (~0.03 USD)
2026-08-18 23:39:08.765 +04:00 [INF] FUT PAPER CLOSE BTCUSDT pnl=-0.5015 reason=converge
2026-08-18 23:39:08.766 +04:00 [INF] FUT PAPER OPEN BTCUSDT L:Binance S:Bybit qty=0.007728 edge=0.006%
2026-08-18 23:39:08.767 +04:00 [INF] Opened futures paper hedge: BTCUSDT: LONG Binance@64696.60 / SHORT Bybit@64700.60 | net 0.006% (~0.03 USD)
2026-08-18 23:39:10.778 +04:00 [INF] FUT PAPER CLOSE BTCUSDT pnl=-0.5015 reason=converge
2026-08-18 23:39:10.779 +04:00 [INF] FUT PAPER OPEN BTCUSDT L:Binance S:Bybit qty=0.007728 edge=0.006%
2026-08-18 23:39:10.780 +04:00 [INF] Opened futures paper hedge: BTCUSDT: LONG Binance@64696.60 / SHORT Bybit@64700.60 | net 0.006% (~0.03 USD)
2026-08-18 23:39:12.794 +04:00 [INF] FUT PAPER CLOSE BTCUSDT pnl=-0.5015 reason=converge
2026-08-18 23:39:12.795 +04:00 [INF] FUT PAPER OPEN AVAXUSDT L:OKX S:Binance qty=78.764965 edge=0.016%
2026-08-18 23:39:12.796 +04:00 [INF] Opened futures paper hedge: AVAXUSDT: LONG OKX@6.35 / SHORT Binance@6.35 | net 0.016% (~0.08 USD)
2026-08-18 23:39:14.810 +04:00 [INF] FUT PAPER OPEN BTCUSDT L:Binance S:Bybit qty=0.007728 edge=0.006%
2026-08-18 23:39:14.813 +04:00 [INF] Opened futures paper hedge: BTCUSDT: LONG Binance@64696.60 / SHORT Bybit@64700.60 | net 0.006% (~0.03 USD)
2026-08-18 23:39:16.825 +04:00 [INF] FUT PAPER CLOSE BTCUSDT pnl=-0.5015 reason=converge
2026-08-18 23:39:16.826 +04:00 [INF] FUT PAPER OPEN BTCUSDT L:Binance S:Bybit qty=0.007728 edge=0.006%
2026-08-18 23:39:16.829 +04:00 [INF] Opened futures paper hedge: BTCUSDT: LONG Binance@64696.60 / SHORT Bybit@64700.60 | net 0.006% (~0.03 USD)
2026-08-18 23:39:18.834 +04:00 [INF] FUT PAPER CLOSE BTCUSDT pnl=-0.5015 reason=converge
2026-08-18 23:39:18.835 +04:00 [INF] FUT PAPER OPEN BTCUSDT L:Binance S:Bybit qty=0.007728 edge=0.006%
2026-08-18 23:39:18.837 +04:00 [INF] Opened futures paper hedge: BTCUSDT: LONG Binance@64696.60 / SHORT Bybit@64700.60 | net 0.006% (~0.03 USD)
2026-08-18 23:39:20.839 +04:00 [INF] FUT PAPER CLOSE BTCUSDT pnl=-0.5015 reason=converge
2026-08-18 23:39:20.841 +04:00 [INF] FUT PAPER OPEN BTCUSDT L:Binance S:Bybit qty=0.007728 edge=0.006%
2026-08-18 23:39:20.842 +04:00 [INF] Opened futures paper hedge: BTCUSDT: LONG Binance@64696.60 / SHORT Bybit@64700.60 | net 0.006% (~0.03 USD)
2026-08-18 23:39:22.846 +04:00 [INF] FUT PAPER CLOSE BTCUSDT pnl=-0.5015 reason=converge
2026-08-18 23:39:22.847 +04:00 [INF] FUT PAPER OPEN BTCUSDT L:Binance S:Bybit qty=0.007728 edge=0.006%
2026-08-18 23:39:22.849 +04:00 [INF] Opened futures paper hedge: BTCUSDT: LONG Binance@64696.60 / SHORT Bybit@64700.60 | net 0.006% (~0.03 USD)
2026-08-18 23:39:24.853 +04:00 [INF] FUT PAPER CLOSE BTCUSDT pnl=-0.5015 reason=converge
2026-08-18 23:39:24.854 +04:00 [INF] FUT PAPER OPEN BTCUSDT L:Binance S:Bybit qty=0.007728 edge=0.006%
2026-08-18 23:39:24.855 +04:00 [INF] Opened futures paper hedge: BTCUSDT: LONG Binance@64696.60 / SHORT Bybit@64700.60 | net 0.006% (~0.03 USD)
2026-08-18 23:39:26.870 +04:00 [INF] FUT PAPER CLOSE BTCUSDT pnl=-0.5015 reason=converge
2026-08-18 23:39:26.871 +04:00 [INF] FUT PAPER OPEN BTCUSDT L:Binance S:Bybit qty=0.007728 edge=0.006%
2026-08-18 23:39:26.872 +04:00 [INF] Opened futures paper hedge: BTCUSDT: LONG Binance@64696.60 / SHORT Bybit@64700.60 | net 0.006% (~0.03 USD)
2026-08-18 23:39:28.886 +04:00 [INF] FUT PAPER CLOSE BTCUSDT pnl=-0.5015 reason=converge
2026-08-18 23:39:28.887 +04:00 [INF] FUT PAPER OPEN BTCUSDT L:Binance S:Bybit qty=0.007728 edge=0.006%
2026-08-18 23:39:28.888 +04:00 [INF] Opened futures paper hedge: BTCUSDT: LONG Binance@64696.60 / SHORT Bybit@64700.60 | net 0.006% (~0.03 USD)
2026-08-18 23:39:30.901 +04:00 [INF] FUT PAPER CLOSE BTCUSDT pnl=-0.5015 reason=converge
2026-08-18 23:39:30.902 +04:00 [INF] FUT PAPER OPEN BTCUSDT L:Binance S:Bybit qty=0.007728 edge=0.006%
2026-08-18 23:39:30.903 +04:00 [INF] Opened futures paper hedge: BTCUSDT: LONG Binance@64696.60 / SHORT Bybit@64700.60 | net 0.006% (~0.03 USD)
2026-08-18 23:39:32.916 +04:00 [INF] FUT PAPER CLOSE BTCUSDT pnl=-0.5015 reason=converge
2026-08-18 23:39:32.917 +04:00 [INF] FUT PAPER OPEN BTCUSDT L:Binance S:Bybit qty=0.007728 edge=0.006%
2026-08-18 23:39:32.918 +04:00 [INF] Opened futures paper hedge: BTCUSDT: LONG Binance@64696.60 / SHORT Bybit@64700.60 | net 0.006% (~0.03 USD)
2026-08-18 23:39:34.927 +04:00 [INF] FUT PAPER CLOSE BTCUSDT pnl=-0.5015 reason=converge
2026-08-18 23:39:34.928 +04:00 [INF] FUT PAPER OPEN BTCUSDT L:Binance S:Bybit qty=0.007728 edge=0.006%
2026-08-18 23:39:34.929 +04:00 [INF] Opened futures paper hedge: BTCUSDT: LONG Binance@64696.60 / SHORT Bybit@64700.60 | net 0.006% (~0.03 USD)
2026-08-18 23:39:36.944 +04:00 [INF] FUT PAPER CLOSE BTCUSDT pnl=-0.5015 reason=converge
2026-08-18 23:39:36.945 +04:00 [INF] FUT PAPER OPEN BTCUSDT L:Binance S:Bybit qty=0.007728 edge=0.006%
2026-08-18 23:39:36.947 +04:00 [INF] Opened futures paper hedge: BTCUSDT: LONG Binance@64696.60 / SHORT Bybit@64700.60 | net 0.006% (~0.03 USD)
2026-08-18 23:39:38.954 +04:00 [INF] FUT PAPER CLOSE BTCUSDT pnl=-0.5015 reason=converge
2026-08-18 23:39:38.956 +04:00 [INF] FUT PAPER OPEN BTCUSDT L:Binance S:Bybit qty=0.007728 edge=0.006%
2026-08-18 23:39:38.957 +04:00 [INF] Opened futures paper hedge: BTCUSDT: LONG Binance@64696.60 / SHORT Bybit@64700.60 | net 0.006% (~0.03 USD)
2026-08-18 23:39:40.973 +04:00 [INF] FUT PAPER CLOSE BTCUSDT pnl=-0.5015 reason=converge
2026-08-18 23:39:40.974 +04:00 [INF] FUT PAPER OPEN BTCUSDT L:Binance S:Bybit qty=0.007728 edge=0.006%
2026-08-18 23:39:40.976 +04:00 [INF] Opened futures paper hedge: BTCUSDT: LONG Binance@64696.60 / SHORT Bybit@64700.60 | net 0.006% (~0.03 USD)
2026-08-18 23:39:42.994 +04:00 [INF] FUT PAPER CLOSE BTCUSDT pnl=-0.5224 reason=converge
2026-08-18 23:39:42.995 +04:00 [INF] FUT PAPER OPEN SOLUSDT L:OKX S:Bybit qty=6.476684 edge=0.013%
2026-08-18 23:39:42.997 +04:00 [INF] Opened futures paper hedge: SOLUSDT: LONG OKX@77.19 / SHORT Bybit@77.20 | net 0.013% (~0.06 USD)
2026-08-18 23:40:53.344 +04:00 [INF] FUT PAPER CLOSE AVAXUSDT pnl=-0.5000 reason=converge
2026-08-18 23:40:53.346 +04:00 [INF] FUT PAPER OPEN BTCUSDT L:Binance S:Bybit qty=0.007730 edge=0.006%
2026-08-18 23:40:53.348 +04:00 [INF] Opened futures paper hedge: BTCUSDT: LONG Binance@64675.80 / SHORT Bybit@64680.00 | net 0.006% (~0.03 USD)
2026-08-18 23:40:55.359 +04:00 [INF] FUT PAPER CLOSE BTCUSDT pnl=-0.5015 reason=converge
2026-08-18 23:40:55.361 +04:00 [INF] FUT PAPER OPEN BTCUSDT L:Binance S:Bybit qty=0.007730 edge=0.006%
2026-08-18 23:40:55.363 +04:00 [INF] Opened futures paper hedge: BTCUSDT: LONG Binance@64675.80 / SHORT Bybit@64680.00 | net 0.006% (~0.03 USD)
2026-08-18 23:40:57.378 +04:00 [INF] FUT PAPER CLOSE BTCUSDT pnl=-0.5015 reason=converge
2026-08-18 23:40:57.379 +04:00 [INF] FUT PAPER OPEN BTCUSDT L:Binance S:Bybit qty=0.007730 edge=0.006%
2026-08-18 23:40:57.380 +04:00 [INF] Opened futures paper hedge: BTCUSDT: LONG Binance@64675.80 / SHORT Bybit@64680.00 | net 0.006% (~0.03 USD)
2026-08-18 23:40:59.383 +04:00 [INF] FUT PAPER CLOSE BTCUSDT pnl=-0.5015 reason=converge
2026-08-18 23:40:59.385 +04:00 [INF] FUT PAPER OPEN BTCUSDT L:Binance S:Bybit qty=0.007730 edge=0.006%
2026-08-18 23:40:59.386 +04:00 [INF] Opened futures paper hedge: BTCUSDT: LONG Binance@64675.80 / SHORT Bybit@64680.00 | net 0.006% (~0.03 USD)
2026-08-18 23:41:01.396 +04:00 [INF] FUT PAPER CLOSE BTCUSDT pnl=-0.5015 reason=converge
2026-08-18 23:41:01.398 +04:00 [INF] FUT PAPER OPEN BTCUSDT L:Binance S:Bybit qty=0.007730 edge=0.006%
2026-08-18 23:41:01.399 +04:00 [INF] Opened futures paper hedge: BTCUSDT: LONG Binance@64675.80 / SHORT Bybit@64680.00 | net 0.006% (~0.03 USD)
2026-08-18 23:41:03.402 +04:00 [INF] FUT PAPER CLOSE BTCUSDT pnl=-0.5015 reason=converge
2026-08-18 23:41:03.403 +04:00 [INF] FUT PAPER OPEN BTCUSDT L:Binance S:Bybit qty=0.007730 edge=0.006%
2026-08-18 23:41:03.405 +04:00 [INF] Opened futures paper hedge: BTCUSDT: LONG Binance@64675.80 / SHORT Bybit@64680.00 | net 0.006% (~0.03 USD)
2026-08-18 23:41:05.417 +04:00 [INF] FUT PAPER CLOSE BTCUSDT pnl=-0.5015 reason=converge
2026-08-18 23:41:05.418 +04:00 [INF] FUT PAPER OPEN BTCUSDT L:Binance S:Bybit qty=0.007730 edge=0.006%
2026-08-18 23:41:05.419 +04:00 [INF] Opened futures paper hedge: BTCUSDT: LONG Binance@64675.80 / SHORT Bybit@64680.00 | net 0.006% (~0.03 USD)
2026-08-18 23:41:07.426 +04:00 [INF] FUT PAPER CLOSE BTCUSDT pnl=-0.5015 reason=converge
2026-08-18 23:41:07.427 +04:00 [INF] FUT PAPER OPEN BTCUSDT L:Binance S:Bybit qty=0.007730 edge=0.006%
2026-08-18 23:41:07.428 +04:00 [INF] Opened futures paper hedge: BTCUSDT: LONG Binance@64675.80 / SHORT Bybit@64680.00 | net 0.006% (~0.03 USD)
2026-08-18 23:41:09.434 +04:00 [INF] FUT PAPER CLOSE BTCUSDT pnl=-0.5015 reason=converge
2026-08-18 23:41:09.436 +04:00 [INF] FUT PAPER OPEN BTCUSDT L:Binance S:Bybit qty=0.007730 edge=0.006%
2026-08-18 23:41:09.437 +04:00 [INF] Opened futures paper hedge: BTCUSDT: LONG Binance@64675.80 / SHORT Bybit@64680.00 | net 0.006% (~0.03 USD)
2026-08-18 23:41:11.447 +04:00 [INF] FUT PAPER CLOSE BTCUSDT pnl=-0.5015 reason=converge
2026-08-18 23:41:11.448 +04:00 [INF] FUT PAPER OPEN BTCUSDT L:Binance S:Bybit qty=0.007730 edge=0.006%
2026-08-18 23:41:11.449 +04:00 [INF] Opened futures paper hedge: BTCUSDT: LONG Binance@64675.80 / SHORT Bybit@64680.00 | net 0.006% (~0.03 USD)
2026-08-18 23:41:13.457 +04:00 [INF] FUT PAPER CLOSE SOLUSDT pnl=-0.4998 reason=converge
2026-08-18 23:41:13.459 +04:00 [INF] FUT PAPER CLOSE BTCUSDT pnl=-0.5232 reason=converge
2026-08-18 23:41:13.460 +04:00 [INF] FUT PAPER OPEN BTCUSDT L:Binance S:Bybit qty=0.007730 edge=0.011%
2026-08-18 23:41:13.461 +04:00 [INF] Opened futures paper hedge: BTCUSDT: LONG Binance@64675.80 / SHORT Bybit@64682.80 | net 0.011% (~0.05 USD)
2026-08-18 23:41:15.471 +04:00 [INF] FUT PAPER CLOSE BTCUSDT pnl=-0.5015 reason=converge
2026-08-18 23:41:15.472 +04:00 [INF] FUT PAPER OPEN BTCUSDT L:Binance S:Bybit qty=0.007730 edge=0.011%
2026-08-18 23:41:15.478 +04:00 [INF] Opened futures paper hedge: BTCUSDT: LONG Binance@64675.80 / SHORT Bybit@64682.80 | net 0.011% (~0.05 USD)
2026-08-18 23:41:17.491 +04:00 [INF] FUT PAPER CLOSE LINKUSDT pnl=-0.4474 reason=converge
2026-08-18 23:41:17.492 +04:00 [INF] FUT PAPER CLOSE BTCUSDT pnl=-0.5015 reason=converge
2026-08-18 23:41:17.493 +04:00 [INF] FUT PAPER OPEN BTCUSDT L:Binance S:Bybit qty=0.007730 edge=0.011%
2026-08-18 23:41:17.494 +04:00 [INF] Opened futures paper hedge: BTCUSDT: LONG Binance@64675.80 / SHORT Bybit@64682.80 | net 0.011% (~0.05 USD)
2026-08-18 23:41:19.496 +04:00 [INF] FUT PAPER CLOSE BTCUSDT pnl=-0.5015 reason=converge
2026-08-18 23:41:19.497 +04:00 [INF] FUT PAPER OPEN SOLUSDT L:OKX S:Binance qty=6.477523 edge=0.013%
2026-08-18 23:41:19.498 +04:00 [INF] Opened futures paper hedge: SOLUSDT: LONG OKX@77.18 / SHORT Binance@77.19 | net 0.013% (~0.06 USD)
2026-08-18 23:41:21.514 +04:00 [INF] FUT PAPER OPEN BTCUSDT L:Binance S:Bybit qty=0.007730 edge=0.011%
2026-08-18 23:41:21.517 +04:00 [INF] Opened futures paper hedge: BTCUSDT: LONG Binance@64675.80 / SHORT Bybit@64682.80 | net 0.011% (~0.05 USD)
2026-08-18 23:41:23.526 +04:00 [INF] FUT PAPER CLOSE BTCUSDT pnl=-0.5015 reason=converge
2026-08-18 23:41:23.528 +04:00 [INF] FUT PAPER OPEN LINKUSDT L:Bybit S:Binance qty=52.616038 edge=0.019%
2026-08-18 23:41:23.529 +04:00 [INF] Opened futures paper hedge: LINKUSDT: LONG Bybit@9.50 / SHORT Binance@9.50 | net 0.019% (~0.10 USD)
2026-08-18 23:41:25.537 +04:00 [INF] FUT PAPER OPEN BTCUSDT L:Binance S:Bybit qty=0.007730 edge=0.011%
2026-08-18 23:41:25.539 +04:00 [INF] Opened futures paper hedge: BTCUSDT: LONG Binance@64675.80 / SHORT Bybit@64682.80 | net 0.011% (~0.05 USD)
2026-08-18 23:41:27.547 +04:00 [INF] FUT PAPER CLOSE BTCUSDT pnl=-0.5015 reason=converge
2026-08-18 23:41:27.550 +04:00 [INF] FUT PAPER OPEN BTCUSDT L:Binance S:Bybit qty=0.007730 edge=0.011%
2026-08-18 23:41:27.552 +04:00 [INF] Opened futures paper hedge: BTCUSDT: LONG Binance@64675.80 / SHORT Bybit@64682.80 | net 0.011% (~0.05 USD)
2026-08-18 23:41:29.568 +04:00 [INF] FUT PAPER CLOSE BTCUSDT pnl=-0.5015 reason=converge
2026-08-18 23:41:29.569 +04:00 [INF] FUT PAPER OPEN BTCUSDT L:Binance S:Bybit qty=0.007730 edge=0.011%
2026-08-18 23:41:29.571 +04:00 [INF] Opened futures paper hedge: BTCUSDT: LONG Binance@64675.80 / SHORT Bybit@64682.80 | net 0.011% (~0.05 USD)
2026-08-18 23:41:31.579 +04:00 [INF] FUT PAPER CLOSE BTCUSDT pnl=-0.5015 reason=converge
2026-08-18 23:41:31.580 +04:00 [INF] FUT PAPER OPEN BTCUSDT L:Binance S:Bybit qty=0.007730 edge=0.011%
2026-08-18 23:41:31.581 +04:00 [INF] Opened futures paper hedge: BTCUSDT: LONG Binance@64675.80 / SHORT Bybit@64682.80 | net 0.011% (~0.05 USD)
2026-08-18 23:41:33.593 +04:00 [INF] FUT PAPER CLOSE BTCUSDT pnl=-0.5015 reason=converge
2026-08-18 23:41:33.594 +04:00 [INF] FUT PAPER OPEN ETHUSDT L:Binance S:Bybit qty=0.261132 edge=0.011%
2026-08-18 23:41:33.595 +04:00 [INF] Opened futures paper hedge: ETHUSDT: LONG Binance@1914.53 / SHORT Bybit@1914.74 | net 0.011% (~0.05 USD)
2026-08-18 23:41:35.602 +04:00 [INF] FUT PAPER CLOSE ETHUSDT pnl=-0.5052 reason=converge
2026-08-18 23:41:35.603 +04:00 [INF] FUT PAPER OPEN ETHUSDT L:Binance S:Bybit qty=0.261132 edge=0.011%
2026-08-18 23:41:35.604 +04:00 [INF] Opened futures paper hedge: ETHUSDT: LONG Binance@1914.53 / SHORT Bybit@1914.74 | net 0.011% (~0.05 USD)
2026-08-18 23:41:37.608 +04:00 [INF] FUT PAPER CLOSE ETHUSDT pnl=-0.5052 reason=converge
2026-08-18 23:41:37.609 +04:00 [INF] FUT PAPER OPEN ETHUSDT L:Binance S:Bybit qty=0.261132 edge=0.011%
2026-08-18 23:41:37.610 +04:00 [INF] Opened futures paper hedge: ETHUSDT: LONG Binance@1914.53 / SHORT Bybit@1914.74 | net 0.011% (~0.05 USD)
2026-08-18 23:41:39.616 +04:00 [INF] FUT PAPER CLOSE ETHUSDT pnl=-0.5052 reason=converge
2026-08-18 23:41:39.617 +04:00 [INF] FUT PAPER OPEN ETHUSDT L:Binance S:Bybit qty=0.261132 edge=0.011%
2026-08-18 23:41:39.618 +04:00 [INF] Opened futures paper hedge: ETHUSDT: LONG Binance@1914.53 / SHORT Bybit@1914.74 | net 0.011% (~0.05 USD)
2026-08-18 23:41:41.624 +04:00 [INF] FUT PAPER CLOSE ETHUSDT pnl=-0.4765 reason=converge
2026-08-18 23:41:41.626 +04:00 [INF] FUT PAPER OPEN BTCUSDT L:Binance S:Bybit qty=0.007730 edge=0.008%
2026-08-18 23:41:41.628 +04:00 [INF] Opened futures paper hedge: BTCUSDT: LONG Binance@64675.80 / SHORT Bybit@64680.90 | net 0.008% (~0.04 USD)
2026-08-18 23:41:43.637 +04:00 [INF] FUT PAPER CLOSE BTCUSDT pnl=-0.4946 reason=converge
2026-08-18 23:41:43.638 +04:00 [INF] FUT PAPER OPEN BTCUSDT L:Binance S:Bybit qty=0.007730 edge=0.006%
2026-08-18 23:41:43.639 +04:00 [INF] Opened futures paper hedge: BTCUSDT: LONG Binance@64675.80 / SHORT Bybit@64680.00 | net 0.006% (~0.03 USD)
2026-08-18 23:41:45.652 +04:00 [INF] FUT PAPER CLOSE BTCUSDT pnl=-0.4682 reason=converge
2026-08-18 23:41:45.653 +04:00 [INF] FUT PAPER OPEN ETHUSDT L:Binance S:Bybit qty=0.261192 edge=0.013%
2026-08-18 23:41:45.654 +04:00 [INF] Opened futures paper hedge: ETHUSDT: LONG Binance@1914.05 / SHORT Bybit@1914.30 | net 0.013% (~0.07 USD)
2026-08-18 23:41:47.665 +04:00 [INF] FUT PAPER CLOSE ETHUSDT pnl=-0.5052 reason=converge
2026-08-18 23:41:47.666 +04:00 [INF] FUT PAPER OPEN ETHUSDT L:Binance S:Bybit qty=0.261192 edge=0.013%
2026-08-18 23:41:47.667 +04:00 [INF] Opened futures paper hedge: ETHUSDT: LONG Binance@1914.05 / SHORT Bybit@1914.30 | net 0.013% (~0.07 USD)
2026-08-18 23:41:49.682 +04:00 [INF] FUT PAPER CLOSE ETHUSDT pnl=-0.5052 reason=converge
2026-08-18 23:41:49.683 +04:00 [INF] FUT PAPER OPEN ETHUSDT L:Binance S:Bybit qty=0.261192 edge=0.013%
2026-08-18 23:41:49.684 +04:00 [INF] Opened futures paper hedge: ETHUSDT: LONG Binance@1914.05 / SHORT Bybit@1914.30 | net 0.013% (~0.07 USD)
2026-08-18 23:41:51.690 +04:00 [INF] FUT PAPER CLOSE ETHUSDT pnl=-0.4791 reason=converge
2026-08-18 23:41:51.691 +04:00 [INF] FUT PAPER OPEN ETHUSDT L:Binance S:Bybit qty=0.261206 edge=0.008%
2026-08-18 23:41:51.692 +04:00 [INF] Opened futures paper hedge: ETHUSDT: LONG Binance@1914.05 / SHORT Bybit@1914.20 | net 0.008% (~0.04 USD)
2026-08-18 23:41:53.706 +04:00 [INF] FUT PAPER CLOSE ETHUSDT pnl=-0.5052 reason=converge
2026-08-18 23:41:53.707 +04:00 [INF] FUT PAPER OPEN ETHUSDT L:Binance S:Bybit qty=0.261206 edge=0.008%
2026-08-18 23:41:53.708 +04:00 [INF] Opened futures paper hedge: ETHUSDT: LONG Binance@1914.05 / SHORT Bybit@1914.20 | net 0.008% (~0.04 USD)
2026-08-18 23:41:55.716 +04:00 [INF] FUT PAPER CLOSE ETHUSDT pnl=-0.5052 reason=converge
2026-08-18 23:41:55.717 +04:00 [INF] FUT PAPER OPEN BTCUSDT L:Binance S:Bybit qty=0.007732 edge=0.010%
2026-08-18 23:41:55.718 +04:00 [INF] Opened futures paper hedge: BTCUSDT: LONG Binance@64660.10 / SHORT Bybit@64666.40 | net 0.010% (~0.05 USD)
2026-08-18 23:41:57.725 +04:00 [INF] FUT PAPER CLOSE BTCUSDT pnl=-0.4737 reason=converge
2026-08-18 23:41:57.726 +04:00 [INF] FUT PAPER OPEN ETHUSDT L:OKX S:Binance qty=0.261233 edge=0.009%
2026-08-18 23:41:57.727 +04:00 [INF] Opened futures paper hedge: ETHUSDT: LONG OKX@1913.82 / SHORT Binance@1914.00 | net 0.009% (~0.05 USD)
2026-08-18 23:41:59.743 +04:00 [INF] FUT PAPER CLOSE ETHUSDT pnl=-0.4372 reason=converge
2026-08-18 23:41:59.744 +04:00 [INF] FUT PAPER OPEN BTCUSDT L:Binance S:OKX qty=0.007734 edge=0.005%
2026-08-18 23:41:59.745 +04:00 [INF] Opened futures paper hedge: BTCUSDT: LONG Binance@64650.10 / SHORT OKX@64653.30 | net 0.005% (~0.02 USD)
2026-08-18 23:42:01.761 +04:00 [INF] FUT PAPER CLOSE BTCUSDT pnl=-0.5015 reason=converge
2026-08-18 23:42:01.763 +04:00 [INF] FUT PAPER OPEN XRPUSDT L:Binance S:Bybit qty=499.201278 edge=0.010%
2026-08-18 23:42:01.764 +04:00 [INF] Opened futures paper hedge: XRPUSDT: LONG Binance@1.00 / SHORT Bybit@1.00 | net 0.010% (~0.05 USD)
2026-08-18 23:42:03.771 +04:00 [INF] FUT PAPER CLOSE XRPUSDT pnl=-0.5499 reason=converge
2026-08-18 23:42:03.773 +04:00 [INF] FUT PAPER OPEN ETHUSDT L:Binance S:Bybit qty=0.261244 edge=0.012%
2026-08-18 23:42:03.774 +04:00 [INF] Opened futures paper hedge: ETHUSDT: LONG Binance@1913.69 / SHORT Bybit@1913.92 | net 0.012% (~0.06 USD)
2026-08-18 23:42:05.781 +04:00 [INF] FUT PAPER CLOSE ETHUSDT pnl=-0.5052 reason=converge
2026-08-18 23:42:05.782 +04:00 [INF] FUT PAPER OPEN ETHUSDT L:Binance S:Bybit qty=0.261244 edge=0.012%
2026-08-18 23:42:05.783 +04:00 [INF] Opened futures paper hedge: ETHUSDT: LONG Binance@1913.69 / SHORT Bybit@1913.92 | net 0.012% (~0.06 USD)
2026-08-18 23:42:07.787 +04:00 [INF] FUT PAPER CLOSE ETHUSDT pnl=-0.5026 reason=converge
2026-08-18 23:42:07.789 +04:00 [INF] FUT PAPER OPEN ETHUSDT L:OKX S:Bybit qty=0.261230 edge=0.014%
2026-08-18 23:42:07.791 +04:00 [INF] Opened futures paper hedge: ETHUSDT: LONG OKX@1913.76 / SHORT Bybit@1914.02 | net 0.014% (~0.07 USD)
2026-08-18 23:42:09.798 +04:00 [INF] FUT PAPER CLOSE ETHUSDT pnl=-0.5052 reason=converge
2026-08-18 23:42:09.800 +04:00 [INF] FUT PAPER OPEN AVAXUSDT L:OKX S:Binance qty=78.752559 edge=0.016%
2026-08-18 23:42:09.801 +04:00 [INF] Opened futures paper hedge: AVAXUSDT: LONG OKX@6.35 / SHORT Binance@6.35 | net 0.016% (~0.08 USD)
2026-08-18 23:42:13.820 +04:00 [INF] FUT PAPER CLOSE AVAXUSDT pnl=-0.5000 reason=converge
2026-08-18 23:42:13.821 +04:00 [INF] FUT PAPER OPEN ETHUSDT L:Binance S:Bybit qty=0.261198 edge=0.018%
2026-08-18 23:42:13.823 +04:00 [INF] Opened futures paper hedge: ETHUSDT: LONG Binance@1913.92 / SHORT Bybit@1914.26 | net 0.018% (~0.09 USD)
2026-08-18 23:42:15.834 +04:00 [INF] FUT PAPER CLOSE ETHUSDT pnl=-0.4974 reason=converge
2026-08-18 23:42:15.836 +04:00 [INF] FUT PAPER OPEN ETHUSDT L:Binance S:Bybit qty=0.261192 edge=0.016%
2026-08-18 23:42:15.837 +04:00 [INF] Opened futures paper hedge: ETHUSDT: LONG Binance@1913.99 / SHORT Bybit@1914.30 | net 0.016% (~0.08 USD)
2026-08-18 23:42:17.839 +04:00 [INF] FUT PAPER CLOSE ETHUSDT pnl=-0.5052 reason=converge
2026-08-18 23:42:17.841 +04:00 [INF] FUT PAPER OPEN ETHUSDT L:Binance S:Bybit qty=0.261192 edge=0.016%
2026-08-18 23:42:17.842 +04:00 [INF] Opened futures paper hedge: ETHUSDT: LONG Binance@1913.99 / SHORT Bybit@1914.30 | net 0.016% (~0.08 USD)
2026-08-18 23:42:19.849 +04:00 [INF] FUT PAPER CLOSE ETHUSDT pnl=-0.5052 reason=converge
2026-08-18 23:42:19.851 +04:00 [INF] FUT PAPER OPEN ETHUSDT L:Binance S:Bybit qty=0.261192 edge=0.016%
2026-08-18 23:42:19.852 +04:00 [INF] Opened futures paper hedge: ETHUSDT: LONG Binance@1913.99 / SHORT Bybit@1914.30 | net 0.016% (~0.08 USD)
2026-08-18 23:42:21.860 +04:00 [INF] FUT PAPER CLOSE ETHUSDT pnl=-0.5052 reason=converge
2026-08-18 23:42:21.861 +04:00 [INF] FUT PAPER OPEN ETHUSDT L:Binance S:Bybit qty=0.261192 edge=0.016%
2026-08-18 23:42:21.862 +04:00 [INF] Opened futures paper hedge: ETHUSDT: LONG Binance@1913.99 / SHORT Bybit@1914.30 | net 0.016% (~0.08 USD)
2026-08-18 23:42:23.877 +04:00 [INF] FUT PAPER CLOSE ETHUSDT pnl=-0.5052 reason=converge
2026-08-18 23:42:23.878 +04:00 [INF] FUT PAPER OPEN ETHUSDT L:Binance S:Bybit qty=0.261192 edge=0.016%
2026-08-18 23:42:23.879 +04:00 [INF] Opened futures paper hedge: ETHUSDT: LONG Binance@1913.99 / SHORT Bybit@1914.30 | net 0.016% (~0.08 USD)
2026-08-18 23:42:25.890 +04:00 [INF] FUT PAPER CLOSE ETHUSDT pnl=-0.5052 reason=converge
2026-08-18 23:42:25.891 +04:00 [INF] FUT PAPER OPEN ETHUSDT L:Binance S:Bybit qty=0.261192 edge=0.016%
2026-08-18 23:42:25.892 +04:00 [INF] Opened futures paper hedge: ETHUSDT: LONG Binance@1913.99 / SHORT Bybit@1914.30 | net 0.016% (~0.08 USD)
2026-08-18 23:42:27.903 +04:00 [INF] FUT PAPER CLOSE ETHUSDT pnl=-0.4686 reason=converge
2026-08-18 23:42:27.904 +04:00 [INF] FUT PAPER OPEN ETHUSDT L:Binance S:Bybit qty=0.261232 edge=0.009%
2026-08-18 23:42:27.906 +04:00 [INF] Opened futures paper hedge: ETHUSDT: LONG Binance@1913.84 / SHORT Bybit@1914.01 | net 0.009% (~0.04 USD)
2026-08-18 23:42:29.922 +04:00 [INF] FUT PAPER CLOSE ETHUSDT pnl=-0.5052 reason=converge
2026-08-18 23:42:29.923 +04:00 [INF] FUT PAPER OPEN ETHUSDT L:Binance S:Bybit qty=0.261232 edge=0.009%
2026-08-18 23:42:29.924 +04:00 [INF] Opened futures paper hedge: ETHUSDT: LONG Binance@1913.84 / SHORT Bybit@1914.01 | net 0.009% (~0.04 USD)
2026-08-18 23:42:31.931 +04:00 [INF] FUT PAPER CLOSE ETHUSDT pnl=-0.5052 reason=converge
2026-08-18 23:42:31.933 +04:00 [INF] FUT PAPER OPEN ETHUSDT L:Binance S:Bybit qty=0.261232 edge=0.009%
2026-08-18 23:42:31.934 +04:00 [INF] Opened futures paper hedge: ETHUSDT: LONG Binance@1913.84 / SHORT Bybit@1914.01 | net 0.009% (~0.04 USD)
2026-08-18 23:42:33.940 +04:00 [INF] FUT PAPER CLOSE ETHUSDT pnl=-0.5052 reason=converge
2026-08-18 23:42:33.942 +04:00 [INF] FUT PAPER OPEN ETHUSDT L:Binance S:Bybit qty=0.261232 edge=0.009%
2026-08-18 23:42:33.944 +04:00 [INF] Opened futures paper hedge: ETHUSDT: LONG Binance@1913.84 / SHORT Bybit@1914.01 | net 0.009% (~0.04 USD)
2026-08-18 23:42:35.955 +04:00 [INF] FUT PAPER CLOSE ETHUSDT pnl=-0.5052 reason=converge
2026-08-18 23:42:35.957 +04:00 [INF] FUT PAPER OPEN ETHUSDT L:Binance S:Bybit qty=0.261232 edge=0.009%
2026-08-18 23:42:35.958 +04:00 [INF] Opened futures paper hedge: ETHUSDT: LONG Binance@1913.84 / SHORT Bybit@1914.01 | net 0.009% (~0.04 USD)
2026-08-18 23:42:37.969 +04:00 [INF] FUT PAPER CLOSE ETHUSDT pnl=-0.5496 reason=converge
2026-08-18 23:42:37.971 +04:00 [INF] FUT PAPER OPEN ETHUSDT L:Binance S:Bybit qty=0.261208 edge=0.018%
2026-08-18 23:42:37.972 +04:00 [INF] Opened futures paper hedge: ETHUSDT: LONG Binance@1913.84 / SHORT Bybit@1914.18 | net 0.018% (~0.09 USD)
2026-08-18 23:42:39.978 +04:00 [INF] FUT PAPER CLOSE ETHUSDT pnl=-0.5052 reason=converge
2026-08-18 23:42:39.979 +04:00 [INF] FUT PAPER OPEN ETHUSDT L:Binance S:Bybit qty=0.261208 edge=0.018%
2026-08-18 23:42:39.981 +04:00 [INF] Opened futures paper hedge: ETHUSDT: LONG Binance@1913.84 / SHORT Bybit@1914.18 | net 0.018% (~0.09 USD)
2026-08-18 23:42:41.993 +04:00 [INF] FUT PAPER CLOSE ETHUSDT pnl=-0.5052 reason=converge
2026-08-18 23:42:41.995 +04:00 [INF] FUT PAPER OPEN ETHUSDT L:Binance S:Bybit qty=0.261208 edge=0.018%
2026-08-18 23:42:41.996 +04:00 [INF] Opened futures paper hedge: ETHUSDT: LONG Binance@1913.84 / SHORT Bybit@1914.18 | net 0.018% (~0.09 USD)
2026-08-18 23:42:44.007 +04:00 [INF] FUT PAPER CLOSE ETHUSDT pnl=-0.5052 reason=converge
2026-08-18 23:42:44.009 +04:00 [INF] FUT PAPER OPEN ETHUSDT L:Binance S:Bybit qty=0.261208 edge=0.018%
2026-08-18 23:42:44.010 +04:00 [INF] Opened futures paper hedge: ETHUSDT: LONG Binance@1913.84 / SHORT Bybit@1914.18 | net 0.018% (~0.09 USD)
2026-08-18 23:42:46.026 +04:00 [INF] FUT PAPER CLOSE ETHUSDT pnl=-0.5078 reason=converge
2026-08-18 23:42:46.027 +04:00 [INF] FUT PAPER OPEN ETHUSDT L:Binance S:Bybit qty=0.261199 edge=0.018%
2026-08-18 23:42:46.028 +04:00 [INF] Opened futures paper hedge: ETHUSDT: LONG Binance@1913.90 / SHORT Bybit@1914.25 | net 0.018% (~0.09 USD)
2026-08-18 23:42:48.033 +04:00 [INF] FUT PAPER CLOSE ETHUSDT pnl=-0.5052 reason=converge
2026-08-18 23:42:48.038 +04:00 [INF] FUT PAPER OPEN ETHUSDT L:Binance S:Bybit qty=0.261199 edge=0.018%
2026-08-18 23:42:48.039 +04:00 [INF] Opened futures paper hedge: ETHUSDT: LONG Binance@1913.90 / SHORT Bybit@1914.25 | net 0.018% (~0.09 USD)
2026-08-18 23:42:50.052 +04:00 [INF] FUT PAPER CLOSE ETHUSDT pnl=-0.5052 reason=converge
2026-08-18 23:42:50.053 +04:00 [INF] FUT PAPER OPEN ETHUSDT L:Binance S:Bybit qty=0.261199 edge=0.018%
2026-08-18 23:42:50.054 +04:00 [INF] Opened futures paper hedge: ETHUSDT: LONG Binance@1913.90 / SHORT Bybit@1914.25 | net 0.018% (~0.09 USD)
2026-08-18 23:42:52.063 +04:00 [INF] FUT PAPER CLOSE ETHUSDT pnl=-0.5052 reason=converge
2026-08-18 23:42:52.065 +04:00 [INF] FUT PAPER OPEN ETHUSDT L:Binance S:Bybit qty=0.261199 edge=0.018%
2026-08-18 23:42:52.066 +04:00 [INF] Opened futures paper hedge: ETHUSDT: LONG Binance@1913.90 / SHORT Bybit@1914.25 | net 0.018% (~0.09 USD)
2026-08-18 23:42:54.078 +04:00 [INF] FUT PAPER CLOSE ETHUSDT pnl=-0.4843 reason=converge
2026-08-18 23:42:54.079 +04:00 [INF] FUT PAPER OPEN ETHUSDT L:Binance S:Bybit qty=0.261199 edge=0.014%
2026-08-18 23:42:54.081 +04:00 [INF] Opened futures paper hedge: ETHUSDT: LONG Binance@1913.98 / SHORT Bybit@1914.25 | net 0.014% (~0.07 USD)
2026-08-18 23:42:56.090 +04:00 [INF] FUT PAPER CLOSE ETHUSDT pnl=-0.5052 reason=converge
2026-08-18 23:42:56.092 +04:00 [INF] FUT PAPER OPEN ETHUSDT L:Binance S:Bybit qty=0.261199 edge=0.014%
2026-08-18 23:42:56.094 +04:00 [INF] Opened futures paper hedge: ETHUSDT: LONG Binance@1913.98 / SHORT Bybit@1914.25 | net 0.014% (~0.07 USD)
2026-08-18 23:42:58.103 +04:00 [INF] FUT PAPER CLOSE ETHUSDT pnl=-0.5052 reason=converge
2026-08-18 23:42:58.104 +04:00 [INF] FUT PAPER OPEN ETHUSDT L:Binance S:Bybit qty=0.261199 edge=0.014%
2026-08-18 23:42:58.105 +04:00 [INF] Opened futures paper hedge: ETHUSDT: LONG Binance@1913.98 / SHORT Bybit@1914.25 | net 0.014% (~0.07 USD)
2026-08-18 23:43:00.111 +04:00 [INF] FUT PAPER CLOSE ETHUSDT pnl=-0.5052 reason=converge
2026-08-18 23:43:00.113 +04:00 [INF] FUT PAPER OPEN ETHUSDT L:Binance S:Bybit qty=0.261199 edge=0.014%
2026-08-18 23:43:00.114 +04:00 [INF] Opened futures paper hedge: ETHUSDT: LONG Binance@1913.98 / SHORT Bybit@1914.25 | net 0.014% (~0.07 USD)
2026-08-18 23:43:02.123 +04:00 [INF] FUT PAPER CLOSE ETHUSDT pnl=-0.5000 reason=converge
2026-08-18 23:43:02.124 +04:00 [INF] FUT PAPER OPEN ETHUSDT L:Binance S:Bybit qty=0.261192 edge=0.013%
2026-08-18 23:43:02.125 +04:00 [INF] Opened futures paper hedge: ETHUSDT: LONG Binance@1914.05 / SHORT Bybit@1914.30 | net 0.013% (~0.07 USD)
2026-08-18 23:43:04.142 +04:00 [INF] FUT PAPER CLOSE ETHUSDT pnl=-0.4895 reason=converge
2026-08-18 23:43:04.144 +04:00 [INF] FUT PAPER OPEN ETHUSDT L:OKX S:Bybit qty=0.261192 edge=0.010%
2026-08-18 23:43:04.147 +04:00 [INF] Opened futures paper hedge: ETHUSDT: LONG OKX@1914.10 / SHORT Bybit@1914.30 | net 0.010% (~0.05 USD)
2026-08-18 23:43:06.160 +04:00 [INF] FUT PAPER CLOSE ETHUSDT pnl=-0.5052 reason=converge
2026-08-18 23:43:06.162 +04:00 [INF] FUT PAPER OPEN ETHUSDT L:OKX S:Bybit qty=0.261192 edge=0.010%
2026-08-18 23:43:06.163 +04:00 [INF] Opened futures paper hedge: ETHUSDT: LONG OKX@1914.10 / SHORT Bybit@1914.30 | net 0.010% (~0.05 USD)
2026-08-18 23:43:08.174 +04:00 [INF] FUT PAPER CLOSE ETHUSDT pnl=-0.5026 reason=converge
2026-08-18 23:43:08.176 +04:00 [INF] FUT PAPER OPEN ETHUSDT L:OKX S:Bybit qty=0.261193 edge=0.010%
2026-08-18 23:43:08.177 +04:00 [INF] Opened futures paper hedge: ETHUSDT: LONG OKX@1914.10 / SHORT Bybit@1914.29 | net 0.010% (~0.05 USD)
2026-08-18 23:43:10.198 +04:00 [INF] FUT PAPER CLOSE ETHUSDT pnl=-0.5052 reason=converge
2026-08-18 23:43:10.204 +04:00 [INF] FUT PAPER OPEN ETHUSDT L:OKX S:Bybit qty=0.261193 edge=0.010%
2026-08-18 23:43:10.205 +04:00 [INF] Opened futures paper hedge: ETHUSDT: LONG OKX@1914.10 / SHORT Bybit@1914.29 | net 0.010% (~0.05 USD)
2026-08-18 23:43:12.216 +04:00 [INF] FUT PAPER CLOSE ETHUSDT pnl=-0.5052 reason=converge
2026-08-18 23:43:12.217 +04:00 [INF] FUT PAPER OPEN AVAXUSDT L:OKX S:Binance qty=78.740157 edge=0.015%
2026-08-18 23:43:12.219 +04:00 [INF] Opened futures paper hedge: AVAXUSDT: LONG OKX@6.35 / SHORT Binance@6.35 | net 0.015% (~0.07 USD)
2026-08-18 23:44:36.634 +04:00 [INF] FUT PAPER CLOSE AVAXUSDT pnl=-0.5063 reason=converge
2026-08-18 23:44:36.636 +04:00 [INF] FUT PAPER OPEN XRPUSDT L:Binance S:Bybit qty=499.051802 edge=0.010%
2026-08-18 23:44:36.637 +04:00 [INF] Opened futures paper hedge: XRPUSDT: LONG Binance@1.00 / SHORT Bybit@1.00 | net 0.010% (~0.05 USD)
2026-08-18 23:44:52.728 +04:00 [INF] FUT PAPER CLOSE XRPUSDT pnl=-0.5500 reason=converge
2026-08-18 23:44:52.730 +04:00 [INF] FUT PAPER OPEN ETHUSDT L:Binance S:Bybit qty=0.261207 edge=0.008%
2026-08-18 23:44:52.731 +04:00 [INF] Opened futures paper hedge: ETHUSDT: LONG Binance@1914.03 / SHORT Bybit@1914.19 | net 0.008% (~0.04 USD)
2026-08-18 23:44:54.747 +04:00 [INF] FUT PAPER CLOSE ETHUSDT pnl=-0.5052 reason=converge
2026-08-18 23:44:54.749 +04:00 [INF] FUT PAPER OPEN ETHUSDT L:Binance S:Bybit qty=0.261207 edge=0.008%
2026-08-18 23:44:54.754 +04:00 [INF] Opened futures paper hedge: ETHUSDT: LONG Binance@1914.03 / SHORT Bybit@1914.19 | net 0.008% (~0.04 USD)
2026-08-18 23:44:56.765 +04:00 [INF] FUT PAPER CLOSE ETHUSDT pnl=-0.5052 reason=converge
2026-08-18 23:44:56.767 +04:00 [INF] FUT PAPER OPEN ETHUSDT L:Binance S:Bybit qty=0.261207 edge=0.008%
2026-08-18 23:44:56.769 +04:00 [INF] Opened futures paper hedge: ETHUSDT: LONG Binance@1914.03 / SHORT Bybit@1914.19 | net 0.008% (~0.04 USD)
2026-08-18 23:44:58.781 +04:00 [INF] FUT PAPER CLOSE ETHUSDT pnl=-0.5000 reason=converge
2026-08-18 23:44:58.783 +04:00 [INF] FUT PAPER OPEN XRPUSDT L:Binance S:Bybit qty=499.001996 edge=0.010%
2026-08-18 23:44:58.784 +04:00 [INF] Opened futures paper hedge: XRPUSDT: LONG Binance@1.00 / SHORT Bybit@1.00 | net 0.010% (~0.05 USD)
2026-08-18 23:45:00.787 +04:00 [INF] FUT PAPER CLOSE XRPUSDT pnl=-0.5499 reason=converge
2026-08-18 23:45:00.789 +04:00 [INF] FUT PAPER OPEN BTCUSDT L:Binance S:Bybit qty=0.007734 edge=0.008%
2026-08-18 23:45:00.792 +04:00 [INF] Opened futures paper hedge: BTCUSDT: LONG Binance@64643.10 / SHORT Bybit@64648.00 | net 0.008% (~0.04 USD)
2026-08-18 23:45:02.803 +04:00 [INF] FUT PAPER CLOSE BTCUSDT pnl=-0.5015 reason=converge
2026-08-18 23:45:02.804 +04:00 [INF] FUT PAPER OPEN AVAXUSDT L:OKX S:Binance qty=78.740157 edge=0.009%
2026-08-18 23:45:02.806 +04:00 [INF] Opened futures paper hedge: AVAXUSDT: LONG OKX@6.35 / SHORT Binance@6.35 | net 0.009% (~0.05 USD)
2026-08-18 23:46:40.585 +04:00 [INF] Discovery: futures tickers on Binance,Bybit,OKX
2026-08-18 23:46:42.204 +04:00 [INF] Discovery: spot tickers on Binance,Bybit,OKX
2026-08-18 23:46:43.380 +04:00 [WRN] No symbols above minVol=3000000, relaxing filter
2026-08-18 23:46:43.385 +04:00 [WRN] Fallback symbols (empty)
2026-08-18 23:46:43.389 +04:00 [INF] Start | Strategy=FuturesCross | Mode=PAPER | Symbols=BTCUSDT,ETHUSDT,SOLUSDT,XRPUSDT,DOGEUSDT,ADAUSDT,AVAXUSDT,LINKUSDT | Ex=Binance,Bybit,OKX
2026-08-18 23:46:43.393 +04:00 [INF] Futures paper margin initialized: 10000 USDT x 3 exchanges
2026-08-18 23:46:43.420 +04:00 [INF] UsdFutures order book BTCUSDT status changed: "Disconnected" => "Connecting"
2026-08-18 23:46:45.352 +04:00 [INF] [Sckt 1] subscription 11 completed successfully
2026-08-18 23:46:45.356 +04:00 [INF] UsdFutures order book BTCUSDT status changed: "Connecting" => "Syncing"
2026-08-18 23:46:45.413 +04:00 [INF] UsdFutures order book BTCUSDT status changed: "Syncing" => "Synced"
2026-08-18 23:46:45.417 +04:00 [INF] Futures book Binance:BTCUSDT "Synced"
2026-08-18 23:46:45.427 +04:00 [INF] V5 order book BTCUSDT status changed: "Disconnected" => "Connecting"
2026-08-18 23:46:46.796 +04:00 [INF] [Sckt 2] subscription 14 completed successfully
2026-08-18 23:46:46.798 +04:00 [INF] V5 order book BTCUSDT status changed: "Connecting" => "Syncing"
2026-08-18 23:46:46.798 +04:00 [INF] V5 order book BTCUSDT status changed: "Syncing" => "Synced"
2026-08-18 23:46:46.799 +04:00 [INF] Futures book Bybit:BTCUSDT "Synced"
2026-08-18 23:46:46.803 +04:00 [INF] Unified order book BTC-USDT-SWAP status changed: "Disconnected" => "Connecting"
2026-08-18 23:46:48.426 +04:00 [INF] [Sckt 3] subscription 18 completed successfully
2026-08-18 23:46:48.428 +04:00 [INF] Unified order book BTC-USDT-SWAP status changed: "Connecting" => "Syncing"
2026-08-18 23:46:48.794 +04:00 [INF] Unified order book BTC-USDT-SWAP status changed: "Syncing" => "Synced"
2026-08-18 23:46:48.796 +04:00 [INF] Futures book OKX:BTCUSDT "Synced"
2026-08-18 23:46:48.796 +04:00 [INF] UsdFutures order book ETHUSDT status changed: "Disconnected" => "Connecting"
2026-08-18 23:46:49.142 +04:00 [INF] [Sckt 1] subscription 20 completed successfully
2026-08-18 23:46:49.144 +04:00 [INF] UsdFutures order book ETHUSDT status changed: "Connecting" => "Syncing"
2026-08-18 23:46:49.210 +04:00 [INF] UsdFutures order book ETHUSDT status changed: "Syncing" => "Synced"
2026-08-18 23:46:49.212 +04:00 [INF] Futures book Binance:ETHUSDT "Synced"
2026-08-18 23:46:49.213 +04:00 [INF] V5 order book ETHUSDT status changed: "Disconnected" => "Connecting"
2026-08-18 23:46:49.425 +04:00 [INF] [Sckt 2] subscription 23 completed successfully
2026-08-18 23:46:49.429 +04:00 [INF] V5 order book ETHUSDT status changed: "Connecting" => "Syncing"
2026-08-18 23:46:49.430 +04:00 [INF] V5 order book ETHUSDT status changed: "Syncing" => "Synced"
2026-08-18 23:46:49.431 +04:00 [INF] Futures book Bybit:ETHUSDT "Synced"
2026-08-18 23:46:49.433 +04:00 [INF] Unified order book ETH-USDT-SWAP status changed: "Disconnected" => "Connecting"
2026-08-18 23:46:49.752 +04:00 [INF] [Sckt 3] subscription 26 completed successfully
2026-08-18 23:46:49.753 +04:00 [INF] Unified order book ETH-USDT-SWAP status changed: "Connecting" => "Syncing"
2026-08-18 23:46:49.995 +04:00 [INF] Unified order book ETH-USDT-SWAP status changed: "Syncing" => "Synced"
2026-08-18 23:46:49.996 +04:00 [INF] Futures book OKX:ETHUSDT "Synced"
2026-08-18 23:46:49.997 +04:00 [INF] UsdFutures order book SOLUSDT status changed: "Disconnected" => "Connecting"
2026-08-18 23:46:50.336 +04:00 [INF] [Sckt 1] subscription 28 completed successfully
2026-08-18 23:46:50.337 +04:00 [INF] UsdFutures order book SOLUSDT status changed: "Connecting" => "Syncing"
2026-08-18 23:46:50.459 +04:00 [INF] UsdFutures order book SOLUSDT status changed: "Syncing" => "Synced"
2026-08-18 23:46:50.461 +04:00 [INF] Futures book Binance:SOLUSDT "Synced"
2026-08-18 23:46:50.462 +04:00 [INF] V5 order book SOLUSDT status changed: "Disconnected" => "Connecting"
2026-08-18 23:46:50.679 +04:00 [INF] [Sckt 2] subscription 31 completed successfully
2026-08-18 23:46:50.680 +04:00 [INF] V5 order book SOLUSDT status changed: "Connecting" => "Syncing"
2026-08-18 23:46:50.681 +04:00 [INF] V5 order book SOLUSDT status changed: "Syncing" => "Synced"
2026-08-18 23:46:50.682 +04:00 [INF] Futures book Bybit:SOLUSDT "Synced"
2026-08-18 23:46:50.683 +04:00 [INF] Unified order book SOL-USDT-SWAP status changed: "Disconnected" => "Connecting"
2026-08-18 23:46:51.002 +04:00 [INF] [Sckt 3] subscription 34 completed successfully
2026-08-18 23:46:51.003 +04:00 [INF] Unified order book SOL-USDT-SWAP status changed: "Connecting" => "Syncing"
2026-08-18 23:46:51.188 +04:00 [INF] Unified order book SOL-USDT-SWAP status changed: "Syncing" => "Synced"
2026-08-18 23:46:51.190 +04:00 [INF] Futures book OKX:SOLUSDT "Synced"
2026-08-18 23:46:51.191 +04:00 [INF] UsdFutures order book XRPUSDT status changed: "Disconnected" => "Connecting"
2026-08-18 23:46:51.540 +04:00 [INF] [Sckt 1] subscription 36 completed successfully
2026-08-18 23:46:51.541 +04:00 [INF] UsdFutures order book XRPUSDT status changed: "Connecting" => "Syncing"
2026-08-18 23:46:51.669 +04:00 [INF] UsdFutures order book XRPUSDT status changed: "Syncing" => "Synced"
2026-08-18 23:46:51.671 +04:00 [INF] Futures book Binance:XRPUSDT "Synced"
2026-08-18 23:46:51.672 +04:00 [INF] V5 order book XRPUSDT status changed: "Disconnected" => "Connecting"
2026-08-18 23:46:51.883 +04:00 [INF] [Sckt 2] subscription 39 completed successfully
2026-08-18 23:46:51.884 +04:00 [INF] V5 order book XRPUSDT status changed: "Connecting" => "Syncing"
2026-08-18 23:46:51.885 +04:00 [INF] V5 order book XRPUSDT status changed: "Syncing" => "Synced"
2026-08-18 23:46:51.887 +04:00 [INF] Futures book Bybit:XRPUSDT "Synced"
2026-08-18 23:46:51.888 +04:00 [INF] Unified order book XRP-USDT-SWAP status changed: "Disconnected" => "Connecting"
2026-08-18 23:46:52.206 +04:00 [INF] [Sckt 3] subscription 42 completed successfully
2026-08-18 23:46:52.208 +04:00 [INF] Unified order book XRP-USDT-SWAP status changed: "Connecting" => "Syncing"
2026-08-18 23:46:52.393 +04:00 [INF] Unified order book XRP-USDT-SWAP status changed: "Syncing" => "Synced"
2026-08-18 23:46:52.395 +04:00 [INF] Futures book OKX:XRPUSDT "Synced"
2026-08-18 23:46:52.395 +04:00 [INF] UsdFutures order book DOGEUSDT status changed: "Disconnected" => "Connecting"
2026-08-18 23:46:52.741 +04:00 [INF] [Sckt 1] subscription 44 completed successfully
2026-08-18 23:46:52.743 +04:00 [INF] UsdFutures order book DOGEUSDT status changed: "Connecting" => "Syncing"
2026-08-18 23:46:52.867 +04:00 [INF] UsdFutures order book DOGEUSDT status changed: "Syncing" => "Synced"
2026-08-18 23:46:52.869 +04:00 [INF] Futures book Binance:DOGEUSDT "Synced"
2026-08-18 23:46:52.869 +04:00 [INF] V5 order book DOGEUSDT status changed: "Disconnected" => "Connecting"
2026-08-18 23:46:53.080 +04:00 [INF] [Sckt 2] subscription 47 completed successfully
2026-08-18 23:46:53.081 +04:00 [INF] V5 order book DOGEUSDT status changed: "Connecting" => "Syncing"
2026-08-18 23:46:53.083 +04:00 [INF] V5 order book DOGEUSDT status changed: "Syncing" => "Synced"
2026-08-18 23:46:53.084 +04:00 [INF] Futures book Bybit:DOGEUSDT "Synced"
2026-08-18 23:46:53.084 +04:00 [INF] Unified order book DOGE-USDT-SWAP status changed: "Disconnected" => "Connecting"
2026-08-18 23:46:53.405 +04:00 [INF] [Sckt 3] subscription 50 completed successfully
2026-08-18 23:46:53.407 +04:00 [INF] Unified order book DOGE-USDT-SWAP status changed: "Connecting" => "Syncing"
2026-08-18 23:46:53.593 +04:00 [INF] Unified order book DOGE-USDT-SWAP status changed: "Syncing" => "Synced"
2026-08-18 23:46:53.595 +04:00 [INF] Futures book OKX:DOGEUSDT "Synced"
2026-08-18 23:46:53.596 +04:00 [INF] UsdFutures order book ADAUSDT status changed: "Disconnected" => "Connecting"
2026-08-18 23:46:53.942 +04:00 [INF] [Sckt 1] subscription 52 completed successfully
2026-08-18 23:46:53.943 +04:00 [INF] UsdFutures order book ADAUSDT status changed: "Connecting" => "Syncing"
2026-08-18 23:46:54.063 +04:00 [INF] UsdFutures order book ADAUSDT status changed: "Syncing" => "Synced"
2026-08-18 23:46:54.065 +04:00 [INF] Futures book Binance:ADAUSDT "Synced"
2026-08-18 23:46:54.065 +04:00 [INF] V5 order book ADAUSDT status changed: "Disconnected" => "Connecting"
2026-08-18 23:46:54.276 +04:00 [INF] [Sckt 2] subscription 55 completed successfully
2026-08-18 23:46:54.277 +04:00 [INF] V5 order book ADAUSDT status changed: "Connecting" => "Syncing"
2026-08-18 23:46:54.278 +04:00 [INF] V5 order book ADAUSDT status changed: "Syncing" => "Synced"
2026-08-18 23:46:54.279 +04:00 [INF] Futures book Bybit:ADAUSDT "Synced"
2026-08-18 23:46:54.280 +04:00 [INF] Unified order book ADA-USDT-SWAP status changed: "Disconnected" => "Connecting"
2026-08-18 23:46:54.599 +04:00 [INF] [Sckt 3] subscription 58 completed successfully
2026-08-18 23:46:54.601 +04:00 [INF] Unified order book ADA-USDT-SWAP status changed: "Connecting" => "Syncing"
2026-08-18 23:46:54.788 +04:00 [INF] Unified order book ADA-USDT-SWAP status changed: "Syncing" => "Synced"
2026-08-18 23:46:54.789 +04:00 [INF] Futures book OKX:ADAUSDT "Synced"
2026-08-18 23:46:54.790 +04:00 [INF] UsdFutures order book AVAXUSDT status changed: "Disconnected" => "Connecting"
2026-08-18 23:46:55.143 +04:00 [INF] [Sckt 1] subscription 60 completed successfully
2026-08-18 23:46:55.144 +04:00 [INF] UsdFutures order book AVAXUSDT status changed: "Connecting" => "Syncing"
2026-08-18 23:46:55.266 +04:00 [INF] UsdFutures order book AVAXUSDT status changed: "Syncing" => "Synced"
2026-08-18 23:46:55.267 +04:00 [INF] Futures book Binance:AVAXUSDT "Synced"
2026-08-18 23:46:55.268 +04:00 [INF] V5 order book AVAXUSDT status changed: "Disconnected" => "Connecting"
2026-08-18 23:46:55.490 +04:00 [INF] [Sckt 2] subscription 63 completed successfully
2026-08-18 23:46:55.491 +04:00 [INF] V5 order book AVAXUSDT status changed: "Connecting" => "Syncing"
2026-08-18 23:46:55.493 +04:00 [INF] V5 order book AVAXUSDT status changed: "Syncing" => "Synced"
2026-08-18 23:46:55.495 +04:00 [INF] Futures book Bybit:AVAXUSDT "Synced"
2026-08-18 23:46:55.496 +04:00 [INF] Unified order book AVAX-USDT-SWAP status changed: "Disconnected" => "Connecting"
2026-08-18 23:46:55.817 +04:00 [INF] [Sckt 3] subscription 66 completed successfully
2026-08-18 23:46:55.818 +04:00 [INF] Unified order book AVAX-USDT-SWAP status changed: "Connecting" => "Syncing"
2026-08-18 23:46:55.997 +04:00 [INF] Unified order book AVAX-USDT-SWAP status changed: "Syncing" => "Synced"
2026-08-18 23:46:55.999 +04:00 [INF] Futures book OKX:AVAXUSDT "Synced"
2026-08-18 23:46:56.000 +04:00 [INF] UsdFutures order book LINKUSDT status changed: "Disconnected" => "Connecting"
2026-08-18 23:46:56.344 +04:00 [INF] [Sckt 1] subscription 68 completed successfully
2026-08-18 23:46:56.345 +04:00 [INF] UsdFutures order book LINKUSDT status changed: "Connecting" => "Syncing"
2026-08-18 23:46:56.584 +04:00 [INF] UsdFutures order book LINKUSDT status changed: "Syncing" => "Synced"
2026-08-18 23:46:56.585 +04:00 [INF] Futures book Binance:LINKUSDT "Synced"
2026-08-18 23:46:56.586 +04:00 [INF] V5 order book LINKUSDT status changed: "Disconnected" => "Connecting"
2026-08-18 23:46:56.801 +04:00 [INF] [Sckt 2] subscription 71 completed successfully
2026-08-18 23:46:56.803 +04:00 [INF] V5 order book LINKUSDT status changed: "Connecting" => "Syncing"
2026-08-18 23:46:56.804 +04:00 [INF] V5 order book LINKUSDT status changed: "Syncing" => "Synced"
2026-08-18 23:46:56.805 +04:00 [INF] Futures book Bybit:LINKUSDT "Synced"
2026-08-18 23:46:56.806 +04:00 [INF] Unified order book LINK-USDT-SWAP status changed: "Disconnected" => "Connecting"
2026-08-18 23:46:57.140 +04:00 [INF] [Sckt 3] subscription 74 completed successfully
2026-08-18 23:46:57.142 +04:00 [INF] Unified order book LINK-USDT-SWAP status changed: "Connecting" => "Syncing"
2026-08-18 23:46:57.143 +04:00 [INF] Unified order book LINK-USDT-SWAP status changed: "Syncing" => "Synced"
2026-08-18 23:46:57.144 +04:00 [INF] Futures book OKX:LINKUSDT "Synced"
2026-08-18 23:46:57.146 +04:00 [INF] Futures books: OKX:XRPUSDT=Synced; OKX:ETHUSDT=Synced; Binance:XRPUSDT=Synced; Binance:DOGEUSDT=Synced; Bybit:AVAXUSDT=Synced; Bybit:SOLUSDT=Synced; Bybit:LINKUSDT=Synced; Bybit:XRPUSDT=Synced; OKX:LINKUSDT=Synced; OKX:SOLUSDT=Synced; Bybit:BTCUSDT=Synced; Binance:ETHUSDT=Synced; Binance:BTCUSDT=Synced; OKX:DOGEUSDT=Synced; Binance:SOLUSDT=Synced; OKX:BTCUSDT=Synced; Binance:AVAXUSDT=Synced; Bybit:ETHUSDT=Synced; Bybit:ADAUSDT=Synced; Binance:ADAUSDT=Synced; Binance:LINKUSDT=Synced; OKX:AVAXUSDT=Synced; Bybit:DOGEUSDT=Synced; OKX:ADAUSDT=Synced
2026-08-18 23:48:26.365 +04:00 [INF] Discovery: futures tickers on Binance,Bybit,OKX
2026-08-18 23:48:27.990 +04:00 [INF] Discovery: spot tickers on Binance,Bybit,OKX
2026-08-18 23:48:29.605 +04:00 [WRN] No symbols above minVol=3000000, relaxing filter
2026-08-18 23:48:29.613 +04:00 [WRN] Fallback symbols (empty)
2026-08-18 23:48:29.617 +04:00 [INF] Start | Strategy=FuturesCross | Mode=PAPER | Symbols=BTCUSDT,ETHUSDT,SOLUSDT,XRPUSDT,DOGEUSDT,ADAUSDT,AVAXUSDT,LINKUSDT | Ex=Binance,Bybit,OKX
2026-08-18 23:48:29.621 +04:00 [INF] Futures paper margin initialized: 10000 USDT x 3 exchanges
2026-08-18 23:48:29.654 +04:00 [INF] UsdFutures order book BTCUSDT status changed: "Disconnected" => "Connecting"
2026-08-18 23:48:31.605 +04:00 [INF] [Sckt 1] subscription 11 completed successfully
2026-08-18 23:48:31.609 +04:00 [INF] UsdFutures order book BTCUSDT status changed: "Connecting" => "Syncing"
2026-08-18 23:48:31.722 +04:00 [INF] UsdFutures order book BTCUSDT status changed: "Syncing" => "Synced"
2026-08-18 23:48:31.723 +04:00 [INF] Futures book Binance:BTCUSDT "Synced"
2026-08-18 23:48:31.728 +04:00 [INF] V5 order book BTCUSDT status changed: "Disconnected" => "Connecting"
2026-08-18 23:48:33.082 +04:00 [INF] [Sckt 2] subscription 14 completed successfully
2026-08-18 23:48:33.083 +04:00 [INF] V5 order book BTCUSDT status changed: "Connecting" => "Syncing"
2026-08-18 23:48:33.084 +04:00 [INF] V5 order book BTCUSDT status changed: "Syncing" => "Synced"
2026-08-18 23:48:33.085 +04:00 [INF] Futures book Bybit:BTCUSDT "Synced"
2026-08-18 23:48:33.089 +04:00 [INF] Unified order book BTC-USDT-SWAP status changed: "Disconnected" => "Connecting"
2026-08-18 23:48:34.604 +04:00 [INF] [Sckt 3] subscription 18 completed successfully
2026-08-18 23:48:34.606 +04:00 [INF] Unified order book BTC-USDT-SWAP status changed: "Connecting" => "Syncing"
2026-08-18 23:48:35.031 +04:00 [INF] Unified order book BTC-USDT-SWAP status changed: "Syncing" => "Synced"
2026-08-18 23:48:35.033 +04:00 [INF] Futures book OKX:BTCUSDT "Synced"
2026-08-18 23:48:35.034 +04:00 [INF] UsdFutures order book ETHUSDT status changed: "Disconnected" => "Connecting"
2026-08-18 23:48:35.392 +04:00 [INF] [Sckt 1] subscription 20 completed successfully
2026-08-18 23:48:35.394 +04:00 [INF] UsdFutures order book ETHUSDT status changed: "Connecting" => "Syncing"
2026-08-18 23:48:35.446 +04:00 [INF] UsdFutures order book ETHUSDT status changed: "Syncing" => "Synced"
2026-08-18 23:48:35.448 +04:00 [INF] Futures book Binance:ETHUSDT "Synced"
2026-08-18 23:48:35.449 +04:00 [INF] V5 order book ETHUSDT status changed: "Disconnected" => "Connecting"
2026-08-18 23:48:35.660 +04:00 [INF] [Sckt 2] subscription 23 completed successfully
2026-08-18 23:48:35.662 +04:00 [INF] V5 order book ETHUSDT status changed: "Connecting" => "Syncing"
2026-08-18 23:48:35.663 +04:00 [INF] V5 order book ETHUSDT status changed: "Syncing" => "Synced"
2026-08-18 23:48:35.664 +04:00 [INF] Futures book Bybit:ETHUSDT "Synced"
2026-08-18 23:48:35.664 +04:00 [INF] Unified order book ETH-USDT-SWAP status changed: "Disconnected" => "Connecting"
2026-08-18 23:48:36.000 +04:00 [INF] [Sckt 3] subscription 26 completed successfully
2026-08-18 23:48:36.001 +04:00 [INF] Unified order book ETH-USDT-SWAP status changed: "Connecting" => "Syncing"
2026-08-18 23:48:36.181 +04:00 [INF] Unified order book ETH-USDT-SWAP status changed: "Syncing" => "Synced"
2026-08-18 23:48:36.183 +04:00 [INF] Futures book OKX:ETHUSDT "Synced"
2026-08-18 23:48:36.184 +04:00 [INF] UsdFutures order book SOLUSDT status changed: "Disconnected" => "Connecting"
2026-08-18 23:48:36.592 +04:00 [INF] [Sckt 1] subscription 28 completed successfully
2026-08-18 23:48:36.594 +04:00 [INF] UsdFutures order book SOLUSDT status changed: "Connecting" => "Syncing"
2026-08-18 23:48:36.657 +04:00 [INF] UsdFutures order book SOLUSDT status changed: "Syncing" => "Synced"
2026-08-18 23:48:36.658 +04:00 [INF] Futures book Binance:SOLUSDT "Synced"
2026-08-18 23:48:36.660 +04:00 [INF] V5 order book SOLUSDT status changed: "Disconnected" => "Connecting"
2026-08-18 23:48:36.874 +04:00 [INF] [Sckt 2] subscription 31 completed successfully
2026-08-18 23:48:36.876 +04:00 [INF] V5 order book SOLUSDT status changed: "Connecting" => "Syncing"
2026-08-18 23:48:36.878 +04:00 [INF] V5 order book SOLUSDT status changed: "Syncing" => "Synced"
2026-08-18 23:48:36.879 +04:00 [INF] Futures book Bybit:SOLUSDT "Synced"
2026-08-18 23:48:36.880 +04:00 [INF] Unified order book SOL-USDT-SWAP status changed: "Disconnected" => "Connecting"
2026-08-18 23:48:37.207 +04:00 [INF] [Sckt 3] subscription 34 completed successfully
2026-08-18 23:48:37.208 +04:00 [INF] Unified order book SOL-USDT-SWAP status changed: "Connecting" => "Syncing"
2026-08-18 23:48:37.382 +04:00 [INF] Unified order book SOL-USDT-SWAP status changed: "Syncing" => "Synced"
2026-08-18 23:48:37.383 +04:00 [INF] Futures book OKX:SOLUSDT "Synced"
2026-08-18 23:48:37.384 +04:00 [INF] UsdFutures order book XRPUSDT status changed: "Disconnected" => "Connecting"
2026-08-18 23:48:37.793 +04:00 [INF] [Sckt 1] subscription 36 completed successfully
2026-08-18 23:48:37.794 +04:00 [INF] UsdFutures order book XRPUSDT status changed: "Connecting" => "Syncing"
2026-08-18 23:48:37.847 +04:00 [INF] UsdFutures order book XRPUSDT status changed: "Syncing" => "Synced"
2026-08-18 23:48:37.849 +04:00 [INF] Futures book Binance:XRPUSDT "Synced"
2026-08-18 23:48:37.849 +04:00 [INF] V5 order book XRPUSDT status changed: "Disconnected" => "Connecting"
2026-08-18 23:48:38.067 +04:00 [INF] [Sckt 2] subscription 39 completed successfully
2026-08-18 23:48:38.068 +04:00 [INF] V5 order book XRPUSDT status changed: "Connecting" => "Syncing"
2026-08-18 23:48:38.069 +04:00 [INF] V5 order book XRPUSDT status changed: "Syncing" => "Synced"
2026-08-18 23:48:38.070 +04:00 [INF] Futures book Bybit:XRPUSDT "Synced"
2026-08-18 23:48:38.071 +04:00 [INF] Unified order book XRP-USDT-SWAP status changed: "Disconnected" => "Connecting"
2026-08-18 23:48:38.396 +04:00 [INF] [Sckt 3] subscription 42 completed successfully
2026-08-18 23:48:38.399 +04:00 [INF] Unified order book XRP-USDT-SWAP status changed: "Connecting" => "Syncing"
2026-08-18 23:48:38.577 +04:00 [INF] Unified order book XRP-USDT-SWAP status changed: "Syncing" => "Synced"
2026-08-18 23:48:38.579 +04:00 [INF] Futures book OKX:XRPUSDT "Synced"
2026-08-18 23:48:38.580 +04:00 [INF] UsdFutures order book DOGEUSDT status changed: "Disconnected" => "Connecting"
2026-08-18 23:48:38.994 +04:00 [INF] [Sckt 1] subscription 44 completed successfully
2026-08-18 23:48:38.996 +04:00 [INF] UsdFutures order book DOGEUSDT status changed: "Connecting" => "Syncing"
2026-08-18 23:48:39.304 +04:00 [INF] UsdFutures order book DOGEUSDT status changed: "Syncing" => "Synced"
2026-08-18 23:48:39.305 +04:00 [INF] Futures book Binance:DOGEUSDT "Synced"
2026-08-18 23:48:39.306 +04:00 [INF] V5 order book DOGEUSDT status changed: "Disconnected" => "Connecting"
2026-08-18 23:48:39.524 +04:00 [INF] [Sckt 2] subscription 47 completed successfully
2026-08-18 23:48:39.526 +04:00 [INF] V5 order book DOGEUSDT status changed: "Connecting" => "Syncing"
2026-08-18 23:48:39.527 +04:00 [INF] V5 order book DOGEUSDT status changed: "Syncing" => "Synced"
2026-08-18 23:48:39.528 +04:00 [INF] Futures book Bybit:DOGEUSDT "Synced"
2026-08-18 23:48:39.529 +04:00 [INF] Unified order book DOGE-USDT-SWAP status changed: "Disconnected" => "Connecting"
2026-08-18 23:48:39.853 +04:00 [INF] [Sckt 3] subscription 50 completed successfully
2026-08-18 23:48:39.855 +04:00 [INF] Unified order book DOGE-USDT-SWAP status changed: "Connecting" => "Syncing"
2026-08-18 23:48:40.091 +04:00 [INF] Unified order book DOGE-USDT-SWAP status changed: "Syncing" => "Synced"
2026-08-18 23:48:40.093 +04:00 [INF] Futures book OKX:DOGEUSDT "Synced"
2026-08-18 23:48:40.094 +04:00 [INF] UsdFutures order book ADAUSDT status changed: "Disconnected" => "Connecting"
2026-08-18 23:48:40.495 +04:00 [INF] [Sckt 1] subscription 52 completed successfully
2026-08-18 23:48:40.496 +04:00 [INF] UsdFutures order book ADAUSDT status changed: "Connecting" => "Syncing"
2026-08-18 23:48:40.620 +04:00 [INF] UsdFutures order book ADAUSDT status changed: "Syncing" => "Synced"
2026-08-18 23:48:40.621 +04:00 [INF] Futures book Binance:ADAUSDT "Synced"
2026-08-18 23:48:40.622 +04:00 [INF] V5 order book ADAUSDT status changed: "Disconnected" => "Connecting"
2026-08-18 23:48:40.833 +04:00 [INF] [Sckt 2] subscription 55 completed successfully
2026-08-18 23:48:40.834 +04:00 [INF] V5 order book ADAUSDT status changed: "Connecting" => "Syncing"
2026-08-18 23:48:40.835 +04:00 [INF] V5 order book ADAUSDT status changed: "Syncing" => "Synced"
2026-08-18 23:48:40.836 +04:00 [INF] Futures book Bybit:ADAUSDT "Synced"
2026-08-18 23:48:40.837 +04:00 [INF] Unified order book ADA-USDT-SWAP status changed: "Disconnected" => "Connecting"
2026-08-18 23:48:41.166 +04:00 [INF] [Sckt 3] subscription 58 completed successfully
2026-08-18 23:48:41.167 +04:00 [INF] Unified order book ADA-USDT-SWAP status changed: "Connecting" => "Syncing"
2026-08-18 23:48:41.281 +04:00 [INF] Unified order book ADA-USDT-SWAP status changed: "Syncing" => "Synced"
2026-08-18 23:48:41.282 +04:00 [INF] Futures book OKX:ADAUSDT "Synced"
2026-08-18 23:48:41.284 +04:00 [INF] UsdFutures order book AVAXUSDT status changed: "Disconnected" => "Connecting"
2026-08-18 23:48:41.695 +04:00 [INF] [Sckt 1] subscription 60 completed successfully
2026-08-18 23:48:41.696 +04:00 [INF] UsdFutures order book AVAXUSDT status changed: "Connecting" => "Syncing"
2026-08-18 23:48:41.945 +04:00 [INF] UsdFutures order book AVAXUSDT status changed: "Syncing" => "Synced"
2026-08-18 23:48:41.946 +04:00 [INF] Futures book Binance:AVAXUSDT "Synced"
2026-08-18 23:48:41.947 +04:00 [INF] V5 order book AVAXUSDT status changed: "Disconnected" => "Connecting"
2026-08-18 23:48:42.159 +04:00 [INF] [Sckt 2] subscription 63 completed successfully
2026-08-18 23:48:42.160 +04:00 [INF] V5 order book AVAXUSDT status changed: "Connecting" => "Syncing"
2026-08-18 23:48:42.161 +04:00 [INF] V5 order book AVAXUSDT status changed: "Syncing" => "Synced"
2026-08-18 23:48:42.162 +04:00 [INF] Futures book Bybit:AVAXUSDT "Synced"
2026-08-18 23:48:42.163 +04:00 [INF] Unified order book AVAX-USDT-SWAP status changed: "Disconnected" => "Connecting"
2026-08-18 23:48:42.488 +04:00 [INF] [Sckt 3] subscription 66 completed successfully
2026-08-18 23:48:42.489 +04:00 [INF] Unified order book AVAX-USDT-SWAP status changed: "Connecting" => "Syncing"
2026-08-18 23:48:42.792 +04:00 [INF] Unified order book AVAX-USDT-SWAP status changed: "Syncing" => "Synced"
2026-08-18 23:48:42.794 +04:00 [INF] Futures book OKX:AVAXUSDT "Synced"
2026-08-18 23:48:42.795 +04:00 [INF] UsdFutures order book LINKUSDT status changed: "Disconnected" => "Connecting"
2026-08-18 23:48:43.197 +04:00 [INF] [Sckt 1] subscription 68 completed successfully
2026-08-18 23:48:43.198 +04:00 [INF] UsdFutures order book LINKUSDT status changed: "Connecting" => "Syncing"
2026-08-18 23:48:43.318 +04:00 [INF] UsdFutures order book LINKUSDT status changed: "Syncing" => "Synced"
2026-08-18 23:48:43.319 +04:00 [INF] Futures book Binance:LINKUSDT "Synced"
2026-08-18 23:48:43.320 +04:00 [INF] V5 order book LINKUSDT status changed: "Disconnected" => "Connecting"
2026-08-18 23:48:43.531 +04:00 [INF] [Sckt 2] subscription 71 completed successfully
2026-08-18 23:48:43.532 +04:00 [INF] V5 order book LINKUSDT status changed: "Connecting" => "Syncing"
2026-08-18 23:48:43.534 +04:00 [INF] V5 order book LINKUSDT status changed: "Syncing" => "Synced"
2026-08-18 23:48:43.535 +04:00 [INF] Futures book Bybit:LINKUSDT "Synced"
2026-08-18 23:48:43.535 +04:00 [INF] Unified order book LINK-USDT-SWAP status changed: "Disconnected" => "Connecting"
2026-08-18 23:48:43.863 +04:00 [INF] [Sckt 3] subscription 74 completed successfully
2026-08-18 23:48:43.864 +04:00 [INF] Unified order book LINK-USDT-SWAP status changed: "Connecting" => "Syncing"
2026-08-18 23:48:43.979 +04:00 [INF] Unified order book LINK-USDT-SWAP status changed: "Syncing" => "Synced"
2026-08-18 23:48:43.980 +04:00 [INF] Futures book OKX:LINKUSDT "Synced"
2026-08-18 23:48:43.982 +04:00 [INF] Futures books: OKX:XRPUSDT=Synced; OKX:ETHUSDT=Synced; Binance:XRPUSDT=Synced; Binance:DOGEUSDT=Synced; Bybit:AVAXUSDT=Synced; Bybit:SOLUSDT=Synced; Bybit:LINKUSDT=Synced; Bybit:XRPUSDT=Synced; OKX:LINKUSDT=Synced; OKX:SOLUSDT=Synced; Bybit:BTCUSDT=Synced; Binance:ETHUSDT=Synced; Binance:BTCUSDT=Synced; OKX:DOGEUSDT=Synced; Binance:SOLUSDT=Synced; OKX:BTCUSDT=Synced; Binance:AVAXUSDT=Synced; Bybit:ETHUSDT=Synced; Bybit:ADAUSDT=Synced; Binance:ADAUSDT=Synced; Binance:LINKUSDT=Synced; OKX:AVAXUSDT=Synced; Bybit:DOGEUSDT=Synced; OKX:ADAUSDT=Synced
2026-08-18 23:48:46.509 +04:00 [INF] FUT PAPER OPEN BTCUSDT L:Bybit S:Binance qty=0.007735 edge=0.010%
2026-08-18 23:48:46.511 +04:00 [INF] Opened futures paper hedge: BTCUSDT: LONG Bybit@64632.00 / SHORT Binance@64638.70 | net 0.010% (~0.05 USD)
2026-08-18 23:48:48.557 +04:00 [INF] FUT PAPER CLOSE BTCUSDT pnl=-0.5015 reason=converge
2026-08-18 23:48:48.558 +04:00 [INF] FUT PAPER OPEN BTCUSDT L:Bybit S:Binance qty=0.007735 edge=0.010%
2026-08-18 23:48:48.559 +04:00 [INF] Opened futures paper hedge: BTCUSDT: LONG Bybit@64632.00 / SHORT Binance@64638.70 | net 0.010% (~0.05 USD)
2026-08-18 23:48:50.570 +04:00 [INF] FUT PAPER CLOSE BTCUSDT pnl=-0.4884 reason=converge
2026-08-18 23:48:50.571 +04:00 [INF] FUT PAPER OPEN LINKUSDT L:Bybit S:Binance qty=52.670389 edge=0.009%
2026-08-18 23:48:50.572 +04:00 [INF] Opened futures paper hedge: LINKUSDT: LONG Bybit@9.49 / SHORT Binance@9.49 | net 0.009% (~0.04 USD)
2026-08-18 23:48:52.584 +04:00 [INF] FUT PAPER OPEN BTCUSDT L:Bybit S:Binance qty=0.007736 edge=0.008%
2026-08-18 23:48:52.586 +04:00 [INF] Opened futures paper hedge: BTCUSDT: LONG Bybit@64632.00 / SHORT Binance@64637.00 | net 0.008% (~0.04 USD)
2026-08-18 23:48:54.598 +04:00 [INF] FUT PAPER CLOSE BTCUSDT pnl=-0.5015 reason=converge
2026-08-18 23:48:54.599 +04:00 [INF] FUT PAPER OPEN BTCUSDT L:Bybit S:Binance qty=0.007736 edge=0.008%
2026-08-18 23:48:54.600 +04:00 [INF] Opened futures paper hedge: BTCUSDT: LONG Bybit@64632.00 / SHORT Binance@64637.00 | net 0.008% (~0.04 USD)
2026-08-18 23:48:56.611 +04:00 [INF] FUT PAPER CLOSE BTCUSDT pnl=-0.5015 reason=converge
2026-08-18 23:48:56.613 +04:00 [INF] FUT PAPER OPEN BTCUSDT L:Bybit S:Binance qty=0.007736 edge=0.008%
2026-08-18 23:48:56.614 +04:00 [INF] Opened futures paper hedge: BTCUSDT: LONG Bybit@64632.00 / SHORT Binance@64637.00 | net 0.008% (~0.04 USD)
2026-08-18 23:48:58.627 +04:00 [INF] FUT PAPER CLOSE BTCUSDT pnl=-0.5015 reason=converge
2026-08-18 23:48:58.629 +04:00 [INF] FUT PAPER OPEN BTCUSDT L:Bybit S:Binance qty=0.007736 edge=0.008%
2026-08-18 23:48:58.630 +04:00 [INF] Opened futures paper hedge: BTCUSDT: LONG Bybit@64632.00 / SHORT Binance@64637.00 | net 0.008% (~0.04 USD)
2026-08-18 23:49:00.632 +04:00 [INF] FUT PAPER CLOSE BTCUSDT pnl=-0.5015 reason=converge
2026-08-18 23:49:00.634 +04:00 [INF] FUT PAPER OPEN BTCUSDT L:Bybit S:Binance qty=0.007736 edge=0.008%
2026-08-18 23:49:00.635 +04:00 [INF] Opened futures paper hedge: BTCUSDT: LONG Bybit@64632.00 / SHORT Binance@64637.00 | net 0.008% (~0.04 USD)
2026-08-18 23:49:02.640 +04:00 [INF] FUT PAPER CLOSE BTCUSDT pnl=-0.5015 reason=converge
2026-08-18 23:49:02.641 +04:00 [INF] FUT PAPER OPEN AVAXUSDT L:OKX S:Bybit qty=78.754474 edge=0.021%
2026-08-18 23:49:02.642 +04:00 [INF] Opened futures paper hedge: AVAXUSDT: LONG OKX@6.35 / SHORT Bybit@6.35 | net 0.021% (~0.10 USD)
2026-08-18 23:49:04.658 +04:00 [INF] FUT PAPER OPEN ETHUSDT L:Binance S:OKX qty=0.261286 edge=0.006%
2026-08-18 23:49:04.660 +04:00 [INF] Opened futures paper hedge: ETHUSDT: LONG Binance@1913.49 / SHORT OKX@1913.61 | net 0.006% (~0.03 USD)
2026-08-18 23:49:06.665 +04:00 [INF] FUT PAPER CLOSE ETHUSDT pnl=-0.4948 reason=converge
2026-08-18 23:49:06.667 +04:00 [INF] FUT PAPER OPEN XRPUSDT L:OKX S:Bybit qty=498.952200 edge=0.009%
2026-08-18 23:49:06.669 +04:00 [INF] Opened futures paper hedge: XRPUSDT: LONG OKX@1.00 / SHORT Bybit@1.00 | net 0.009% (~0.04 USD)
2026-08-18 23:49:34.817 +04:00 [INF] FUT PAPER CLOSE XRPUSDT pnl=-0.5551 reason=converge
2026-08-18 23:49:34.818 +04:00 [INF] FUT PAPER OPEN ETHUSDT L:Binance S:OKX qty=0.261292 edge=0.004%
2026-08-18 23:49:34.820 +04:00 [INF] Opened futures paper hedge: ETHUSDT: LONG Binance@1913.49 / SHORT OKX@1913.57 | net 0.004% (~0.02 USD)
2026-08-18 23:49:36.834 +04:00 [INF] FUT PAPER CLOSE ETHUSDT pnl=-0.5052 reason=converge
2026-08-18 23:49:36.836 +04:00 [INF] FUT PAPER OPEN ETHUSDT L:Binance S:OKX qty=0.261292 edge=0.004%
2026-08-18 23:49:36.837 +04:00 [INF] Opened futures paper hedge: ETHUSDT: LONG Binance@1913.49 / SHORT OKX@1913.57 | net 0.004% (~0.02 USD)
2026-08-18 23:49:38.854 +04:00 [INF] FUT PAPER CLOSE ETHUSDT pnl=-0.5052 reason=converge
2026-08-18 23:49:38.855 +04:00 [INF] FUT PAPER OPEN BTCUSDT L:Bybit S:OKX qty=0.007736 edge=0.010%
2026-08-18 23:49:38.856 +04:00 [INF] Opened futures paper hedge: BTCUSDT: LONG Bybit@64628.80 / SHORT OKX@64635.20 | net 0.010% (~0.05 USD)
2026-08-18 23:49:40.864 +04:00 [INF] FUT PAPER CLOSE BTCUSDT pnl=-0.5015 reason=converge
2026-08-18 23:49:40.865 +04:00 [INF] FUT PAPER OPEN ETHUSDT L:Binance S:Bybit qty=0.261274 edge=0.011%
2026-08-18 23:49:40.866 +04:00 [INF] Opened futures paper hedge: ETHUSDT: LONG Binance@1913.49 / SHORT Bybit@1913.70 | net 0.011% (~0.05 USD)
2026-08-18 23:49:42.881 +04:00 [INF] FUT PAPER CLOSE ETHUSDT pnl=-0.4817 reason=converge
2026-08-18 23:49:42.883 +04:00 [INF] FUT PAPER OPEN BTCUSDT L:Bybit S:OKX qty=0.007736 edge=0.010%
2026-08-18 23:49:42.884 +04:00 [INF] Opened futures paper hedge: BTCUSDT: LONG Bybit@64628.80 / SHORT OKX@64635.20 | net 0.010% (~0.05 USD)
2026-08-18 23:49:44.892 +04:00 [INF] FUT PAPER CLOSE BTCUSDT pnl=-0.5015 reason=converge
2026-08-18 23:49:44.894 +04:00 [INF] FUT PAPER OPEN BTCUSDT L:Bybit S:OKX qty=0.007736 edge=0.010%
2026-08-18 23:49:44.895 +04:00 [INF] Opened futures paper hedge: BTCUSDT: LONG Bybit@64628.80 / SHORT OKX@64635.20 | net 0.010% (~0.05 USD)
2026-08-18 23:49:46.904 +04:00 [INF] FUT PAPER CLOSE BTCUSDT pnl=-0.4745 reason=converge
2026-08-18 23:49:46.905 +04:00 [INF] FUT PAPER OPEN ETHUSDT L:Binance S:Bybit qty=0.261237 edge=0.009%
2026-08-18 23:49:46.906 +04:00 [INF] Opened futures paper hedge: ETHUSDT: LONG Binance@1913.79 / SHORT Bybit@1913.97 | net 0.009% (~0.05 USD)
2026-08-18 23:49:48.916 +04:00 [INF] FUT PAPER CLOSE ETHUSDT pnl=-0.4974 reason=converge
2026-08-18 23:49:48.918 +04:00 [INF] FUT PAPER OPEN ETHUSDT L:Binance S:Bybit qty=0.261232 edge=0.008%
2026-08-18 23:49:48.919 +04:00 [INF] Opened futures paper hedge: ETHUSDT: LONG Binance@1913.86 / SHORT Bybit@1914.01 | net 0.008% (~0.04 USD)
2026-08-18 23:49:50.933 +04:00 [INF] FUT PAPER CLOSE ETHUSDT pnl=-0.5052 reason=converge
2026-08-18 23:49:50.934 +04:00 [INF] FUT PAPER OPEN ETHUSDT L:Binance S:Bybit qty=0.261232 edge=0.008%
2026-08-18 23:49:50.935 +04:00 [INF] Opened futures paper hedge: ETHUSDT: LONG Binance@1913.86 / SHORT Bybit@1914.01 | net 0.008% (~0.04 USD)
2026-08-18 23:49:52.948 +04:00 [INF] FUT PAPER CLOSE ETHUSDT pnl=-0.5052 reason=converge
2026-08-18 23:49:52.949 +04:00 [INF] FUT PAPER OPEN ETHUSDT L:Binance S:Bybit qty=0.261232 edge=0.008%
2026-08-18 23:49:52.951 +04:00 [INF] Opened futures paper hedge: ETHUSDT: LONG Binance@1913.86 / SHORT Bybit@1914.01 | net 0.008% (~0.04 USD)
2026-08-18 23:49:54.959 +04:00 [INF] FUT PAPER CLOSE ETHUSDT pnl=-0.5052 reason=converge
2026-08-18 23:49:54.960 +04:00 [INF] FUT PAPER OPEN ETHUSDT L:Binance S:Bybit qty=0.261232 edge=0.008%
2026-08-18 23:49:54.962 +04:00 [INF] Opened futures paper hedge: ETHUSDT: LONG Binance@1913.86 / SHORT Bybit@1914.01 | net 0.008% (~0.04 USD)
2026-08-18 23:49:56.974 +04:00 [INF] FUT PAPER CLOSE ETHUSDT pnl=-0.5052 reason=converge
2026-08-18 23:49:56.975 +04:00 [INF] FUT PAPER OPEN ETHUSDT L:Binance S:Bybit qty=0.261232 edge=0.008%
2026-08-18 23:49:56.976 +04:00 [INF] Opened futures paper hedge: ETHUSDT: LONG Binance@1913.86 / SHORT Bybit@1914.01 | net 0.008% (~0.04 USD)
2026-08-18 23:49:58.989 +04:00 [INF] FUT PAPER CLOSE ETHUSDT pnl=-0.5052 reason=converge
2026-08-18 23:49:58.993 +04:00 [INF] FUT PAPER OPEN ETHUSDT L:Binance S:Bybit qty=0.261232 edge=0.008%
2026-08-18 23:49:58.994 +04:00 [INF] Opened futures paper hedge: ETHUSDT: LONG Binance@1913.86 / SHORT Bybit@1914.01 | net 0.008% (~0.04 USD)
2026-08-18 23:50:01.005 +04:00 [INF] FUT PAPER CLOSE ETHUSDT pnl=-0.4634 reason=converge
2026-08-18 23:50:01.008 +04:00 [INF] FUT PAPER OPEN ETHUSDT L:Binance S:OKX qty=0.261248 edge=0.006%
2026-08-18 23:50:01.009 +04:00 [INF] Opened futures paper hedge: ETHUSDT: LONG Binance@1913.78 / SHORT OKX@1913.89 | net 0.006% (~0.03 USD)
2026-08-18 23:50:03.011 +04:00 [INF] FUT PAPER CLOSE ETHUSDT pnl=-0.4947 reason=converge
2026-08-18 23:50:03.012 +04:00 [INF] FUT PAPER OPEN ETHUSDT L:Binance S:Bybit qty=0.261277 edge=0.005%
2026-08-18 23:50:03.013 +04:00 [INF] Opened futures paper hedge: ETHUSDT: LONG Binance@1913.59 / SHORT Bybit@1913.68 | net 0.005% (~0.02 USD)
2026-08-18 23:50:05.027 +04:00 [INF] FUT PAPER CLOSE ETHUSDT pnl=-0.5052 reason=converge
2026-08-18 23:50:05.028 +04:00 [INF] FUT PAPER OPEN ETHUSDT L:Binance S:Bybit qty=0.261277 edge=0.005%
2026-08-18 23:50:05.029 +04:00 [INF] Opened futures paper hedge: ETHUSDT: LONG Binance@1913.59 / SHORT Bybit@1913.68 | net 0.005% (~0.02 USD)
2026-08-18 23:50:07.043 +04:00 [INF] FUT PAPER CLOSE ETHUSDT pnl=-0.5052 reason=converge
2026-08-18 23:50:07.045 +04:00 [INF] FUT PAPER OPEN ETHUSDT L:Binance S:Bybit qty=0.261277 edge=0.005%
2026-08-18 23:50:07.046 +04:00 [INF] Opened futures paper hedge: ETHUSDT: LONG Binance@1913.59 / SHORT Bybit@1913.68 | net 0.005% (~0.02 USD)
2026-08-18 23:50:09.053 +04:00 [INF] FUT PAPER CLOSE ETHUSDT pnl=-0.4974 reason=converge
2026-08-18 23:50:09.054 +04:00 [INF] FUT PAPER OPEN BTCUSDT L:Bybit S:OKX qty=0.007734 edge=0.004%
2026-08-18 23:50:09.056 +04:00 [INF] Opened futures paper hedge: BTCUSDT: LONG Bybit@64645.00 / SHORT OKX@64647.50 | net 0.004% (~0.02 USD)
2026-08-18 23:50:11.070 +04:00 [INF] FUT PAPER CLOSE BTCUSDT pnl=-0.5193 reason=converge
2026-08-18 23:50:11.071 +04:00 [INF] FUT PAPER OPEN BTCUSDT L:Bybit S:OKX qty=0.007735 edge=0.007%
2026-08-18 23:50:11.073 +04:00 [INF] Opened futures paper hedge: BTCUSDT: LONG Bybit@64638.20 / SHORT OKX@64643.00 | net 0.007% (~0.04 USD)
2026-08-18 23:50:13.089 +04:00 [INF] FUT PAPER CLOSE BTCUSDT pnl=-0.5015 reason=converge
2026-08-18 23:50:13.091 +04:00 [INF] FUT PAPER OPEN BTCUSDT L:Bybit S:OKX qty=0.007735 edge=0.007%
2026-08-18 23:50:13.092 +04:00 [INF] Opened futures paper hedge: BTCUSDT: LONG Bybit@64638.20 / SHORT OKX@64643.00 | net 0.007% (~0.04 USD)
2026-08-18 23:50:15.100 +04:00 [INF] FUT PAPER CLOSE BTCUSDT pnl=-0.5015 reason=converge
2026-08-18 23:50:15.102 +04:00 [INF] FUT PAPER OPEN BTCUSDT L:Bybit S:OKX qty=0.007735 edge=0.007%
2026-08-18 23:50:15.104 +04:00 [INF] Opened futures paper hedge: BTCUSDT: LONG Bybit@64638.20 / SHORT OKX@64643.00 | net 0.007% (~0.04 USD)
2026-08-18 23:50:17.112 +04:00 [INF] FUT PAPER CLOSE BTCUSDT pnl=-0.5015 reason=converge
2026-08-18 23:50:17.113 +04:00 [INF] FUT PAPER OPEN SOLUSDT L:OKX S:Binance qty=6.482562 edge=0.013%
2026-08-18 23:50:17.115 +04:00 [INF] Opened futures paper hedge: SOLUSDT: LONG OKX@77.12 / SHORT Binance@77.13 | net 0.013% (~0.06 USD)
2026-08-18 23:52:59.823 +04:00 [INF] FUT PAPER CLOSE SOLUSDT pnl=-0.4998 reason=converge
2026-08-18 23:52:59.824 +04:00 [INF] FUT PAPER OPEN ETHUSDT L:Binance S:OKX qty=0.261214 edge=0.007%
2026-08-18 23:52:59.825 +04:00 [INF] Opened futures paper hedge: ETHUSDT: LONG Binance@1914.00 / SHORT OKX@1914.14 | net 0.007% (~0.04 USD)
2026-08-18 23:53:01.831 +04:00 [INF] FUT PAPER CLOSE ETHUSDT pnl=-0.5104 reason=converge
2026-08-18 23:53:01.832 +04:00 [INF] FUT PAPER OPEN SOLUSDT L:OKX S:Bybit qty=6.485926 edge=0.013%
2026-08-18 23:53:01.833 +04:00 [INF] Opened futures paper hedge: SOLUSDT: LONG OKX@77.08 / SHORT Bybit@77.09 | net 0.013% (~0.06 USD)
2026-08-18 23:53:11.877 +04:00 [INF] FUT PAPER CLOSE SOLUSDT pnl=-0.4998 reason=converge
2026-08-18 23:53:11.878 +04:00 [INF] FUT PAPER OPEN ETHUSDT L:Binance S:OKX qty=0.261259 edge=0.007%
2026-08-18 23:53:11.879 +04:00 [INF] Opened futures paper hedge: ETHUSDT: LONG Binance@1913.68 / SHORT OKX@1913.81 | net 0.007% (~0.03 USD)
2026-08-18 23:53:13.885 +04:00 [INF] FUT PAPER CLOSE ETHUSDT pnl=-0.5052 reason=converge
2026-08-18 23:53:13.887 +04:00 [INF] FUT PAPER OPEN ETHUSDT L:Binance S:OKX qty=0.261259 edge=0.007%
2026-08-18 23:53:13.888 +04:00 [INF] Opened futures paper hedge: ETHUSDT: LONG Binance@1913.68 / SHORT OKX@1913.81 | net 0.007% (~0.03 USD)
2026-08-18 23:53:15.892 +04:00 [INF] FUT PAPER CLOSE ETHUSDT pnl=-0.5026 reason=converge
2026-08-18 23:53:15.893 +04:00 [INF] FUT PAPER OPEN ETHUSDT L:Binance S:OKX qty=0.261260 edge=0.006%
2026-08-18 23:53:15.894 +04:00 [INF] Opened futures paper hedge: ETHUSDT: LONG Binance@1913.68 / SHORT OKX@1913.80 | net 0.006% (~0.03 USD)
2026-08-18 23:53:17.896 +04:00 [INF] FUT PAPER CLOSE ETHUSDT pnl=-0.5052 reason=converge
2026-08-18 23:53:17.897 +04:00 [INF] FUT PAPER OPEN ETHUSDT L:Binance S:OKX qty=0.261260 edge=0.006%
2026-08-18 23:53:17.898 +04:00 [INF] Opened futures paper hedge: ETHUSDT: LONG Binance@1913.68 / SHORT OKX@1913.80 | net 0.006% (~0.03 USD)
2026-08-18 23:53:19.905 +04:00 [INF] FUT PAPER CLOSE ETHUSDT pnl=-0.5052 reason=converge
2026-08-18 23:53:19.906 +04:00 [INF] FUT PAPER OPEN ETHUSDT L:Binance S:OKX qty=0.261260 edge=0.006%
2026-08-18 23:53:19.907 +04:00 [INF] Opened futures paper hedge: ETHUSDT: LONG Binance@1913.68 / SHORT OKX@1913.80 | net 0.006% (~0.03 USD)
2026-08-18 23:53:21.913 +04:00 [INF] FUT PAPER CLOSE ETHUSDT pnl=-0.5052 reason=converge
2026-08-18 23:53:21.915 +04:00 [INF] FUT PAPER OPEN ETHUSDT L:Binance S:OKX qty=0.261260 edge=0.006%
2026-08-18 23:53:21.916 +04:00 [INF] Opened futures paper hedge: ETHUSDT: LONG Binance@1913.68 / SHORT OKX@1913.80 | net 0.006% (~0.03 USD)
2026-08-18 23:53:23.929 +04:00 [INF] FUT PAPER CLOSE ETHUSDT pnl=-0.5052 reason=converge
2026-08-18 23:53:23.930 +04:00 [INF] FUT PAPER OPEN ETHUSDT L:Binance S:OKX qty=0.261260 edge=0.006%
2026-08-18 23:53:23.931 +04:00 [INF] Opened futures paper hedge: ETHUSDT: LONG Binance@1913.68 / SHORT OKX@1913.80 | net 0.006% (~0.03 USD)
2026-08-18 23:53:25.940 +04:00 [INF] FUT PAPER CLOSE ETHUSDT pnl=-0.5052 reason=converge
2026-08-18 23:53:25.943 +04:00 [INF] FUT PAPER OPEN BTCUSDT L:Bybit S:OKX qty=0.007733 edge=0.007%
2026-08-18 23:53:25.943 +04:00 [INF] Opened futures paper hedge: BTCUSDT: LONG Bybit@64650.50 / SHORT OKX@64655.00 | net 0.007% (~0.03 USD)
2026-08-18 23:53:27.959 +04:00 [INF] FUT PAPER CLOSE BTCUSDT pnl=-0.5015 reason=converge
2026-08-18 23:53:27.961 +04:00 [INF] FUT PAPER OPEN BTCUSDT L:Bybit S:OKX qty=0.007733 edge=0.007%
2026-08-18 23:53:27.964 +04:00 [INF] Opened futures paper hedge: BTCUSDT: LONG Bybit@64650.50 / SHORT OKX@64655.00 | net 0.007% (~0.03 USD)
2026-08-18 23:53:29.973 +04:00 [INF] FUT PAPER CLOSE BTCUSDT pnl=-0.5015 reason=converge
2026-08-18 23:53:29.974 +04:00 [INF] FUT PAPER OPEN BTCUSDT L:Bybit S:OKX qty=0.007733 edge=0.007%
2026-08-18 23:53:29.975 +04:00 [INF] Opened futures paper hedge: BTCUSDT: LONG Bybit@64650.50 / SHORT OKX@64655.00 | net 0.007% (~0.03 USD)
2026-08-18 23:53:31.983 +04:00 [INF] FUT PAPER CLOSE BTCUSDT pnl=-0.5015 reason=converge
2026-08-18 23:53:31.984 +04:00 [INF] FUT PAPER OPEN BTCUSDT L:Bybit S:OKX qty=0.007733 edge=0.007%
2026-08-18 23:53:31.985 +04:00 [INF] Opened futures paper hedge: BTCUSDT: LONG Bybit@64650.50 / SHORT OKX@64655.00 | net 0.007% (~0.03 USD)
2026-08-18 23:53:33.997 +04:00 [INF] FUT PAPER CLOSE BTCUSDT pnl=-0.5039 reason=converge
2026-08-18 23:53:33.998 +04:00 [INF] FUT PAPER OPEN BTCUSDT L:Bybit S:OKX qty=0.007733 edge=0.007%
2026-08-18 23:53:33.999 +04:00 [INF] Opened futures paper hedge: BTCUSDT: LONG Bybit@64650.50 / SHORT OKX@64655.30 | net 0.007% (~0.04 USD)
2026-08-18 23:53:36.011 +04:00 [INF] FUT PAPER CLOSE BTCUSDT pnl=-0.5015 reason=converge
2026-08-18 23:53:36.014 +04:00 [INF] FUT PAPER OPEN BTCUSDT L:Bybit S:OKX qty=0.007733 edge=0.007%
2026-08-18 23:53:36.015 +04:00 [INF] Opened futures paper hedge: BTCUSDT: LONG Bybit@64650.50 / SHORT OKX@64655.30 | net 0.007% (~0.04 USD)
2026-08-18 23:53:38.016 +04:00 [INF] FUT PAPER CLOSE BTCUSDT pnl=-0.5015 reason=converge
2026-08-18 23:53:38.017 +04:00 [INF] FUT PAPER OPEN BTCUSDT L:Bybit S:OKX qty=0.007733 edge=0.007%
2026-08-18 23:53:38.018 +04:00 [INF] Opened futures paper hedge: BTCUSDT: LONG Bybit@64650.50 / SHORT OKX@64655.30 | net 0.007% (~0.04 USD)
2026-08-18 23:53:40.022 +04:00 [INF] FUT PAPER CLOSE BTCUSDT pnl=-0.5015 reason=converge
2026-08-18 23:53:40.024 +04:00 [INF] FUT PAPER OPEN BTCUSDT L:Bybit S:OKX qty=0.007733 edge=0.007%
2026-08-18 23:53:40.025 +04:00 [INF] Opened futures paper hedge: BTCUSDT: LONG Bybit@64650.50 / SHORT OKX@64655.30 | net 0.007% (~0.04 USD)
2026-08-18 23:53:42.035 +04:00 [INF] FUT PAPER CLOSE BTCUSDT pnl=-0.5015 reason=converge
2026-08-18 23:53:42.036 +04:00 [INF] FUT PAPER OPEN BTCUSDT L:Bybit S:OKX qty=0.007733 edge=0.007%
2026-08-18 23:53:42.037 +04:00 [INF] Opened futures paper hedge: BTCUSDT: LONG Bybit@64650.50 / SHORT OKX@64655.30 | net 0.007% (~0.04 USD)
2026-08-18 23:53:44.068 +04:00 [INF] FUT PAPER CLOSE BTCUSDT pnl=-0.5015 reason=converge
2026-08-18 23:53:44.069 +04:00 [INF] FUT PAPER OPEN BTCUSDT L:Bybit S:OKX qty=0.007733 edge=0.007%
2026-08-18 23:53:44.070 +04:00 [INF] Opened futures paper hedge: BTCUSDT: LONG Bybit@64650.50 / SHORT OKX@64655.30 | net 0.007% (~0.04 USD)
2026-08-18 23:53:46.083 +04:00 [INF] FUT PAPER CLOSE BTCUSDT pnl=-0.5015 reason=converge
2026-08-18 23:53:46.085 +04:00 [INF] FUT PAPER OPEN BTCUSDT L:Bybit S:OKX qty=0.007733 edge=0.007%
2026-08-18 23:53:46.086 +04:00 [INF] Opened futures paper hedge: BTCUSDT: LONG Bybit@64650.50 / SHORT OKX@64655.30 | net 0.007% (~0.04 USD)
2026-08-18 23:53:48.099 +04:00 [INF] FUT PAPER CLOSE BTCUSDT pnl=-0.5015 reason=converge
2026-08-18 23:53:48.100 +04:00 [INF] FUT PAPER OPEN BTCUSDT L:Bybit S:OKX qty=0.007733 edge=0.007%
2026-08-18 23:53:48.101 +04:00 [INF] Opened futures paper hedge: BTCUSDT: LONG Bybit@64650.50 / SHORT OKX@64655.30 | net 0.007% (~0.04 USD)
2026-08-18 23:53:50.113 +04:00 [INF] FUT PAPER CLOSE BTCUSDT pnl=-0.5015 reason=converge
2026-08-18 23:53:50.115 +04:00 [INF] FUT PAPER OPEN BTCUSDT L:Bybit S:OKX qty=0.007733 edge=0.007%
2026-08-18 23:53:50.121 +04:00 [INF] Opened futures paper hedge: BTCUSDT: LONG Bybit@64650.50 / SHORT OKX@64655.30 | net 0.007% (~0.04 USD)
2026-08-18 23:53:52.129 +04:00 [INF] FUT PAPER CLOSE BTCUSDT pnl=-0.5015 reason=converge
2026-08-18 23:53:52.131 +04:00 [INF] FUT PAPER OPEN BTCUSDT L:Bybit S:OKX qty=0.007733 edge=0.007%
2026-08-18 23:53:52.132 +04:00 [INF] Opened futures paper hedge: BTCUSDT: LONG Bybit@64650.50 / SHORT OKX@64655.30 | net 0.007% (~0.04 USD)
2026-08-18 23:53:54.146 +04:00 [INF] FUT PAPER CLOSE BTCUSDT pnl=-0.5015 reason=converge
2026-08-18 23:53:54.147 +04:00 [INF] FUT PAPER OPEN BTCUSDT L:Bybit S:OKX qty=0.007733 edge=0.007%
2026-08-18 23:53:54.148 +04:00 [INF] Opened futures paper hedge: BTCUSDT: LONG Bybit@64650.50 / SHORT OKX@64655.30 | net 0.007% (~0.04 USD)
2026-08-18 23:53:56.155 +04:00 [INF] FUT PAPER CLOSE BTCUSDT pnl=-0.5023 reason=converge
2026-08-18 23:53:56.157 +04:00 [INF] FUT PAPER OPEN BTCUSDT L:Bybit S:OKX qty=0.007734 edge=0.008%
2026-08-18 23:53:56.158 +04:00 [INF] Opened futures paper hedge: BTCUSDT: LONG Bybit@64645.00 / SHORT OKX@64649.90 | net 0.008% (~0.04 USD)
2026-08-18 23:53:58.172 +04:00 [INF] FUT PAPER CLOSE BTCUSDT pnl=-0.5015 reason=converge
2026-08-18 23:53:58.174 +04:00 [INF] FUT PAPER OPEN BTCUSDT L:Bybit S:OKX qty=0.007734 edge=0.008%
2026-08-18 23:53:58.175 +04:00 [INF] Opened futures paper hedge: BTCUSDT: LONG Bybit@64645.00 / SHORT OKX@64649.90 | net 0.008% (~0.04 USD)
2026-08-18 23:54:00.189 +04:00 [INF] FUT PAPER CLOSE BTCUSDT pnl=-0.5015 reason=converge
2026-08-18 23:54:00.190 +04:00 [INF] FUT PAPER OPEN BTCUSDT L:Bybit S:OKX qty=0.007734 edge=0.008%
2026-08-18 23:54:00.191 +04:00 [INF] Opened futures paper hedge: BTCUSDT: LONG Bybit@64645.00 / SHORT OKX@64649.90 | net 0.008% (~0.04 USD)
2026-08-18 23:54:02.200 +04:00 [INF] FUT PAPER CLOSE BTCUSDT pnl=-0.5015 reason=converge
2026-08-18 23:54:02.202 +04:00 [INF] FUT PAPER OPEN BTCUSDT L:Bybit S:OKX qty=0.007734 edge=0.008%
2026-08-18 23:54:02.203 +04:00 [INF] Opened futures paper hedge: BTCUSDT: LONG Bybit@64645.00 / SHORT OKX@64649.90 | net 0.008% (~0.04 USD)
2026-08-18 23:54:04.215 +04:00 [INF] FUT PAPER CLOSE BTCUSDT pnl=-0.5015 reason=converge
2026-08-18 23:54:04.217 +04:00 [INF] FUT PAPER OPEN BTCUSDT L:Bybit S:OKX qty=0.007734 edge=0.008%
2026-08-18 23:54:04.218 +04:00 [INF] Opened futures paper hedge: BTCUSDT: LONG Bybit@64645.00 / SHORT OKX@64649.90 | net 0.008% (~0.04 USD)
2026-08-18 23:54:06.221 +04:00 [INF] FUT PAPER CLOSE BTCUSDT pnl=-0.5015 reason=converge
2026-08-18 23:54:06.223 +04:00 [INF] FUT PAPER OPEN BTCUSDT L:Bybit S:OKX qty=0.007734 edge=0.008%
2026-08-18 23:54:06.227 +04:00 [INF] Opened futures paper hedge: BTCUSDT: LONG Bybit@64645.00 / SHORT OKX@64649.90 | net 0.008% (~0.04 USD)
2026-08-18 23:54:08.235 +04:00 [INF] FUT PAPER CLOSE BTCUSDT pnl=-0.5015 reason=converge
2026-08-18 23:54:08.236 +04:00 [INF] FUT PAPER OPEN BTCUSDT L:Bybit S:OKX qty=0.007734 edge=0.008%
2026-08-18 23:54:08.237 +04:00 [INF] Opened futures paper hedge: BTCUSDT: LONG Bybit@64645.00 / SHORT OKX@64649.90 | net 0.008% (~0.04 USD)
2026-08-18 23:54:10.247 +04:00 [INF] FUT PAPER CLOSE BTCUSDT pnl=-0.5015 reason=converge
2026-08-18 23:54:10.248 +04:00 [INF] FUT PAPER OPEN ETHUSDT L:Binance S:OKX qty=0.261277 edge=0.011%
2026-08-18 23:54:10.249 +04:00 [INF] Opened futures paper hedge: ETHUSDT: LONG Binance@1913.46 / SHORT OKX@1913.68 | net 0.011% (~0.06 USD)
2026-08-18 23:54:12.262 +04:00 [INF] FUT PAPER CLOSE ETHUSDT pnl=-0.5052 reason=converge
2026-08-18 23:54:12.264 +04:00 [INF] FUT PAPER OPEN ETHUSDT L:Binance S:OKX qty=0.261277 edge=0.011%
2026-08-18 23:54:12.266 +04:00 [INF] Opened futures paper hedge: ETHUSDT: LONG Binance@1913.46 / SHORT OKX@1913.68 | net 0.011% (~0.06 USD)
2026-08-18 23:54:14.278 +04:00 [INF] FUT PAPER CLOSE ETHUSDT pnl=-0.5052 reason=converge
2026-08-18 23:54:14.279 +04:00 [INF] FUT PAPER OPEN SOLUSDT L:OKX S:Binance qty=6.488451 edge=0.013%
2026-08-18 23:54:14.280 +04:00 [INF] Opened futures paper hedge: SOLUSDT: LONG OKX@77.05 / SHORT Binance@77.06 | net 0.013% (~0.06 USD)
2026-08-18 23:54:16.290 +04:00 [INF] FUT PAPER CLOSE SOLUSDT pnl=-0.5000 reason=converge
2026-08-18 23:54:16.291 +04:00 [INF] FUT PAPER OPEN ETHUSDT L:Binance S:Bybit qty=0.261315 edge=0.014%
2026-08-18 23:54:16.293 +04:00 [INF] Opened futures paper hedge: ETHUSDT: LONG Binance@1913.14 / SHORT Bybit@1913.40 | net 0.014% (~0.07 USD)
2026-08-18 23:54:18.303 +04:00 [INF] FUT PAPER CLOSE ETHUSDT pnl=-0.5052 reason=converge
2026-08-18 23:54:18.305 +04:00 [INF] FUT PAPER OPEN ETHUSDT L:Binance S:Bybit qty=0.261315 edge=0.014%
2026-08-18 23:54:18.306 +04:00 [INF] Opened futures paper hedge: ETHUSDT: LONG Binance@1913.14 / SHORT Bybit@1913.40 | net 0.014% (~0.07 USD)
2026-08-18 23:54:20.321 +04:00 [INF] FUT PAPER CLOSE ETHUSDT pnl=-0.4948 reason=converge
2026-08-18 23:54:20.322 +04:00 [INF] FUT PAPER OPEN ETHUSDT L:Binance S:Bybit qty=0.261303 edge=0.011%
2026-08-18 23:54:20.324 +04:00 [INF] Opened futures paper hedge: ETHUSDT: LONG Binance@1913.27 / SHORT Bybit@1913.49 | net 0.011% (~0.06 USD)
2026-08-18 23:54:22.333 +04:00 [INF] FUT PAPER CLOSE ETHUSDT pnl=-0.5026 reason=converge
2026-08-18 23:54:22.336 +04:00 [INF] FUT PAPER OPEN ETHUSDT L:Binance S:Bybit qty=0.261304 edge=0.011%
2026-08-18 23:54:22.337 +04:00 [INF] Opened futures paper hedge: ETHUSDT: LONG Binance@1913.27 / SHORT Bybit@1913.48 | net 0.011% (~0.05 USD)
2026-08-18 23:54:24.342 +04:00 [INF] FUT PAPER CLOSE ETHUSDT pnl=-0.5052 reason=converge
2026-08-18 23:54:24.344 +04:00 [INF] FUT PAPER OPEN ETHUSDT L:Binance S:Bybit qty=0.261304 edge=0.011%
2026-08-18 23:54:24.348 +04:00 [INF] Opened futures paper hedge: ETHUSDT: LONG Binance@1913.27 / SHORT Bybit@1913.48 | net 0.011% (~0.05 USD)
2026-08-18 23:54:26.361 +04:00 [INF] FUT PAPER CLOSE ETHUSDT pnl=-0.5052 reason=converge
2026-08-18 23:54:26.363 +04:00 [INF] FUT PAPER OPEN ETHUSDT L:Binance S:Bybit qty=0.261304 edge=0.011%
2026-08-18 23:54:26.365 +04:00 [INF] Opened futures paper hedge: ETHUSDT: LONG Binance@1913.27 / SHORT Bybit@1913.48 | net 0.011% (~0.05 USD)
2026-08-18 23:54:28.373 +04:00 [INF] FUT PAPER CLOSE ETHUSDT pnl=-0.5026 reason=converge
2026-08-18 23:54:28.374 +04:00 [INF] FUT PAPER OPEN ETHUSDT L:Binance S:Bybit qty=0.261305 edge=0.010%
2026-08-18 23:54:28.378 +04:00 [INF] Opened futures paper hedge: ETHUSDT: LONG Binance@1913.27 / SHORT Bybit@1913.47 | net 0.010% (~0.05 USD)
2026-08-18 23:54:30.382 +04:00 [INF] FUT PAPER CLOSE ETHUSDT pnl=-0.5052 reason=converge
2026-08-18 23:54:30.384 +04:00 [INF] FUT PAPER OPEN ETHUSDT L:Binance S:Bybit qty=0.261305 edge=0.010%
2026-08-18 23:54:30.388 +04:00 [INF] Opened futures paper hedge: ETHUSDT: LONG Binance@1913.27 / SHORT Bybit@1913.47 | net 0.010% (~0.05 USD)
2026-08-18 23:54:32.397 +04:00 [INF] FUT PAPER CLOSE ETHUSDT pnl=-0.4764 reason=converge
2026-08-18 23:54:32.398 +04:00 [INF] FUT PAPER OPEN BTCUSDT L:Bybit S:OKX qty=0.007734 edge=0.008%
2026-08-18 23:54:32.399 +04:00 [INF] Opened futures paper hedge: BTCUSDT: LONG Bybit@64645.00 / SHORT OKX@64649.90 | net 0.008% (~0.04 USD)
2026-08-18 23:54:34.412 +04:00 [INF] FUT PAPER CLOSE BTCUSDT pnl=-0.5115 reason=converge
2026-08-18 23:54:34.413 +04:00 [INF] FUT PAPER OPEN BTCUSDT L:Bybit S:OKX qty=0.007735 edge=0.010%
2026-08-18 23:54:34.415 +04:00 [INF] Opened futures paper hedge: BTCUSDT: LONG Bybit@64634.20 / SHORT OKX@64640.40 | net 0.010% (~0.05 USD)
2026-08-18 23:54:36.430 +04:00 [INF] FUT PAPER CLOSE BTCUSDT pnl=-0.4984 reason=converge
2026-08-18 23:54:36.431 +04:00 [INF] FUT PAPER OPEN BTCUSDT L:Bybit S:OKX qty=0.007735 edge=0.009%
2026-08-18 23:54:36.433 +04:00 [INF] Opened futures paper hedge: BTCUSDT: LONG Bybit@64634.20 / SHORT OKX@64640.00 | net 0.009% (~0.04 USD)
2026-08-18 23:54:38.451 +04:00 [INF] FUT PAPER CLOSE BTCUSDT pnl=-0.5015 reason=converge
2026-08-18 23:54:38.452 +04:00 [INF] FUT PAPER OPEN BTCUSDT L:Bybit S:OKX qty=0.007735 edge=0.009%
2026-08-18 23:54:38.453 +04:00 [INF] Opened futures paper hedge: BTCUSDT: LONG Bybit@64634.20 / SHORT OKX@64640.00 | net 0.009% (~0.04 USD)
2026-08-18 23:54:40.468 +04:00 [INF] FUT PAPER CLOSE BTCUSDT pnl=-0.5015 reason=converge
2026-08-18 23:54:40.469 +04:00 [INF] FUT PAPER OPEN BTCUSDT L:Bybit S:OKX qty=0.007735 edge=0.009%
2026-08-18 23:54:40.470 +04:00 [INF] Opened futures paper hedge: BTCUSDT: LONG Bybit@64634.20 / SHORT OKX@64640.00 | net 0.009% (~0.04 USD)
2026-08-18 23:54:42.483 +04:00 [INF] FUT PAPER CLOSE BTCUSDT pnl=-0.4853 reason=converge
2026-08-18 23:54:42.485 +04:00 [INF] FUT PAPER OPEN BTCUSDT L:Bybit S:Binance qty=0.007736 edge=0.006%
2026-08-18 23:54:42.486 +04:00 [INF] Opened futures paper hedge: BTCUSDT: LONG Bybit@64632.50 / SHORT Binance@64636.60 | net 0.006% (~0.03 USD)
2026-08-18 23:54:44.493 +04:00 [INF] FUT PAPER CLOSE BTCUSDT pnl=-0.5015 reason=converge
2026-08-18 23:54:44.495 +04:00 [INF] FUT PAPER OPEN ETHUSDT L:Binance S:OKX qty=0.261356 edge=0.009%
2026-08-18 23:54:44.499 +04:00 [INF] Opened futures paper hedge: ETHUSDT: LONG Binance@1912.93 / SHORT OKX@1913.10 | net 0.009% (~0.04 USD)
2026-08-18 23:54:46.510 +04:00 [INF] FUT PAPER CLOSE ETHUSDT pnl=-0.5052 reason=converge
2026-08-18 23:54:46.511 +04:00 [INF] FUT PAPER OPEN ETHUSDT L:Binance S:OKX qty=0.261356 edge=0.009%
2026-08-18 23:54:46.512 +04:00 [INF] Opened futures paper hedge: ETHUSDT: LONG Binance@1912.93 / SHORT OKX@1913.10 | net 0.009% (~0.04 USD)
2026-08-18 23:54:48.527 +04:00 [INF] FUT PAPER CLOSE ETHUSDT pnl=-0.5052 reason=converge
2026-08-18 23:54:48.528 +04:00 [INF] FUT PAPER OPEN ETHUSDT L:Binance S:OKX qty=0.261356 edge=0.009%
2026-08-18 23:54:48.529 +04:00 [INF] Opened futures paper hedge: ETHUSDT: LONG Binance@1912.93 / SHORT OKX@1913.10 | net 0.009% (~0.04 USD)
2026-08-18 23:54:50.536 +04:00 [INF] FUT PAPER CLOSE ETHUSDT pnl=-0.5052 reason=converge
2026-08-18 23:54:50.537 +04:00 [INF] FUT PAPER OPEN ETHUSDT L:Binance S:OKX qty=0.261356 edge=0.009%
2026-08-18 23:54:50.538 +04:00 [INF] Opened futures paper hedge: ETHUSDT: LONG Binance@1912.93 / SHORT OKX@1913.10 | net 0.009% (~0.04 USD)
2026-08-18 23:54:52.555 +04:00 [INF] FUT PAPER CLOSE ETHUSDT pnl=-0.5052 reason=converge
2026-08-18 23:54:52.557 +04:00 [INF] FUT PAPER OPEN ETHUSDT L:Binance S:OKX qty=0.261356 edge=0.009%
2026-08-18 23:54:52.558 +04:00 [INF] Opened futures paper hedge: ETHUSDT: LONG Binance@1912.93 / SHORT OKX@1913.10 | net 0.009% (~0.04 USD)
2026-08-18 23:54:54.574 +04:00 [INF] FUT PAPER CLOSE ETHUSDT pnl=-0.5052 reason=converge
2026-08-18 23:54:54.578 +04:00 [INF] FUT PAPER OPEN ETHUSDT L:Binance S:OKX qty=0.261356 edge=0.009%
2026-08-18 23:54:54.580 +04:00 [INF] Opened futures paper hedge: ETHUSDT: LONG Binance@1912.93 / SHORT OKX@1913.10 | net 0.009% (~0.04 USD)
2026-08-18 23:54:56.588 +04:00 [INF] FUT PAPER CLOSE ETHUSDT pnl=-0.5052 reason=converge
2026-08-18 23:54:56.589 +04:00 [INF] FUT PAPER OPEN ETHUSDT L:Binance S:OKX qty=0.261356 edge=0.009%
2026-08-18 23:54:56.591 +04:00 [INF] Opened futures paper hedge: ETHUSDT: LONG Binance@1912.93 / SHORT OKX@1913.10 | net 0.009% (~0.04 USD)
2026-08-18 23:54:58.602 +04:00 [INF] FUT PAPER CLOSE ETHUSDT pnl=-0.5052 reason=converge
2026-08-18 23:54:58.603 +04:00 [INF] FUT PAPER OPEN ETHUSDT L:Binance S:OKX qty=0.261356 edge=0.009%
2026-08-18 23:54:58.605 +04:00 [INF] Opened futures paper hedge: ETHUSDT: LONG Binance@1912.93 / SHORT OKX@1913.10 | net 0.009% (~0.04 USD)
2026-08-18 23:55:00.614 +04:00 [INF] FUT PAPER CLOSE ETHUSDT pnl=-0.5052 reason=converge
2026-08-18 23:55:00.615 +04:00 [INF] FUT PAPER OPEN ETHUSDT L:Binance S:OKX qty=0.261356 edge=0.009%
2026-08-18 23:55:00.617 +04:00 [INF] Opened futures paper hedge: ETHUSDT: LONG Binance@1912.93 / SHORT OKX@1913.10 | net 0.009% (~0.04 USD)
2026-08-18 23:55:02.627 +04:00 [INF] FUT PAPER CLOSE ETHUSDT pnl=-0.5052 reason=converge
2026-08-18 23:55:02.628 +04:00 [INF] FUT PAPER OPEN ETHUSDT L:Binance S:OKX qty=0.261356 edge=0.009%
2026-08-18 23:55:02.629 +04:00 [INF] Opened futures paper hedge: ETHUSDT: LONG Binance@1912.93 / SHORT OKX@1913.10 | net 0.009% (~0.04 USD)
2026-08-18 23:55:04.642 +04:00 [INF] FUT PAPER CLOSE ETHUSDT pnl=-0.5052 reason=converge
2026-08-18 23:55:04.644 +04:00 [INF] FUT PAPER OPEN ETHUSDT L:Binance S:OKX qty=0.261356 edge=0.009%
2026-08-18 23:55:04.645 +04:00 [INF] Opened futures paper hedge: ETHUSDT: LONG Binance@1912.93 / SHORT OKX@1913.10 | net 0.009% (~0.04 USD)
2026-08-18 23:55:06.651 +04:00 [INF] FUT PAPER CLOSE ETHUSDT pnl=-0.5052 reason=converge
2026-08-18 23:55:06.652 +04:00 [INF] FUT PAPER OPEN ETHUSDT L:Binance S:OKX qty=0.261356 edge=0.009%
2026-08-18 23:55:06.653 +04:00 [INF] Opened futures paper hedge: ETHUSDT: LONG Binance@1912.93 / SHORT OKX@1913.10 | net 0.009% (~0.04 USD)
2026-08-18 23:55:08.667 +04:00 [INF] FUT PAPER CLOSE ETHUSDT pnl=-0.5052 reason=converge
2026-08-18 23:55:08.668 +04:00 [INF] FUT PAPER OPEN ETHUSDT L:Binance S:OKX qty=0.261356 edge=0.009%
2026-08-18 23:55:08.669 +04:00 [INF] Opened futures paper hedge: ETHUSDT: LONG Binance@1912.93 / SHORT OKX@1913.10 | net 0.009% (~0.04 USD)
2026-08-18 23:55:10.686 +04:00 [INF] FUT PAPER CLOSE ETHUSDT pnl=-0.5052 reason=converge
2026-08-18 23:55:10.687 +04:00 [INF] FUT PAPER OPEN ETHUSDT L:Binance S:OKX qty=0.261356 edge=0.009%
2026-08-18 23:55:10.689 +04:00 [INF] Opened futures paper hedge: ETHUSDT: LONG Binance@1912.93 / SHORT OKX@1913.10 | net 0.009% (~0.04 USD)
2026-08-18 23:55:12.703 +04:00 [INF] FUT PAPER CLOSE ETHUSDT pnl=-0.5052 reason=converge
2026-08-18 23:55:12.704 +04:00 [INF] FUT PAPER OPEN ETHUSDT L:Binance S:OKX qty=0.261356 edge=0.009%
2026-08-18 23:55:12.705 +04:00 [INF] Opened futures paper hedge: ETHUSDT: LONG Binance@1912.93 / SHORT OKX@1913.10 | net 0.009% (~0.04 USD)
2026-08-18 23:55:14.716 +04:00 [INF] FUT PAPER CLOSE ETHUSDT pnl=-0.5052 reason=converge
2026-08-18 23:55:14.717 +04:00 [INF] FUT PAPER OPEN ETHUSDT L:Binance S:OKX qty=0.261356 edge=0.009%
2026-08-18 23:55:14.719 +04:00 [INF] Opened futures paper hedge: ETHUSDT: LONG Binance@1912.93 / SHORT OKX@1913.10 | net 0.009% (~0.04 USD)
2026-08-18 23:55:16.730 +04:00 [INF] FUT PAPER CLOSE ETHUSDT pnl=-0.5052 reason=converge
2026-08-18 23:55:16.735 +04:00 [INF] FUT PAPER OPEN ETHUSDT L:Binance S:OKX qty=0.261356 edge=0.009%
2026-08-18 23:55:16.738 +04:00 [INF] Opened futures paper hedge: ETHUSDT: LONG Binance@1912.93 / SHORT OKX@1913.10 | net 0.009% (~0.04 USD)
2026-08-18 23:55:18.754 +04:00 [INF] FUT PAPER CLOSE ETHUSDT pnl=-0.5052 reason=converge
2026-08-18 23:55:18.756 +04:00 [INF] FUT PAPER OPEN ETHUSDT L:Binance S:OKX qty=0.261356 edge=0.009%
2026-08-18 23:55:18.757 +04:00 [INF] Opened futures paper hedge: ETHUSDT: LONG Binance@1912.93 / SHORT OKX@1913.10 | net 0.009% (~0.04 USD)
2026-08-18 23:55:20.770 +04:00 [INF] FUT PAPER CLOSE ETHUSDT pnl=-0.5052 reason=converge
2026-08-18 23:55:20.771 +04:00 [INF] FUT PAPER OPEN ETHUSDT L:Binance S:OKX qty=0.261356 edge=0.009%
2026-08-18 23:55:20.772 +04:00 [INF] Opened futures paper hedge: ETHUSDT: LONG Binance@1912.93 / SHORT OKX@1913.10 | net 0.009% (~0.04 USD)
2026-08-18 23:55:22.782 +04:00 [INF] FUT PAPER CLOSE ETHUSDT pnl=-0.4791 reason=converge
2026-08-18 23:55:22.783 +04:00 [INF] FUT PAPER OPEN ETHUSDT L:Binance S:Bybit qty=0.261359 edge=0.008%
2026-08-18 23:55:22.785 +04:00 [INF] Opened futures paper hedge: ETHUSDT: LONG Binance@1912.93 / SHORT Bybit@1913.08 | net 0.008% (~0.04 USD)
2026-08-18 23:55:24.791 +04:00 [INF] FUT PAPER CLOSE ETHUSDT pnl=-0.5052 reason=converge
2026-08-18 23:55:24.792 +04:00 [INF] FUT PAPER OPEN ETHUSDT L:Binance S:Bybit qty=0.261359 edge=0.008%
2026-08-18 23:55:24.793 +04:00 [INF] Opened futures paper hedge: ETHUSDT: LONG Binance@1912.93 / SHORT Bybit@1913.08 | net 0.008% (~0.04 USD)
2026-08-18 23:55:26.803 +04:00 [INF] FUT PAPER CLOSE ETHUSDT pnl=-0.4791 reason=converge
2026-08-18 23:55:26.805 +04:00 [INF] FUT PAPER OPEN ETHUSDT L:Binance S:OKX qty=0.261370 edge=0.005%
2026-08-18 23:55:26.806 +04:00 [INF] Opened futures paper hedge: ETHUSDT: LONG Binance@1912.91 / SHORT OKX@1913.00 | net 0.005% (~0.02 USD)
2026-08-18 23:55:28.821 +04:00 [INF] FUT PAPER CLOSE ETHUSDT pnl=-0.5052 reason=converge
2026-08-18 23:55:28.822 +04:00 [INF] FUT PAPER OPEN BTCUSDT L:Binance S:Bybit qty=0.007736 edge=0.006%
2026-08-18 23:55:28.823 +04:00 [INF] Opened futures paper hedge: BTCUSDT: LONG Binance@64626.30 / SHORT Bybit@64630.00 | net 0.006% (~0.03 USD)
2026-08-18 23:55:30.836 +04:00 [INF] FUT PAPER CLOSE BTCUSDT pnl=-0.5015 reason=converge
2026-08-18 23:55:30.837 +04:00 [INF] FUT PAPER OPEN BTCUSDT L:Binance S:Bybit qty=0.007736 edge=0.006%
2026-08-18 23:55:30.839 +04:00 [INF] Opened futures paper hedge: BTCUSDT: LONG Binance@64626.30 / SHORT Bybit@64630.00 | net 0.006% (~0.03 USD)
2026-08-18 23:55:32.849 +04:00 [INF] FUT PAPER CLOSE BTCUSDT pnl=-0.4628 reason=converge
2026-08-18 23:55:32.850 +04:00 [INF] FUT PAPER OPEN BTCUSDT L:Bybit S:OKX qty=0.007736 edge=0.006%
2026-08-18 23:55:32.851 +04:00 [INF] Opened futures paper hedge: BTCUSDT: LONG Bybit@64625.10 / SHORT OKX@64629.20 | net 0.006% (~0.03 USD)
2026-08-18 23:55:34.864 +04:00 [INF] FUT PAPER CLOSE BTCUSDT pnl=-0.5015 reason=converge
2026-08-18 23:55:34.866 +04:00 [INF] FUT PAPER OPEN BTCUSDT L:Bybit S:OKX qty=0.007736 edge=0.006%
2026-08-18 23:55:34.867 +04:00 [INF] Opened futures paper hedge: BTCUSDT: LONG Bybit@64625.10 / SHORT OKX@64629.20 | net 0.006% (~0.03 USD)
2026-08-18 23:55:36.876 +04:00 [INF] FUT PAPER CLOSE BTCUSDT pnl=-0.5023 reason=converge
2026-08-18 23:55:36.878 +04:00 [INF] FUT PAPER OPEN BTCUSDT L:Bybit S:OKX qty=0.007736 edge=0.006%
2026-08-18 23:55:36.879 +04:00 [INF] Opened futures paper hedge: BTCUSDT: LONG Bybit@64625.00 / SHORT OKX@64629.20 | net 0.006% (~0.03 USD)
2026-08-18 23:55:38.894 +04:00 [INF] FUT PAPER CLOSE BTCUSDT pnl=-0.5015 reason=converge
2026-08-18 23:55:38.896 +04:00 [INF] FUT PAPER OPEN BTCUSDT L:Binance S:OKX qty=0.007736 edge=0.011%
2026-08-18 23:55:38.897 +04:00 [INF] Opened futures paper hedge: BTCUSDT: LONG Binance@64622.00 / SHORT OKX@64629.20 | net 0.011% (~0.06 USD)
2026-08-18 23:55:40.913 +04:00 [INF] FUT PAPER CLOSE BTCUSDT pnl=-0.5015 reason=converge
2026-08-18 23:55:40.914 +04:00 [INF] FUT PAPER OPEN BTCUSDT L:Binance S:OKX qty=0.007736 edge=0.011%
2026-08-18 23:55:40.918 +04:00 [INF] Opened futures paper hedge: BTCUSDT: LONG Binance@64622.00 / SHORT OKX@64629.20 | net 0.011% (~0.06 USD)
2026-08-18 23:55:42.925 +04:00 [INF] FUT PAPER CLOSE BTCUSDT pnl=-0.5015 reason=converge
2026-08-18 23:55:42.926 +04:00 [INF] FUT PAPER OPEN BTCUSDT L:Binance S:OKX qty=0.007736 edge=0.011%
2026-08-18 23:55:42.930 +04:00 [INF] Opened futures paper hedge: BTCUSDT: LONG Binance@64622.00 / SHORT OKX@64629.20 | net 0.011% (~0.06 USD)
2026-08-18 23:55:44.934 +04:00 [INF] FUT PAPER CLOSE BTCUSDT pnl=-0.5015 reason=converge
2026-08-18 23:55:44.936 +04:00 [INF] FUT PAPER OPEN BTCUSDT L:Binance S:OKX qty=0.007736 edge=0.011%
2026-08-18 23:55:44.937 +04:00 [INF] Opened futures paper hedge: BTCUSDT: LONG Binance@64622.00 / SHORT OKX@64629.20 | net 0.011% (~0.06 USD)
2026-08-18 23:55:46.948 +04:00 [INF] FUT PAPER CLOSE BTCUSDT pnl=-0.5015 reason=converge
2026-08-18 23:55:46.949 +04:00 [INF] FUT PAPER OPEN BTCUSDT L:Binance S:OKX qty=0.007736 edge=0.011%
2026-08-18 23:55:46.950 +04:00 [INF] Opened futures paper hedge: BTCUSDT: LONG Binance@64622.00 / SHORT OKX@64629.20 | net 0.011% (~0.06 USD)
2026-08-18 23:55:48.961 +04:00 [INF] FUT PAPER CLOSE BTCUSDT pnl=-0.5015 reason=converge
2026-08-18 23:55:48.963 +04:00 [INF] FUT PAPER OPEN BTCUSDT L:Binance S:OKX qty=0.007736 edge=0.011%
2026-08-18 23:55:48.964 +04:00 [INF] Opened futures paper hedge: BTCUSDT: LONG Binance@64622.00 / SHORT OKX@64629.20 | net 0.011% (~0.06 USD)
2026-08-18 23:55:50.967 +04:00 [INF] FUT PAPER CLOSE BTCUSDT pnl=-0.5015 reason=converge
2026-08-18 23:55:50.968 +04:00 [INF] FUT PAPER OPEN BTCUSDT L:Binance S:OKX qty=0.007736 edge=0.011%
2026-08-18 23:55:50.969 +04:00 [INF] Opened futures paper hedge: BTCUSDT: LONG Binance@64622.00 / SHORT OKX@64629.20 | net 0.011% (~0.06 USD)
2026-08-18 23:55:52.981 +04:00 [INF] FUT PAPER CLOSE BTCUSDT pnl=-0.5015 reason=converge
2026-08-18 23:55:52.982 +04:00 [INF] FUT PAPER OPEN BTCUSDT L:Binance S:OKX qty=0.007736 edge=0.011%
2026-08-18 23:55:52.983 +04:00 [INF] Opened futures paper hedge: BTCUSDT: LONG Binance@64622.00 / SHORT OKX@64629.20 | net 0.011% (~0.06 USD)
2026-08-18 23:55:54.995 +04:00 [INF] FUT PAPER CLOSE BTCUSDT pnl=-0.5015 reason=converge
2026-08-18 23:55:54.996 +04:00 [INF] FUT PAPER OPEN BTCUSDT L:Binance S:OKX qty=0.007736 edge=0.011%
2026-08-18 23:55:54.997 +04:00 [INF] Opened futures paper hedge: BTCUSDT: LONG Binance@64622.00 / SHORT OKX@64629.20 | net 0.011% (~0.06 USD)
2026-08-18 23:55:57.003 +04:00 [INF] FUT PAPER CLOSE BTCUSDT pnl=-0.5015 reason=converge
2026-08-18 23:55:57.005 +04:00 [INF] FUT PAPER OPEN BTCUSDT L:Binance S:OKX qty=0.007736 edge=0.011%
2026-08-18 23:55:57.006 +04:00 [INF] Opened futures paper hedge: BTCUSDT: LONG Binance@64622.00 / SHORT OKX@64629.20 | net 0.011% (~0.06 USD)
2026-08-18 23:55:59.012 +04:00 [INF] FUT PAPER CLOSE BTCUSDT pnl=-0.4783 reason=converge
2026-08-18 23:55:59.014 +04:00 [INF] FUT PAPER OPEN BTCUSDT L:Bybit S:OKX qty=0.007736 edge=0.008%
2026-08-18 23:55:59.015 +04:00 [INF] Opened futures paper hedge: BTCUSDT: LONG Bybit@64625.00 / SHORT OKX@64629.90 | net 0.008% (~0.04 USD)
2026-08-18 23:56:01.018 +04:00 [INF] FUT PAPER CLOSE BTCUSDT pnl=-0.5015 reason=converge
2026-08-18 23:56:01.019 +04:00 [INF] FUT PAPER OPEN BTCUSDT L:Bybit S:OKX qty=0.007736 edge=0.008%
2026-08-18 23:56:01.021 +04:00 [INF] Opened futures paper hedge: BTCUSDT: LONG Bybit@64625.00 / SHORT OKX@64629.90 | net 0.008% (~0.04 USD)
2026-08-18 23:56:03.027 +04:00 [INF] FUT PAPER CLOSE BTCUSDT pnl=-0.4946 reason=converge
2026-08-18 23:56:03.028 +04:00 [INF] FUT PAPER OPEN ETHUSDT L:Binance S:Bybit qty=0.261344 edge=0.014%
2026-08-18 23:56:03.030 +04:00 [INF] Opened futures paper hedge: ETHUSDT: LONG Binance@1912.93 / SHORT Bybit@1913.19 | net 0.014% (~0.07 USD)
2026-08-18 23:56:05.039 +04:00 [INF] FUT PAPER CLOSE ETHUSDT pnl=-0.5052 reason=converge
2026-08-18 23:56:05.041 +04:00 [INF] FUT PAPER OPEN ETHUSDT L:Binance S:Bybit qty=0.261344 edge=0.014%
2026-08-18 23:56:05.043 +04:00 [INF] Opened futures paper hedge: ETHUSDT: LONG Binance@1912.93 / SHORT Bybit@1913.19 | net 0.014% (~0.07 USD)
2026-08-18 23:56:07.044 +04:00 [INF] FUT PAPER CLOSE ETHUSDT pnl=-0.4869 reason=converge
2026-08-18 23:56:07.046 +04:00 [INF] FUT PAPER OPEN BTCUSDT L:Binance S:OKX qty=0.007735 edge=0.013%
2026-08-18 23:56:07.047 +04:00 [INF] Opened futures paper hedge: BTCUSDT: LONG Binance@64630.90 / SHORT OKX@64639.10 | net 0.013% (~0.06 USD)
2026-08-18 23:56:09.054 +04:00 [INF] FUT PAPER CLOSE BTCUSDT pnl=-0.5015 reason=converge
2026-08-18 23:56:09.055 +04:00 [INF] FUT PAPER OPEN BTCUSDT L:Binance S:OKX qty=0.007735 edge=0.013%
2026-08-18 23:56:09.057 +04:00 [INF] Opened futures paper hedge: BTCUSDT: LONG Binance@64630.90 / SHORT OKX@64639.10 | net 0.013% (~0.06 USD)
2026-08-18 23:56:11.067 +04:00 [INF] FUT PAPER CLOSE BTCUSDT pnl=-0.4652 reason=converge
2026-08-18 23:56:11.068 +04:00 [INF] FUT PAPER OPEN BTCUSDT L:Bybit S:OKX qty=0.007735 edge=0.011%
2026-08-18 23:56:11.070 +04:00 [INF] Opened futures paper hedge: BTCUSDT: LONG Bybit@64632.10 / SHORT OKX@64639.10 | net 0.011% (~0.05 USD)
2026-08-18 23:56:13.082 +04:00 [INF] FUT PAPER CLOSE BTCUSDT pnl=-0.5015 reason=converge
2026-08-18 23:56:13.083 +04:00 [INF] FUT PAPER OPEN BTCUSDT L:Bybit S:OKX qty=0.007735 edge=0.011%
2026-08-18 23:56:13.084 +04:00 [INF] Opened futures paper hedge: BTCUSDT: LONG Bybit@64632.10 / SHORT OKX@64639.10 | net 0.011% (~0.05 USD)
2026-08-18 23:56:15.090 +04:00 [INF] FUT PAPER CLOSE BTCUSDT pnl=-0.5015 reason=converge
2026-08-18 23:56:15.091 +04:00 [INF] FUT PAPER OPEN BTCUSDT L:Bybit S:OKX qty=0.007735 edge=0.011%
2026-08-18 23:56:15.093 +04:00 [INF] Opened futures paper hedge: BTCUSDT: LONG Bybit@64632.10 / SHORT OKX@64639.10 | net 0.011% (~0.05 USD)
2026-08-18 23:56:17.104 +04:00 [INF] FUT PAPER CLOSE BTCUSDT pnl=-0.5015 reason=converge
2026-08-18 23:56:17.105 +04:00 [INF] FUT PAPER OPEN BTCUSDT L:Bybit S:OKX qty=0.007735 edge=0.011%
2026-08-18 23:56:17.106 +04:00 [INF] Opened futures paper hedge: BTCUSDT: LONG Bybit@64632.10 / SHORT OKX@64639.10 | net 0.011% (~0.05 USD)
2026-08-18 23:56:19.117 +04:00 [INF] FUT PAPER CLOSE BTCUSDT pnl=-0.5015 reason=converge
2026-08-18 23:56:19.118 +04:00 [INF] FUT PAPER OPEN BTCUSDT L:Bybit S:OKX qty=0.007735 edge=0.011%
2026-08-18 23:56:19.120 +04:00 [INF] Opened futures paper hedge: BTCUSDT: LONG Bybit@64632.10 / SHORT OKX@64639.10 | net 0.011% (~0.05 USD)
2026-08-18 23:56:21.123 +04:00 [INF] FUT PAPER CLOSE BTCUSDT pnl=-0.5015 reason=converge
2026-08-18 23:56:21.124 +04:00 [INF] FUT PAPER OPEN BTCUSDT L:Bybit S:OKX qty=0.007735 edge=0.011%
2026-08-18 23:56:21.125 +04:00 [INF] Opened futures paper hedge: BTCUSDT: LONG Bybit@64632.10 / SHORT OKX@64639.10 | net 0.011% (~0.05 USD)
2026-08-18 23:56:23.145 +04:00 [INF] FUT PAPER CLOSE BTCUSDT pnl=-0.5077 reason=converge
2026-08-18 23:56:23.147 +04:00 [INF] FUT PAPER OPEN BTCUSDT L:Bybit S:OKX qty=0.007735 edge=0.012%
2026-08-18 23:56:23.148 +04:00 [INF] Opened futures paper hedge: BTCUSDT: LONG Bybit@64632.10 / SHORT OKX@64639.90 | net 0.012% (~0.06 USD)
2026-08-18 23:56:25.161 +04:00 [INF] FUT PAPER CLOSE BTCUSDT pnl=-0.5015 reason=converge
2026-08-18 23:56:25.162 +04:00 [INF] FUT PAPER OPEN BTCUSDT L:Bybit S:OKX qty=0.007735 edge=0.012%
2026-08-18 23:56:25.163 +04:00 [INF] Opened futures paper hedge: BTCUSDT: LONG Bybit@64632.10 / SHORT OKX@64639.90 | net 0.012% (~0.06 USD)
2026-08-18 23:56:27.172 +04:00 [INF] FUT PAPER CLOSE BTCUSDT pnl=-0.5015 reason=converge
2026-08-18 23:56:27.174 +04:00 [INF] FUT PAPER OPEN BTCUSDT L:Bybit S:OKX qty=0.007735 edge=0.012%
2026-08-18 23:56:27.175 +04:00 [INF] Opened futures paper hedge: BTCUSDT: LONG Bybit@64632.10 / SHORT OKX@64639.90 | net 0.012% (~0.06 USD)
2026-08-18 23:56:29.183 +04:00 [INF] FUT PAPER CLOSE BTCUSDT pnl=-0.5015 reason=converge
2026-08-18 23:56:29.184 +04:00 [INF] FUT PAPER OPEN BTCUSDT L:Bybit S:OKX qty=0.007735 edge=0.012%
2026-08-18 23:56:29.185 +04:00 [INF] Opened futures paper hedge: BTCUSDT: LONG Bybit@64632.10 / SHORT OKX@64639.90 | net 0.012% (~0.06 USD)
2026-08-18 23:56:31.199 +04:00 [INF] FUT PAPER CLOSE BTCUSDT pnl=-0.5015 reason=converge
2026-08-18 23:56:31.200 +04:00 [INF] FUT PAPER OPEN BTCUSDT L:Bybit S:OKX qty=0.007735 edge=0.012%
2026-08-18 23:56:31.201 +04:00 [INF] Opened futures paper hedge: BTCUSDT: LONG Bybit@64632.10 / SHORT OKX@64639.90 | net 0.012% (~0.06 USD)
2026-08-18 23:56:33.210 +04:00 [INF] FUT PAPER CLOSE BTCUSDT pnl=-0.4690 reason=converge
2026-08-18 23:56:33.211 +04:00 [INF] FUT PAPER OPEN ETHUSDT L:Binance S:Bybit qty=0.261382 edge=0.010%
2026-08-18 23:56:33.212 +04:00 [INF] Opened futures paper hedge: ETHUSDT: LONG Binance@1912.72 / SHORT Bybit@1912.91 | net 0.010% (~0.05 USD)
2026-08-18 23:56:35.223 +04:00 [INF] FUT PAPER CLOSE ETHUSDT pnl=-0.5052 reason=converge
2026-08-18 23:56:35.224 +04:00 [INF] FUT PAPER OPEN ETHUSDT L:Binance S:Bybit qty=0.261382 edge=0.010%
2026-08-18 23:56:35.226 +04:00 [INF] Opened futures paper hedge: ETHUSDT: LONG Binance@1912.72 / SHORT Bybit@1912.91 | net 0.010% (~0.05 USD)
2026-08-18 23:56:37.232 +04:00 [INF] FUT PAPER CLOSE ETHUSDT pnl=-0.5052 reason=converge
2026-08-18 23:56:37.233 +04:00 [INF] FUT PAPER OPEN ETHUSDT L:Binance S:Bybit qty=0.261382 edge=0.010%
2026-08-18 23:56:37.234 +04:00 [INF] Opened futures paper hedge: ETHUSDT: LONG Binance@1912.72 / SHORT Bybit@1912.91 | net 0.010% (~0.05 USD)
2026-08-18 23:56:39.239 +04:00 [INF] FUT PAPER CLOSE ETHUSDT pnl=-0.5052 reason=converge
2026-08-18 23:56:39.242 +04:00 [INF] FUT PAPER OPEN ETHUSDT L:Binance S:Bybit qty=0.261382 edge=0.010%
2026-08-18 23:56:39.243 +04:00 [INF] Opened futures paper hedge: ETHUSDT: LONG Binance@1912.72 / SHORT Bybit@1912.91 | net 0.010% (~0.05 USD)
2026-08-18 23:56:41.256 +04:00 [INF] FUT PAPER CLOSE ETHUSDT pnl=-0.5052 reason=converge
2026-08-18 23:56:41.257 +04:00 [INF] FUT PAPER OPEN ETHUSDT L:Binance S:Bybit qty=0.261382 edge=0.010%
2026-08-18 23:56:41.258 +04:00 [INF] Opened futures paper hedge: ETHUSDT: LONG Binance@1912.72 / SHORT Bybit@1912.91 | net 0.010% (~0.05 USD)
2026-08-18 23:56:43.263 +04:00 [INF] FUT PAPER CLOSE ETHUSDT pnl=-0.4842 reason=converge
2026-08-18 23:56:43.264 +04:00 [INF] FUT PAPER OPEN BTCUSDT L:Bybit S:OKX qty=0.007737 edge=0.006%
2026-08-18 23:56:43.265 +04:00 [INF] Opened futures paper hedge: BTCUSDT: LONG Bybit@64622.60 / SHORT OKX@64626.70 | net 0.006% (~0.03 USD)
2026-08-18 23:56:45.280 +04:00 [INF] FUT PAPER CLOSE AVAXUSDT pnl=-0.4733 reason=converge
2026-08-18 23:56:45.282 +04:00 [INF] FUT PAPER CLOSE BTCUSDT pnl=-0.5015 reason=converge
2026-08-18 23:56:45.283 +04:00 [INF] FUT PAPER OPEN ETHUSDT L:Binance S:Bybit qty=0.261390 edge=0.010%
2026-08-18 23:56:45.285 +04:00 [INF] Opened futures paper hedge: ETHUSDT: LONG Binance@1912.66 / SHORT Bybit@1912.85 | net 0.010% (~0.05 USD)
2026-08-18 23:56:47.295 +04:00 [INF] FUT PAPER CLOSE ETHUSDT pnl=-0.4686 reason=converge
2026-08-18 23:56:47.297 +04:00 [INF] FUT PAPER OPEN AVAXUSDT L:OKX S:Binance qty=78.876794 edge=0.016%
2026-08-18 23:56:47.298 +04:00 [INF] Opened futures paper hedge: AVAXUSDT: LONG OKX@6.34 / SHORT Binance@6.34 | net 0.016% (~0.08 USD)
2026-08-18 23:56:49.301 +04:00 [INF] FUT PAPER OPEN BTCUSDT L:Bybit S:OKX qty=0.007737 edge=0.006%
2026-08-18 23:56:49.303 +04:00 [INF] Opened futures paper hedge: BTCUSDT: LONG Bybit@64622.60 / SHORT OKX@64626.70 | net 0.006% (~0.03 USD)
2026-08-18 23:56:51.316 +04:00 [INF] FUT PAPER CLOSE BTCUSDT pnl=-0.5015 reason=converge
2026-08-18 23:56:51.317 +04:00 [INF] FUT PAPER OPEN BTCUSDT L:Bybit S:OKX qty=0.007737 edge=0.006%
2026-08-18 23:56:51.318 +04:00 [INF] Opened futures paper hedge: BTCUSDT: LONG Bybit@64622.60 / SHORT OKX@64626.70 | net 0.006% (~0.03 USD)
2026-08-18 23:56:53.329 +04:00 [INF] FUT PAPER CLOSE BTCUSDT pnl=-0.5015 reason=converge
2026-08-18 23:56:53.330 +04:00 [INF] FUT PAPER OPEN BTCUSDT L:Bybit S:OKX qty=0.007737 edge=0.006%
2026-08-18 23:56:53.332 +04:00 [INF] Opened futures paper hedge: BTCUSDT: LONG Bybit@64622.60 / SHORT OKX@64626.70 | net 0.006% (~0.03 USD)
2026-08-18 23:56:55.341 +04:00 [INF] FUT PAPER CLOSE BTCUSDT pnl=-0.5015 reason=converge
2026-08-18 23:56:55.342 +04:00 [INF] FUT PAPER OPEN BTCUSDT L:Bybit S:OKX qty=0.007737 edge=0.006%
2026-08-18 23:56:55.344 +04:00 [INF] Opened futures paper hedge: BTCUSDT: LONG Bybit@64622.60 / SHORT OKX@64626.70 | net 0.006% (~0.03 USD)
2026-08-18 23:56:57.358 +04:00 [INF] FUT PAPER CLOSE BTCUSDT pnl=-0.5015 reason=converge
2026-08-18 23:56:57.359 +04:00 [INF] FUT PAPER OPEN BTCUSDT L:Bybit S:OKX qty=0.007737 edge=0.006%
2026-08-18 23:56:57.360 +04:00 [INF] Opened futures paper hedge: BTCUSDT: LONG Bybit@64622.60 / SHORT OKX@64626.70 | net 0.006% (~0.03 USD)
2026-08-18 23:56:59.372 +04:00 [INF] FUT PAPER CLOSE BTCUSDT pnl=-0.5015 reason=converge
2026-08-18 23:56:59.372 +04:00 [INF] FUT PAPER OPEN BTCUSDT L:Bybit S:OKX qty=0.007737 edge=0.006%
2026-08-18 23:56:59.373 +04:00 [INF] Opened futures paper hedge: BTCUSDT: LONG Bybit@64622.60 / SHORT OKX@64626.70 | net 0.006% (~0.03 USD)
2026-08-18 23:57:01.374 +04:00 [INF] FUT PAPER CLOSE BTCUSDT pnl=-0.5015 reason=converge
2026-08-18 23:57:01.376 +04:00 [INF] FUT PAPER OPEN BTCUSDT L:Bybit S:OKX qty=0.007737 edge=0.006%
2026-08-18 23:57:01.377 +04:00 [INF] Opened futures paper hedge: BTCUSDT: LONG Bybit@64622.60 / SHORT OKX@64626.70 | net 0.006% (~0.03 USD)
2026-08-18 23:57:03.386 +04:00 [INF] FUT PAPER CLOSE BTCUSDT pnl=-0.5015 reason=converge
2026-08-18 23:57:03.387 +04:00 [INF] FUT PAPER OPEN BTCUSDT L:Bybit S:OKX qty=0.007737 edge=0.006%
2026-08-18 23:57:03.388 +04:00 [INF] Opened futures paper hedge: BTCUSDT: LONG Bybit@64622.60 / SHORT OKX@64626.70 | net 0.006% (~0.03 USD)
2026-08-18 23:57:05.394 +04:00 [INF] FUT PAPER CLOSE BTCUSDT pnl=-0.5015 reason=converge
2026-08-18 23:57:05.395 +04:00 [INF] FUT PAPER OPEN BTCUSDT L:Bybit S:OKX qty=0.007737 edge=0.006%
2026-08-18 23:57:05.396 +04:00 [INF] Opened futures paper hedge: BTCUSDT: LONG Bybit@64622.60 / SHORT OKX@64626.70 | net 0.006% (~0.03 USD)
2026-08-18 23:57:07.401 +04:00 [INF] FUT PAPER CLOSE BTCUSDT pnl=-0.5015 reason=converge
2026-08-18 23:57:07.403 +04:00 [INF] FUT PAPER OPEN BTCUSDT L:Bybit S:OKX qty=0.007737 edge=0.006%
2026-08-18 23:57:07.405 +04:00 [INF] Opened futures paper hedge: BTCUSDT: LONG Bybit@64622.60 / SHORT OKX@64626.70 | net 0.006% (~0.03 USD)
2026-08-18 23:57:09.410 +04:00 [INF] FUT PAPER CLOSE BTCUSDT pnl=-0.5015 reason=converge
2026-08-18 23:57:09.412 +04:00 [INF] FUT PAPER OPEN ETHUSDT L:Binance S:Bybit qty=0.261391 edge=0.008%
2026-08-18 23:57:09.413 +04:00 [INF] Opened futures paper hedge: ETHUSDT: LONG Binance@1912.69 / SHORT Bybit@1912.84 | net 0.008% (~0.04 USD)
2026-08-18 23:57:11.429 +04:00 [INF] FUT PAPER CLOSE ETHUSDT pnl=-0.5052 reason=converge
2026-08-18 23:57:11.430 +04:00 [INF] FUT PAPER OPEN ETHUSDT L:Binance S:Bybit qty=0.261391 edge=0.008%
2026-08-18 23:57:11.431 +04:00 [INF] Opened futures paper hedge: ETHUSDT: LONG Binance@1912.69 / SHORT Bybit@1912.84 | net 0.008% (~0.04 USD)
2026-08-18 23:57:13.433 +04:00 [INF] FUT PAPER CLOSE ETHUSDT pnl=-0.5052 reason=converge
2026-08-18 23:57:13.435 +04:00 [INF] FUT PAPER OPEN ETHUSDT L:Binance S:Bybit qty=0.261391 edge=0.008%
2026-08-18 23:57:13.436 +04:00 [INF] Opened futures paper hedge: ETHUSDT: LONG Binance@1912.69 / SHORT Bybit@1912.84 | net 0.008% (~0.04 USD)
2026-08-18 23:57:15.444 +04:00 [INF] FUT PAPER CLOSE ETHUSDT pnl=-0.4817 reason=converge
2026-08-18 23:57:15.445 +04:00 [INF] FUT PAPER OPEN BTCUSDT L:Bybit S:OKX qty=0.007737 edge=0.006%
2026-08-18 23:57:15.446 +04:00 [INF] Opened futures paper hedge: BTCUSDT: LONG Bybit@64622.60 / SHORT OKX@64626.70 | net 0.006% (~0.03 USD)
2026-08-18 23:57:17.458 +04:00 [INF] FUT PAPER CLOSE BTCUSDT pnl=-0.5015 reason=converge
2026-08-18 23:57:17.459 +04:00 [INF] FUT PAPER OPEN BTCUSDT L:Bybit S:OKX qty=0.007737 edge=0.006%
2026-08-18 23:57:17.461 +04:00 [INF] Opened futures paper hedge: BTCUSDT: LONG Bybit@64622.60 / SHORT OKX@64626.70 | net 0.006% (~0.03 USD)
2026-08-18 23:57:19.478 +04:00 [INF] FUT PAPER CLOSE BTCUSDT pnl=-0.5054 reason=converge
2026-08-18 23:57:19.480 +04:00 [INF] FUT PAPER OPEN BTCUSDT L:Bybit S:OKX qty=0.007737 edge=0.007%
2026-08-18 23:57:19.481 +04:00 [INF] Opened futures paper hedge: BTCUSDT: LONG Bybit@64622.10 / SHORT OKX@64626.70 | net 0.007% (~0.04 USD)
2026-08-18 23:57:21.489 +04:00 [INF] FUT PAPER CLOSE BTCUSDT pnl=-0.5015 reason=converge
2026-08-18 23:57:21.490 +04:00 [INF] FUT PAPER OPEN BTCUSDT L:Bybit S:OKX qty=0.007737 edge=0.007%
2026-08-18 23:57:21.491 +04:00 [INF] Opened futures paper hedge: BTCUSDT: LONG Bybit@64622.10 / SHORT OKX@64626.70 | net 0.007% (~0.04 USD)
2026-08-18 23:57:23.503 +04:00 [INF] FUT PAPER CLOSE BTCUSDT pnl=-0.5015 reason=converge
2026-08-18 23:57:23.505 +04:00 [INF] FUT PAPER OPEN BTCUSDT L:Bybit S:OKX qty=0.007737 edge=0.007%
2026-08-18 23:57:23.506 +04:00 [INF] Opened futures paper hedge: BTCUSDT: LONG Bybit@64622.10 / SHORT OKX@64626.70 | net 0.007% (~0.04 USD)
2026-08-18 23:57:25.515 +04:00 [INF] FUT PAPER CLOSE BTCUSDT pnl=-0.5015 reason=converge
2026-08-18 23:57:25.517 +04:00 [INF] FUT PAPER OPEN BTCUSDT L:Bybit S:OKX qty=0.007737 edge=0.007%
2026-08-18 23:57:25.518 +04:00 [INF] Opened futures paper hedge: BTCUSDT: LONG Bybit@64622.10 / SHORT OKX@64626.70 | net 0.007% (~0.04 USD)
2026-08-18 23:57:27.536 +04:00 [INF] FUT PAPER CLOSE BTCUSDT pnl=-0.5015 reason=converge
2026-08-18 23:57:27.537 +04:00 [INF] FUT PAPER OPEN BTCUSDT L:Bybit S:OKX qty=0.007737 edge=0.007%
2026-08-18 23:57:27.538 +04:00 [INF] Opened futures paper hedge: BTCUSDT: LONG Bybit@64622.10 / SHORT OKX@64626.70 | net 0.007% (~0.04 USD)
2026-08-18 23:57:29.551 +04:00 [INF] FUT PAPER CLOSE BTCUSDT pnl=-0.5015 reason=converge
2026-08-18 23:57:29.552 +04:00 [INF] FUT PAPER OPEN BTCUSDT L:Bybit S:OKX qty=0.007737 edge=0.007%
2026-08-18 23:57:29.554 +04:00 [INF] Opened futures paper hedge: BTCUSDT: LONG Bybit@64622.10 / SHORT OKX@64626.70 | net 0.007% (~0.04 USD)
2026-08-18 23:57:31.561 +04:00 [INF] FUT PAPER CLOSE BTCUSDT pnl=-0.5015 reason=converge
2026-08-18 23:57:31.562 +04:00 [INF] FUT PAPER OPEN ETHUSDT L:Binance S:Bybit qty=0.261396 edge=0.009%
2026-08-18 23:57:31.563 +04:00 [INF] Opened futures paper hedge: ETHUSDT: LONG Binance@1912.63 / SHORT Bybit@1912.81 | net 0.009% (~0.05 USD)
2026-08-18 23:57:33.568 +04:00 [INF] FUT PAPER CLOSE ETHUSDT pnl=-0.5052 reason=converge
2026-08-18 23:57:33.570 +04:00 [INF] FUT PAPER OPEN ETHUSDT L:Binance S:Bybit qty=0.261396 edge=0.009%
2026-08-18 23:57:33.571 +04:00 [INF] Opened futures paper hedge: ETHUSDT: LONG Binance@1912.63 / SHORT Bybit@1912.81 | net 0.009% (~0.05 USD)
2026-08-18 23:57:35.596 +04:00 [INF] FUT PAPER CLOSE ETHUSDT pnl=-0.5052 reason=converge
2026-08-18 23:57:35.597 +04:00 [INF] FUT PAPER OPEN ETHUSDT L:Binance S:Bybit qty=0.261396 edge=0.009%
2026-08-18 23:57:35.599 +04:00 [INF] Opened futures paper hedge: ETHUSDT: LONG Binance@1912.63 / SHORT Bybit@1912.81 | net 0.009% (~0.05 USD)
2026-08-18 23:57:37.607 +04:00 [INF] FUT PAPER CLOSE ETHUSDT pnl=-0.5052 reason=converge
2026-08-18 23:57:37.608 +04:00 [INF] FUT PAPER OPEN ETHUSDT L:Binance S:Bybit qty=0.261396 edge=0.009%
2026-08-18 23:57:37.609 +04:00 [INF] Opened futures paper hedge: ETHUSDT: LONG Binance@1912.63 / SHORT Bybit@1912.81 | net 0.009% (~0.05 USD)
2026-08-18 23:57:39.625 +04:00 [INF] FUT PAPER CLOSE ETHUSDT pnl=-0.5052 reason=converge
2026-08-18 23:57:39.626 +04:00 [INF] FUT PAPER OPEN ETHUSDT L:Binance S:Bybit qty=0.261396 edge=0.009%
2026-08-18 23:57:39.627 +04:00 [INF] Opened futures paper hedge: ETHUSDT: LONG Binance@1912.63 / SHORT Bybit@1912.81 | net 0.009% (~0.05 USD)
2026-08-18 23:58:02.305 +04:00 [INF] Discovery: futures tickers on Binance,Bybit,OKX
2026-08-18 23:58:04.045 +04:00 [INF] Discovery: spot tickers on Binance,Bybit,OKX
2026-08-18 23:58:04.958 +04:00 [WRN] No symbols above minVol=3000000, relaxing filter
2026-08-18 23:58:04.962 +04:00 [WRN] Fallback symbols (empty)
2026-08-18 23:58:04.965 +04:00 [INF] Start | Strategy=FuturesCross | Mode=PAPER | Symbols=BTCUSDT,ETHUSDT,SOLUSDT,XRPUSDT,DOGEUSDT,ADAUSDT,AVAXUSDT,LINKUSDT | Ex=Binance,Bybit,OKX
2026-08-18 23:58:04.968 +04:00 [INF] Futures paper margin initialized: 10000 USDT x 3 exchanges
2026-08-18 23:58:04.995 +04:00 [INF] UsdFutures order book BTCUSDT status changed: "Disconnected" => "Connecting"
2026-08-18 23:58:06.737 +04:00 [INF] [Sckt 1] subscription 11 completed successfully
2026-08-18 23:58:06.741 +04:00 [INF] UsdFutures order book BTCUSDT status changed: "Connecting" => "Syncing"
2026-08-18 23:58:06.860 +04:00 [INF] UsdFutures order book BTCUSDT status changed: "Syncing" => "Synced"
2026-08-18 23:58:06.862 +04:00 [INF] Futures book Binance:BTCUSDT "Synced"
2026-08-18 23:58:06.867 +04:00 [INF] V5 order book BTCUSDT status changed: "Disconnected" => "Connecting"
2026-08-18 23:58:08.313 +04:00 [INF] [Sckt 2] subscription 14 completed successfully
2026-08-18 23:58:08.315 +04:00 [INF] V5 order book BTCUSDT status changed: "Connecting" => "Syncing"
2026-08-18 23:58:08.317 +04:00 [INF] V5 order book BTCUSDT status changed: "Syncing" => "Synced"
2026-08-18 23:58:08.317 +04:00 [INF] Futures book Bybit:BTCUSDT "Synced"
2026-08-18 23:58:08.324 +04:00 [INF] Unified order book BTC-USDT-SWAP status changed: "Disconnected" => "Connecting"
2026-08-18 23:58:09.890 +04:00 [INF] [Sckt 3] subscription 18 completed successfully
2026-08-18 23:58:09.892 +04:00 [INF] Unified order book BTC-USDT-SWAP status changed: "Connecting" => "Syncing"
2026-08-18 23:58:10.442 +04:00 [INF] Unified order book BTC-USDT-SWAP status changed: "Syncing" => "Synced"
2026-08-18 23:58:10.443 +04:00 [INF] Futures book OKX:BTCUSDT "Synced"
2026-08-18 23:58:10.445 +04:00 [INF] UsdFutures order book ETHUSDT status changed: "Disconnected" => "Connecting"
2026-08-18 23:58:10.829 +04:00 [INF] [Sckt 1] subscription 20 completed successfully
2026-08-18 23:58:10.831 +04:00 [INF] UsdFutures order book ETHUSDT status changed: "Connecting" => "Syncing"
2026-08-18 23:58:10.889 +04:00 [INF] UsdFutures order book ETHUSDT status changed: "Syncing" => "Synced"
2026-08-18 23:58:10.890 +04:00 [INF] Futures book Binance:ETHUSDT "Synced"
2026-08-18 23:58:10.890 +04:00 [INF] V5 order book ETHUSDT status changed: "Disconnected" => "Connecting"
2026-08-18 23:58:11.095 +04:00 [INF] [Sckt 2] subscription 23 completed successfully
2026-08-18 23:58:11.096 +04:00 [INF] V5 order book ETHUSDT status changed: "Connecting" => "Syncing"
2026-08-18 23:58:11.097 +04:00 [INF] V5 order book ETHUSDT status changed: "Syncing" => "Synced"
2026-08-18 23:58:11.098 +04:00 [INF] Futures book Bybit:ETHUSDT "Synced"
2026-08-18 23:58:11.098 +04:00 [INF] Unified order book ETH-USDT-SWAP status changed: "Disconnected" => "Connecting"
2026-08-18 23:58:11.421 +04:00 [INF] [Sckt 3] subscription 26 completed successfully
2026-08-18 23:58:11.423 +04:00 [INF] Unified order book ETH-USDT-SWAP status changed: "Connecting" => "Syncing"
2026-08-18 23:58:11.599 +04:00 [INF] Unified order book ETH-USDT-SWAP status changed: "Syncing" => "Synced"
2026-08-18 23:58:11.600 +04:00 [INF] Futures book OKX:ETHUSDT "Synced"
2026-08-18 23:58:11.602 +04:00 [INF] UsdFutures order book SOLUSDT status changed: "Disconnected" => "Connecting"
2026-08-18 23:58:11.930 +04:00 [INF] [Sckt 1] subscription 28 completed successfully
2026-08-18 23:58:11.931 +04:00 [INF] UsdFutures order book SOLUSDT status changed: "Connecting" => "Syncing"
2026-08-18 23:58:11.984 +04:00 [INF] UsdFutures order book SOLUSDT status changed: "Syncing" => "Synced"
2026-08-18 23:58:11.985 +04:00 [INF] Futures book Binance:SOLUSDT "Synced"
2026-08-18 23:58:11.987 +04:00 [INF] V5 order book SOLUSDT status changed: "Disconnected" => "Connecting"
2026-08-18 23:58:12.197 +04:00 [INF] [Sckt 2] subscription 31 completed successfully
2026-08-18 23:58:12.198 +04:00 [INF] V5 order book SOLUSDT status changed: "Connecting" => "Syncing"
2026-08-18 23:58:12.199 +04:00 [INF] V5 order book SOLUSDT status changed: "Syncing" => "Synced"
2026-08-18 23:58:12.201 +04:00 [INF] Futures book Bybit:SOLUSDT "Synced"
2026-08-18 23:58:12.202 +04:00 [INF] Unified order book SOL-USDT-SWAP status changed: "Disconnected" => "Connecting"
2026-08-18 23:58:12.525 +04:00 [INF] [Sckt 3] subscription 34 completed successfully
2026-08-18 23:58:12.527 +04:00 [INF] Unified order book SOL-USDT-SWAP status changed: "Connecting" => "Syncing"
2026-08-18 23:58:12.772 +04:00 [INF] Unified order book SOL-USDT-SWAP status changed: "Syncing" => "Synced"
2026-08-18 23:58:12.773 +04:00 [INF] Futures book OKX:SOLUSDT "Synced"
2026-08-18 23:58:12.775 +04:00 [INF] UsdFutures order book XRPUSDT status changed: "Disconnected" => "Connecting"
2026-08-18 23:58:13.131 +04:00 [INF] [Sckt 1] subscription 36 completed successfully
2026-08-18 23:58:13.132 +04:00 [INF] UsdFutures order book XRPUSDT status changed: "Connecting" => "Syncing"
2026-08-18 23:58:13.193 +04:00 [INF] UsdFutures order book XRPUSDT status changed: "Syncing" => "Synced"
2026-08-18 23:58:13.194 +04:00 [INF] Futures book Binance:XRPUSDT "Synced"
2026-08-18 23:58:13.196 +04:00 [INF] V5 order book XRPUSDT status changed: "Disconnected" => "Connecting"
2026-08-18 23:58:13.408 +04:00 [INF] [Sckt 2] subscription 39 completed successfully
2026-08-18 23:58:13.409 +04:00 [INF] V5 order book XRPUSDT status changed: "Connecting" => "Syncing"
2026-08-18 23:58:13.410 +04:00 [INF] V5 order book XRPUSDT status changed: "Syncing" => "Synced"
2026-08-18 23:58:13.412 +04:00 [INF] Futures book Bybit:XRPUSDT "Synced"
2026-08-18 23:58:13.413 +04:00 [INF] Unified order book XRP-USDT-SWAP status changed: "Disconnected" => "Connecting"
2026-08-18 23:58:13.735 +04:00 [INF] [Sckt 3] subscription 42 completed successfully
2026-08-18 23:58:13.738 +04:00 [INF] Unified order book XRP-USDT-SWAP status changed: "Connecting" => "Syncing"
2026-08-18 23:58:13.976 +04:00 [INF] Unified order book XRP-USDT-SWAP status changed: "Syncing" => "Synced"
2026-08-18 23:58:13.978 +04:00 [INF] Futures book OKX:XRPUSDT "Synced"
2026-08-18 23:58:13.980 +04:00 [INF] UsdFutures order book DOGEUSDT status changed: "Disconnected" => "Connecting"
2026-08-18 23:58:14.331 +04:00 [INF] [Sckt 1] subscription 44 completed successfully
2026-08-18 23:58:14.333 +04:00 [INF] UsdFutures order book DOGEUSDT status changed: "Connecting" => "Syncing"
2026-08-18 23:58:14.452 +04:00 [INF] UsdFutures order book DOGEUSDT status changed: "Syncing" => "Synced"
2026-08-18 23:58:14.454 +04:00 [INF] Futures book Binance:DOGEUSDT "Synced"
2026-08-18 23:58:14.455 +04:00 [INF] V5 order book DOGEUSDT status changed: "Disconnected" => "Connecting"
2026-08-18 23:58:14.656 +04:00 [INF] [Sckt 2] subscription 47 completed successfully
2026-08-18 23:58:14.658 +04:00 [INF] V5 order book DOGEUSDT status changed: "Connecting" => "Syncing"
2026-08-18 23:58:14.660 +04:00 [INF] V5 order book DOGEUSDT status changed: "Syncing" => "Synced"
2026-08-18 23:58:14.661 +04:00 [INF] Futures book Bybit:DOGEUSDT "Synced"
2026-08-18 23:58:14.661 +04:00 [INF] Unified order book DOGE-USDT-SWAP status changed: "Disconnected" => "Connecting"
2026-08-18 23:58:14.983 +04:00 [INF] [Sckt 3] subscription 50 completed successfully
2026-08-18 23:58:14.984 +04:00 [INF] Unified order book DOGE-USDT-SWAP status changed: "Connecting" => "Syncing"
2026-08-18 23:58:15.164 +04:00 [INF] Unified order book DOGE-USDT-SWAP status changed: "Syncing" => "Synced"
2026-08-18 23:58:15.167 +04:00 [INF] Futures book OKX:DOGEUSDT "Synced"
2026-08-18 23:58:15.168 +04:00 [INF] UsdFutures order book ADAUSDT status changed: "Disconnected" => "Connecting"
2026-08-18 23:58:15.534 +04:00 [INF] [Sckt 1] subscription 52 completed successfully
2026-08-18 23:58:15.535 +04:00 [INF] UsdFutures order book ADAUSDT status changed: "Connecting" => "Syncing"
2026-08-18 23:58:15.660 +04:00 [INF] UsdFutures order book ADAUSDT status changed: "Syncing" => "Synced"
2026-08-18 23:58:15.661 +04:00 [INF] Futures book Binance:ADAUSDT "Synced"
2026-08-18 23:58:15.662 +04:00 [INF] V5 order book ADAUSDT status changed: "Disconnected" => "Connecting"
2026-08-18 23:58:15.864 +04:00 [INF] [Sckt 2] subscription 55 completed successfully
2026-08-18 23:58:15.866 +04:00 [INF] V5 order book ADAUSDT status changed: "Connecting" => "Syncing"
2026-08-18 23:58:15.867 +04:00 [INF] V5 order book ADAUSDT status changed: "Syncing" => "Synced"
2026-08-18 23:58:15.867 +04:00 [INF] Futures book Bybit:ADAUSDT "Synced"
2026-08-18 23:58:15.868 +04:00 [INF] Unified order book ADA-USDT-SWAP status changed: "Disconnected" => "Connecting"
2026-08-18 23:58:16.190 +04:00 [INF] [Sckt 3] subscription 58 completed successfully
2026-08-18 23:58:16.192 +04:00 [INF] Unified order book ADA-USDT-SWAP status changed: "Connecting" => "Syncing"
2026-08-18 23:58:16.376 +04:00 [INF] Unified order book ADA-USDT-SWAP status changed: "Syncing" => "Synced"
2026-08-18 23:58:16.377 +04:00 [INF] Futures book OKX:ADAUSDT "Synced"
2026-08-18 23:58:16.378 +04:00 [INF] UsdFutures order book AVAXUSDT status changed: "Disconnected" => "Connecting"
2026-08-18 23:58:16.733 +04:00 [INF] [Sckt 1] subscription 60 completed successfully
2026-08-18 23:58:16.735 +04:00 [INF] UsdFutures order book AVAXUSDT status changed: "Connecting" => "Syncing"
2026-08-18 23:58:16.856 +04:00 [INF] UsdFutures order book AVAXUSDT status changed: "Syncing" => "Synced"
2026-08-18 23:58:16.857 +04:00 [INF] Futures book Binance:AVAXUSDT "Synced"
2026-08-18 23:58:16.858 +04:00 [INF] V5 order book AVAXUSDT status changed: "Disconnected" => "Connecting"
2026-08-18 23:58:17.058 +04:00 [INF] [Sckt 2] subscription 63 completed successfully
2026-08-18 23:58:17.060 +04:00 [INF] V5 order book AVAXUSDT status changed: "Connecting" => "Syncing"
2026-08-18 23:58:17.060 +04:00 [INF] V5 order book AVAXUSDT status changed: "Syncing" => "Synced"
2026-08-18 23:58:17.061 +04:00 [INF] Futures book Bybit:AVAXUSDT "Synced"
2026-08-18 23:58:17.062 +04:00 [INF] Unified order book AVAX-USDT-SWAP status changed: "Disconnected" => "Connecting"
2026-08-18 23:58:17.384 +04:00 [INF] [Sckt 3] subscription 66 completed successfully
2026-08-18 23:58:17.386 +04:00 [INF] Unified order book AVAX-USDT-SWAP status changed: "Connecting" => "Syncing"
2026-08-18 23:58:17.565 +04:00 [INF] Unified order book AVAX-USDT-SWAP status changed: "Syncing" => "Synced"
2026-08-18 23:58:17.567 +04:00 [INF] Futures book OKX:AVAXUSDT "Synced"
2026-08-18 23:58:17.568 +04:00 [INF] UsdFutures order book LINKUSDT status changed: "Disconnected" => "Connecting"
2026-08-18 23:58:17.938 +04:00 [INF] [Sckt 1] subscription 68 completed successfully
2026-08-18 23:58:17.939 +04:00 [INF] UsdFutures order book LINKUSDT status changed: "Connecting" => "Syncing"
2026-08-18 23:58:18.622 +04:00 [INF] UsdFutures order book LINKUSDT status changed: "Syncing" => "Synced"
2026-08-18 23:58:18.624 +04:00 [INF] Futures book Binance:LINKUSDT "Synced"
2026-08-18 23:58:18.624 +04:00 [INF] V5 order book LINKUSDT status changed: "Disconnected" => "Connecting"
2026-08-18 23:58:18.825 +04:00 [INF] [Sckt 2] subscription 71 completed successfully
2026-08-18 23:58:18.826 +04:00 [INF] V5 order book LINKUSDT status changed: "Connecting" => "Syncing"
2026-08-18 23:58:18.827 +04:00 [INF] V5 order book LINKUSDT status changed: "Syncing" => "Synced"
2026-08-18 23:58:18.829 +04:00 [INF] Futures book Bybit:LINKUSDT "Synced"
2026-08-18 23:58:18.829 +04:00 [INF] Unified order book LINK-USDT-SWAP status changed: "Disconnected" => "Connecting"
2026-08-18 23:58:19.153 +04:00 [INF] [Sckt 3] subscription 74 completed successfully
2026-08-18 23:58:19.154 +04:00 [INF] Unified order book LINK-USDT-SWAP status changed: "Connecting" => "Syncing"
2026-08-18 23:58:19.398 +04:00 [INF] Unified order book LINK-USDT-SWAP status changed: "Syncing" => "Synced"
2026-08-18 23:58:19.399 +04:00 [INF] Futures book OKX:LINKUSDT "Synced"
2026-08-18 23:58:19.401 +04:00 [INF] Futures books: OKX:XRPUSDT=Synced; OKX:ETHUSDT=Synced; Binance:XRPUSDT=Synced; Binance:DOGEUSDT=Synced; Bybit:AVAXUSDT=Synced; Bybit:SOLUSDT=Synced; Bybit:LINKUSDT=Synced; Bybit:XRPUSDT=Synced; OKX:LINKUSDT=Synced; OKX:SOLUSDT=Synced; Bybit:BTCUSDT=Synced; Binance:ETHUSDT=Synced; Binance:BTCUSDT=Synced; OKX:DOGEUSDT=Synced; Binance:SOLUSDT=Synced; OKX:BTCUSDT=Synced; Binance:AVAXUSDT=Synced; Bybit:ETHUSDT=Synced; Bybit:ADAUSDT=Synced; Binance:ADAUSDT=Synced; Binance:LINKUSDT=Synced; OKX:AVAXUSDT=Synced; Bybit:DOGEUSDT=Synced; OKX:ADAUSDT=Synced
