2026-08-24 00:03:26.920 +04:00 [INF] Futures scan: 1 candidate(s), best RT=0.175% open=0.280%
2026-08-24 00:03:26.926 +04:00 [INF] FUT PAPER OPEN ZECUSDT L:OKX S:Bybit qty=0.236538 lev=3x margin=66.67 edge=0.280%
2026-08-24 00:03:26.927 +04:00 [INF] Opened futures paper hedge (1): ZECUSDT: L OKX@842.29 / S Bybit@845.53 | RT 0.175% fund 0.000% → 0.175%
2026-08-24 00:03:27.999 +04:00 [INF] FUT PAPER CLOSE ZECUSDT pnl=0.1100 reason=converge lev=3x
2026-08-24 00:04:56.547 +04:00 [INF] Futures scan: 2 candidate(s), best RT=0.141% open=0.246%
2026-08-24 00:04:56.553 +04:00 [INF] FUT PAPER OPEN ENAUSDT L:Bybit S:Binance qty=1212.341638 lev=3x margin=66.67 edge=0.246%
2026-08-24 00:04:56.554 +04:00 [INF] Opened futures paper hedge (1): ENAUSDT: L Bybit@0.16 / S Binance@0.16 | RT 0.141% fund 0.000% → 0.141%
2026-08-24 00:04:56.556 +04:00 [INF] Paper skip ENAUSDT: Cooldown 8000ms open=0.221% RT=0.116%
2026-08-24 00:04:57.594 +04:00 [INF] FUT PAPER CLOSE ENAUSDT pnl=0.0391 reason=converge lev=3x
2026-08-24 00:11:52.017 +04:00 [INF] Discovery: public tickers Binance/Bybit/OKX (arb band 8000000–400000000 USDT vol, top 15)
2026-08-24 00:11:53.140 +04:00 [INF] Binance fapi: 692 USDT perps with volume
2026-08-24 00:11:53.651 +04:00 [INF] Bybit linear: 725 USDT perps with volume
2026-08-24 00:11:54.054 +04:00 [INF] OKX SWAP: 434 USDT perps with volume
2026-08-24 00:11:54.690 +04:00 [INF] Bitget USDT-FUTURES: 755 tickers with volume
2026-08-24 00:11:57.583 +04:00 [INF] GateIo USDT futures: 927 tickers with volume
2026-08-24 00:11:58.293 +04:00 [INF] Discovered 15 arb pairs: DOGEUSDT@5ex/278.8M, ENAUSDT@5ex/288.4M, SUIUSDT@5ex/121.4M, HYPEUSDT@5ex/188M, ZECUSDT@5ex/253.8M, TRUMPUSDT@5ex/316.9M, WLDUSDT@5ex/47.4M, ADAUSDT@5ex/105.6M, PENGUUSDT@5ex/62.3M, ONDOUSDT@5ex/61.8M, ARBUSDT@5ex/22.3M, FARTCOINUSDT@5ex/52.7M, XPLUSDT@5ex/52.2M, ZROUSDT@5ex/50.7M, WIFUSDT@5ex/14.4M
2026-08-24 00:11:58.295 +04:00 [INF] Symbol refresh (http-tickers-arb): [DOGEUSDT,ENAUSDT,SUIUSDT,HYPEUSDT,ZECUSDT,TRUMPUSDT,WLDUSDT,ADAUSDT,ONDOUSDT,PENGUUSDT,ARBUSDT,FARTCOINUSDT,XPLUSDT,ZROUSDT,STXUSDT] → [DOGEUSDT,ENAUSDT,SUIUSDT,HYPEUSDT,ZECUSDT,TRUMPUSDT,WLDUSDT,ADAUSDT,PENGUUSDT,ONDOUSDT,ARBUSDT,FARTCOINUSDT,XPLUSDT,ZROUSDT,WIFUSDT] | changed=true
2026-08-24 00:11:58.296 +04:00 [INF] Restarting futures books for new symbol set…
2026-08-24 00:11:58.493 +04:00 [INF] [Sckt 14] subscription 1316 unsubscribed
2026-08-24 00:11:58.494 +04:00 [INF] V5 order book ZROUSDT status changed: "Synced" => "Disconnected"
2026-08-24 00:11:58.762 +04:00 [INF] [Sckt 16] subscription 1332 unsubscribed
2026-08-24 00:11:58.763 +04:00 [INF] Futures order book XPLUSDT status changed: "Synced" => "Disconnected"
2026-08-24 00:11:58.966 +04:00 [INF] [Sckt 14] subscription 1350 unsubscribed
2026-08-24 00:11:58.967 +04:00 [INF] V5 order book STXUSDT status changed: "Synced" => "Disconnected"
2026-08-24 00:11:59.265 +04:00 [INF] [Sckt 12] subscription 1241 unsubscribed
2026-08-24 00:11:59.267 +04:00 [INF] Futures order book ZECUSDT status changed: "Synced" => "Disconnected"
2026-08-24 00:11:59.658 +04:00 [INF] [Sckt 13] subscription 1301 unsubscribed
2026-08-24 00:11:59.659 +04:00 [INF] UsdFutures order book ARBUSDT status changed: "Synced" => "Disconnected"
2026-08-24 00:11:59.943 +04:00 [INF] [Sckt 16] subscription 1321 unsubscribed
2026-08-24 00:11:59.944 +04:00 [INF] Futures order book ZROUSDT status changed: "Synced" => "Disconnected"
2026-08-24 00:12:00.279 +04:00 [INF] [Sckt 9] subscription 1289 unsubscribed
2026-08-24 00:12:00.280 +04:00 [INF] UsdFutures order book ONDOUSDT status changed: "Synced" => "Disconnected"
2026-08-24 00:12:00.488 +04:00 [INF] [Sckt 10] subscription 1258 unsubscribed
2026-08-24 00:12:00.488 +04:00 [INF] V5 order book WLDUSDT status changed: "Synced" => "Disconnected"
2026-08-24 00:12:00.699 +04:00 [INF] [Sckt 10] subscription 1247 unsubscribed
2026-08-24 00:12:00.701 +04:00 [INF] V5 order book TRUMPUSDT status changed: "Synced" => "Disconnected"
2026-08-24 00:12:01.059 +04:00 [INF] [Sckt 13] subscription 1312 unsubscribed
2026-08-24 00:12:01.060 +04:00 [INF] UsdFutures order book ZROUSDT status changed: "Synced" => "Disconnected"
2026-08-24 00:12:01.481 +04:00 [INF] [Sckt 9] subscription 1210 unsubscribed
2026-08-24 00:12:01.481 +04:00 [INF] UsdFutures order book SUIUSDT status changed: "Synced" => "Disconnected"
2026-08-24 00:12:01.800 +04:00 [INF] [Sckt 15] subscription 1341 unsubscribed
2026-08-24 00:12:01.802 +04:00 [INF] Unified order book PENGU-USDT-SWAP status changed: "Synced" => "Disconnected"
2026-08-24 00:12:02.003 +04:00 [INF] [Sckt 10] subscription 1293 unsubscribed
2026-08-24 00:12:02.006 +04:00 [INF] V5 order book ONDOUSDT status changed: "Synced" => "Disconnected"
2026-08-24 00:12:02.384 +04:00 [INF] [Sckt 9] subscription 1232 unsubscribed
2026-08-24 00:12:02.397 +04:00 [INF] UsdFutures order book ZECUSDT status changed: "Synced" => "Disconnected"
2026-08-24 00:12:02.670 +04:00 [INF] [Sckt 12] subscription 1252 unsubscribed
2026-08-24 00:12:02.670 +04:00 [INF] Futures order book TRUMPUSDT status changed: "Synced" => "Disconnected"
2026-08-24 00:12:02.908 +04:00 [INF] [Sckt 10] subscription 1214 unsubscribed
2026-08-24 00:12:02.908 +04:00 [INF] V5 order book SUIUSDT status changed: "Synced" => "Disconnected"
2026-08-24 00:12:03.180 +04:00 [INF] [Sckt 12] subscription 1230 unsubscribed
2026-08-24 00:12:03.180 +04:00 [INF] Futures order book HYPEUSDT status changed: "Synced" => "Disconnected"
2026-08-24 00:12:03.609 +04:00 [INF] [Sckt 10] subscription 1203 unsubscribed
2026-08-24 00:12:03.609 +04:00 [INF] V5 order book DOGEUSDT status changed: "Synced" => "Disconnected"
2026-08-24 00:12:03.986 +04:00 [INF] [Sckt 9] subscription 1243 unsubscribed
2026-08-24 00:12:03.988 +04:00 [INF] UsdFutures order book TRUMPUSDT status changed: "Synced" => "Disconnected"
2026-08-24 00:12:04.255 +04:00 [INF] [Sckt 16] subscription 1310 unsubscribed
2026-08-24 00:12:04.256 +04:00 [INF] Futures order book ARBUSDT status changed: "Synced" => "Disconnected"
2026-08-24 00:12:04.586 +04:00 [INF] [Sckt 9] subscription 1254 unsubscribed
2026-08-24 00:12:04.587 +04:00 [INF] UsdFutures order book WLDUSDT status changed: "Synced" => "Disconnected"
2026-08-24 00:12:04.914 +04:00 [INF] [Sckt 15] subscription 1330 unsubscribed
2026-08-24 00:12:04.915 +04:00 [INF] Unified order book XPL-USDT-SWAP status changed: "Synced" => "Disconnected"
2026-08-24 00:12:05.287 +04:00 [INF] [Sckt 9] subscription 1199 unsubscribed
2026-08-24 00:12:05.297 +04:00 [INF] UsdFutures order book DOGEUSDT status changed: "Synced" => "Disconnected"
2026-08-24 00:12:05.576 +04:00 [INF] [Sckt 12] subscription 1208 unsubscribed
2026-08-24 00:12:05.576 +04:00 [INF] Futures order book DOGEUSDT status changed: "Synced" => "Disconnected"
2026-08-24 00:12:05.900 +04:00 [INF] [Sckt 11] subscription 1206 unsubscribed
2026-08-24 00:12:05.907 +04:00 [INF] Unified order book DOGE-USDT-SWAP status changed: "Synced" => "Disconnected"
2026-08-24 00:12:06.288 +04:00 [INF] [Sckt 9] subscription 1265 unsubscribed
2026-08-24 00:12:06.289 +04:00 [INF] UsdFutures order book ADAUSDT status changed: "Synced" => "Disconnected"
2026-08-24 00:12:06.493 +04:00 [INF] [Sckt 10] subscription 1192 unsubscribed
2026-08-24 00:12:06.494 +04:00 [INF] V5 order book ENAUSDT status changed: "Synced" => "Disconnected"
2026-08-24 00:12:06.798 +04:00 [INF] [Sckt 12] subscription 1287 unsubscribed
2026-08-24 00:12:06.799 +04:00 [INF] Futures order book FARTCOINUSDT status changed: "Synced" => "Disconnected"
2026-08-24 00:12:07.066 +04:00 [INF] [Sckt 16] subscription 1343 unsubscribed
2026-08-24 00:12:07.067 +04:00 [INF] Futures order book PENGUUSDT status changed: "Synced" => "Disconnected"
2026-08-24 00:12:07.391 +04:00 [INF] [Sckt 11] subscription 1272 unsubscribed
2026-08-24 00:12:07.392 +04:00 [INF] Unified order book ADA-USDT-SWAP status changed: "Synced" => "Disconnected"
2026-08-24 00:12:07.790 +04:00 [INF] [Sckt 9] subscription 1188 unsubscribed
2026-08-24 00:12:07.790 +04:00 [INF] UsdFutures order book ENAUSDT status changed: "Synced" => "Disconnected"
2026-08-24 00:12:08.114 +04:00 [INF] [Sckt 11] subscription 1217 unsubscribed
2026-08-24 00:12:08.115 +04:00 [INF] Unified order book SUI-USDT-SWAP status changed: "Synced" => "Disconnected"
2026-08-24 00:12:08.437 +04:00 [INF] [Sckt 15] subscription 1319 unsubscribed
2026-08-24 00:12:08.438 +04:00 [INF] Unified order book ZRO-USDT-SWAP status changed: "Synced" => "Disconnected"
2026-08-24 00:12:08.758 +04:00 [INF] [Sckt 15] subscription 1308 unsubscribed
2026-08-24 00:12:08.759 +04:00 [INF] Unified order book ARB-USDT-SWAP status changed: "Synced" => "Disconnected"
2026-08-24 00:12:09.032 +04:00 [INF] [Sckt 12] subscription 1299 unsubscribed
2026-08-24 00:12:09.033 +04:00 [INF] Futures order book ONDOUSDT status changed: "Synced" => "Disconnected"
2026-08-24 00:12:09.246 +04:00 [INF] [Sckt 10] subscription 1236 unsubscribed
2026-08-24 00:12:09.248 +04:00 [INF] V5 order book ZECUSDT status changed: "Synced" => "Disconnected"
2026-08-24 00:12:09.573 +04:00 [INF] [Sckt 11] subscription 1195 unsubscribed
2026-08-24 00:12:09.574 +04:00 [INF] Unified order book ENA-USDT-SWAP status changed: "Synced" => "Disconnected"
2026-08-24 00:12:09.969 +04:00 [INF] [Sckt 13] subscription 1334 unsubscribed
2026-08-24 00:12:09.970 +04:00 [INF] UsdFutures order book PENGUUSDT status changed: "Synced" => "Disconnected"
2026-08-24 00:12:10.292 +04:00 [INF] [Sckt 11] subscription 1297 unsubscribed
2026-08-24 00:12:10.292 +04:00 [INF] Unified order book ONDO-USDT-SWAP status changed: "Synced" => "Disconnected"
2026-08-24 00:12:10.620 +04:00 [INF] [Sckt 11] subscription 1261 unsubscribed
2026-08-24 00:12:10.621 +04:00 [INF] Unified order book WLD-USDT-SWAP status changed: "Synced" => "Disconnected"
2026-08-24 00:12:10.994 +04:00 [INF] [Sckt 9] subscription 1221 unsubscribed
2026-08-24 00:12:10.996 +04:00 [INF] UsdFutures order book HYPEUSDT status changed: "Synced" => "Disconnected"
2026-08-24 00:12:11.332 +04:00 [INF] Unified order book STX-USDT-SWAP status changed: "Synced" => "Disconnected"
2026-08-24 00:12:11.673 +04:00 [INF] [Sckt 13] subscription 1346 unsubscribed
2026-08-24 00:12:11.676 +04:00 [INF] UsdFutures order book STXUSDT status changed: "Synced" => "Disconnected"
2026-08-24 00:12:11.876 +04:00 [INF] [Sckt 10] subscription 1225 unsubscribed
2026-08-24 00:12:11.876 +04:00 [INF] V5 order book HYPEUSDT status changed: "Synced" => "Disconnected"
2026-08-24 00:12:12.076 +04:00 [INF] [Sckt 10] subscription 1269 unsubscribed
2026-08-24 00:12:12.077 +04:00 [INF] V5 order book ADAUSDT status changed: "Synced" => "Disconnected"
2026-08-24 00:12:12.400 +04:00 [INF] [Sckt 11] subscription 1239 unsubscribed
2026-08-24 00:12:12.401 +04:00 [INF] Unified order book ZEC-USDT-SWAP status changed: "Synced" => "Disconnected"
2026-08-24 00:12:12.603 +04:00 [INF] [Sckt 14] subscription 1338 unsubscribed
2026-08-24 00:12:12.604 +04:00 [INF] V5 order book PENGUUSDT status changed: "Synced" => "Disconnected"
2026-08-24 00:12:13.020 +04:00 [INF] UsdFutures order book FARTCOINUSDT status changed: "Synced" => "Disconnected"
2026-08-24 00:12:13.376 +04:00 [INF] Futures order book STXUSDT status changed: "Synced" => "Disconnected"
2026-08-24 00:12:13.699 +04:00 [INF] [Sckt 11] subscription 1228 unsubscribed
2026-08-24 00:12:13.700 +04:00 [INF] Unified order book HYPE-USDT-SWAP status changed: "Synced" => "Disconnected"
2026-08-24 00:12:13.900 +04:00 [INF] [Sckt 14] subscription 1305 unsubscribed
2026-08-24 00:12:13.901 +04:00 [INF] V5 order book ARBUSDT status changed: "Synced" => "Disconnected"
2026-08-24 00:12:14.169 +04:00 [INF] [Sckt 12] subscription 1219 unsubscribed
2026-08-24 00:12:14.170 +04:00 [INF] Futures order book SUIUSDT status changed: "Synced" => "Disconnected"
2026-08-24 00:12:14.594 +04:00 [INF] UsdFutures order book XPLUSDT status changed: "Synced" => "Disconnected"
2026-08-24 00:12:14.868 +04:00 [INF] [Sckt 12] subscription 1274 unsubscribed
2026-08-24 00:12:14.869 +04:00 [INF] Futures order book ADAUSDT status changed: "Synced" => "Disconnected"
2026-08-24 00:12:15.144 +04:00 [INF] [Sckt 12] subscription 1263 unsubscribed
2026-08-24 00:12:15.145 +04:00 [INF] Futures order book WLDUSDT status changed: "Synced" => "Disconnected"
2026-08-24 00:12:15.369 +04:00 [INF] V5 order book FARTCOINUSDT status changed: "Synced" => "Disconnected"
2026-08-24 00:12:15.661 +04:00 [INF] Futures order book ENAUSDT status changed: "Synced" => "Disconnected"
2026-08-24 00:12:15.986 +04:00 [INF] [Sckt 11] subscription 1283 unsubscribed
2026-08-24 00:12:15.987 +04:00 [INF] Unified order book FARTCOIN-USDT-SWAP status changed: "Synced" => "Disconnected"
2026-08-24 00:12:16.342 +04:00 [INF] Unified order book TRUMP-USDT-SWAP status changed: "Synced" => "Disconnected"
2026-08-24 00:12:16.560 +04:00 [INF] V5 order book XPLUSDT status changed: "Synced" => "Disconnected"
2026-08-24 00:12:16.562 +04:00 [INF] UsdFutures order book DOGEUSDT status changed: "Disconnected" => "Connecting"
2026-08-24 00:12:18.251 +04:00 [INF] [Sckt 17] subscription 6524 completed successfully
2026-08-24 00:12:18.252 +04:00 [INF] UsdFutures order book DOGEUSDT status changed: "Connecting" => "Syncing"
2026-08-24 00:12:18.638 +04:00 [INF] UsdFutures order book DOGEUSDT status changed: "Syncing" => "Synced"
2026-08-24 00:12:18.639 +04:00 [INF] Futures book Binance:DOGEUSDT "Synced"
2026-08-24 00:12:18.640 +04:00 [INF] V5 order book DOGEUSDT status changed: "Disconnected" => "Connecting"
2026-08-24 00:12:19.737 +04:00 [INF] [Sckt 18] subscription 6528 completed successfully
2026-08-24 00:12:19.738 +04:00 [INF] V5 order book DOGEUSDT status changed: "Connecting" => "Syncing"
2026-08-24 00:12:19.739 +04:00 [INF] V5 order book DOGEUSDT status changed: "Syncing" => "Synced"
2026-08-24 00:12:19.740 +04:00 [INF] Futures book Bybit:DOGEUSDT "Synced"
2026-08-24 00:12:19.740 +04:00 [INF] Unified order book DOGE-USDT-SWAP status changed: "Disconnected" => "Connecting"
2026-08-24 00:12:21.074 +04:00 [INF] [Sckt 19] subscription 6531 completed successfully
2026-08-24 00:12:21.075 +04:00 [INF] Unified order book DOGE-USDT-SWAP status changed: "Connecting" => "Syncing"
2026-08-24 00:12:21.693 +04:00 [INF] Unified order book DOGE-USDT-SWAP status changed: "Syncing" => "Synced"
2026-08-24 00:12:21.694 +04:00 [INF] Futures book OKX:DOGEUSDT "Synced"
2026-08-24 00:12:21.695 +04:00 [INF] Futures order book DOGEUSDT status changed: "Disconnected" => "Connecting"
2026-08-24 00:12:23.137 +04:00 [INF] [Sckt 20] subscription 6533 completed successfully
2026-08-24 00:12:23.138 +04:00 [INF] Futures order book DOGEUSDT status changed: "Connecting" => "Syncing"
2026-08-24 00:12:23.139 +04:00 [INF] Futures order book DOGEUSDT status changed: "Syncing" => "Synced"
2026-08-24 00:12:23.140 +04:00 [INF] Futures book Bitget:DOGEUSDT "Synced"
2026-08-24 00:12:23.140 +04:00 [INF] UsdFutures order book ENAUSDT status changed: "Disconnected" => "Connecting"
2026-08-24 00:12:23.556 +04:00 [INF] [Sckt 17] subscription 6535 completed successfully
2026-08-24 00:12:23.557 +04:00 [INF] UsdFutures order book ENAUSDT status changed: "Connecting" => "Syncing"
2026-08-24 00:12:23.937 +04:00 [INF] UsdFutures order book ENAUSDT status changed: "Syncing" => "Synced"
2026-08-24 00:12:23.939 +04:00 [INF] Futures book Binance:ENAUSDT "Synced"
2026-08-24 00:12:23.940 +04:00 [INF] V5 order book ENAUSDT status changed: "Disconnected" => "Connecting"
2026-08-24 00:12:24.143 +04:00 [INF] [Sckt 18] subscription 6539 completed successfully
2026-08-24 00:12:24.145 +04:00 [INF] V5 order book ENAUSDT status changed: "Connecting" => "Syncing"
2026-08-24 00:12:24.146 +04:00 [INF] V5 order book ENAUSDT status changed: "Syncing" => "Synced"
2026-08-24 00:12:24.147 +04:00 [INF] Futures book Bybit:ENAUSDT "Synced"
2026-08-24 00:12:24.148 +04:00 [INF] Unified order book ENA-USDT-SWAP status changed: "Disconnected" => "Connecting"
2026-08-24 00:12:24.473 +04:00 [INF] [Sckt 19] subscription 6542 completed successfully
2026-08-24 00:12:24.475 +04:00 [INF] Unified order book ENA-USDT-SWAP status changed: "Connecting" => "Syncing"
2026-08-24 00:12:24.654 +04:00 [INF] Unified order book ENA-USDT-SWAP status changed: "Syncing" => "Synced"
2026-08-24 00:12:24.656 +04:00 [INF] Futures book OKX:ENAUSDT "Synced"
2026-08-24 00:12:24.657 +04:00 [INF] Futures order book ENAUSDT status changed: "Disconnected" => "Connecting"
2026-08-24 00:12:24.923 +04:00 [INF] [Sckt 20] subscription 6544 completed successfully
2026-08-24 00:12:24.925 +04:00 [INF] Futures order book ENAUSDT status changed: "Connecting" => "Syncing"
2026-08-24 00:12:24.980 +04:00 [INF] Futures order book ENAUSDT status changed: "Syncing" => "Synced"
2026-08-24 00:12:24.981 +04:00 [INF] Futures book Bitget:ENAUSDT "Synced"
2026-08-24 00:12:24.981 +04:00 [INF] UsdFutures order book SUIUSDT status changed: "Disconnected" => "Connecting"
2026-08-24 00:12:25.360 +04:00 [INF] [Sckt 17] subscription 6546 completed successfully
2026-08-24 00:12:25.361 +04:00 [INF] UsdFutures order book SUIUSDT status changed: "Connecting" => "Syncing"
2026-08-24 00:12:25.752 +04:00 [INF] UsdFutures order book SUIUSDT status changed: "Syncing" => "Synced"
2026-08-24 00:12:25.753 +04:00 [INF] Futures book Binance:SUIUSDT "Synced"
2026-08-24 00:12:25.755 +04:00 [INF] V5 order book SUIUSDT status changed: "Disconnected" => "Connecting"
2026-08-24 00:12:25.954 +04:00 [INF] [Sckt 18] subscription 6550 completed successfully
2026-08-24 00:12:25.956 +04:00 [INF] V5 order book SUIUSDT status changed: "Connecting" => "Syncing"
2026-08-24 00:12:25.956 +04:00 [INF] V5 order book SUIUSDT status changed: "Syncing" => "Synced"
2026-08-24 00:12:25.957 +04:00 [INF] Futures book Bybit:SUIUSDT "Synced"
2026-08-24 00:12:25.958 +04:00 [INF] Unified order book SUI-USDT-SWAP status changed: "Disconnected" => "Connecting"
2026-08-24 00:12:26.284 +04:00 [INF] [Sckt 19] subscription 6553 completed successfully
2026-08-24 00:12:26.286 +04:00 [INF] Unified order book SUI-USDT-SWAP status changed: "Connecting" => "Syncing"
2026-08-24 00:12:26.471 +04:00 [INF] Unified order book SUI-USDT-SWAP status changed: "Syncing" => "Synced"
2026-08-24 00:12:26.472 +04:00 [INF] Futures book OKX:SUIUSDT "Synced"
2026-08-24 00:12:26.473 +04:00 [INF] Futures order book SUIUSDT status changed: "Disconnected" => "Connecting"
2026-08-24 00:12:26.751 +04:00 [INF] [Sckt 20] subscription 6555 completed successfully
2026-08-24 00:12:26.752 +04:00 [INF] Futures order book SUIUSDT status changed: "Connecting" => "Syncing"
2026-08-24 00:12:26.811 +04:00 [INF] Futures order book SUIUSDT status changed: "Syncing" => "Synced"
2026-08-24 00:12:26.812 +04:00 [INF] Futures book Bitget:SUIUSDT "Synced"
2026-08-24 00:12:26.813 +04:00 [INF] UsdFutures order book HYPEUSDT status changed: "Disconnected" => "Connecting"
2026-08-24 00:12:27.161 +04:00 [INF] [Sckt 17] subscription 6557 completed successfully
2026-08-24 00:12:27.162 +04:00 [INF] UsdFutures order book HYPEUSDT status changed: "Connecting" => "Syncing"
2026-08-24 00:12:27.548 +04:00 [INF] UsdFutures order book HYPEUSDT status changed: "Syncing" => "Synced"
2026-08-24 00:12:27.548 +04:00 [INF] Futures book Binance:HYPEUSDT "Synced"
2026-08-24 00:12:27.549 +04:00 [INF] V5 order book HYPEUSDT status changed: "Disconnected" => "Connecting"
2026-08-24 00:12:27.751 +04:00 [INF] [Sckt 18] subscription 6561 completed successfully
2026-08-24 00:12:27.752 +04:00 [INF] V5 order book HYPEUSDT status changed: "Connecting" => "Syncing"
2026-08-24 00:12:27.754 +04:00 [INF] V5 order book HYPEUSDT status changed: "Syncing" => "Synced"
2026-08-24 00:12:27.756 +04:00 [INF] Futures book Bybit:HYPEUSDT "Synced"
2026-08-24 00:12:27.757 +04:00 [INF] Unified order book HYPE-USDT-SWAP status changed: "Disconnected" => "Connecting"
2026-08-24 00:12:28.084 +04:00 [INF] [Sckt 19] subscription 6564 completed successfully
2026-08-24 00:12:28.084 +04:00 [INF] Unified order book HYPE-USDT-SWAP status changed: "Connecting" => "Syncing"
2026-08-24 00:12:28.267 +04:00 [INF] Unified order book HYPE-USDT-SWAP status changed: "Syncing" => "Synced"
2026-08-24 00:12:28.281 +04:00 [INF] Futures book OKX:HYPEUSDT "Synced"
2026-08-24 00:12:28.282 +04:00 [INF] Futures order book HYPEUSDT status changed: "Disconnected" => "Connecting"
2026-08-24 00:12:28.554 +04:00 [INF] [Sckt 20] subscription 6566 completed successfully
2026-08-24 00:12:28.556 +04:00 [INF] Futures order book HYPEUSDT status changed: "Connecting" => "Syncing"
2026-08-24 00:12:28.559 +04:00 [INF] Futures order book HYPEUSDT status changed: "Syncing" => "Synced"
2026-08-24 00:12:28.569 +04:00 [INF] Futures book Bitget:HYPEUSDT "Synced"
2026-08-24 00:12:28.570 +04:00 [INF] UsdFutures order book ZECUSDT status changed: "Disconnected" => "Connecting"
2026-08-24 00:12:28.963 +04:00 [INF] [Sckt 17] subscription 6568 completed successfully
2026-08-24 00:12:28.965 +04:00 [INF] UsdFutures order book ZECUSDT status changed: "Connecting" => "Syncing"
2026-08-24 00:12:29.365 +04:00 [INF] UsdFutures order book ZECUSDT status changed: "Syncing" => "Synced"
2026-08-24 00:12:29.367 +04:00 [INF] Futures book Binance:ZECUSDT "Synced"
2026-08-24 00:12:29.368 +04:00 [INF] V5 order book ZECUSDT status changed: "Disconnected" => "Connecting"
2026-08-24 00:12:29.620 +04:00 [INF] [Sckt 18] subscription 6572 completed successfully
2026-08-24 00:12:29.621 +04:00 [INF] V5 order book ZECUSDT status changed: "Connecting" => "Syncing"
2026-08-24 00:12:29.622 +04:00 [INF] V5 order book ZECUSDT status changed: "Syncing" => "Synced"
2026-08-24 00:12:29.623 +04:00 [INF] Futures book Bybit:ZECUSDT "Synced"
2026-08-24 00:12:29.624 +04:00 [INF] Unified order book ZEC-USDT-SWAP status changed: "Disconnected" => "Connecting"
2026-08-24 00:12:29.952 +04:00 [INF] [Sckt 19] subscription 6575 completed successfully
2026-08-24 00:12:29.953 +04:00 [INF] Unified order book ZEC-USDT-SWAP status changed: "Connecting" => "Syncing"
2026-08-24 00:12:30.076 +04:00 [INF] Unified order book ZEC-USDT-SWAP status changed: "Syncing" => "Synced"
2026-08-24 00:12:30.077 +04:00 [INF] Futures book OKX:ZECUSDT "Synced"
2026-08-24 00:12:30.078 +04:00 [INF] Futures order book ZECUSDT status changed: "Disconnected" => "Connecting"
2026-08-24 00:12:30.347 +04:00 [INF] [Sckt 20] subscription 6577 completed successfully
2026-08-24 00:12:30.348 +04:00 [INF] Futures order book ZECUSDT status changed: "Connecting" => "Syncing"
2026-08-24 00:12:30.350 +04:00 [INF] Futures order book ZECUSDT status changed: "Syncing" => "Synced"
2026-08-24 00:12:30.352 +04:00 [INF] Futures book Bitget:ZECUSDT "Synced"
2026-08-24 00:12:30.353 +04:00 [INF] UsdFutures order book TRUMPUSDT status changed: "Disconnected" => "Connecting"
2026-08-24 00:12:30.765 +04:00 [INF] [Sckt 17] subscription 6579 completed successfully
2026-08-24 00:12:30.766 +04:00 [INF] UsdFutures order book TRUMPUSDT status changed: "Connecting" => "Syncing"
2026-08-24 00:12:31.158 +04:00 [INF] UsdFutures order book TRUMPUSDT status changed: "Syncing" => "Synced"
2026-08-24 00:12:31.159 +04:00 [INF] Futures book Binance:TRUMPUSDT "Synced"
2026-08-24 00:12:31.160 +04:00 [INF] V5 order book TRUMPUSDT status changed: "Disconnected" => "Connecting"
2026-08-24 00:12:31.360 +04:00 [INF] [Sckt 18] subscription 6583 completed successfully
2026-08-24 00:12:31.361 +04:00 [INF] V5 order book TRUMPUSDT status changed: "Connecting" => "Syncing"
2026-08-24 00:12:31.361 +04:00 [INF] V5 order book TRUMPUSDT status changed: "Syncing" => "Synced"
2026-08-24 00:12:31.362 +04:00 [INF] Futures book Bybit:TRUMPUSDT "Synced"
2026-08-24 00:12:31.362 +04:00 [INF] Unified order book TRUMP-USDT-SWAP status changed: "Disconnected" => "Connecting"
2026-08-24 00:12:31.691 +04:00 [INF] [Sckt 19] subscription 6586 completed successfully
2026-08-24 00:12:31.693 +04:00 [INF] Unified order book TRUMP-USDT-SWAP status changed: "Connecting" => "Syncing"
2026-08-24 00:12:31.882 +04:00 [INF] Unified order book TRUMP-USDT-SWAP status changed: "Syncing" => "Synced"
2026-08-24 00:12:31.883 +04:00 [INF] Futures book OKX:TRUMPUSDT "Synced"
2026-08-24 00:12:31.884 +04:00 [INF] Futures order book TRUMPUSDT status changed: "Disconnected" => "Connecting"
2026-08-24 00:12:32.156 +04:00 [INF] [Sckt 20] subscription 6588 completed successfully
2026-08-24 00:12:32.157 +04:00 [INF] Futures order book TRUMPUSDT status changed: "Connecting" => "Syncing"
2026-08-24 00:12:32.158 +04:00 [INF] Futures order book TRUMPUSDT status changed: "Syncing" => "Synced"
2026-08-24 00:12:32.158 +04:00 [INF] Futures book Bitget:TRUMPUSDT "Synced"
2026-08-24 00:12:32.159 +04:00 [INF] UsdFutures order book WLDUSDT status changed: "Disconnected" => "Connecting"
2026-08-24 00:12:32.567 +04:00 [INF] [Sckt 17] subscription 6590 completed successfully
2026-08-24 00:12:32.568 +04:00 [INF] UsdFutures order book WLDUSDT status changed: "Connecting" => "Syncing"
2026-08-24 00:12:32.950 +04:00 [INF] UsdFutures order book WLDUSDT status changed: "Syncing" => "Synced"
2026-08-24 00:12:32.951 +04:00 [INF] Futures book Binance:WLDUSDT "Synced"
2026-08-24 00:12:32.951 +04:00 [INF] V5 order book WLDUSDT status changed: "Disconnected" => "Connecting"
2026-08-24 00:12:33.149 +04:00 [INF] [Sckt 18] subscription 6594 completed successfully
2026-08-24 00:12:33.150 +04:00 [INF] V5 order book WLDUSDT status changed: "Connecting" => "Syncing"
2026-08-24 00:12:33.151 +04:00 [INF] V5 order book WLDUSDT status changed: "Syncing" => "Synced"
2026-08-24 00:12:33.151 +04:00 [INF] Futures book Bybit:WLDUSDT "Synced"
2026-08-24 00:12:33.152 +04:00 [INF] Unified order book WLD-USDT-SWAP status changed: "Disconnected" => "Connecting"
2026-08-24 00:12:33.478 +04:00 [INF] [Sckt 19] subscription 6597 completed successfully
2026-08-24 00:12:33.480 +04:00 [INF] Unified order book WLD-USDT-SWAP status changed: "Connecting" => "Syncing"
2026-08-24 00:12:33.665 +04:00 [INF] Unified order book WLD-USDT-SWAP status changed: "Syncing" => "Synced"
2026-08-24 00:12:33.666 +04:00 [INF] Futures book OKX:WLDUSDT "Synced"
2026-08-24 00:12:33.667 +04:00 [INF] Futures order book WLDUSDT status changed: "Disconnected" => "Connecting"
2026-08-24 00:12:33.947 +04:00 [INF] [Sckt 20] subscription 6599 completed successfully
2026-08-24 00:12:33.948 +04:00 [INF] Futures order book WLDUSDT status changed: "Connecting" => "Syncing"
2026-08-24 00:12:33.949 +04:00 [INF] Futures order book WLDUSDT status changed: "Syncing" => "Synced"
2026-08-24 00:12:33.950 +04:00 [INF] Futures book Bitget:WLDUSDT "Synced"
2026-08-24 00:12:33.950 +04:00 [INF] UsdFutures order book ADAUSDT status changed: "Disconnected" => "Connecting"
2026-08-24 00:12:34.271 +04:00 [INF] [Sckt 17] subscription 6601 completed successfully
2026-08-24 00:12:34.272 +04:00 [INF] UsdFutures order book ADAUSDT status changed: "Connecting" => "Syncing"
2026-08-24 00:12:34.697 +04:00 [INF] UsdFutures order book ADAUSDT status changed: "Syncing" => "Synced"
2026-08-24 00:12:34.699 +04:00 [INF] Futures book Binance:ADAUSDT "Synced"
2026-08-24 00:12:34.700 +04:00 [INF] V5 order book ADAUSDT status changed: "Disconnected" => "Connecting"
2026-08-24 00:12:34.900 +04:00 [INF] [Sckt 18] subscription 6605 completed successfully
2026-08-24 00:12:34.902 +04:00 [INF] V5 order book ADAUSDT status changed: "Connecting" => "Syncing"
2026-08-24 00:12:34.904 +04:00 [INF] V5 order book ADAUSDT status changed: "Syncing" => "Synced"
2026-08-24 00:12:34.905 +04:00 [INF] Futures book Bybit:ADAUSDT "Synced"
2026-08-24 00:12:34.906 +04:00 [INF] Unified order book ADA-USDT-SWAP status changed: "Disconnected" => "Connecting"
2026-08-24 00:12:35.232 +04:00 [INF] [Sckt 19] subscription 6608 completed successfully
2026-08-24 00:12:35.233 +04:00 [INF] Unified order book ADA-USDT-SWAP status changed: "Connecting" => "Syncing"
2026-08-24 00:12:35.479 +04:00 [INF] Unified order book ADA-USDT-SWAP status changed: "Syncing" => "Synced"
2026-08-24 00:12:35.480 +04:00 [INF] Futures book OKX:ADAUSDT "Synced"
2026-08-24 00:12:35.482 +04:00 [INF] Futures order book ADAUSDT status changed: "Disconnected" => "Connecting"
2026-08-24 00:12:35.750 +04:00 [INF] [Sckt 20] subscription 6610 completed successfully
2026-08-24 00:12:35.751 +04:00 [INF] Futures order book ADAUSDT status changed: "Connecting" => "Syncing"
2026-08-24 00:12:35.817 +04:00 [INF] Futures order book ADAUSDT status changed: "Syncing" => "Synced"
2026-08-24 00:12:35.818 +04:00 [INF] Futures book Bitget:ADAUSDT "Synced"
2026-08-24 00:12:35.819 +04:00 [INF] UsdFutures order book PENGUUSDT status changed: "Disconnected" => "Connecting"
2026-08-24 00:12:36.173 +04:00 [INF] [Sckt 17] subscription 6612 completed successfully
2026-08-24 00:12:36.174 +04:00 [INF] UsdFutures order book PENGUUSDT status changed: "Connecting" => "Syncing"
2026-08-24 00:12:36.560 +04:00 [INF] UsdFutures order book PENGUUSDT status changed: "Syncing" => "Synced"
2026-08-24 00:12:36.561 +04:00 [INF] Futures book Binance:PENGUUSDT "Synced"
2026-08-24 00:12:36.562 +04:00 [INF] V5 order book PENGUUSDT status changed: "Disconnected" => "Connecting"
2026-08-24 00:12:36.762 +04:00 [INF] [Sckt 18] subscription 6616 completed successfully
2026-08-24 00:12:36.763 +04:00 [INF] V5 order book PENGUUSDT status changed: "Connecting" => "Syncing"
2026-08-24 00:12:36.764 +04:00 [INF] V5 order book PENGUUSDT status changed: "Syncing" => "Synced"
2026-08-24 00:12:36.765 +04:00 [INF] Futures book Bybit:PENGUUSDT "Synced"
2026-08-24 00:12:36.766 +04:00 [INF] Unified order book PENGU-USDT-SWAP status changed: "Disconnected" => "Connecting"
2026-08-24 00:12:37.106 +04:00 [INF] [Sckt 19] subscription 6619 completed successfully
2026-08-24 00:12:37.107 +04:00 [INF] Unified order book PENGU-USDT-SWAP status changed: "Connecting" => "Syncing"
2026-08-24 00:12:37.289 +04:00 [INF] Unified order book PENGU-USDT-SWAP status changed: "Syncing" => "Synced"
2026-08-24 00:12:37.290 +04:00 [INF] Futures book OKX:PENGUUSDT "Synced"
2026-08-24 00:12:37.290 +04:00 [INF] Futures order book PENGUUSDT status changed: "Disconnected" => "Connecting"
2026-08-24 00:12:37.557 +04:00 [INF] [Sckt 20] subscription 6621 completed successfully
2026-08-24 00:12:37.558 +04:00 [INF] Futures order book PENGUUSDT status changed: "Connecting" => "Syncing"
2026-08-24 00:12:37.616 +04:00 [INF] Futures order book PENGUUSDT status changed: "Syncing" => "Synced"
2026-08-24 00:12:37.618 +04:00 [INF] Futures book Bitget:PENGUUSDT "Synced"
2026-08-24 00:12:37.618 +04:00 [INF] UsdFutures order book ONDOUSDT status changed: "Disconnected" => "Connecting"
2026-08-24 00:12:37.974 +04:00 [INF] [Sckt 17] subscription 6623 completed successfully
2026-08-24 00:12:37.976 +04:00 [INF] UsdFutures order book ONDOUSDT status changed: "Connecting" => "Syncing"
2026-08-24 00:12:38.362 +04:00 [INF] UsdFutures order book ONDOUSDT status changed: "Syncing" => "Synced"
2026-08-24 00:12:38.363 +04:00 [INF] Futures book Binance:ONDOUSDT "Synced"
2026-08-24 00:12:38.364 +04:00 [INF] V5 order book ONDOUSDT status changed: "Disconnected" => "Connecting"
2026-08-24 00:12:38.579 +04:00 [INF] [Sckt 18] subscription 6627 completed successfully
2026-08-24 00:12:38.580 +04:00 [INF] V5 order book ONDOUSDT status changed: "Connecting" => "Syncing"
2026-08-24 00:12:38.581 +04:00 [INF] V5 order book ONDOUSDT status changed: "Syncing" => "Synced"
2026-08-24 00:12:38.581 +04:00 [INF] Futures book Bybit:ONDOUSDT "Synced"
2026-08-24 00:12:38.582 +04:00 [INF] Unified order book ONDO-USDT-SWAP status changed: "Disconnected" => "Connecting"
2026-08-24 00:12:38.907 +04:00 [INF] [Sckt 19] subscription 6630 completed successfully
2026-08-24 00:12:38.908 +04:00 [INF] Unified order book ONDO-USDT-SWAP status changed: "Connecting" => "Syncing"
2026-08-24 00:12:39.036 +04:00 [INF] Unified order book ONDO-USDT-SWAP status changed: "Syncing" => "Synced"
2026-08-24 00:12:39.038 +04:00 [INF] Futures book OKX:ONDOUSDT "Synced"
2026-08-24 00:12:39.039 +04:00 [INF] Futures order book ONDOUSDT status changed: "Disconnected" => "Connecting"
2026-08-24 00:12:39.319 +04:00 [INF] [Sckt 20] subscription 6634 completed successfully
2026-08-24 00:12:39.320 +04:00 [INF] Futures order book ONDOUSDT status changed: "Connecting" => "Syncing"
2026-08-24 00:12:39.320 +04:00 [INF] Futures order book ONDOUSDT status changed: "Syncing" => "Synced"
2026-08-24 00:12:39.321 +04:00 [INF] Futures book Bitget:ONDOUSDT "Synced"
2026-08-24 00:12:39.321 +04:00 [INF] UsdFutures order book ARBUSDT status changed: "Disconnected" => "Connecting"
2026-08-24 00:12:40.757 +04:00 [INF] [Sckt 21] subscription 6636 completed successfully
2026-08-24 00:12:40.759 +04:00 [INF] UsdFutures order book ARBUSDT status changed: "Connecting" => "Syncing"
2026-08-24 00:12:41.162 +04:00 [INF] UsdFutures order book ARBUSDT status changed: "Syncing" => "Synced"
2026-08-24 00:12:41.163 +04:00 [INF] Futures book Binance:ARBUSDT "Synced"
2026-08-24 00:12:41.165 +04:00 [INF] V5 order book ARBUSDT status changed: "Disconnected" => "Connecting"
2026-08-24 00:12:41.967 +04:00 [INF] [Sckt 22] subscription 6641 completed successfully
2026-08-24 00:12:41.969 +04:00 [INF] V5 order book ARBUSDT status changed: "Connecting" => "Syncing"
2026-08-24 00:12:41.969 +04:00 [INF] V5 order book ARBUSDT status changed: "Syncing" => "Synced"
2026-08-24 00:12:41.970 +04:00 [INF] Futures book Bybit:ARBUSDT "Synced"
2026-08-24 00:12:41.971 +04:00 [INF] Unified order book ARB-USDT-SWAP status changed: "Disconnected" => "Connecting"
2026-08-24 00:12:43.306 +04:00 [INF] [Sckt 23] subscription 6644 completed successfully
2026-08-24 00:12:43.308 +04:00 [INF] Unified order book ARB-USDT-SWAP status changed: "Connecting" => "Syncing"
2026-08-24 00:12:43.859 +04:00 [INF] Unified order book ARB-USDT-SWAP status changed: "Syncing" => "Synced"
2026-08-24 00:12:43.861 +04:00 [INF] Futures book OKX:ARBUSDT "Synced"
2026-08-24 00:12:43.862 +04:00 [INF] Futures order book ARBUSDT status changed: "Disconnected" => "Connecting"
2026-08-24 00:12:44.959 +04:00 [INF] [Sckt 24] subscription 6646 completed successfully
2026-08-24 00:12:44.960 +04:00 [INF] Futures order book ARBUSDT status changed: "Connecting" => "Syncing"
2026-08-24 00:12:44.961 +04:00 [INF] Futures order book ARBUSDT status changed: "Syncing" => "Synced"
2026-08-24 00:12:44.962 +04:00 [INF] Futures book Bitget:ARBUSDT "Synced"
2026-08-24 00:12:44.962 +04:00 [INF] UsdFutures order book FARTCOINUSDT status changed: "Disconnected" => "Connecting"
2026-08-24 00:12:45.361 +04:00 [INF] [Sckt 21] subscription 6648 completed successfully
2026-08-24 00:12:45.363 +04:00 [INF] UsdFutures order book FARTCOINUSDT status changed: "Connecting" => "Syncing"
2026-08-24 00:12:45.736 +04:00 [INF] UsdFutures order book FARTCOINUSDT status changed: "Syncing" => "Synced"
2026-08-24 00:12:45.738 +04:00 [INF] Futures book Binance:FARTCOINUSDT "Synced"
2026-08-24 00:12:45.738 +04:00 [INF] V5 order book FARTCOINUSDT status changed: "Disconnected" => "Connecting"
2026-08-24 00:12:45.938 +04:00 [INF] [Sckt 22] subscription 6652 completed successfully
2026-08-24 00:12:45.939 +04:00 [INF] V5 order book FARTCOINUSDT status changed: "Connecting" => "Syncing"
2026-08-24 00:12:45.940 +04:00 [INF] V5 order book FARTCOINUSDT status changed: "Syncing" => "Synced"
2026-08-24 00:12:45.940 +04:00 [INF] Futures book Bybit:FARTCOINUSDT "Synced"
2026-08-24 00:12:45.941 +04:00 [INF] Unified order book FARTCOIN-USDT-SWAP status changed: "Disconnected" => "Connecting"
2026-08-24 00:12:46.270 +04:00 [INF] [Sckt 23] subscription 6655 completed successfully
2026-08-24 00:12:46.271 +04:00 [INF] Unified order book FARTCOIN-USDT-SWAP status changed: "Connecting" => "Syncing"
2026-08-24 00:12:46.580 +04:00 [INF] Unified order book FARTCOIN-USDT-SWAP status changed: "Syncing" => "Synced"
2026-08-24 00:12:46.582 +04:00 [INF] Futures book OKX:FARTCOINUSDT "Synced"
2026-08-24 00:12:46.582 +04:00 [INF] Futures order book FARTCOINUSDT status changed: "Disconnected" => "Connecting"
2026-08-24 00:12:46.853 +04:00 [INF] [Sckt 24] subscription 6657 completed successfully
2026-08-24 00:12:46.854 +04:00 [INF] Futures order book FARTCOINUSDT status changed: "Connecting" => "Syncing"
2026-08-24 00:12:46.856 +04:00 [INF] Futures order book FARTCOINUSDT status changed: "Syncing" => "Synced"
2026-08-24 00:12:46.857 +04:00 [INF] Futures book Bitget:FARTCOINUSDT "Synced"
2026-08-24 00:12:46.857 +04:00 [INF] UsdFutures order book XPLUSDT status changed: "Disconnected" => "Connecting"
2026-08-24 00:12:47.267 +04:00 [INF] [Sckt 21] subscription 6659 completed successfully
2026-08-24 00:12:47.268 +04:00 [INF] UsdFutures order book XPLUSDT status changed: "Connecting" => "Syncing"
2026-08-24 00:12:47.644 +04:00 [INF] UsdFutures order book XPLUSDT status changed: "Syncing" => "Synced"
2026-08-24 00:12:47.646 +04:00 [INF] Futures book Binance:XPLUSDT "Synced"
2026-08-24 00:12:47.649 +04:00 [INF] V5 order book XPLUSDT status changed: "Disconnected" => "Connecting"
2026-08-24 00:12:47.856 +04:00 [INF] [Sckt 22] subscription 6663 completed successfully
2026-08-24 00:12:47.858 +04:00 [INF] V5 order book XPLUSDT status changed: "Connecting" => "Syncing"
2026-08-24 00:12:47.859 +04:00 [INF] V5 order book XPLUSDT status changed: "Syncing" => "Synced"
2026-08-24 00:12:47.859 +04:00 [INF] Futures book Bybit:XPLUSDT "Synced"
2026-08-24 00:12:47.860 +04:00 [INF] Unified order book XPL-USDT-SWAP status changed: "Disconnected" => "Connecting"
2026-08-24 00:12:48.187 +04:00 [INF] [Sckt 23] subscription 6666 completed successfully
2026-08-24 00:12:48.188 +04:00 [INF] Unified order book XPL-USDT-SWAP status changed: "Connecting" => "Syncing"
2026-08-24 00:12:48.376 +04:00 [INF] Unified order book XPL-USDT-SWAP status changed: "Syncing" => "Synced"
2026-08-24 00:12:48.378 +04:00 [INF] Futures book OKX:XPLUSDT "Synced"
2026-08-24 00:12:48.379 +04:00 [INF] Futures order book XPLUSDT status changed: "Disconnected" => "Connecting"
2026-08-24 00:12:48.648 +04:00 [INF] [Sckt 24] subscription 6668 completed successfully
2026-08-24 00:12:48.649 +04:00 [INF] Futures order book XPLUSDT status changed: "Connecting" => "Syncing"
2026-08-24 00:12:48.650 +04:00 [INF] Futures order book XPLUSDT status changed: "Syncing" => "Synced"
2026-08-24 00:12:48.651 +04:00 [INF] Futures book Bitget:XPLUSDT "Synced"
2026-08-24 00:12:48.651 +04:00 [INF] UsdFutures order book ZROUSDT status changed: "Disconnected" => "Connecting"
2026-08-24 00:12:49.069 +04:00 [INF] [Sckt 21] subscription 6670 completed successfully
2026-08-24 00:12:49.070 +04:00 [INF] UsdFutures order book ZROUSDT status changed: "Connecting" => "Syncing"
2026-08-24 00:12:49.469 +04:00 [INF] UsdFutures order book ZROUSDT status changed: "Syncing" => "Synced"
2026-08-24 00:12:49.471 +04:00 [INF] Futures book Binance:ZROUSDT "Synced"
2026-08-24 00:12:49.471 +04:00 [INF] V5 order book ZROUSDT status changed: "Disconnected" => "Connecting"
2026-08-24 00:12:49.672 +04:00 [INF] [Sckt 22] subscription 6674 completed successfully
2026-08-24 00:12:49.673 +04:00 [INF] V5 order book ZROUSDT status changed: "Connecting" => "Syncing"
2026-08-24 00:12:49.674 +04:00 [INF] V5 order book ZROUSDT status changed: "Syncing" => "Synced"
2026-08-24 00:12:49.674 +04:00 [INF] Futures book Bybit:ZROUSDT "Synced"
2026-08-24 00:12:49.675 +04:00 [INF] Unified order book ZRO-USDT-SWAP status changed: "Disconnected" => "Connecting"
2026-08-24 00:12:50.003 +04:00 [INF] [Sckt 23] subscription 6677 completed successfully
2026-08-24 00:12:50.003 +04:00 [INF] Unified order book ZRO-USDT-SWAP status changed: "Connecting" => "Syncing"
2026-08-24 00:12:50.180 +04:00 [INF] Unified order book ZRO-USDT-SWAP status changed: "Syncing" => "Synced"
2026-08-24 00:12:50.181 +04:00 [INF] Futures book OKX:ZROUSDT "Synced"
2026-08-24 00:12:50.182 +04:00 [INF] Futures order book ZROUSDT status changed: "Disconnected" => "Connecting"
2026-08-24 00:12:50.469 +04:00 [INF] [Sckt 24] subscription 6679 completed successfully
2026-08-24 00:12:50.470 +04:00 [INF] Futures order book ZROUSDT status changed: "Connecting" => "Syncing"
2026-08-24 00:12:50.471 +04:00 [INF] Futures order book ZROUSDT status changed: "Syncing" => "Synced"
2026-08-24 00:12:50.472 +04:00 [INF] Futures book Bitget:ZROUSDT "Synced"
2026-08-24 00:12:50.473 +04:00 [INF] UsdFutures order book WIFUSDT status changed: "Disconnected" => "Connecting"
2026-08-24 00:12:50.870 +04:00 [INF] [Sckt 21] subscription 6681 completed successfully
2026-08-24 00:12:50.871 +04:00 [INF] UsdFutures order book WIFUSDT status changed: "Connecting" => "Syncing"
2026-08-24 00:12:51.422 +04:00 [INF] UsdFutures order book WIFUSDT status changed: "Syncing" => "Synced"
2026-08-24 00:12:51.423 +04:00 [INF] Futures book Binance:WIFUSDT "Synced"
2026-08-24 00:12:51.424 +04:00 [INF] V5 order book WIFUSDT status changed: "Disconnected" => "Connecting"
2026-08-24 00:12:51.623 +04:00 [INF] [Sckt 22] subscription 6685 completed successfully
2026-08-24 00:12:51.625 +04:00 [INF] V5 order book WIFUSDT status changed: "Connecting" => "Syncing"
2026-08-24 00:12:51.627 +04:00 [INF] V5 order book WIFUSDT status changed: "Syncing" => "Synced"
2026-08-24 00:12:51.628 +04:00 [INF] Futures book Bybit:WIFUSDT "Synced"
2026-08-24 00:12:51.629 +04:00 [INF] Unified order book WIF-USDT-SWAP status changed: "Disconnected" => "Connecting"
2026-08-24 00:12:51.955 +04:00 [INF] [Sckt 23] subscription 6688 completed successfully
2026-08-24 00:12:51.957 +04:00 [INF] Unified order book WIF-USDT-SWAP status changed: "Connecting" => "Syncing"
2026-08-24 00:12:52.242 +04:00 [INF] Unified order book WIF-USDT-SWAP status changed: "Syncing" => "Synced"
2026-08-24 00:12:52.243 +04:00 [INF] Futures book OKX:WIFUSDT "Synced"
2026-08-24 00:12:52.243 +04:00 [INF] Futures order book WIFUSDT status changed: "Disconnected" => "Connecting"
2026-08-24 00:12:52.513 +04:00 [INF] [Sckt 24] subscription 6691 completed successfully
2026-08-24 00:12:52.514 +04:00 [INF] Futures order book WIFUSDT status changed: "Connecting" => "Syncing"
2026-08-24 00:12:52.515 +04:00 [INF] Futures order book WIFUSDT status changed: "Syncing" => "Synced"
2026-08-24 00:12:52.517 +04:00 [INF] Futures book Bitget:WIFUSDT "Synced"
2026-08-24 00:12:52.518 +04:00 [INF] Exchange Binance: 15/15 streams live
2026-08-24 00:12:52.519 +04:00 [INF] Exchange Bybit: 15/15 streams live
2026-08-24 00:12:52.520 +04:00 [INF] Exchange OKX: 15/15 streams live
2026-08-24 00:12:52.520 +04:00 [INF] Exchange Bitget: 15/15 streams live
2026-08-24 00:22:19.097 +04:00 [INF] Funding cache refresh for 15 symbols × 3 exchanges (TTL 45m)
2026-08-24 00:22:31.459 +04:00 [INF] Funding cache entries: 48
2026-08-24 00:31:58.780 +04:00 [INF] Discovery: public tickers Binance/Bybit/OKX (arb band 8000000–400000000 USDT vol, top 15)
2026-08-24 00:31:59.607 +04:00 [INF] Binance fapi: 692 USDT perps with volume
2026-08-24 00:32:00.268 +04:00 [INF] Bybit linear: 725 USDT perps with volume
2026-08-24 00:32:00.687 +04:00 [INF] OKX SWAP: 434 USDT perps with volume
2026-08-24 00:32:01.495 +04:00 [INF] Bitget USDT-FUTURES: 755 tickers with volume
2026-08-24 00:32:04.379 +04:00 [INF] GateIo USDT futures: 927 tickers with volume
2026-08-24 00:32:04.984 +04:00 [INF] Discovered 15 arb pairs: DOGEUSDT@5ex/271M, ENAUSDT@5ex/286.7M, SUIUSDT@5ex/121.7M, HYPEUSDT@5ex/188.9M, ZECUSDT@5ex/252.3M, TRUMPUSDT@5ex/315.4M, WLDUSDT@5ex/47.3M, ADAUSDT@5ex/104.6M, PENGUUSDT@5ex/65.4M, ONDOUSDT@5ex/62M, ARBUSDT@5ex/22.4M, XPLUSDT@5ex/52.4M, FARTCOINUSDT@5ex/52.4M, ZROUSDT@5ex/50.2M, WIFUSDT@5ex/14.3M
2026-08-24 00:32:04.986 +04:00 [INF] Symbol refresh (http-tickers-arb): [DOGEUSDT,ENAUSDT,SUIUSDT,HYPEUSDT,ZECUSDT,TRUMPUSDT,WLDUSDT,ADAUSDT,PENGUUSDT,ONDOUSDT,ARBUSDT,FARTCOINUSDT,XPLUSDT,ZROUSDT,WIFUSDT] → [DOGEUSDT,ENAUSDT,SUIUSDT,HYPEUSDT,ZECUSDT,TRUMPUSDT,WLDUSDT,ADAUSDT,PENGUUSDT,ONDOUSDT,ARBUSDT,XPLUSDT,FARTCOINUSDT,ZROUSDT,WIFUSDT] | changed=false
2026-08-24 00:44:41.942 +04:00 [INF] Futures scan: 2 candidate(s), best RT=0.180% open=0.280%
2026-08-24 00:44:41.960 +04:00 [INF] FUT PAPER OPEN FARTCOINUSDT L:OKX S:Binance qty=1093.493712 lev=3x margin=66.67 edge=0.280%
2026-08-24 00:44:41.962 +04:00 [INF] Opened futures paper hedge (1): FARTCOINUSDT: L OKX@0.18 / S Binance@0.18 | RT 0.180% fund 0.000% → 0.180%
2026-08-24 00:44:41.963 +04:00 [INF] Paper skip FARTCOINUSDT: Cooldown 8000ms open=0.249% RT=0.144%
2026-08-24 00:44:42.985 +04:00 [INF] FUT PAPER CLOSE FARTCOINUSDT pnl=0.3596 reason=converge lev=3x
2026-08-24 00:52:05.259 +04:00 [INF] Discovery: public tickers Binance/Bybit/OKX (arb band 8000000–400000000 USDT vol, top 15)
2026-08-24 00:52:06.403 +04:00 [INF] Binance fapi: 692 USDT perps with volume
2026-08-24 00:52:06.879 +04:00 [INF] Bybit linear: 725 USDT perps with volume
2026-08-24 00:52:07.247 +04:00 [INF] OKX SWAP: 434 USDT perps with volume
2026-08-24 00:52:07.654 +04:00 [INF] Bitget USDT-FUTURES: 755 tickers with volume
2026-08-24 00:52:10.635 +04:00 [INF] GateIo USDT futures: 927 tickers with volume
2026-08-24 00:52:11.052 +04:00 [INF] Discovered 15 arb pairs: DOGEUSDT@5ex/268.2M, ENAUSDT@5ex/284.4M, SUIUSDT@5ex/121.8M, HYPEUSDT@5ex/190.6M, ZECUSDT@5ex/249.8M, TRUMPUSDT@5ex/315.9M, WLDUSDT@5ex/47.3M, ADAUSDT@5ex/104.2M, PENGUUSDT@5ex/67.2M, ONDOUSDT@5ex/61.7M, ARBUSDT@5ex/22.4M, FARTCOINUSDT@5ex/53.9M, XPLUSDT@5ex/52.6M, ZROUSDT@5ex/50.3M, WIFUSDT@5ex/14.4M
2026-08-24 00:52:11.054 +04:00 [INF] Symbol refresh (http-tickers-arb): [DOGEUSDT,ENAUSDT,SUIUSDT,HYPEUSDT,ZECUSDT,TRUMPUSDT,WLDUSDT,ADAUSDT,PENGUUSDT,ONDOUSDT,ARBUSDT,XPLUSDT,FARTCOINUSDT,ZROUSDT,WIFUSDT] → [DOGEUSDT,ENAUSDT,SUIUSDT,HYPEUSDT,ZECUSDT,TRUMPUSDT,WLDUSDT,ADAUSDT,PENGUUSDT,ONDOUSDT,ARBUSDT,FARTCOINUSDT,XPLUSDT,ZROUSDT,WIFUSDT] | changed=false
2026-08-24 01:07:32.313 +04:00 [INF] Funding cache refresh for 15 symbols × 3 exchanges (TTL 45m)
2026-08-24 01:07:42.772 +04:00 [INF] Funding cache entries: 48
2026-08-24 01:12:11.430 +04:00 [INF] Discovery: public tickers Binance/Bybit/OKX (arb band 8000000–400000000 USDT vol, top 15)
2026-08-24 01:12:11.877 +04:00 [INF] Binance fapi: 692 USDT perps with volume
2026-08-24 01:12:12.386 +04:00 [INF] Bybit linear: 725 USDT perps with volume
2026-08-24 01:12:12.772 +04:00 [INF] OKX SWAP: 434 USDT perps with volume
2026-08-24 01:12:13.169 +04:00 [INF] Bitget USDT-FUTURES: 755 tickers with volume
2026-08-24 01:12:16.115 +04:00 [INF] GateIo USDT futures: 927 tickers with volume
2026-08-24 01:12:17.254 +04:00 [INF] Discovered 15 arb pairs: DOGEUSDT@5ex/264M, ENAUSDT@5ex/281.5M, SUIUSDT@5ex/121.7M, HYPEUSDT@5ex/193M, ZECUSDT@5ex/248.7M, TRUMPUSDT@5ex/316.1M, WLDUSDT@5ex/46.6M, ADAUSDT@5ex/103M, PENGUUSDT@5ex/68.6M, ONDOUSDT@5ex/61.3M, FARTCOINUSDT@5ex/53.6M, ARBUSDT@5ex/22.1M, XPLUSDT@5ex/52.9M, ZROUSDT@5ex/50.3M, AAVEUSDT@5ex/34.5M
2026-08-24 01:12:17.256 +04:00 [INF] Symbol refresh (http-tickers-arb): [DOGEUSDT,ENAUSDT,SUIUSDT,HYPEUSDT,ZECUSDT,TRUMPUSDT,WLDUSDT,ADAUSDT,PENGUUSDT,ONDOUSDT,ARBUSDT,FARTCOINUSDT,XPLUSDT,ZROUSDT,WIFUSDT] → [DOGEUSDT,ENAUSDT,SUIUSDT,HYPEUSDT,ZECUSDT,TRUMPUSDT,WLDUSDT,ADAUSDT,PENGUUSDT,ONDOUSDT,FARTCOINUSDT,ARBUSDT,XPLUSDT,ZROUSDT,AAVEUSDT] | changed=true
2026-08-24 01:12:17.257 +04:00 [INF] Restarting futures books for new symbol set…
2026-08-24 01:12:17.455 +04:00 [INF] [Sckt 22] subscription 6674 unsubscribed
2026-08-24 01:12:17.456 +04:00 [INF] V5 order book ZROUSDT status changed: "Synced" => "Disconnected"
2026-08-24 01:12:17.732 +04:00 [INF] [Sckt 24] subscription 6668 unsubscribed
2026-08-24 01:12:17.733 +04:00 [INF] Futures order book XPLUSDT status changed: "Synced" => "Disconnected"
2026-08-24 01:12:18.000 +04:00 [INF] [Sckt 20] subscription 6577 unsubscribed
2026-08-24 01:12:18.002 +04:00 [INF] Futures order book ZECUSDT status changed: "Synced" => "Disconnected"
2026-08-24 01:12:18.425 +04:00 [INF] [Sckt 21] subscription 6636 unsubscribed
2026-08-24 01:12:18.427 +04:00 [INF] UsdFutures order book ARBUSDT status changed: "Synced" => "Disconnected"
2026-08-24 01:12:18.697 +04:00 [INF] [Sckt 24] subscription 6679 unsubscribed
2026-08-24 01:12:18.699 +04:00 [INF] Futures order book ZROUSDT status changed: "Synced" => "Disconnected"
2026-08-24 01:12:19.045 +04:00 [INF] [Sckt 17] subscription 6623 unsubscribed
2026-08-24 01:12:19.046 +04:00 [INF] UsdFutures order book ONDOUSDT status changed: "Synced" => "Disconnected"
2026-08-24 01:12:19.246 +04:00 [INF] [Sckt 18] subscription 6594 unsubscribed
2026-08-24 01:12:19.247 +04:00 [INF] V5 order book WLDUSDT status changed: "Synced" => "Disconnected"
2026-08-24 01:12:19.446 +04:00 [INF] [Sckt 18] subscription 6583 unsubscribed
2026-08-24 01:12:19.448 +04:00 [INF] V5 order book TRUMPUSDT status changed: "Synced" => "Disconnected"
2026-08-24 01:12:19.915 +04:00 [INF] [Sckt 21] subscription 6670 unsubscribed
2026-08-24 01:12:19.918 +04:00 [INF] UsdFutures order book ZROUSDT status changed: "Synced" => "Disconnected"
2026-08-24 01:12:20.347 +04:00 [INF] [Sckt 17] subscription 6546 unsubscribed
2026-08-24 01:12:20.348 +04:00 [INF] UsdFutures order book SUIUSDT status changed: "Synced" => "Disconnected"
2026-08-24 01:12:20.674 +04:00 [INF] [Sckt 19] subscription 6619 unsubscribed
2026-08-24 01:12:20.675 +04:00 [INF] Unified order book PENGU-USDT-SWAP status changed: "Synced" => "Disconnected"
2026-08-24 01:12:20.875 +04:00 [INF] [Sckt 18] subscription 6627 unsubscribed
2026-08-24 01:12:20.876 +04:00 [INF] V5 order book ONDOUSDT status changed: "Synced" => "Disconnected"
2026-08-24 01:12:21.076 +04:00 [INF] [Sckt 22] subscription 6685 unsubscribed
2026-08-24 01:12:21.077 +04:00 [INF] V5 order book WIFUSDT status changed: "Synced" => "Disconnected"
2026-08-24 01:12:21.451 +04:00 [INF] [Sckt 17] subscription 6568 unsubscribed
2026-08-24 01:12:21.452 +04:00 [INF] UsdFutures order book ZECUSDT status changed: "Synced" => "Disconnected"
2026-08-24 01:12:21.720 +04:00 [INF] [Sckt 20] subscription 6588 unsubscribed
2026-08-24 01:12:21.720 +04:00 [INF] Futures order book TRUMPUSDT status changed: "Synced" => "Disconnected"
2026-08-24 01:12:21.928 +04:00 [INF] [Sckt 18] subscription 6550 unsubscribed
2026-08-24 01:12:21.929 +04:00 [INF] V5 order book SUIUSDT status changed: "Synced" => "Disconnected"
2026-08-24 01:12:22.198 +04:00 [INF] [Sckt 20] subscription 6566 unsubscribed
2026-08-24 01:12:22.198 +04:00 [INF] Futures order book HYPEUSDT status changed: "Synced" => "Disconnected"
2026-08-24 01:12:22.397 +04:00 [INF] [Sckt 18] subscription 6528 unsubscribed
2026-08-24 01:12:22.398 +04:00 [INF] V5 order book DOGEUSDT status changed: "Synced" => "Disconnected"
2026-08-24 01:12:22.752 +04:00 [INF] [Sckt 17] subscription 6579 unsubscribed
2026-08-24 01:12:22.753 +04:00 [INF] UsdFutures order book TRUMPUSDT status changed: "Synced" => "Disconnected"
2026-08-24 01:12:23.027 +04:00 [INF] [Sckt 24] subscription 6646 unsubscribed
2026-08-24 01:12:23.028 +04:00 [INF] Futures order book ARBUSDT status changed: "Synced" => "Disconnected"
2026-08-24 01:12:23.358 +04:00 [INF] [Sckt 17] subscription 6590 unsubscribed
2026-08-24 01:12:23.365 +04:00 [INF] UsdFutures order book WLDUSDT status changed: "Synced" => "Disconnected"
2026-08-24 01:12:23.697 +04:00 [INF] [Sckt 23] subscription 6666 unsubscribed
2026-08-24 01:12:23.699 +04:00 [INF] Unified order book XPL-USDT-SWAP status changed: "Synced" => "Disconnected"
2026-08-24 01:12:24.054 +04:00 [INF] [Sckt 17] subscription 6524 unsubscribed
2026-08-24 01:12:24.054 +04:00 [INF] UsdFutures order book DOGEUSDT status changed: "Synced" => "Disconnected"
2026-08-24 01:12:24.323 +04:00 [INF] [Sckt 20] subscription 6533 unsubscribed
2026-08-24 01:12:24.324 +04:00 [INF] Futures order book DOGEUSDT status changed: "Synced" => "Disconnected"
2026-08-24 01:12:24.650 +04:00 [INF] [Sckt 23] subscription 6688 unsubscribed
2026-08-24 01:12:24.652 +04:00 [INF] Unified order book WIF-USDT-SWAP status changed: "Synced" => "Disconnected"
2026-08-24 01:12:24.980 +04:00 [INF] [Sckt 19] subscription 6531 unsubscribed
2026-08-24 01:12:24.982 +04:00 [INF] Unified order book DOGE-USDT-SWAP status changed: "Synced" => "Disconnected"
2026-08-24 01:12:25.355 +04:00 [INF] [Sckt 17] subscription 6601 unsubscribed
2026-08-24 01:12:25.356 +04:00 [INF] UsdFutures order book ADAUSDT status changed: "Synced" => "Disconnected"
2026-08-24 01:12:25.556 +04:00 [INF] [Sckt 18] subscription 6539 unsubscribed
2026-08-24 01:12:25.557 +04:00 [INF] V5 order book ENAUSDT status changed: "Synced" => "Disconnected"
2026-08-24 01:12:25.826 +04:00 [INF] [Sckt 24] subscription 6657 unsubscribed
2026-08-24 01:12:25.826 +04:00 [INF] Futures order book FARTCOINUSDT status changed: "Synced" => "Disconnected"
2026-08-24 01:12:26.092 +04:00 [INF] [Sckt 20] subscription 6621 unsubscribed
2026-08-24 01:12:26.094 +04:00 [INF] Futures order book PENGUUSDT status changed: "Synced" => "Disconnected"
2026-08-24 01:12:26.419 +04:00 [INF] [Sckt 19] subscription 6608 unsubscribed
2026-08-24 01:12:26.420 +04:00 [INF] Unified order book ADA-USDT-SWAP status changed: "Synced" => "Disconnected"
2026-08-24 01:12:26.756 +04:00 [INF] [Sckt 17] subscription 6535 unsubscribed
2026-08-24 01:12:26.757 +04:00 [INF] UsdFutures order book ENAUSDT status changed: "Synced" => "Disconnected"
2026-08-24 01:12:27.082 +04:00 [INF] [Sckt 19] subscription 6553 unsubscribed
2026-08-24 01:12:27.083 +04:00 [INF] Unified order book SUI-USDT-SWAP status changed: "Synced" => "Disconnected"
2026-08-24 01:12:27.410 +04:00 [INF] [Sckt 23] subscription 6677 unsubscribed
2026-08-24 01:12:27.410 +04:00 [INF] Unified order book ZRO-USDT-SWAP status changed: "Synced" => "Disconnected"
2026-08-24 01:12:27.737 +04:00 [INF] [Sckt 23] subscription 6644 unsubscribed
2026-08-24 01:12:27.764 +04:00 [INF] Unified order book ARB-USDT-SWAP status changed: "Synced" => "Disconnected"
2026-08-24 01:12:28.033 +04:00 [INF] [Sckt 20] subscription 6634 unsubscribed
2026-08-24 01:12:28.034 +04:00 [INF] Futures order book ONDOUSDT status changed: "Synced" => "Disconnected"
2026-08-24 01:12:28.231 +04:00 [INF] [Sckt 18] subscription 6572 unsubscribed
2026-08-24 01:12:28.233 +04:00 [INF] V5 order book ZECUSDT status changed: "Synced" => "Disconnected"
2026-08-24 01:12:28.535 +04:00 [INF] Futures order book WIFUSDT status changed: "Synced" => "Disconnected"
2026-08-24 01:12:28.862 +04:00 [INF] [Sckt 19] subscription 6542 unsubscribed
2026-08-24 01:12:28.863 +04:00 [INF] Unified order book ENA-USDT-SWAP status changed: "Synced" => "Disconnected"
2026-08-24 01:12:29.239 +04:00 [INF] [Sckt 21] subscription 6681 unsubscribed
2026-08-24 01:12:29.240 +04:00 [INF] UsdFutures order book WIFUSDT status changed: "Synced" => "Disconnected"
2026-08-24 01:12:29.565 +04:00 [INF] [Sckt 19] subscription 6630 unsubscribed
2026-08-24 01:12:29.566 +04:00 [INF] Unified order book ONDO-USDT-SWAP status changed: "Synced" => "Disconnected"
2026-08-24 01:12:29.966 +04:00 [INF] [Sckt 17] subscription 6612 unsubscribed
2026-08-24 01:12:29.967 +04:00 [INF] UsdFutures order book PENGUUSDT status changed: "Synced" => "Disconnected"
2026-08-24 01:12:30.312 +04:00 [INF] [Sckt 19] subscription 6597 unsubscribed
2026-08-24 01:12:30.312 +04:00 [INF] Unified order book WLD-USDT-SWAP status changed: "Synced" => "Disconnected"
2026-08-24 01:12:30.680 +04:00 [INF] UsdFutures order book HYPEUSDT status changed: "Synced" => "Disconnected"
2026-08-24 01:12:30.880 +04:00 [INF] [Sckt 18] subscription 6561 unsubscribed
2026-08-24 01:12:30.881 +04:00 [INF] V5 order book HYPEUSDT status changed: "Synced" => "Disconnected"
2026-08-24 01:12:31.097 +04:00 [INF] [Sckt 18] subscription 6605 unsubscribed
2026-08-24 01:12:31.098 +04:00 [INF] V5 order book ADAUSDT status changed: "Synced" => "Disconnected"
2026-08-24 01:12:31.425 +04:00 [INF] [Sckt 19] subscription 6575 unsubscribed
2026-08-24 01:12:31.426 +04:00 [INF] Unified order book ZEC-USDT-SWAP status changed: "Synced" => "Disconnected"
2026-08-24 01:12:31.841 +04:00 [INF] [Sckt 21] subscription 6648 unsubscribed
2026-08-24 01:12:31.843 +04:00 [INF] UsdFutures order book FARTCOINUSDT status changed: "Synced" => "Disconnected"
2026-08-24 01:12:32.067 +04:00 [INF] V5 order book PENGUUSDT status changed: "Synced" => "Disconnected"
2026-08-24 01:12:32.393 +04:00 [INF] [Sckt 19] subscription 6564 unsubscribed
2026-08-24 01:12:32.395 +04:00 [INF] Unified order book HYPE-USDT-SWAP status changed: "Synced" => "Disconnected"
2026-08-24 01:12:32.593 +04:00 [INF] [Sckt 22] subscription 6641 unsubscribed
2026-08-24 01:12:32.595 +04:00 [INF] V5 order book ARBUSDT status changed: "Synced" => "Disconnected"
2026-08-24 01:12:32.869 +04:00 [INF] [Sckt 20] subscription 6555 unsubscribed
2026-08-24 01:12:32.871 +04:00 [INF] Futures order book SUIUSDT status changed: "Synced" => "Disconnected"
2026-08-24 01:12:33.275 +04:00 [INF] UsdFutures order book XPLUSDT status changed: "Synced" => "Disconnected"
2026-08-24 01:12:33.542 +04:00 [INF] [Sckt 20] subscription 6610 unsubscribed
2026-08-24 01:12:33.543 +04:00 [INF] Futures order book ADAUSDT status changed: "Synced" => "Disconnected"
2026-08-24 01:12:33.814 +04:00 [INF] [Sckt 20] subscription 6599 unsubscribed
2026-08-24 01:12:33.815 +04:00 [INF] Futures order book WLDUSDT status changed: "Synced" => "Disconnected"
2026-08-24 01:12:34.013 +04:00 [INF] [Sckt 22] subscription 6652 unsubscribed
2026-08-24 01:12:34.014 +04:00 [INF] V5 order book FARTCOINUSDT status changed: "Synced" => "Disconnected"
2026-08-24 01:12:34.311 +04:00 [INF] Futures order book ENAUSDT status changed: "Synced" => "Disconnected"
2026-08-24 01:12:34.664 +04:00 [INF] Unified order book FARTCOIN-USDT-SWAP status changed: "Synced" => "Disconnected"
2026-08-24 01:12:35.017 +04:00 [INF] Unified order book TRUMP-USDT-SWAP status changed: "Synced" => "Disconnected"
2026-08-24 01:12:35.234 +04:00 [INF] V5 order book XPLUSDT status changed: "Synced" => "Disconnected"
2026-08-24 01:12:35.236 +04:00 [INF] UsdFutures order book DOGEUSDT status changed: "Disconnected" => "Connecting"
2026-08-24 01:12:36.844 +04:00 [INF] [Sckt 25] subscription 8172 completed successfully
2026-08-24 01:12:36.844 +04:00 [INF] UsdFutures order book DOGEUSDT status changed: "Connecting" => "Syncing"
2026-08-24 01:12:37.229 +04:00 [INF] UsdFutures order book DOGEUSDT status changed: "Syncing" => "Synced"
2026-08-24 01:12:37.231 +04:00 [INF] Futures book Binance:DOGEUSDT "Synced"
2026-08-24 01:12:37.232 +04:00 [INF] V5 order book DOGEUSDT status changed: "Disconnected" => "Connecting"
2026-08-24 01:12:38.107 +04:00 [INF] [Sckt 26] subscription 8176 completed successfully
2026-08-24 01:12:38.108 +04:00 [INF] V5 order book DOGEUSDT status changed: "Connecting" => "Syncing"
2026-08-24 01:12:38.109 +04:00 [INF] V5 order book DOGEUSDT status changed: "Syncing" => "Synced"
2026-08-24 01:12:38.109 +04:00 [INF] Futures book Bybit:DOGEUSDT "Synced"
2026-08-24 01:12:38.110 +04:00 [INF] Unified order book DOGE-USDT-SWAP status changed: "Disconnected" => "Connecting"
2026-08-24 01:12:39.478 +04:00 [INF] [Sckt 27] subscription 8179 completed successfully
2026-08-24 01:12:39.479 +04:00 [INF] Unified order book DOGE-USDT-SWAP status changed: "Connecting" => "Syncing"
2026-08-24 01:12:40.037 +04:00 [INF] Unified order book DOGE-USDT-SWAP status changed: "Syncing" => "Synced"
2026-08-24 01:12:40.039 +04:00 [INF] Futures book OKX:DOGEUSDT "Synced"
2026-08-24 01:12:40.040 +04:00 [INF] Futures order book DOGEUSDT status changed: "Disconnected" => "Connecting"
2026-08-24 01:12:41.391 +04:00 [INF] [Sckt 28] subscription 8181 completed successfully
2026-08-24 01:12:41.393 +04:00 [INF] Futures order book DOGEUSDT status changed: "Connecting" => "Syncing"
2026-08-24 01:12:41.394 +04:00 [INF] Futures order book DOGEUSDT status changed: "Syncing" => "Synced"
2026-08-24 01:12:41.396 +04:00 [INF] Futures book Bitget:DOGEUSDT "Synced"
2026-08-24 01:12:41.397 +04:00 [INF] UsdFutures order book ENAUSDT status changed: "Disconnected" => "Connecting"
2026-08-24 01:12:41.754 +04:00 [INF] [Sckt 25] subscription 8183 completed successfully
2026-08-24 01:12:41.755 +04:00 [INF] UsdFutures order book ENAUSDT status changed: "Connecting" => "Syncing"
2026-08-24 01:12:42.137 +04:00 [INF] UsdFutures order book ENAUSDT status changed: "Syncing" => "Synced"
2026-08-24 01:12:42.138 +04:00 [INF] Futures book Binance:ENAUSDT "Synced"
2026-08-24 01:12:42.139 +04:00 [INF] V5 order book ENAUSDT status changed: "Disconnected" => "Connecting"
2026-08-24 01:12:42.340 +04:00 [INF] [Sckt 26] subscription 8187 completed successfully
2026-08-24 01:12:42.342 +04:00 [INF] V5 order book ENAUSDT status changed: "Connecting" => "Syncing"
2026-08-24 01:12:42.343 +04:00 [INF] V5 order book ENAUSDT status changed: "Syncing" => "Synced"
2026-08-24 01:12:42.344 +04:00 [INF] Futures book Bybit:ENAUSDT "Synced"
2026-08-24 01:12:42.345 +04:00 [INF] Unified order book ENA-USDT-SWAP status changed: "Disconnected" => "Connecting"
2026-08-24 01:12:42.683 +04:00 [INF] [Sckt 27] subscription 8190 completed successfully
2026-08-24 01:12:42.683 +04:00 [INF] Unified order book ENA-USDT-SWAP status changed: "Connecting" => "Syncing"
2026-08-24 01:12:42.986 +04:00 [INF] Unified order book ENA-USDT-SWAP status changed: "Syncing" => "Synced"
2026-08-24 01:12:42.987 +04:00 [INF] Futures book OKX:ENAUSDT "Synced"
2026-08-24 01:12:42.987 +04:00 [INF] Futures order book ENAUSDT status changed: "Disconnected" => "Connecting"
2026-08-24 01:12:43.261 +04:00 [INF] [Sckt 28] subscription 8192 completed successfully
2026-08-24 01:12:43.264 +04:00 [INF] Futures order book ENAUSDT status changed: "Connecting" => "Syncing"
2026-08-24 01:12:43.264 +04:00 [INF] Futures order book ENAUSDT status changed: "Syncing" => "Synced"
2026-08-24 01:12:43.265 +04:00 [INF] Futures book Bitget:ENAUSDT "Synced"
2026-08-24 01:12:43.266 +04:00 [INF] UsdFutures order book SUIUSDT status changed: "Disconnected" => "Connecting"
2026-08-24 01:12:43.655 +04:00 [INF] [Sckt 25] subscription 8194 completed successfully
2026-08-24 01:12:43.656 +04:00 [INF] UsdFutures order book SUIUSDT status changed: "Connecting" => "Syncing"
2026-08-24 01:12:44.050 +04:00 [INF] UsdFutures order book SUIUSDT status changed: "Syncing" => "Synced"
2026-08-24 01:12:44.052 +04:00 [INF] Futures book Binance:SUIUSDT "Synced"
2026-08-24 01:12:44.052 +04:00 [INF] V5 order book SUIUSDT status changed: "Disconnected" => "Connecting"
2026-08-24 01:12:44.251 +04:00 [INF] [Sckt 26] subscription 8198 completed successfully
2026-08-24 01:12:44.252 +04:00 [INF] V5 order book SUIUSDT status changed: "Connecting" => "Syncing"
2026-08-24 01:12:44.253 +04:00 [INF] V5 order book SUIUSDT status changed: "Syncing" => "Synced"
2026-08-24 01:12:44.254 +04:00 [INF] Futures book Bybit:SUIUSDT "Synced"
2026-08-24 01:12:44.255 +04:00 [INF] Unified order book SUI-USDT-SWAP status changed: "Disconnected" => "Connecting"
2026-08-24 01:12:44.593 +04:00 [INF] [Sckt 27] subscription 8201 completed successfully
2026-08-24 01:12:44.595 +04:00 [INF] Unified order book SUI-USDT-SWAP status changed: "Connecting" => "Syncing"
2026-08-24 01:12:44.782 +04:00 [INF] Unified order book SUI-USDT-SWAP status changed: "Syncing" => "Synced"
2026-08-24 01:12:44.784 +04:00 [INF] Futures book OKX:SUIUSDT "Synced"
2026-08-24 01:12:44.785 +04:00 [INF] Futures order book SUIUSDT status changed: "Disconnected" => "Connecting"
2026-08-24 01:12:45.085 +04:00 [INF] [Sckt 28] subscription 8203 completed successfully
2026-08-24 01:12:45.086 +04:00 [INF] Futures order book SUIUSDT status changed: "Connecting" => "Syncing"
2026-08-24 01:12:45.088 +04:00 [INF] Futures order book SUIUSDT status changed: "Syncing" => "Synced"
2026-08-24 01:12:45.089 +04:00 [INF] Futures book Bitget:SUIUSDT "Synced"
2026-08-24 01:12:45.089 +04:00 [INF] UsdFutures order book HYPEUSDT status changed: "Disconnected" => "Connecting"
2026-08-24 01:12:45.456 +04:00 [INF] [Sckt 25] subscription 8205 completed successfully
2026-08-24 01:12:45.457 +04:00 [INF] UsdFutures order book HYPEUSDT status changed: "Connecting" => "Syncing"
2026-08-24 01:12:45.863 +04:00 [INF] UsdFutures order book HYPEUSDT status changed: "Syncing" => "Synced"
2026-08-24 01:12:45.864 +04:00 [INF] Futures book Binance:HYPEUSDT "Synced"
2026-08-24 01:12:45.865 +04:00 [INF] V5 order book HYPEUSDT status changed: "Disconnected" => "Connecting"
2026-08-24 01:12:46.063 +04:00 [INF] [Sckt 26] subscription 8209 completed successfully
2026-08-24 01:12:46.064 +04:00 [INF] V5 order book HYPEUSDT status changed: "Connecting" => "Syncing"
2026-08-24 01:12:46.065 +04:00 [INF] V5 order book HYPEUSDT status changed: "Syncing" => "Synced"
2026-08-24 01:12:46.066 +04:00 [INF] Futures book Bybit:HYPEUSDT "Synced"
2026-08-24 01:12:46.066 +04:00 [INF] Unified order book HYPE-USDT-SWAP status changed: "Disconnected" => "Connecting"
2026-08-24 01:12:46.404 +04:00 [INF] [Sckt 27] subscription 8212 completed successfully
2026-08-24 01:12:46.405 +04:00 [INF] Unified order book HYPE-USDT-SWAP status changed: "Connecting" => "Syncing"
2026-08-24 01:12:46.591 +04:00 [INF] Unified order book HYPE-USDT-SWAP status changed: "Syncing" => "Synced"
2026-08-24 01:12:46.592 +04:00 [INF] Futures book OKX:HYPEUSDT "Synced"
2026-08-24 01:12:46.593 +04:00 [INF] Futures order book HYPEUSDT status changed: "Disconnected" => "Connecting"
2026-08-24 01:12:46.865 +04:00 [INF] [Sckt 28] subscription 8214 completed successfully
2026-08-24 01:12:46.868 +04:00 [INF] Futures order book HYPEUSDT status changed: "Connecting" => "Syncing"
2026-08-24 01:12:46.870 +04:00 [INF] Futures order book HYPEUSDT status changed: "Syncing" => "Synced"
2026-08-24 01:12:46.871 +04:00 [INF] Futures book Bitget:HYPEUSDT "Synced"
2026-08-24 01:12:46.873 +04:00 [INF] UsdFutures order book ZECUSDT status changed: "Disconnected" => "Connecting"
2026-08-24 01:12:47.258 +04:00 [INF] [Sckt 25] subscription 8216 completed successfully
2026-08-24 01:12:47.259 +04:00 [INF] UsdFutures order book ZECUSDT status changed: "Connecting" => "Syncing"
2026-08-24 01:12:47.654 +04:00 [INF] UsdFutures order book ZECUSDT status changed: "Syncing" => "Synced"
2026-08-24 01:12:47.656 +04:00 [INF] Futures book Binance:ZECUSDT "Synced"
2026-08-24 01:12:47.656 +04:00 [INF] V5 order book ZECUSDT status changed: "Disconnected" => "Connecting"
2026-08-24 01:12:47.861 +04:00 [INF] [Sckt 26] subscription 8220 completed successfully
2026-08-24 01:12:47.862 +04:00 [INF] V5 order book ZECUSDT status changed: "Connecting" => "Syncing"
2026-08-24 01:12:47.863 +04:00 [INF] V5 order book ZECUSDT status changed: "Syncing" => "Synced"
2026-08-24 01:12:47.863 +04:00 [INF] Futures book Bybit:ZECUSDT "Synced"
2026-08-24 01:12:47.864 +04:00 [INF] Unified order book ZEC-USDT-SWAP status changed: "Disconnected" => "Connecting"
2026-08-24 01:12:48.202 +04:00 [INF] [Sckt 27] subscription 8223 completed successfully
2026-08-24 01:12:48.203 +04:00 [INF] Unified order book ZEC-USDT-SWAP status changed: "Connecting" => "Syncing"
2026-08-24 01:12:48.388 +04:00 [INF] Unified order book ZEC-USDT-SWAP status changed: "Syncing" => "Synced"
2026-08-24 01:12:48.389 +04:00 [INF] Futures book OKX:ZECUSDT "Synced"
2026-08-24 01:12:48.390 +04:00 [INF] Futures order book ZECUSDT status changed: "Disconnected" => "Connecting"
2026-08-24 01:12:48.670 +04:00 [INF] [Sckt 28] subscription 8225 completed successfully
2026-08-24 01:12:48.671 +04:00 [INF] Futures order book ZECUSDT status changed: "Connecting" => "Syncing"
2026-08-24 01:12:48.673 +04:00 [INF] Futures order book ZECUSDT status changed: "Syncing" => "Synced"
2026-08-24 01:12:48.674 +04:00 [INF] Futures book Bitget:ZECUSDT "Synced"
2026-08-24 01:12:48.677 +04:00 [INF] UsdFutures order book TRUMPUSDT status changed: "Disconnected" => "Connecting"
2026-08-24 01:12:49.064 +04:00 [INF] [Sckt 25] subscription 8227 completed successfully
2026-08-24 01:12:49.065 +04:00 [INF] UsdFutures order book TRUMPUSDT status changed: "Connecting" => "Syncing"
2026-08-24 01:12:49.455 +04:00 [INF] UsdFutures order book TRUMPUSDT status changed: "Syncing" => "Synced"
2026-08-24 01:12:49.456 +04:00 [INF] Futures book Binance:TRUMPUSDT "Synced"
2026-08-24 01:12:49.457 +04:00 [INF] V5 order book TRUMPUSDT status changed: "Disconnected" => "Connecting"
2026-08-24 01:12:49.657 +04:00 [INF] [Sckt 26] subscription 8231 completed successfully
2026-08-24 01:12:49.658 +04:00 [INF] V5 order book TRUMPUSDT status changed: "Connecting" => "Syncing"
2026-08-24 01:12:49.659 +04:00 [INF] V5 order book TRUMPUSDT status changed: "Syncing" => "Synced"
2026-08-24 01:12:49.660 +04:00 [INF] Futures book Bybit:TRUMPUSDT "Synced"
2026-08-24 01:12:49.660 +04:00 [INF] Unified order book TRUMP-USDT-SWAP status changed: "Disconnected" => "Connecting"
2026-08-24 01:12:50.047 +04:00 [INF] [Sckt 27] subscription 8234 completed successfully
2026-08-24 01:12:50.048 +04:00 [INF] Unified order book TRUMP-USDT-SWAP status changed: "Connecting" => "Syncing"
2026-08-24 01:12:50.171 +04:00 [INF] Unified order book TRUMP-USDT-SWAP status changed: "Syncing" => "Synced"
2026-08-24 01:12:50.173 +04:00 [INF] Futures book OKX:TRUMPUSDT "Synced"
2026-08-24 01:12:50.174 +04:00 [INF] Futures order book TRUMPUSDT status changed: "Disconnected" => "Connecting"
2026-08-24 01:12:50.441 +04:00 [INF] [Sckt 28] subscription 8236 completed successfully
2026-08-24 01:12:50.442 +04:00 [INF] Futures order book TRUMPUSDT status changed: "Connecting" => "Syncing"
2026-08-24 01:12:50.443 +04:00 [INF] Futures order book TRUMPUSDT status changed: "Syncing" => "Synced"
2026-08-24 01:12:50.444 +04:00 [INF] Futures book Bitget:TRUMPUSDT "Synced"
2026-08-24 01:12:50.445 +04:00 [INF] UsdFutures order book WLDUSDT status changed: "Disconnected" => "Connecting"
2026-08-24 01:12:50.774 +04:00 [INF] [Sckt 25] subscription 8238 completed successfully
2026-08-24 01:12:50.776 +04:00 [INF] UsdFutures order book WLDUSDT status changed: "Connecting" => "Syncing"
2026-08-24 01:12:51.201 +04:00 [INF] UsdFutures order book WLDUSDT status changed: "Syncing" => "Synced"
2026-08-24 01:12:51.207 +04:00 [INF] Futures book Binance:WLDUSDT "Synced"
2026-08-24 01:12:51.208 +04:00 [INF] V5 order book WLDUSDT status changed: "Disconnected" => "Connecting"
2026-08-24 01:12:51.408 +04:00 [INF] [Sckt 26] subscription 8242 completed successfully
2026-08-24 01:12:51.409 +04:00 [INF] V5 order book WLDUSDT status changed: "Connecting" => "Syncing"
2026-08-24 01:12:51.410 +04:00 [INF] V5 order book WLDUSDT status changed: "Syncing" => "Synced"
2026-08-24 01:12:51.411 +04:00 [INF] Futures book Bybit:WLDUSDT "Synced"
2026-08-24 01:12:51.411 +04:00 [INF] Unified order book WLD-USDT-SWAP status changed: "Disconnected" => "Connecting"
2026-08-24 01:12:51.749 +04:00 [INF] [Sckt 27] subscription 8245 completed successfully
2026-08-24 01:12:51.750 +04:00 [INF] Unified order book WLD-USDT-SWAP status changed: "Connecting" => "Syncing"
2026-08-24 01:12:51.992 +04:00 [INF] Unified order book WLD-USDT-SWAP status changed: "Syncing" => "Synced"
2026-08-24 01:12:51.994 +04:00 [INF] Futures book OKX:WLDUSDT "Synced"
2026-08-24 01:12:51.994 +04:00 [INF] Futures order book WLDUSDT status changed: "Disconnected" => "Connecting"
2026-08-24 01:12:52.264 +04:00 [INF] [Sckt 28] subscription 8247 completed successfully
2026-08-24 01:12:52.265 +04:00 [INF] Futures order book WLDUSDT status changed: "Connecting" => "Syncing"
2026-08-24 01:12:52.266 +04:00 [INF] Futures order book WLDUSDT status changed: "Syncing" => "Synced"
2026-08-24 01:12:52.266 +04:00 [INF] Futures book Bitget:WLDUSDT "Synced"
2026-08-24 01:12:52.267 +04:00 [INF] UsdFutures order book ADAUSDT status changed: "Disconnected" => "Connecting"
2026-08-24 01:12:52.670 +04:00 [INF] [Sckt 25] subscription 8249 completed successfully
2026-08-24 01:12:52.671 +04:00 [INF] UsdFutures order book ADAUSDT status changed: "Connecting" => "Syncing"
2026-08-24 01:12:53.056 +04:00 [INF] UsdFutures order book ADAUSDT status changed: "Syncing" => "Synced"
2026-08-24 01:12:53.058 +04:00 [INF] Futures book Binance:ADAUSDT "Synced"
2026-08-24 01:12:53.059 +04:00 [INF] V5 order book ADAUSDT status changed: "Disconnected" => "Connecting"
2026-08-24 01:12:53.257 +04:00 [INF] [Sckt 26] subscription 8253 completed successfully
2026-08-24 01:12:53.258 +04:00 [INF] V5 order book ADAUSDT status changed: "Connecting" => "Syncing"
2026-08-24 01:12:53.259 +04:00 [INF] V5 order book ADAUSDT status changed: "Syncing" => "Synced"
2026-08-24 01:12:53.259 +04:00 [INF] Futures book Bybit:ADAUSDT "Synced"
2026-08-24 01:12:53.260 +04:00 [INF] Unified order book ADA-USDT-SWAP status changed: "Disconnected" => "Connecting"
2026-08-24 01:12:53.597 +04:00 [INF] [Sckt 27] subscription 8256 completed successfully
2026-08-24 01:12:53.598 +04:00 [INF] Unified order book ADA-USDT-SWAP status changed: "Connecting" => "Syncing"
2026-08-24 01:12:53.806 +04:00 [INF] Unified order book ADA-USDT-SWAP status changed: "Syncing" => "Synced"
2026-08-24 01:12:53.807 +04:00 [INF] Futures book OKX:ADAUSDT "Synced"
2026-08-24 01:12:53.811 +04:00 [INF] Futures order book ADAUSDT status changed: "Disconnected" => "Connecting"
2026-08-24 01:12:54.200 +04:00 [INF] [Sckt 28] subscription 8258 completed successfully
2026-08-24 01:12:54.201 +04:00 [INF] Futures order book ADAUSDT status changed: "Connecting" => "Syncing"
2026-08-24 01:12:54.203 +04:00 [INF] Futures order book ADAUSDT status changed: "Syncing" => "Synced"
2026-08-24 01:12:54.204 +04:00 [INF] Futures book Bitget:ADAUSDT "Synced"
2026-08-24 01:12:54.205 +04:00 [INF] UsdFutures order book PENGUUSDT status changed: "Disconnected" => "Connecting"
2026-08-24 01:12:54.569 +04:00 [INF] [Sckt 25] subscription 8260 completed successfully
2026-08-24 01:12:54.569 +04:00 [INF] UsdFutures order book PENGUUSDT status changed: "Connecting" => "Syncing"
2026-08-24 01:12:54.952 +04:00 [INF] UsdFutures order book PENGUUSDT status changed: "Syncing" => "Synced"
2026-08-24 01:12:54.953 +04:00 [INF] Futures book Binance:PENGUUSDT "Synced"
2026-08-24 01:12:54.954 +04:00 [INF] V5 order book PENGUUSDT status changed: "Disconnected" => "Connecting"
2026-08-24 01:12:55.156 +04:00 [INF] [Sckt 26] subscription 8264 completed successfully
2026-08-24 01:12:55.157 +04:00 [INF] V5 order book PENGUUSDT status changed: "Connecting" => "Syncing"
2026-08-24 01:12:55.158 +04:00 [INF] V5 order book PENGUUSDT status changed: "Syncing" => "Synced"
2026-08-24 01:12:55.158 +04:00 [INF] Futures book Bybit:PENGUUSDT "Synced"
2026-08-24 01:12:55.159 +04:00 [INF] Unified order book PENGU-USDT-SWAP status changed: "Disconnected" => "Connecting"
2026-08-24 01:12:55.497 +04:00 [INF] [Sckt 27] subscription 8267 completed successfully
2026-08-24 01:12:55.500 +04:00 [INF] Unified order book PENGU-USDT-SWAP status changed: "Connecting" => "Syncing"
2026-08-24 01:12:55.622 +04:00 [INF] Unified order book PENGU-USDT-SWAP status changed: "Syncing" => "Synced"
2026-08-24 01:12:55.623 +04:00 [INF] Futures book OKX:PENGUUSDT "Synced"
2026-08-24 01:12:55.624 +04:00 [INF] Futures order book PENGUUSDT status changed: "Disconnected" => "Connecting"
2026-08-24 01:12:55.903 +04:00 [INF] [Sckt 28] subscription 8269 completed successfully
2026-08-24 01:12:55.904 +04:00 [INF] Futures order book PENGUUSDT status changed: "Connecting" => "Syncing"
2026-08-24 01:12:55.904 +04:00 [INF] Futures order book PENGUUSDT status changed: "Syncing" => "Synced"
2026-08-24 01:12:55.905 +04:00 [INF] Futures book Bitget:PENGUUSDT "Synced"
2026-08-24 01:12:55.906 +04:00 [INF] UsdFutures order book ONDOUSDT status changed: "Disconnected" => "Connecting"
2026-08-24 01:12:56.270 +04:00 [INF] [Sckt 25] subscription 8271 completed successfully
2026-08-24 01:12:56.271 +04:00 [INF] UsdFutures order book ONDOUSDT status changed: "Connecting" => "Syncing"
2026-08-24 01:12:56.822 +04:00 [INF] UsdFutures order book ONDOUSDT status changed: "Syncing" => "Synced"
2026-08-24 01:12:56.824 +04:00 [INF] Futures book Binance:ONDOUSDT "Synced"
2026-08-24 01:12:56.825 +04:00 [INF] V5 order book ONDOUSDT status changed: "Disconnected" => "Connecting"
2026-08-24 01:12:57.025 +04:00 [INF] [Sckt 26] subscription 8275 completed successfully
2026-08-24 01:12:57.027 +04:00 [INF] V5 order book ONDOUSDT status changed: "Connecting" => "Syncing"
2026-08-24 01:12:57.027 +04:00 [INF] V5 order book ONDOUSDT status changed: "Syncing" => "Synced"
2026-08-24 01:12:57.028 +04:00 [INF] Futures book Bybit:ONDOUSDT "Synced"
2026-08-24 01:12:57.029 +04:00 [INF] Unified order book ONDO-USDT-SWAP status changed: "Disconnected" => "Connecting"
2026-08-24 01:12:57.365 +04:00 [INF] [Sckt 27] subscription 8278 completed successfully
2026-08-24 01:12:57.366 +04:00 [INF] Unified order book ONDO-USDT-SWAP status changed: "Connecting" => "Syncing"
2026-08-24 01:12:57.673 +04:00 [INF] Unified order book ONDO-USDT-SWAP status changed: "Syncing" => "Synced"
2026-08-24 01:12:57.674 +04:00 [INF] Futures book OKX:ONDOUSDT "Synced"
2026-08-24 01:12:57.675 +04:00 [INF] Futures order book ONDOUSDT status changed: "Disconnected" => "Connecting"
2026-08-24 01:12:57.947 +04:00 [INF] [Sckt 28] subscription 8282 completed successfully
2026-08-24 01:12:57.948 +04:00 [INF] Futures order book ONDOUSDT status changed: "Connecting" => "Syncing"
2026-08-24 01:12:57.949 +04:00 [INF] Futures order book ONDOUSDT status changed: "Syncing" => "Synced"
2026-08-24 01:12:57.949 +04:00 [INF] Futures book Bitget:ONDOUSDT "Synced"
2026-08-24 01:12:57.950 +04:00 [INF] UsdFutures order book FARTCOINUSDT status changed: "Disconnected" => "Connecting"
2026-08-24 01:12:59.274 +04:00 [INF] [Sckt 29] subscription 8284 completed successfully
2026-08-24 01:12:59.275 +04:00 [INF] UsdFutures order book FARTCOINUSDT status changed: "Connecting" => "Syncing"
2026-08-24 01:12:59.653 +04:00 [INF] UsdFutures order book FARTCOINUSDT status changed: "Syncing" => "Synced"
2026-08-24 01:12:59.654 +04:00 [INF] Futures book Binance:FARTCOINUSDT "Synced"
2026-08-24 01:12:59.655 +04:00 [INF] V5 order book FARTCOINUSDT status changed: "Disconnected" => "Connecting"
2026-08-24 01:13:00.752 +04:00 [INF] [Sckt 30] subscription 8289 completed successfully
2026-08-24 01:13:00.754 +04:00 [INF] V5 order book FARTCOINUSDT status changed: "Connecting" => "Syncing"
2026-08-24 01:13:00.754 +04:00 [INF] V5 order book FARTCOINUSDT status changed: "Syncing" => "Synced"
2026-08-24 01:13:00.756 +04:00 [INF] Futures book Bybit:FARTCOINUSDT "Synced"
2026-08-24 01:13:00.756 +04:00 [INF] Unified order book FARTCOIN-USDT-SWAP status changed: "Disconnected" => "Connecting"
2026-08-24 01:13:02.085 +04:00 [INF] [Sckt 31] subscription 8292 completed successfully
2026-08-24 01:13:02.086 +04:00 [INF] Unified order book FARTCOIN-USDT-SWAP status changed: "Connecting" => "Syncing"
2026-08-24 01:13:02.507 +04:00 [INF] Unified order book FARTCOIN-USDT-SWAP status changed: "Syncing" => "Synced"
2026-08-24 01:13:02.509 +04:00 [INF] Futures book OKX:FARTCOINUSDT "Synced"
2026-08-24 01:13:02.509 +04:00 [INF] Futures order book FARTCOINUSDT status changed: "Disconnected" => "Connecting"
2026-08-24 01:13:03.803 +04:00 [INF] [Sckt 32] subscription 8294 completed successfully
2026-08-24 01:13:03.805 +04:00 [INF] Futures order book FARTCOINUSDT status changed: "Connecting" => "Syncing"
2026-08-24 01:13:03.806 +04:00 [INF] Futures order book FARTCOINUSDT status changed: "Syncing" => "Synced"
2026-08-24 01:13:03.808 +04:00 [INF] Futures book Bitget:FARTCOINUSDT "Synced"
2026-08-24 01:13:03.808 +04:00 [INF] UsdFutures order book ARBUSDT status changed: "Disconnected" => "Connecting"
2026-08-24 01:13:04.181 +04:00 [INF] [Sckt 29] subscription 8296 completed successfully
2026-08-24 01:13:04.182 +04:00 [INF] UsdFutures order book ARBUSDT status changed: "Connecting" => "Syncing"
2026-08-24 01:13:04.794 +04:00 [INF] UsdFutures order book ARBUSDT status changed: "Syncing" => "Synced"
2026-08-24 01:13:04.796 +04:00 [INF] Futures book Binance:ARBUSDT "Synced"
2026-08-24 01:13:04.796 +04:00 [INF] V5 order book ARBUSDT status changed: "Disconnected" => "Connecting"
2026-08-24 01:13:04.995 +04:00 [INF] [Sckt 30] subscription 8300 completed successfully
2026-08-24 01:13:04.996 +04:00 [INF] V5 order book ARBUSDT status changed: "Connecting" => "Syncing"
2026-08-24 01:13:04.997 +04:00 [INF] V5 order book ARBUSDT status changed: "Syncing" => "Synced"
2026-08-24 01:13:04.998 +04:00 [INF] Futures book Bybit:ARBUSDT "Synced"
2026-08-24 01:13:04.999 +04:00 [INF] Unified order book ARB-USDT-SWAP status changed: "Disconnected" => "Connecting"
2026-08-24 01:13:05.319 +04:00 [INF] [Sckt 31] subscription 8303 completed successfully
2026-08-24 01:13:05.319 +04:00 [INF] Unified order book ARB-USDT-SWAP status changed: "Connecting" => "Syncing"
2026-08-24 01:13:05.496 +04:00 [INF] Unified order book ARB-USDT-SWAP status changed: "Syncing" => "Synced"
2026-08-24 01:13:05.497 +04:00 [INF] Futures book OKX:ARBUSDT "Synced"
2026-08-24 01:13:05.498 +04:00 [INF] Futures order book ARBUSDT status changed: "Disconnected" => "Connecting"
2026-08-24 01:13:05.763 +04:00 [INF] [Sckt 32] subscription 8305 completed successfully
2026-08-24 01:13:05.765 +04:00 [INF] Futures order book ARBUSDT status changed: "Connecting" => "Syncing"
2026-08-24 01:13:05.766 +04:00 [INF] Futures order book ARBUSDT status changed: "Syncing" => "Synced"
2026-08-24 01:13:05.766 +04:00 [INF] Futures book Bitget:ARBUSDT "Synced"
2026-08-24 01:13:05.767 +04:00 [INF] UsdFutures order book XPLUSDT status changed: "Disconnected" => "Connecting"
2026-08-24 01:13:06.183 +04:00 [INF] [Sckt 29] subscription 8307 completed successfully
2026-08-24 01:13:06.185 +04:00 [INF] UsdFutures order book XPLUSDT status changed: "Connecting" => "Syncing"
2026-08-24 01:13:06.605 +04:00 [INF] UsdFutures order book XPLUSDT status changed: "Syncing" => "Synced"
2026-08-24 01:13:06.606 +04:00 [INF] Futures book Binance:XPLUSDT "Synced"
2026-08-24 01:13:06.607 +04:00 [INF] V5 order book XPLUSDT status changed: "Disconnected" => "Connecting"
2026-08-24 01:13:06.806 +04:00 [INF] [Sckt 30] subscription 8311 completed successfully
2026-08-24 01:13:06.807 +04:00 [INF] V5 order book XPLUSDT status changed: "Connecting" => "Syncing"
2026-08-24 01:13:06.807 +04:00 [INF] V5 order book XPLUSDT status changed: "Syncing" => "Synced"
2026-08-24 01:13:06.808 +04:00 [INF] Futures book Bybit:XPLUSDT "Synced"
2026-08-24 01:13:06.809 +04:00 [INF] Unified order book XPL-USDT-SWAP status changed: "Disconnected" => "Connecting"
2026-08-24 01:13:07.128 +04:00 [INF] [Sckt 31] subscription 8314 completed successfully
2026-08-24 01:13:07.129 +04:00 [INF] Unified order book XPL-USDT-SWAP status changed: "Connecting" => "Syncing"
2026-08-24 01:13:07.248 +04:00 [INF] Unified order book XPL-USDT-SWAP status changed: "Syncing" => "Synced"
2026-08-24 01:13:07.249 +04:00 [INF] Futures book OKX:XPLUSDT "Synced"
2026-08-24 01:13:07.250 +04:00 [INF] Futures order book XPLUSDT status changed: "Disconnected" => "Connecting"
2026-08-24 01:13:07.677 +04:00 [INF] [Sckt 32] subscription 8316 completed successfully
2026-08-24 01:13:07.679 +04:00 [INF] Futures order book XPLUSDT status changed: "Connecting" => "Syncing"
2026-08-24 01:13:07.680 +04:00 [INF] Futures order book XPLUSDT status changed: "Syncing" => "Synced"
2026-08-24 01:13:07.681 +04:00 [INF] Futures book Bitget:XPLUSDT "Synced"
2026-08-24 01:13:07.682 +04:00 [INF] UsdFutures order book ZROUSDT status changed: "Disconnected" => "Connecting"
2026-08-24 01:13:08.085 +04:00 [INF] [Sckt 29] subscription 8318 completed successfully
2026-08-24 01:13:08.086 +04:00 [INF] UsdFutures order book ZROUSDT status changed: "Connecting" => "Syncing"
2026-08-24 01:13:08.515 +04:00 [INF] UsdFutures order book ZROUSDT status changed: "Syncing" => "Synced"
2026-08-24 01:13:08.516 +04:00 [INF] Futures book Binance:ZROUSDT "Synced"
2026-08-24 01:13:08.517 +04:00 [INF] V5 order book ZROUSDT status changed: "Disconnected" => "Connecting"
2026-08-24 01:13:08.718 +04:00 [INF] [Sckt 30] subscription 8322 completed successfully
2026-08-24 01:13:08.719 +04:00 [INF] V5 order book ZROUSDT status changed: "Connecting" => "Syncing"
2026-08-24 01:13:08.720 +04:00 [INF] V5 order book ZROUSDT status changed: "Syncing" => "Synced"
2026-08-24 01:13:08.721 +04:00 [INF] Futures book Bybit:ZROUSDT "Synced"
2026-08-24 01:13:08.721 +04:00 [INF] Unified order book ZRO-USDT-SWAP status changed: "Disconnected" => "Connecting"
2026-08-24 01:13:09.041 +04:00 [INF] [Sckt 31] subscription 8325 completed successfully
2026-08-24 01:13:09.042 +04:00 [INF] Unified order book ZRO-USDT-SWAP status changed: "Connecting" => "Syncing"
2026-08-24 01:13:09.353 +04:00 [INF] Unified order book ZRO-USDT-SWAP status changed: "Syncing" => "Synced"
2026-08-24 01:13:09.354 +04:00 [INF] Futures book OKX:ZROUSDT "Synced"
2026-08-24 01:13:09.355 +04:00 [INF] Futures order book ZROUSDT status changed: "Disconnected" => "Connecting"
2026-08-24 01:13:09.632 +04:00 [INF] [Sckt 32] subscription 8327 completed successfully
2026-08-24 01:13:09.634 +04:00 [INF] Futures order book ZROUSDT status changed: "Connecting" => "Syncing"
2026-08-24 01:13:09.694 +04:00 [INF] Futures order book ZROUSDT status changed: "Syncing" => "Synced"
2026-08-24 01:13:09.697 +04:00 [INF] Futures book Bitget:ZROUSDT "Synced"
2026-08-24 01:13:09.698 +04:00 [INF] UsdFutures order book AAVEUSDT status changed: "Disconnected" => "Connecting"
2026-08-24 01:13:10.090 +04:00 [INF] [Sckt 29] subscription 8329 completed successfully
2026-08-24 01:13:10.091 +04:00 [INF] UsdFutures order book AAVEUSDT status changed: "Connecting" => "Syncing"
2026-08-24 01:13:10.498 +04:00 [INF] UsdFutures order book AAVEUSDT status changed: "Syncing" => "Synced"
2026-08-24 01:13:10.500 +04:00 [INF] Futures book Binance:AAVEUSDT "Synced"
2026-08-24 01:13:10.500 +04:00 [INF] V5 order book AAVEUSDT status changed: "Disconnected" => "Connecting"
2026-08-24 01:13:10.700 +04:00 [INF] [Sckt 30] subscription 8334 completed successfully
2026-08-24 01:13:10.701 +04:00 [INF] V5 order book AAVEUSDT status changed: "Connecting" => "Syncing"
2026-08-24 01:13:10.702 +04:00 [INF] V5 order book AAVEUSDT status changed: "Syncing" => "Synced"
2026-08-24 01:13:10.703 +04:00 [INF] Futures book Bybit:AAVEUSDT "Synced"
2026-08-24 01:13:10.704 +04:00 [INF] Unified order book AAVE-USDT-SWAP status changed: "Disconnected" => "Connecting"
2026-08-24 01:13:11.025 +04:00 [INF] [Sckt 31] subscription 8337 completed successfully
2026-08-24 01:13:11.026 +04:00 [INF] Unified order book AAVE-USDT-SWAP status changed: "Connecting" => "Syncing"
2026-08-24 01:13:11.152 +04:00 [INF] Unified order book AAVE-USDT-SWAP status changed: "Syncing" => "Synced"
2026-08-24 01:13:11.154 +04:00 [INF] Futures book OKX:AAVEUSDT "Synced"
2026-08-24 01:13:11.156 +04:00 [INF] Futures order book AAVEUSDT status changed: "Disconnected" => "Connecting"
2026-08-24 01:13:11.438 +04:00 [INF] [Sckt 32] subscription 8339 completed successfully
2026-08-24 01:13:11.439 +04:00 [INF] Futures order book AAVEUSDT status changed: "Connecting" => "Syncing"
2026-08-24 01:13:11.440 +04:00 [INF] Futures order book AAVEUSDT status changed: "Syncing" => "Synced"
2026-08-24 01:13:11.440 +04:00 [INF] Futures book Bitget:AAVEUSDT "Synced"
2026-08-24 01:13:11.441 +04:00 [INF] Exchange Binance: 15/15 streams live
2026-08-24 01:13:11.442 +04:00 [INF] Exchange Bybit: 15/15 streams live
2026-08-24 01:13:11.442 +04:00 [INF] Exchange OKX: 15/15 streams live
2026-08-24 01:13:11.444 +04:00 [INF] Exchange Bitget: 15/15 streams live
2026-08-24 01:17:18.620 +04:00 [INF] Futures scan: 2 candidate(s), best RT=0.118% open=0.228%
2026-08-24 01:17:18.629 +04:00 [INF] FUT PAPER OPEN WLDUSDT L:Binance S:Bitget qty=481.231954 lev=3x margin=66.67 edge=0.228%
2026-08-24 01:17:18.631 +04:00 [INF] Opened futures paper hedge (1): WLDUSDT: L Binance@0.41 / S Bitget@0.42 | RT 0.118% fund 0.000% → 0.118%
2026-08-24 01:17:18.632 +04:00 [INF] Paper skip WLDUSDT: Cooldown 8000ms open=0.228% RT=0.118%
2026-08-24 01:17:19.665 +04:00 [INF] FUT PAPER CLOSE WLDUSDT pnl=0.1377 reason=converge lev=3x
2026-08-24 01:17:28.859 +04:00 [INF] Futures scan: 1 candidate(s), best RT=0.137% open=0.237%
2026-08-24 01:17:28.873 +04:00 [INF] FUT PAPER OPEN WLDUSDT L:OKX S:Binance qty=479.501319 lev=3x margin=66.67 edge=0.237%
2026-08-24 01:17:28.874 +04:00 [INF] Opened futures paper hedge (1): WLDUSDT: L OKX@0.42 / S Binance@0.42 | RT 0.137% fund 0.000% → 0.137%
2026-08-24 01:17:29.905 +04:00 [INF] FUT PAPER CLOSE WLDUSDT pnl=0.1762 reason=converge lev=3x
2026-08-24 01:18:47.602 +04:00 [INF] Futures scan: 2 candidate(s), best RT=0.154% open=0.264%
2026-08-24 01:18:47.621 +04:00 [INF] FUT PAPER OPEN HYPEUSDT L:Bitget S:Binance qty=2.459934 lev=3x margin=66.67 edge=0.264%
2026-08-24 01:18:47.623 +04:00 [INF] Opened futures paper hedge (1): HYPEUSDT: L Bitget@81.00 / S Binance@81.30 | RT 0.154% fund 0.000% → 0.154%
2026-08-24 01:18:47.624 +04:00 [INF] Paper skip HYPEUSDT: Cooldown 8000ms open=0.218% RT=0.103%
2026-08-24 01:18:48.653 +04:00 [INF] Futures scan: 3 candidate(s), best RT=0.204% open=0.314%
2026-08-24 01:18:48.654 +04:00 [INF] Paper skip HYPEUSDT: Cooldown 8000ms open=0.314% RT=0.204%
2026-08-24 01:18:48.655 +04:00 [INF] Paper skip HYPEUSDT: Cooldown 8000ms open=0.292% RT=0.177%
2026-08-24 01:18:48.656 +04:00 [INF] Paper skip HYPEUSDT: Cooldown 8000ms open=0.290% RT=0.180%
2026-08-24 01:18:49.690 +04:00 [INF] Futures scan: 3 candidate(s), best RT=0.161% open=0.271%
2026-08-24 01:18:49.691 +04:00 [INF] Paper skip HYPEUSDT: Cooldown 8000ms open=0.271% RT=0.161%
2026-08-24 01:18:49.692 +04:00 [INF] Paper skip HYPEUSDT: Cooldown 8000ms open=0.243% RT=0.128%
2026-08-24 01:18:49.693 +04:00 [INF] Paper skip HYPEUSDT: Cooldown 8000ms open=0.231% RT=0.121%
2026-08-24 01:18:50.720 +04:00 [INF] Futures scan: 3 candidate(s), best RT=0.160% open=0.270%
2026-08-24 01:18:50.721 +04:00 [INF] Paper skip HYPEUSDT: Cooldown 8000ms open=0.270% RT=0.160%
2026-08-24 01:18:50.723 +04:00 [INF] Paper skip HYPEUSDT: Cooldown 8000ms open=0.243% RT=0.128%
2026-08-24 01:18:50.724 +04:00 [INF] Paper skip HYPEUSDT: Cooldown 8000ms open=0.227% RT=0.117%
2026-08-24 01:18:51.748 +04:00 [INF] Futures scan: 1 candidate(s), best RT=0.117% open=0.227%
2026-08-24 01:18:51.749 +04:00 [INF] Paper skip HYPEUSDT: Cooldown 8000ms open=0.227% RT=0.117%
2026-08-24 01:24:08.069 +04:00 [INF] Futures scan: 1 candidate(s), best RT=0.116% open=0.226%
2026-08-24 01:24:08.071 +04:00 [INF] Paper skip HYPEUSDT: Already open on symbol open=0.226% RT=0.116%
2026-08-24 01:28:38.418 +04:00 [INF] FUT PAPER CLOSE HYPEUSDT pnl=0.0319 reason=converge lev=3x
2026-08-24 01:32:17.665 +04:00 [INF] Discovery: public tickers Binance/Bybit/OKX (arb band 8000000–400000000 USDT vol, top 15)
2026-08-24 01:32:18.157 +04:00 [INF] Binance fapi: 692 USDT perps with volume
2026-08-24 01:32:19.401 +04:00 [INF] Bybit linear: 725 USDT perps with volume
2026-08-24 01:32:19.770 +04:00 [INF] OKX SWAP: 434 USDT perps with volume
2026-08-24 01:32:20.272 +04:00 [INF] Bitget USDT-FUTURES: 755 tickers with volume
2026-08-24 01:32:23.239 +04:00 [INF] GateIo USDT futures: 927 tickers with volume
2026-08-24 01:32:23.671 +04:00 [INF] Discovered 15 arb pairs: DOGEUSDT@5ex/262M, ENAUSDT@5ex/280.8M, SUIUSDT@5ex/122.9M, HYPEUSDT@5ex/206M, ZECUSDT@5ex/250.7M, TRUMPUSDT@5ex/314.2M, WLDUSDT@5ex/47.2M, ADAUSDT@5ex/103M, PENGUUSDT@5ex/70M, ONDOUSDT@5ex/61.1M, ARBUSDT@5ex/21.9M, FARTCOINUSDT@5ex/53.2M, XPLUSDT@5ex/52.9M, ZROUSDT@5ex/50.2M, AAVEUSDT@5ex/35.4M
2026-08-24 01:32:23.673 +04:00 [INF] Symbol refresh (http-tickers-arb): [DOGEUSDT,ENAUSDT,SUIUSDT,HYPEUSDT,ZECUSDT,TRUMPUSDT,WLDUSDT,ADAUSDT,PENGUUSDT,ONDOUSDT,FARTCOINUSDT,ARBUSDT,XPLUSDT,ZROUSDT,AAVEUSDT] → [DOGEUSDT,ENAUSDT,SUIUSDT,HYPEUSDT,ZECUSDT,TRUMPUSDT,WLDUSDT,ADAUSDT,PENGUUSDT,ONDOUSDT,ARBUSDT,FARTCOINUSDT,XPLUSDT,ZROUSDT,AAVEUSDT] | changed=false
2026-08-24 01:52:24.476 +04:00 [INF] Discovery: public tickers Binance/Bybit/OKX (arb band 8000000–400000000 USDT vol, top 15)
2026-08-24 01:52:25.106 +04:00 [INF] Binance fapi: 692 USDT perps with volume
2026-08-24 01:52:26.044 +04:00 [INF] Bybit linear: 725 USDT perps with volume
2026-08-24 01:52:26.425 +04:00 [INF] OKX SWAP: 434 USDT perps with volume
2026-08-24 01:52:26.868 +04:00 [INF] Bitget USDT-FUTURES: 755 tickers with volume
2026-08-24 01:52:29.886 +04:00 [INF] GateIo USDT futures: 927 tickers with volume
2026-08-24 01:52:30.380 +04:00 [INF] Discovered 15 arb pairs: DOGEUSDT@5ex/256.5M, ENAUSDT@5ex/280M, SUIUSDT@5ex/122.6M, HYPEUSDT@5ex/206.7M, ZECUSDT@5ex/247.5M, TRUMPUSDT@5ex/305.7M, WLDUSDT@5ex/46.5M, ADAUSDT@5ex/101.4M, PENGUUSDT@5ex/70.8M, ONDOUSDT@5ex/60.6M, XPLUSDT@5ex/53.2M, ARBUSDT@5ex/21.8M, FARTCOINUSDT@5ex/52.1M, ZROUSDT@5ex/50.2M, AAVEUSDT@5ex/35.7M
2026-08-24 01:52:30.381 +04:00 [INF] Symbol refresh (http-tickers-arb): [DOGEUSDT,ENAUSDT,SUIUSDT,HYPEUSDT,ZECUSDT,TRUMPUSDT,WLDUSDT,ADAUSDT,PENGUUSDT,ONDOUSDT,ARBUSDT,FARTCOINUSDT,XPLUSDT,ZROUSDT,AAVEUSDT] → [DOGEUSDT,ENAUSDT,SUIUSDT,HYPEUSDT,ZECUSDT,TRUMPUSDT,WLDUSDT,ADAUSDT,PENGUUSDT,ONDOUSDT,XPLUSDT,ARBUSDT,FARTCOINUSDT,ZROUSDT,AAVEUSDT] | changed=false
2026-08-24 01:52:43.695 +04:00 [INF] Funding cache refresh for 15 symbols × 3 exchanges (TTL 45m)
2026-08-24 01:52:54.159 +04:00 [INF] Funding cache entries: 51
2026-08-24 02:12:30.923 +04:00 [INF] Discovery: public tickers Binance/Bybit/OKX (arb band 8000000–400000000 USDT vol, top 15)
2026-08-24 02:12:31.619 +04:00 [INF] Binance fapi: 692 USDT perps with volume
2026-08-24 02:12:32.121 +04:00 [INF] Bybit linear: 725 USDT perps with volume
2026-08-24 02:12:32.506 +04:00 [INF] OKX SWAP: 434 USDT perps with volume
2026-08-24 02:12:32.942 +04:00 [INF] Bitget USDT-FUTURES: 755 tickers with volume
2026-08-24 02:12:35.854 +04:00 [INF] GateIo USDT futures: 926 tickers with volume
2026-08-24 02:12:36.266 +04:00 [INF] Discovered 15 arb pairs: DOGEUSDT@5ex/256.4M, ENAUSDT@5ex/278.9M, SUIUSDT@5ex/122.9M, HYPEUSDT@5ex/206.4M, ZECUSDT@5ex/248M, TRUMPUSDT@5ex/305.7M, WLDUSDT@5ex/46.4M, ADAUSDT@5ex/101.3M, PENGUUSDT@5ex/72.7M, ONDOUSDT@5ex/61.2M, XPLUSDT@5ex/53.1M, ARBUSDT@5ex/21.9M, FARTCOINUSDT@5ex/51.7M, ZROUSDT@5ex/50.4M, AAVEUSDT@5ex/36M
2026-08-24 02:12:36.268 +04:00 [INF] Symbol refresh (http-tickers-arb): [DOGEUSDT,ENAUSDT,SUIUSDT,HYPEUSDT,ZECUSDT,TRUMPUSDT,WLDUSDT,ADAUSDT,PENGUUSDT,ONDOUSDT,XPLUSDT,ARBUSDT,FARTCOINUSDT,ZROUSDT,AAVEUSDT] → [DOGEUSDT,ENAUSDT,SUIUSDT,HYPEUSDT,ZECUSDT,TRUMPUSDT,WLDUSDT,ADAUSDT,PENGUUSDT,ONDOUSDT,XPLUSDT,ARBUSDT,FARTCOINUSDT,ZROUSDT,AAVEUSDT] | changed=false
2026-08-24 02:32:36.633 +04:00 [INF] Discovery: public tickers Binance/Bybit/OKX (arb band 8000000–400000000 USDT vol, top 15)
2026-08-24 02:32:37.263 +04:00 [INF] Binance fapi: 692 USDT perps with volume
2026-08-24 02:32:37.724 +04:00 [INF] Bybit linear: 725 USDT perps with volume
2026-08-24 02:32:38.098 +04:00 [INF] OKX SWAP: 434 USDT perps with volume
2026-08-24 02:32:38.527 +04:00 [INF] Bitget USDT-FUTURES: 755 tickers with volume
2026-08-24 02:32:41.537 +04:00 [INF] GateIo USDT futures: 926 tickers with volume
2026-08-24 02:32:41.941 +04:00 [INF] Discovered 15 arb pairs: DOGEUSDT@5ex/256.2M, ENAUSDT@5ex/274.7M, SUIUSDT@5ex/122.9M, HYPEUSDT@5ex/207.4M, ZECUSDT@5ex/247.2M, TRUMPUSDT@5ex/304.6M, WLDUSDT@5ex/46.2M, ADAUSDT@5ex/101.3M, PENGUUSDT@5ex/73.4M, ONDOUSDT@5ex/61.2M, XPLUSDT@5ex/53.1M, ARBUSDT@5ex/21.6M, FARTCOINUSDT@5ex/50.9M, ZROUSDT@5ex/49.6M, AAVEUSDT@5ex/36M
2026-08-24 02:32:41.942 +04:00 [INF] Symbol refresh (http-tickers-arb): [DOGEUSDT,ENAUSDT,SUIUSDT,HYPEUSDT,ZECUSDT,TRUMPUSDT,WLDUSDT,ADAUSDT,PENGUUSDT,ONDOUSDT,XPLUSDT,ARBUSDT,FARTCOINUSDT,ZROUSDT,AAVEUSDT] → [DOGEUSDT,ENAUSDT,SUIUSDT,HYPEUSDT,ZECUSDT,TRUMPUSDT,WLDUSDT,ADAUSDT,PENGUUSDT,ONDOUSDT,XPLUSDT,ARBUSDT,FARTCOINUSDT,ZROUSDT,AAVEUSDT] | changed=false
2026-08-24 02:37:54.552 +04:00 [INF] Funding cache refresh for 15 symbols × 3 exchanges (TTL 45m)
2026-08-24 02:38:04.918 +04:00 [INF] Funding cache entries: 51
2026-08-24 02:52:42.488 +04:00 [INF] Discovery: public tickers Binance/Bybit/OKX (arb band 8000000–400000000 USDT vol, top 15)
2026-08-24 02:52:43.915 +04:00 [INF] Binance fapi: 692 USDT perps with volume
2026-08-24 02:52:44.869 +04:00 [INF] Bybit linear: 725 USDT perps with volume
2026-08-24 02:52:45.237 +04:00 [INF] OKX SWAP: 434 USDT perps with volume
2026-08-24 02:52:45.669 +04:00 [INF] Bitget USDT-FUTURES: 755 tickers with volume
2026-08-24 02:52:48.678 +04:00 [INF] GateIo USDT futures: 926 tickers with volume
2026-08-24 02:52:49.626 +04:00 [INF] Discovered 15 arb pairs: DOGEUSDT@5ex/255.5M, ENAUSDT@5ex/272.2M, SUIUSDT@5ex/123.6M, HYPEUSDT@5ex/211.9M, ZECUSDT@5ex/247.8M, TRUMPUSDT@5ex/304.3M, WLDUSDT@5ex/46.1M, ADAUSDT@5ex/101.1M, PENGUUSDT@5ex/74.1M, ONDOUSDT@5ex/61.2M, XPLUSDT@5ex/53.2M, ARBUSDT@5ex/21.7M, FARTCOINUSDT@5ex/50.4M, ZROUSDT@5ex/49M, AAVEUSDT@5ex/36.3M
2026-08-24 02:52:49.627 +04:00 [INF] Symbol refresh (http-tickers-arb): [DOGEUSDT,ENAUSDT,SUIUSDT,HYPEUSDT,ZECUSDT,TRUMPUSDT,WLDUSDT,ADAUSDT,PENGUUSDT,ONDOUSDT,XPLUSDT,ARBUSDT,FARTCOINUSDT,ZROUSDT,AAVEUSDT] → [DOGEUSDT,ENAUSDT,SUIUSDT,HYPEUSDT,ZECUSDT,TRUMPUSDT,WLDUSDT,ADAUSDT,PENGUUSDT,ONDOUSDT,XPLUSDT,ARBUSDT,FARTCOINUSDT,ZROUSDT,AAVEUSDT] | changed=false
2026-08-24 02:54:26.353 +04:00 [INF] Futures scan: 1 candidate(s), best RT=0.108% open=0.213%
2026-08-24 02:54:26.359 +04:00 [INF] FUT PAPER OPEN SUIUSDT L:OKX S:Bybit qty=234.549079 lev=3x margin=66.67 edge=0.213%
2026-08-24 02:54:26.385 +04:00 [INF] Opened futures paper hedge (1): SUIUSDT: L OKX@0.85 / S Bybit@0.85 | RT 0.108% fund 0.000% → 0.108%
2026-08-24 02:54:27.419 +04:00 [INF] FUT PAPER CLOSE SUIUSDT pnl=0.2369 reason=converge lev=3x
2026-08-24 03:12:49.843 +04:00 [INF] Discovery: public tickers Binance/Bybit/OKX (arb band 8000000–400000000 USDT vol, top 15)
2026-08-24 03:12:50.422 +04:00 [INF] Binance fapi: 692 USDT perps with volume
2026-08-24 03:12:50.988 +04:00 [INF] Bybit linear: 725 USDT perps with volume
2026-08-24 03:12:51.515 +04:00 [INF] OKX SWAP: 434 USDT perps with volume
2026-08-24 03:12:51.908 +04:00 [INF] Bitget USDT-FUTURES: 755 tickers with volume
2026-08-24 03:12:55.045 +04:00 [INF] GateIo USDT futures: 926 tickers with volume
2026-08-24 03:12:55.716 +04:00 [INF] Discovered 15 arb pairs: DOGEUSDT@5ex/256.2M, ENAUSDT@5ex/271.5M, SUIUSDT@5ex/124.2M, HYPEUSDT@5ex/212.5M, ZECUSDT@5ex/245.5M, TRUMPUSDT@5ex/303.8M, WLDUSDT@5ex/46.4M, ADAUSDT@5ex/101.1M, PENGUUSDT@5ex/74.8M, ONDOUSDT@5ex/61.2M, XPLUSDT@5ex/53.5M, ARBUSDT@5ex/21.7M, FARTCOINUSDT@5ex/49.8M, ZROUSDT@5ex/48.6M, AAVEUSDT@5ex/36.6M
2026-08-24 03:12:55.718 +04:00 [INF] Symbol refresh (http-tickers-arb): [DOGEUSDT,ENAUSDT,SUIUSDT,HYPEUSDT,ZECUSDT,TRUMPUSDT,WLDUSDT,ADAUSDT,PENGUUSDT,ONDOUSDT,XPLUSDT,ARBUSDT,FARTCOINUSDT,ZROUSDT,AAVEUSDT] → [DOGEUSDT,ENAUSDT,SUIUSDT,HYPEUSDT,ZECUSDT,TRUMPUSDT,WLDUSDT,ADAUSDT,PENGUUSDT,ONDOUSDT,XPLUSDT,ARBUSDT,FARTCOINUSDT,ZROUSDT,AAVEUSDT] | changed=false
2026-08-24 03:23:05.211 +04:00 [INF] Funding cache refresh for 15 symbols × 3 exchanges (TTL 45m)
2026-08-24 03:23:15.733 +04:00 [INF] Funding cache entries: 51
2026-08-24 03:32:56.134 +04:00 [INF] Discovery: public tickers Binance/Bybit/OKX (arb band 8000000–400000000 USDT vol, top 15)
2026-08-24 03:32:56.894 +04:00 [INF] Binance fapi: 692 USDT perps with volume
2026-08-24 03:32:57.420 +04:00 [INF] Bybit linear: 725 USDT perps with volume
2026-08-24 03:32:57.782 +04:00 [INF] OKX SWAP: 434 USDT perps with volume
2026-08-24 03:32:58.370 +04:00 [INF] Bitget USDT-FUTURES: 755 tickers with volume
2026-08-24 03:33:01.670 +04:00 [INF] GateIo USDT futures: 926 tickers with volume
2026-08-24 03:33:02.080 +04:00 [INF] Discovered 15 arb pairs: DOGEUSDT@5ex/256.9M, ENAUSDT@5ex/271.5M, SUIUSDT@5ex/125.4M, HYPEUSDT@5ex/215M, ZECUSDT@5ex/246M, TRUMPUSDT@5ex/304.9M, WLDUSDT@5ex/46.6M, ADAUSDT@5ex/101.2M, PENGUUSDT@5ex/75.5M, ONDOUSDT@5ex/61.1M, XPLUSDT@5ex/53.9M, ARBUSDT@5ex/21.8M, FARTCOINUSDT@5ex/49.8M, ZROUSDT@5ex/48.3M, AAVEUSDT@5ex/37.1M
2026-08-24 03:33:02.082 +04:00 [INF] Symbol refresh (http-tickers-arb): [DOGEUSDT,ENAUSDT,SUIUSDT,HYPEUSDT,ZECUSDT,TRUMPUSDT,WLDUSDT,ADAUSDT,PENGUUSDT,ONDOUSDT,XPLUSDT,ARBUSDT,FARTCOINUSDT,ZROUSDT,AAVEUSDT] → [DOGEUSDT,ENAUSDT,SUIUSDT,HYPEUSDT,ZECUSDT,TRUMPUSDT,WLDUSDT,ADAUSDT,PENGUUSDT,ONDOUSDT,XPLUSDT,ARBUSDT,FARTCOINUSDT,ZROUSDT,AAVEUSDT] | changed=false
2026-08-24 03:53:02.403 +04:00 [INF] Discovery: public tickers Binance/Bybit/OKX (arb band 8000000–400000000 USDT vol, top 15)
2026-08-24 03:53:03.193 +04:00 [INF] Binance fapi: 692 USDT perps with volume
2026-08-24 03:53:03.684 +04:00 [INF] Bybit linear: 725 USDT perps with volume
2026-08-24 03:53:04.054 +04:00 [INF] OKX SWAP: 434 USDT perps with volume
2026-08-24 03:53:04.930 +04:00 [INF] Bitget USDT-FUTURES: 755 tickers with volume
2026-08-24 03:53:07.976 +04:00 [INF] GateIo USDT futures: 926 tickers with volume
2026-08-24 03:53:08.379 +04:00 [INF] Discovered 15 arb pairs: DOGEUSDT@5ex/255.9M, ENAUSDT@5ex/274M, SUIUSDT@5ex/126.7M, HYPEUSDT@5ex/217M, ZECUSDT@5ex/251M, TRUMPUSDT@5ex/304.5M, WLDUSDT@5ex/46.8M, ADAUSDT@5ex/101.2M, PENGUUSDT@5ex/76.1M, ONDOUSDT@5ex/59.7M, XPLUSDT@5ex/54.5M, ARBUSDT@5ex/21.9M, FARTCOINUSDT@5ex/49.5M, ZROUSDT@5ex/48M, AAVEUSDT@5ex/37.2M
2026-08-24 03:53:08.380 +04:00 [INF] Symbol refresh (http-tickers-arb): [DOGEUSDT,ENAUSDT,SUIUSDT,HYPEUSDT,ZECUSDT,TRUMPUSDT,WLDUSDT,ADAUSDT,PENGUUSDT,ONDOUSDT,XPLUSDT,ARBUSDT,FARTCOINUSDT,ZROUSDT,AAVEUSDT] → [DOGEUSDT,ENAUSDT,SUIUSDT,HYPEUSDT,ZECUSDT,TRUMPUSDT,WLDUSDT,ADAUSDT,PENGUUSDT,ONDOUSDT,XPLUSDT,ARBUSDT,FARTCOINUSDT,ZROUSDT,AAVEUSDT] | changed=false
2026-08-24 04:08:16.048 +04:00 [INF] Funding cache refresh for 15 symbols × 3 exchanges (TTL 45m)
2026-08-24 04:08:27.091 +04:00 [INF] Funding cache entries: 51
2026-08-24 04:08:40.455 +04:00 [INF] Futures scan: 1 candidate(s), best RT=0.314% open=0.419%
2026-08-24 04:08:40.459 +04:00 [INF] FUT PAPER OPEN XPLUSDT L:Bybit S:Binance qty=2021.709968 lev=3x margin=66.67 edge=0.419%
2026-08-24 04:08:40.464 +04:00 [INF] Opened futures paper hedge (1): XPLUSDT: L Bybit@0.10 / S Binance@0.10 | RT 0.314% fund 0.000% → 0.314%
2026-08-24 04:08:41.501 +04:00 [INF] FUT PAPER CLOSE XPLUSDT pnl=0.4024 reason=converge lev=3x
2026-08-24 04:13:08.446 +04:00 [INF] Discovery: public tickers Binance/Bybit/OKX (arb band 8000000–400000000 USDT vol, top 15)
2026-08-24 04:13:09.430 +04:00 [INF] Binance fapi: 692 USDT perps with volume
2026-08-24 04:13:09.968 +04:00 [INF] Bybit linear: 725 USDT perps with volume
2026-08-24 04:13:10.569 +04:00 [INF] OKX SWAP: 434 USDT perps with volume
2026-08-24 04:13:10.964 +04:00 [INF] Bitget USDT-FUTURES: 755 tickers with volume
2026-08-24 04:13:13.929 +04:00 [INF] GateIo USDT futures: 927 tickers with volume
2026-08-24 04:13:14.339 +04:00 [INF] Discovered 15 arb pairs: DOGEUSDT@5ex/256.5M, ENAUSDT@5ex/275.2M, SUIUSDT@5ex/127.4M, HYPEUSDT@5ex/218.3M, ZECUSDT@5ex/249.2M, TRUMPUSDT@5ex/306.8M, WLDUSDT@5ex/47.6M, ADAUSDT@5ex/101M, PENGUUSDT@5ex/76.9M, ONDOUSDT@5ex/59.2M, XPLUSDT@5ex/56.7M, ARBUSDT@5ex/21.9M, FARTCOINUSDT@5ex/49.5M, ZROUSDT@5ex/47.5M, AAVEUSDT@5ex/37.2M
2026-08-24 04:13:14.341 +04:00 [INF] Symbol refresh (http-tickers-arb): [DOGEUSDT,ENAUSDT,SUIUSDT,HYPEUSDT,ZECUSDT,TRUMPUSDT,WLDUSDT,ADAUSDT,PENGUUSDT,ONDOUSDT,XPLUSDT,ARBUSDT,FARTCOINUSDT,ZROUSDT,AAVEUSDT] → [DOGEUSDT,ENAUSDT,SUIUSDT,HYPEUSDT,ZECUSDT,TRUMPUSDT,WLDUSDT,ADAUSDT,PENGUUSDT,ONDOUSDT,XPLUSDT,ARBUSDT,FARTCOINUSDT,ZROUSDT,AAVEUSDT] | changed=false
2026-08-24 04:33:14.480 +04:00 [INF] Discovery: public tickers Binance/Bybit/OKX (arb band 8000000–400000000 USDT vol, top 15)
2026-08-24 04:33:14.936 +04:00 [INF] Binance fapi: 692 USDT perps with volume
2026-08-24 04:33:15.488 +04:00 [INF] Bybit linear: 725 USDT perps with volume
2026-08-24 04:33:15.862 +04:00 [INF] OKX SWAP: 434 USDT perps with volume
2026-08-24 04:33:16.263 +04:00 [INF] Bitget USDT-FUTURES: 755 tickers with volume
2026-08-24 04:33:19.382 +04:00 [INF] GateIo USDT futures: 928 tickers with volume
2026-08-24 04:33:19.985 +04:00 [INF] Discovered 15 arb pairs: DOGEUSDT@5ex/259.8M, ENAUSDT@5ex/273.4M, SUIUSDT@5ex/128.9M, HYPEUSDT@5ex/217.7M, ZECUSDT@5ex/248.5M, TRUMPUSDT@5ex/307.7M, WLDUSDT@5ex/48.3M, ADAUSDT@5ex/101.5M, PENGUUSDT@5ex/77.5M, ONDOUSDT@5ex/60.8M, XPLUSDT@5ex/57.3M, ARBUSDT@5ex/22M, FARTCOINUSDT@5ex/50.4M, ZROUSDT@5ex/47.4M, SKHYNIXUSDT@5ex/37.8M
2026-08-24 04:33:19.986 +04:00 [INF] Symbol refresh (http-tickers-arb): [DOGEUSDT,ENAUSDT,SUIUSDT,HYPEUSDT,ZECUSDT,TRUMPUSDT,WLDUSDT,ADAUSDT,PENGUUSDT,ONDOUSDT,XPLUSDT,ARBUSDT,FARTCOINUSDT,ZROUSDT,AAVEUSDT] → [DOGEUSDT,ENAUSDT,SUIUSDT,HYPEUSDT,ZECUSDT,TRUMPUSDT,WLDUSDT,ADAUSDT,PENGUUSDT,ONDOUSDT,XPLUSDT,ARBUSDT,FARTCOINUSDT,ZROUSDT,SKHYNIXUSDT] | changed=true
2026-08-24 04:33:19.987 +04:00 [INF] Restarting futures books for new symbol set…
2026-08-24 04:33:20.184 +04:00 [INF] [Sckt 30] subscription 8322 unsubscribed
2026-08-24 04:33:20.185 +04:00 [INF] V5 order book ZROUSDT status changed: "Synced" => "Disconnected"
2026-08-24 04:33:20.452 +04:00 [INF] [Sckt 32] subscription 8316 unsubscribed
2026-08-24 04:33:20.453 +04:00 [INF] Futures order book XPLUSDT status changed: "Synced" => "Disconnected"
2026-08-24 04:33:20.749 +04:00 [INF] [Sckt 28] subscription 8225 unsubscribed
2026-08-24 04:33:20.750 +04:00 [INF] Futures order book ZECUSDT status changed: "Synced" => "Disconnected"
2026-08-24 04:33:21.145 +04:00 [INF] [Sckt 29] subscription 8296 unsubscribed
2026-08-24 04:33:21.145 +04:00 [INF] UsdFutures order book ARBUSDT status changed: "Synced" => "Disconnected"
2026-08-24 04:33:21.415 +04:00 [INF] [Sckt 32] subscription 8327 unsubscribed
2026-08-24 04:33:21.436 +04:00 [INF] Futures order book ZROUSDT status changed: "Synced" => "Disconnected"
2026-08-24 04:33:21.816 +04:00 [INF] [Sckt 25] subscription 8271 unsubscribed
2026-08-24 04:33:21.823 +04:00 [INF] UsdFutures order book ONDOUSDT status changed: "Synced" => "Disconnected"
2026-08-24 04:33:22.048 +04:00 [INF] [Sckt 26] subscription 8242 unsubscribed
2026-08-24 04:33:22.050 +04:00 [INF] V5 order book WLDUSDT status changed: "Synced" => "Disconnected"
2026-08-24 04:33:22.259 +04:00 [INF] [Sckt 26] subscription 8231 unsubscribed
2026-08-24 04:33:22.260 +04:00 [INF] V5 order book TRUMPUSDT status changed: "Synced" => "Disconnected"
2026-08-24 04:33:22.646 +04:00 [INF] [Sckt 29] subscription 8318 unsubscribed
2026-08-24 04:33:22.647 +04:00 [INF] UsdFutures order book ZROUSDT status changed: "Synced" => "Disconnected"
2026-08-24 04:33:23.004 +04:00 [INF] [Sckt 25] subscription 8194 unsubscribed
2026-08-24 04:33:23.005 +04:00 [INF] UsdFutures order book SUIUSDT status changed: "Synced" => "Disconnected"
2026-08-24 04:33:23.344 +04:00 [INF] [Sckt 27] subscription 8267 unsubscribed
2026-08-24 04:33:23.345 +04:00 [INF] Unified order book PENGU-USDT-SWAP status changed: "Synced" => "Disconnected"
2026-08-24 04:33:23.542 +04:00 [INF] [Sckt 26] subscription 8275 unsubscribed
2026-08-24 04:33:23.544 +04:00 [INF] V5 order book ONDOUSDT status changed: "Synced" => "Disconnected"
2026-08-24 04:33:23.905 +04:00 [INF] [Sckt 25] subscription 8216 unsubscribed
2026-08-24 04:33:23.906 +04:00 [INF] UsdFutures order book ZECUSDT status changed: "Synced" => "Disconnected"
2026-08-24 04:33:24.178 +04:00 [INF] [Sckt 28] subscription 8236 unsubscribed
2026-08-24 04:33:24.179 +04:00 [INF] Futures order book TRUMPUSDT status changed: "Synced" => "Disconnected"
2026-08-24 04:33:24.376 +04:00 [INF] [Sckt 26] subscription 8198 unsubscribed
2026-08-24 04:33:24.376 +04:00 [INF] V5 order book SUIUSDT status changed: "Synced" => "Disconnected"
2026-08-24 04:33:24.644 +04:00 [INF] [Sckt 28] subscription 8214 unsubscribed
2026-08-24 04:33:24.644 +04:00 [INF] Futures order book HYPEUSDT status changed: "Synced" => "Disconnected"
2026-08-24 04:33:24.842 +04:00 [INF] [Sckt 26] subscription 8176 unsubscribed
2026-08-24 04:33:24.844 +04:00 [INF] V5 order book DOGEUSDT status changed: "Synced" => "Disconnected"
2026-08-24 04:33:25.206 +04:00 [INF] [Sckt 25] subscription 8227 unsubscribed
2026-08-24 04:33:25.207 +04:00 [INF] UsdFutures order book TRUMPUSDT status changed: "Synced" => "Disconnected"
2026-08-24 04:33:25.473 +04:00 [INF] [Sckt 32] subscription 8305 unsubscribed
2026-08-24 04:33:25.475 +04:00 [INF] Futures order book ARBUSDT status changed: "Synced" => "Disconnected"
2026-08-24 04:33:25.673 +04:00 [INF] [Sckt 30] subscription 8334 unsubscribed
2026-08-24 04:33:25.675 +04:00 [INF] V5 order book AAVEUSDT status changed: "Synced" => "Disconnected"
2026-08-24 04:33:26.006 +04:00 [INF] [Sckt 25] subscription 8238 unsubscribed
2026-08-24 04:33:26.007 +04:00 [INF] UsdFutures order book WLDUSDT status changed: "Synced" => "Disconnected"
2026-08-24 04:33:26.327 +04:00 [INF] [Sckt 31] subscription 8314 unsubscribed
2026-08-24 04:33:26.329 +04:00 [INF] Unified order book XPL-USDT-SWAP status changed: "Synced" => "Disconnected"
2026-08-24 04:33:26.707 +04:00 [INF] [Sckt 25] subscription 8172 unsubscribed
2026-08-24 04:33:26.708 +04:00 [INF] UsdFutures order book DOGEUSDT status changed: "Synced" => "Disconnected"
2026-08-24 04:33:26.996 +04:00 [INF] [Sckt 28] subscription 8181 unsubscribed
2026-08-24 04:33:26.997 +04:00 [INF] Futures order book DOGEUSDT status changed: "Synced" => "Disconnected"
2026-08-24 04:33:27.348 +04:00 [INF] [Sckt 29] subscription 8329 unsubscribed
2026-08-24 04:33:27.350 +04:00 [INF] UsdFutures order book AAVEUSDT status changed: "Synced" => "Disconnected"
2026-08-24 04:33:27.689 +04:00 [INF] [Sckt 27] subscription 8179 unsubscribed
2026-08-24 04:33:27.689 +04:00 [INF] Unified order book DOGE-USDT-SWAP status changed: "Synced" => "Disconnected"
2026-08-24 04:33:28.011 +04:00 [INF] [Sckt 25] subscription 8249 unsubscribed
2026-08-24 04:33:28.011 +04:00 [INF] UsdFutures order book ADAUSDT status changed: "Synced" => "Disconnected"
2026-08-24 04:33:28.210 +04:00 [INF] [Sckt 26] subscription 8187 unsubscribed
2026-08-24 04:33:28.211 +04:00 [INF] V5 order book ENAUSDT status changed: "Synced" => "Disconnected"
2026-08-24 04:33:28.490 +04:00 [INF] [Sckt 32] subscription 8294 unsubscribed
2026-08-24 04:33:28.491 +04:00 [INF] Futures order book FARTCOINUSDT status changed: "Synced" => "Disconnected"
2026-08-24 04:33:28.761 +04:00 [INF] [Sckt 28] subscription 8269 unsubscribed
2026-08-24 04:33:28.762 +04:00 [INF] Futures order book PENGUUSDT status changed: "Synced" => "Disconnected"
2026-08-24 04:33:29.101 +04:00 [INF] [Sckt 27] subscription 8256 unsubscribed
2026-08-24 04:33:29.104 +04:00 [INF] Unified order book ADA-USDT-SWAP status changed: "Synced" => "Disconnected"
2026-08-24 04:33:29.513 +04:00 [INF] [Sckt 25] subscription 8183 unsubscribed
2026-08-24 04:33:29.514 +04:00 [INF] UsdFutures order book ENAUSDT status changed: "Synced" => "Disconnected"
2026-08-24 04:33:29.854 +04:00 [INF] [Sckt 27] subscription 8201 unsubscribed
2026-08-24 04:33:29.855 +04:00 [INF] Unified order book SUI-USDT-SWAP status changed: "Synced" => "Disconnected"
2026-08-24 04:33:30.177 +04:00 [INF] [Sckt 31] subscription 8325 unsubscribed
2026-08-24 04:33:30.178 +04:00 [INF] Unified order book ZRO-USDT-SWAP status changed: "Synced" => "Disconnected"
2026-08-24 04:33:30.498 +04:00 [INF] [Sckt 31] subscription 8303 unsubscribed
2026-08-24 04:33:30.500 +04:00 [INF] Unified order book ARB-USDT-SWAP status changed: "Synced" => "Disconnected"
2026-08-24 04:33:30.770 +04:00 [INF] [Sckt 28] subscription 8282 unsubscribed
2026-08-24 04:33:30.771 +04:00 [INF] Futures order book ONDOUSDT status changed: "Synced" => "Disconnected"
2026-08-24 04:33:30.971 +04:00 [INF] [Sckt 26] subscription 8220 unsubscribed
2026-08-24 04:33:30.973 +04:00 [INF] V5 order book ZECUSDT status changed: "Synced" => "Disconnected"
2026-08-24 04:33:31.311 +04:00 [INF] [Sckt 27] subscription 8190 unsubscribed
2026-08-24 04:33:31.313 +04:00 [INF] Unified order book ENA-USDT-SWAP status changed: "Synced" => "Disconnected"
2026-08-24 04:33:31.653 +04:00 [INF] [Sckt 27] subscription 8278 unsubscribed
2026-08-24 04:33:31.654 +04:00 [INF] Unified order book ONDO-USDT-SWAP status changed: "Synced" => "Disconnected"
2026-08-24 04:33:32.019 +04:00 [INF] [Sckt 25] subscription 8260 unsubscribed
2026-08-24 04:33:32.021 +04:00 [INF] UsdFutures order book PENGUUSDT status changed: "Synced" => "Disconnected"
2026-08-24 04:33:32.359 +04:00 [INF] [Sckt 27] subscription 8245 unsubscribed
2026-08-24 04:33:32.360 +04:00 [INF] Unified order book WLD-USDT-SWAP status changed: "Synced" => "Disconnected"
2026-08-24 04:33:32.739 +04:00 [INF] UsdFutures order book HYPEUSDT status changed: "Synced" => "Disconnected"
2026-08-24 04:33:32.937 +04:00 [INF] [Sckt 26] subscription 8209 unsubscribed
2026-08-24 04:33:32.938 +04:00 [INF] V5 order book HYPEUSDT status changed: "Synced" => "Disconnected"
2026-08-24 04:33:33.136 +04:00 [INF] [Sckt 26] subscription 8253 unsubscribed
2026-08-24 04:33:33.137 +04:00 [INF] V5 order book ADAUSDT status changed: "Synced" => "Disconnected"
2026-08-24 04:33:33.475 +04:00 [INF] [Sckt 27] subscription 8223 unsubscribed
2026-08-24 04:33:33.477 +04:00 [INF] Unified order book ZEC-USDT-SWAP status changed: "Synced" => "Disconnected"
2026-08-24 04:33:33.799 +04:00 [INF] [Sckt 31] subscription 8337 unsubscribed
2026-08-24 04:33:33.800 +04:00 [INF] Unified order book AAVE-USDT-SWAP status changed: "Synced" => "Disconnected"
2026-08-24 04:33:34.157 +04:00 [INF] [Sckt 29] subscription 8284 unsubscribed
2026-08-24 04:33:34.159 +04:00 [INF] UsdFutures order book FARTCOINUSDT status changed: "Synced" => "Disconnected"
2026-08-24 04:33:34.365 +04:00 [INF] V5 order book PENGUUSDT status changed: "Synced" => "Disconnected"
2026-08-24 04:33:34.704 +04:00 [INF] [Sckt 27] subscription 8212 unsubscribed
2026-08-24 04:33:34.706 +04:00 [INF] Unified order book HYPE-USDT-SWAP status changed: "Synced" => "Disconnected"
2026-08-24 04:33:34.903 +04:00 [INF] [Sckt 30] subscription 8300 unsubscribed
2026-08-24 04:33:34.905 +04:00 [INF] V5 order book ARBUSDT status changed: "Synced" => "Disconnected"
2026-08-24 04:33:35.182 +04:00 [INF] [Sckt 28] subscription 8203 unsubscribed
2026-08-24 04:33:35.184 +04:00 [INF] Futures order book SUIUSDT status changed: "Synced" => "Disconnected"
2026-08-24 04:33:35.586 +04:00 [INF] UsdFutures order book XPLUSDT status changed: "Synced" => "Disconnected"
2026-08-24 04:33:35.852 +04:00 [INF] [Sckt 28] subscription 8258 unsubscribed
2026-08-24 04:33:35.854 +04:00 [INF] Futures order book ADAUSDT status changed: "Synced" => "Disconnected"
2026-08-24 04:33:36.132 +04:00 [INF] [Sckt 28] subscription 8247 unsubscribed
2026-08-24 04:33:36.133 +04:00 [INF] Futures order book WLDUSDT status changed: "Synced" => "Disconnected"
2026-08-24 04:33:36.332 +04:00 [INF] [Sckt 30] subscription 8289 unsubscribed
2026-08-24 04:33:36.333 +04:00 [INF] V5 order book FARTCOINUSDT status changed: "Synced" => "Disconnected"
2026-08-24 04:33:36.623 +04:00 [INF] Futures order book AAVEUSDT status changed: "Synced" => "Disconnected"
2026-08-24 04:33:36.916 +04:00 [INF] Futures order book ENAUSDT status changed: "Synced" => "Disconnected"
2026-08-24 04:33:37.259 +04:00 [INF] Unified order book FARTCOIN-USDT-SWAP status changed: "Synced" => "Disconnected"
2026-08-24 04:33:37.632 +04:00 [INF] Unified order book TRUMP-USDT-SWAP status changed: "Synced" => "Disconnected"
2026-08-24 04:33:37.852 +04:00 [INF] V5 order book XPLUSDT status changed: "Synced" => "Disconnected"
2026-08-24 04:33:37.854 +04:00 [INF] UsdFutures order book DOGEUSDT status changed: "Disconnected" => "Connecting"
2026-08-24 04:33:39.577 +04:00 [INF] [Sckt 33] subscription 13006 completed successfully
2026-08-24 04:33:39.579 +04:00 [INF] UsdFutures order book DOGEUSDT status changed: "Connecting" => "Syncing"
2026-08-24 04:33:39.966 +04:00 [INF] UsdFutures order book DOGEUSDT status changed: "Syncing" => "Synced"
2026-08-24 04:33:39.967 +04:00 [INF] Futures book Binance:DOGEUSDT "Synced"
2026-08-24 04:33:39.968 +04:00 [INF] V5 order book DOGEUSDT status changed: "Disconnected" => "Connecting"
2026-08-24 04:33:41.070 +04:00 [INF] [Sckt 34] subscription 13010 completed successfully
2026-08-24 04:33:41.071 +04:00 [INF] V5 order book DOGEUSDT status changed: "Connecting" => "Syncing"
2026-08-24 04:33:41.072 +04:00 [INF] V5 order book DOGEUSDT status changed: "Syncing" => "Synced"
2026-08-24 04:33:41.073 +04:00 [INF] Futures book Bybit:DOGEUSDT "Synced"
2026-08-24 04:33:41.074 +04:00 [INF] Unified order book DOGE-USDT-SWAP status changed: "Disconnected" => "Connecting"
2026-08-24 04:33:42.678 +04:00 [INF] [Sckt 35] subscription 13013 completed successfully
2026-08-24 04:33:42.679 +04:00 [INF] Unified order book DOGE-USDT-SWAP status changed: "Connecting" => "Syncing"
2026-08-24 04:33:43.157 +04:00 [INF] Unified order book DOGE-USDT-SWAP status changed: "Syncing" => "Synced"
2026-08-24 04:33:43.158 +04:00 [INF] Futures book OKX:DOGEUSDT "Synced"
2026-08-24 04:33:43.158 +04:00 [INF] Futures order book DOGEUSDT status changed: "Disconnected" => "Connecting"
2026-08-24 04:33:44.512 +04:00 [INF] [Sckt 36] subscription 13015 completed successfully
2026-08-24 04:33:44.513 +04:00 [INF] Futures order book DOGEUSDT status changed: "Connecting" => "Syncing"
2026-08-24 04:33:44.514 +04:00 [INF] Futures order book DOGEUSDT status changed: "Syncing" => "Synced"
2026-08-24 04:33:44.515 +04:00 [INF] Futures book Bitget:DOGEUSDT "Synced"
2026-08-24 04:33:44.516 +04:00 [INF] UsdFutures order book ENAUSDT status changed: "Disconnected" => "Connecting"
2026-08-24 04:33:44.884 +04:00 [INF] [Sckt 33] subscription 13017 completed successfully
2026-08-24 04:33:44.885 +04:00 [INF] UsdFutures order book ENAUSDT status changed: "Connecting" => "Syncing"
2026-08-24 04:33:45.292 +04:00 [INF] UsdFutures order book ENAUSDT status changed: "Syncing" => "Synced"
2026-08-24 04:33:45.293 +04:00 [INF] Futures book Binance:ENAUSDT "Synced"
2026-08-24 04:33:45.294 +04:00 [INF] V5 order book ENAUSDT status changed: "Disconnected" => "Connecting"
2026-08-24 04:33:45.494 +04:00 [INF] [Sckt 34] subscription 13021 completed successfully
2026-08-24 04:33:45.495 +04:00 [INF] V5 order book ENAUSDT status changed: "Connecting" => "Syncing"
2026-08-24 04:33:45.495 +04:00 [INF] V5 order book ENAUSDT status changed: "Syncing" => "Synced"
2026-08-24 04:33:45.496 +04:00 [INF] Futures book Bybit:ENAUSDT "Synced"
2026-08-24 04:33:45.497 +04:00 [INF] Unified order book ENA-USDT-SWAP status changed: "Disconnected" => "Connecting"
2026-08-24 04:33:45.818 +04:00 [INF] [Sckt 35] subscription 13024 completed successfully
2026-08-24 04:33:45.820 +04:00 [INF] Unified order book ENA-USDT-SWAP status changed: "Connecting" => "Syncing"
2026-08-24 04:33:46.121 +04:00 [INF] Unified order book ENA-USDT-SWAP status changed: "Syncing" => "Synced"
2026-08-24 04:33:46.122 +04:00 [INF] Futures book OKX:ENAUSDT "Synced"
2026-08-24 04:33:46.123 +04:00 [INF] Futures order book ENAUSDT status changed: "Disconnected" => "Connecting"
2026-08-24 04:33:46.408 +04:00 [INF] [Sckt 36] subscription 13026 completed successfully
2026-08-24 04:33:46.409 +04:00 [INF] Futures order book ENAUSDT status changed: "Connecting" => "Syncing"
2026-08-24 04:33:46.410 +04:00 [INF] Futures order book ENAUSDT status changed: "Syncing" => "Synced"
2026-08-24 04:33:46.412 +04:00 [INF] Futures book Bitget:ENAUSDT "Synced"
2026-08-24 04:33:46.412 +04:00 [INF] UsdFutures order book SUIUSDT status changed: "Disconnected" => "Connecting"
2026-08-24 04:33:46.786 +04:00 [INF] [Sckt 33] subscription 13028 completed successfully
2026-08-24 04:33:46.787 +04:00 [INF] UsdFutures order book SUIUSDT status changed: "Connecting" => "Syncing"
2026-08-24 04:33:47.164 +04:00 [INF] UsdFutures order book SUIUSDT status changed: "Syncing" => "Synced"
2026-08-24 04:33:47.176 +04:00 [INF] Futures book Binance:SUIUSDT "Synced"
2026-08-24 04:33:47.177 +04:00 [INF] V5 order book SUIUSDT status changed: "Disconnected" => "Connecting"
2026-08-24 04:33:47.390 +04:00 [INF] [Sckt 34] subscription 13032 completed successfully
2026-08-24 04:33:47.392 +04:00 [INF] V5 order book SUIUSDT status changed: "Connecting" => "Syncing"
2026-08-24 04:33:47.394 +04:00 [INF] V5 order book SUIUSDT status changed: "Syncing" => "Synced"
2026-08-24 04:33:47.396 +04:00 [INF] Futures book Bybit:SUIUSDT "Synced"
2026-08-24 04:33:47.397 +04:00 [INF] Unified order book SUI-USDT-SWAP status changed: "Disconnected" => "Connecting"
2026-08-24 04:33:47.718 +04:00 [INF] [Sckt 35] subscription 13035 completed successfully
2026-08-24 04:33:47.720 +04:00 [INF] Unified order book SUI-USDT-SWAP status changed: "Connecting" => "Syncing"
2026-08-24 04:33:47.968 +04:00 [INF] Unified order book SUI-USDT-SWAP status changed: "Syncing" => "Synced"
2026-08-24 04:33:47.969 +04:00 [INF] Futures book OKX:SUIUSDT "Synced"
2026-08-24 04:33:47.969 +04:00 [INF] Futures order book SUIUSDT status changed: "Disconnected" => "Connecting"
2026-08-24 04:33:48.240 +04:00 [INF] [Sckt 36] subscription 13037 completed successfully
2026-08-24 04:33:48.241 +04:00 [INF] Futures order book SUIUSDT status changed: "Connecting" => "Syncing"
2026-08-24 04:33:48.242 +04:00 [INF] Futures order book SUIUSDT status changed: "Syncing" => "Synced"
2026-08-24 04:33:48.244 +04:00 [INF] Futures book Bitget:SUIUSDT "Synced"
2026-08-24 04:33:48.245 +04:00 [INF] UsdFutures order book HYPEUSDT status changed: "Disconnected" => "Connecting"
2026-08-24 04:33:48.591 +04:00 [INF] [Sckt 33] subscription 13039 completed successfully
2026-08-24 04:33:48.592 +04:00 [INF] UsdFutures order book HYPEUSDT status changed: "Connecting" => "Syncing"
2026-08-24 04:33:48.981 +04:00 [INF] UsdFutures order book HYPEUSDT status changed: "Syncing" => "Synced"
2026-08-24 04:33:48.981 +04:00 [INF] Futures book Binance:HYPEUSDT "Synced"
2026-08-24 04:33:48.982 +04:00 [INF] V5 order book HYPEUSDT status changed: "Disconnected" => "Connecting"
2026-08-24 04:33:49.183 +04:00 [INF] [Sckt 34] subscription 13043 completed successfully
2026-08-24 04:33:49.184 +04:00 [INF] V5 order book HYPEUSDT status changed: "Connecting" => "Syncing"
2026-08-24 04:33:49.184 +04:00 [INF] V5 order book HYPEUSDT status changed: "Syncing" => "Synced"
2026-08-24 04:33:49.185 +04:00 [INF] Futures book Bybit:HYPEUSDT "Synced"
2026-08-24 04:33:49.186 +04:00 [INF] Unified order book HYPE-USDT-SWAP status changed: "Disconnected" => "Connecting"
2026-08-24 04:33:49.507 +04:00 [INF] [Sckt 35] subscription 13046 completed successfully
2026-08-24 04:33:49.508 +04:00 [INF] Unified order book HYPE-USDT-SWAP status changed: "Connecting" => "Syncing"
2026-08-24 04:33:49.759 +04:00 [INF] Unified order book HYPE-USDT-SWAP status changed: "Syncing" => "Synced"
2026-08-24 04:33:49.760 +04:00 [INF] Futures book OKX:HYPEUSDT "Synced"
2026-08-24 04:33:49.760 +04:00 [INF] Futures order book HYPEUSDT status changed: "Disconnected" => "Connecting"
2026-08-24 04:33:50.028 +04:00 [INF] [Sckt 36] subscription 13048 completed successfully
2026-08-24 04:33:50.029 +04:00 [INF] Futures order book HYPEUSDT status changed: "Connecting" => "Syncing"
2026-08-24 04:33:50.030 +04:00 [INF] Futures order book HYPEUSDT status changed: "Syncing" => "Synced"
2026-08-24 04:33:50.031 +04:00 [INF] Futures book Bitget:HYPEUSDT "Synced"
2026-08-24 04:33:50.032 +04:00 [INF] UsdFutures order book ZECUSDT status changed: "Disconnected" => "Connecting"
2026-08-24 04:33:50.388 +04:00 [INF] [Sckt 33] subscription 13050 completed successfully
2026-08-24 04:33:50.390 +04:00 [INF] UsdFutures order book ZECUSDT status changed: "Connecting" => "Syncing"
2026-08-24 04:33:50.772 +04:00 [INF] UsdFutures order book ZECUSDT status changed: "Syncing" => "Synced"
2026-08-24 04:33:50.773 +04:00 [INF] Futures book Binance:ZECUSDT "Synced"
2026-08-24 04:33:50.773 +04:00 [INF] V5 order book ZECUSDT status changed: "Disconnected" => "Connecting"
2026-08-24 04:33:50.973 +04:00 [INF] [Sckt 34] subscription 13054 completed successfully
2026-08-24 04:33:50.974 +04:00 [INF] V5 order book ZECUSDT status changed: "Connecting" => "Syncing"
2026-08-24 04:33:50.975 +04:00 [INF] V5 order book ZECUSDT status changed: "Syncing" => "Synced"
2026-08-24 04:33:50.976 +04:00 [INF] Futures book Bybit:ZECUSDT "Synced"
2026-08-24 04:33:50.976 +04:00 [INF] Unified order book ZEC-USDT-SWAP status changed: "Disconnected" => "Connecting"
2026-08-24 04:33:51.301 +04:00 [INF] [Sckt 35] subscription 13057 completed successfully
2026-08-24 04:33:51.303 +04:00 [INF] Unified order book ZEC-USDT-SWAP status changed: "Connecting" => "Syncing"
2026-08-24 04:33:51.553 +04:00 [INF] Unified order book ZEC-USDT-SWAP status changed: "Syncing" => "Synced"
2026-08-24 04:33:51.555 +04:00 [INF] Futures book OKX:ZECUSDT "Synced"
2026-08-24 04:33:51.557 +04:00 [INF] Futures order book ZECUSDT status changed: "Disconnected" => "Connecting"
2026-08-24 04:33:51.831 +04:00 [INF] [Sckt 36] subscription 13059 completed successfully
2026-08-24 04:33:51.832 +04:00 [INF] Futures order book ZECUSDT status changed: "Connecting" => "Syncing"
2026-08-24 04:33:51.834 +04:00 [INF] Futures order book ZECUSDT status changed: "Syncing" => "Synced"
2026-08-24 04:33:51.834 +04:00 [INF] Futures book Bitget:ZECUSDT "Synced"
2026-08-24 04:33:51.835 +04:00 [INF] UsdFutures order book TRUMPUSDT status changed: "Disconnected" => "Connecting"
2026-08-24 04:33:52.193 +04:00 [INF] [Sckt 33] subscription 13061 completed successfully
2026-08-24 04:33:52.194 +04:00 [INF] UsdFutures order book TRUMPUSDT status changed: "Connecting" => "Syncing"
2026-08-24 04:33:52.571 +04:00 [INF] UsdFutures order book TRUMPUSDT status changed: "Syncing" => "Synced"
2026-08-24 04:33:52.572 +04:00 [INF] Futures book Binance:TRUMPUSDT "Synced"
2026-08-24 04:33:52.573 +04:00 [INF] V5 order book TRUMPUSDT status changed: "Disconnected" => "Connecting"
2026-08-24 04:33:52.773 +04:00 [INF] [Sckt 34] subscription 13065 completed successfully
2026-08-24 04:33:52.774 +04:00 [INF] V5 order book TRUMPUSDT status changed: "Connecting" => "Syncing"
2026-08-24 04:33:52.775 +04:00 [INF] V5 order book TRUMPUSDT status changed: "Syncing" => "Synced"
2026-08-24 04:33:52.776 +04:00 [INF] Futures book Bybit:TRUMPUSDT "Synced"
2026-08-24 04:33:52.777 +04:00 [INF] Unified order book TRUMP-USDT-SWAP status changed: "Disconnected" => "Connecting"
2026-08-24 04:33:53.098 +04:00 [INF] [Sckt 35] subscription 13068 completed successfully
2026-08-24 04:33:53.099 +04:00 [INF] Unified order book TRUMP-USDT-SWAP status changed: "Connecting" => "Syncing"
2026-08-24 04:33:53.340 +04:00 [INF] Unified order book TRUMP-USDT-SWAP status changed: "Syncing" => "Synced"
2026-08-24 04:33:53.342 +04:00 [INF] Futures book OKX:TRUMPUSDT "Synced"
2026-08-24 04:33:53.343 +04:00 [INF] Futures order book TRUMPUSDT status changed: "Disconnected" => "Connecting"
2026-08-24 04:33:53.626 +04:00 [INF] [Sckt 36] subscription 13070 completed successfully
2026-08-24 04:33:53.627 +04:00 [INF] Futures order book TRUMPUSDT status changed: "Connecting" => "Syncing"
2026-08-24 04:33:53.628 +04:00 [INF] Futures order book TRUMPUSDT status changed: "Syncing" => "Synced"
2026-08-24 04:33:53.629 +04:00 [INF] Futures book Bitget:TRUMPUSDT "Synced"
2026-08-24 04:33:53.629 +04:00 [INF] UsdFutures order book WLDUSDT status changed: "Disconnected" => "Connecting"
2026-08-24 04:33:53.994 +04:00 [INF] [Sckt 33] subscription 13072 completed successfully
2026-08-24 04:33:53.995 +04:00 [INF] UsdFutures order book WLDUSDT status changed: "Connecting" => "Syncing"
2026-08-24 04:33:54.369 +04:00 [INF] UsdFutures order book WLDUSDT status changed: "Syncing" => "Synced"
2026-08-24 04:33:54.370 +04:00 [INF] Futures book Binance:WLDUSDT "Synced"
2026-08-24 04:33:54.371 +04:00 [INF] V5 order book WLDUSDT status changed: "Disconnected" => "Connecting"
2026-08-24 04:33:54.570 +04:00 [INF] [Sckt 34] subscription 13076 completed successfully
2026-08-24 04:33:54.571 +04:00 [INF] V5 order book WLDUSDT status changed: "Connecting" => "Syncing"
2026-08-24 04:33:54.572 +04:00 [INF] V5 order book WLDUSDT status changed: "Syncing" => "Synced"
2026-08-24 04:33:54.573 +04:00 [INF] Futures book Bybit:WLDUSDT "Synced"
2026-08-24 04:33:54.574 +04:00 [INF] Unified order book WLD-USDT-SWAP status changed: "Disconnected" => "Connecting"
2026-08-24 04:33:54.895 +04:00 [INF] [Sckt 35] subscription 13079 completed successfully
2026-08-24 04:33:54.896 +04:00 [INF] Unified order book WLD-USDT-SWAP status changed: "Connecting" => "Syncing"
2026-08-24 04:33:55.148 +04:00 [INF] Unified order book WLD-USDT-SWAP status changed: "Syncing" => "Synced"
2026-08-24 04:33:55.149 +04:00 [INF] Futures book OKX:WLDUSDT "Synced"
2026-08-24 04:33:55.149 +04:00 [INF] Futures order book WLDUSDT status changed: "Disconnected" => "Connecting"
2026-08-24 04:33:55.417 +04:00 [INF] [Sckt 36] subscription 13081 completed successfully
2026-08-24 04:33:55.419 +04:00 [INF] Futures order book WLDUSDT status changed: "Connecting" => "Syncing"
2026-08-24 04:33:55.427 +04:00 [INF] Futures order book WLDUSDT status changed: "Syncing" => "Synced"
2026-08-24 04:33:55.430 +04:00 [INF] Futures book Bitget:WLDUSDT "Synced"
2026-08-24 04:33:55.431 +04:00 [INF] UsdFutures order book ADAUSDT status changed: "Disconnected" => "Connecting"
2026-08-24 04:33:55.796 +04:00 [INF] [Sckt 33] subscription 13083 completed successfully
2026-08-24 04:33:55.797 +04:00 [INF] UsdFutures order book ADAUSDT status changed: "Connecting" => "Syncing"
2026-08-24 04:33:56.190 +04:00 [INF] UsdFutures order book ADAUSDT status changed: "Syncing" => "Synced"
2026-08-24 04:33:56.196 +04:00 [INF] Futures book Binance:ADAUSDT "Synced"
2026-08-24 04:33:56.197 +04:00 [INF] V5 order book ADAUSDT status changed: "Disconnected" => "Connecting"
2026-08-24 04:33:56.407 +04:00 [INF] [Sckt 34] subscription 13087 completed successfully
2026-08-24 04:33:56.516 +04:00 [INF] V5 order book ADAUSDT status changed: "Connecting" => "Syncing"
2026-08-24 04:33:56.522 +04:00 [INF] V5 order book ADAUSDT status changed: "Syncing" => "Synced"
2026-08-24 04:33:56.541 +04:00 [INF] Futures book Bybit:ADAUSDT "Synced"
2026-08-24 04:33:56.542 +04:00 [INF] Unified order book ADA-USDT-SWAP status changed: "Disconnected" => "Connecting"
2026-08-24 04:33:56.868 +04:00 [INF] [Sckt 35] subscription 13090 completed successfully
2026-08-24 04:33:56.888 +04:00 [INF] Unified order book ADA-USDT-SWAP status changed: "Connecting" => "Syncing"
2026-08-24 04:33:56.956 +04:00 [INF] Unified order book ADA-USDT-SWAP status changed: "Syncing" => "Synced"
2026-08-24 04:33:56.979 +04:00 [INF] Futures book OKX:ADAUSDT "Synced"
2026-08-24 04:33:56.979 +04:00 [INF] Futures order book ADAUSDT status changed: "Disconnected" => "Connecting"
2026-08-24 04:33:57.266 +04:00 [INF] [Sckt 36] subscription 13092 completed successfully
2026-08-24 04:33:57.267 +04:00 [INF] Futures order book ADAUSDT status changed: "Connecting" => "Syncing"
2026-08-24 04:33:57.268 +04:00 [INF] Futures order book ADAUSDT status changed: "Syncing" => "Synced"
2026-08-24 04:33:57.269 +04:00 [INF] Futures book Bitget:ADAUSDT "Synced"
2026-08-24 04:33:57.270 +04:00 [INF] UsdFutures order book PENGUUSDT status changed: "Disconnected" => "Connecting"
2026-08-24 04:33:57.597 +04:00 [INF] [Sckt 33] subscription 13094 completed successfully
2026-08-24 04:33:57.597 +04:00 [INF] UsdFutures order book PENGUUSDT status changed: "Connecting" => "Syncing"
2026-08-24 04:33:57.977 +04:00 [INF] UsdFutures order book PENGUUSDT status changed: "Syncing" => "Synced"
2026-08-24 04:33:57.978 +04:00 [INF] Futures book Binance:PENGUUSDT "Synced"
2026-08-24 04:33:57.979 +04:00 [INF] V5 order book PENGUUSDT status changed: "Disconnected" => "Connecting"
2026-08-24 04:33:58.177 +04:00 [INF] [Sckt 34] subscription 13098 completed successfully
2026-08-24 04:33:58.179 +04:00 [INF] V5 order book PENGUUSDT status changed: "Connecting" => "Syncing"
2026-08-24 04:33:58.179 +04:00 [INF] V5 order book PENGUUSDT status changed: "Syncing" => "Synced"
2026-08-24 04:33:58.180 +04:00 [INF] Futures book Bybit:PENGUUSDT "Synced"
2026-08-24 04:33:58.181 +04:00 [INF] Unified order book PENGU-USDT-SWAP status changed: "Disconnected" => "Connecting"
2026-08-24 04:33:58.502 +04:00 [INF] [Sckt 35] subscription 13101 completed successfully
2026-08-24 04:33:58.503 +04:00 [INF] Unified order book PENGU-USDT-SWAP status changed: "Connecting" => "Syncing"
2026-08-24 04:33:58.757 +04:00 [INF] Unified order book PENGU-USDT-SWAP status changed: "Syncing" => "Synced"
2026-08-24 04:33:58.758 +04:00 [INF] Futures book OKX:PENGUUSDT "Synced"
2026-08-24 04:33:58.758 +04:00 [INF] Futures order book PENGUUSDT status changed: "Disconnected" => "Connecting"
2026-08-24 04:33:59.040 +04:00 [INF] [Sckt 36] subscription 13103 completed successfully
2026-08-24 04:33:59.041 +04:00 [INF] Futures order book PENGUUSDT status changed: "Connecting" => "Syncing"
2026-08-24 04:33:59.041 +04:00 [INF] Futures order book PENGUUSDT status changed: "Syncing" => "Synced"
2026-08-24 04:33:59.042 +04:00 [INF] Futures book Bitget:PENGUUSDT "Synced"
2026-08-24 04:33:59.042 +04:00 [INF] UsdFutures order book ONDOUSDT status changed: "Disconnected" => "Connecting"
2026-08-24 04:33:59.399 +04:00 [INF] [Sckt 33] subscription 13105 completed successfully
2026-08-24 04:33:59.400 +04:00 [INF] UsdFutures order book ONDOUSDT status changed: "Connecting" => "Syncing"
2026-08-24 04:34:00.251 +04:00 [INF] UsdFutures order book ONDOUSDT status changed: "Syncing" => "Synced"
2026-08-24 04:34:00.252 +04:00 [INF] Futures book Binance:ONDOUSDT "Synced"
2026-08-24 04:34:00.253 +04:00 [INF] V5 order book ONDOUSDT status changed: "Disconnected" => "Connecting"
2026-08-24 04:34:00.453 +04:00 [INF] [Sckt 34] subscription 13111 completed successfully
2026-08-24 04:34:00.454 +04:00 [INF] V5 order book ONDOUSDT status changed: "Connecting" => "Syncing"
2026-08-24 04:34:00.455 +04:00 [INF] V5 order book ONDOUSDT status changed: "Syncing" => "Synced"
2026-08-24 04:34:00.456 +04:00 [INF] Futures book Bybit:ONDOUSDT "Synced"
2026-08-24 04:34:00.456 +04:00 [INF] Unified order book ONDO-USDT-SWAP status changed: "Disconnected" => "Connecting"
2026-08-24 04:34:00.778 +04:00 [INF] [Sckt 35] subscription 13114 completed successfully
2026-08-24 04:34:00.778 +04:00 [INF] Unified order book ONDO-USDT-SWAP status changed: "Connecting" => "Syncing"
2026-08-24 04:34:00.834 +04:00 [INF] Unified order book ONDO-USDT-SWAP status changed: "Syncing" => "Synced"
2026-08-24 04:34:00.835 +04:00 [INF] Futures book OKX:ONDOUSDT "Synced"
2026-08-24 04:34:00.836 +04:00 [INF] Futures order book ONDOUSDT status changed: "Disconnected" => "Connecting"
2026-08-24 04:34:01.106 +04:00 [INF] [Sckt 36] subscription 13116 completed successfully
2026-08-24 04:34:01.107 +04:00 [INF] Futures order book ONDOUSDT status changed: "Connecting" => "Syncing"
2026-08-24 04:34:01.158 +04:00 [INF] Futures order book ONDOUSDT status changed: "Syncing" => "Synced"
2026-08-24 04:34:01.160 +04:00 [INF] Futures book Bitget:ONDOUSDT "Synced"
2026-08-24 04:34:01.161 +04:00 [INF] UsdFutures order book XPLUSDT status changed: "Disconnected" => "Connecting"
2026-08-24 04:34:02.541 +04:00 [INF] [Sckt 37] subscription 13119 completed successfully
2026-08-24 04:34:02.542 +04:00 [INF] UsdFutures order book XPLUSDT status changed: "Connecting" => "Syncing"
2026-08-24 04:34:02.934 +04:00 [INF] UsdFutures order book XPLUSDT status changed: "Syncing" => "Synced"
2026-08-24 04:34:02.937 +04:00 [INF] Futures book Binance:XPLUSDT "Synced"
2026-08-24 04:34:02.938 +04:00 [INF] V5 order book XPLUSDT status changed: "Disconnected" => "Connecting"
2026-08-24 04:34:03.737 +04:00 [INF] [Sckt 38] subscription 13123 completed successfully
2026-08-24 04:34:03.738 +04:00 [INF] V5 order book XPLUSDT status changed: "Connecting" => "Syncing"
2026-08-24 04:34:03.740 +04:00 [INF] V5 order book XPLUSDT status changed: "Syncing" => "Synced"
2026-08-24 04:34:03.741 +04:00 [INF] Futures book Bybit:XPLUSDT "Synced"
2026-08-24 04:34:03.742 +04:00 [INF] Unified order book XPL-USDT-SWAP status changed: "Disconnected" => "Connecting"
2026-08-24 04:34:05.038 +04:00 [INF] [Sckt 39] subscription 13126 completed successfully
2026-08-24 04:34:05.040 +04:00 [INF] Unified order book XPL-USDT-SWAP status changed: "Connecting" => "Syncing"
2026-08-24 04:34:05.649 +04:00 [INF] Unified order book XPL-USDT-SWAP status changed: "Syncing" => "Synced"
2026-08-24 04:34:05.652 +04:00 [INF] Futures book OKX:XPLUSDT "Synced"
2026-08-24 04:34:05.652 +04:00 [INF] Futures order book XPLUSDT status changed: "Disconnected" => "Connecting"
2026-08-24 04:34:06.751 +04:00 [INF] [Sckt 40] subscription 13128 completed successfully
2026-08-24 04:34:06.751 +04:00 [INF] Futures order book XPLUSDT status changed: "Connecting" => "Syncing"
2026-08-24 04:34:06.752 +04:00 [INF] Futures order book XPLUSDT status changed: "Syncing" => "Synced"
2026-08-24 04:34:06.756 +04:00 [INF] Futures book Bitget:XPLUSDT "Synced"
2026-08-24 04:34:06.757 +04:00 [INF] UsdFutures order book ARBUSDT status changed: "Disconnected" => "Connecting"
2026-08-24 04:34:07.145 +04:00 [INF] [Sckt 37] subscription 13130 completed successfully
2026-08-24 04:34:07.146 +04:00 [INF] UsdFutures order book ARBUSDT status changed: "Connecting" => "Syncing"
2026-08-24 04:34:07.523 +04:00 [INF] UsdFutures order book ARBUSDT status changed: "Syncing" => "Synced"
2026-08-24 04:34:07.524 +04:00 [INF] Futures book Binance:ARBUSDT "Synced"
2026-08-24 04:34:07.524 +04:00 [INF] V5 order book ARBUSDT status changed: "Disconnected" => "Connecting"
2026-08-24 04:34:07.722 +04:00 [INF] [Sckt 38] subscription 13134 completed successfully
2026-08-24 04:34:07.724 +04:00 [INF] V5 order book ARBUSDT status changed: "Connecting" => "Syncing"
2026-08-24 04:34:07.724 +04:00 [INF] V5 order book ARBUSDT status changed: "Syncing" => "Synced"
2026-08-24 04:34:07.725 +04:00 [INF] Futures book Bybit:ARBUSDT "Synced"
2026-08-24 04:34:07.726 +04:00 [INF] Unified order book ARB-USDT-SWAP status changed: "Disconnected" => "Connecting"
2026-08-24 04:34:08.048 +04:00 [INF] [Sckt 39] subscription 13137 completed successfully
2026-08-24 04:34:08.049 +04:00 [INF] Unified order book ARB-USDT-SWAP status changed: "Connecting" => "Syncing"
2026-08-24 04:34:08.348 +04:00 [INF] Unified order book ARB-USDT-SWAP status changed: "Syncing" => "Synced"
2026-08-24 04:34:08.349 +04:00 [INF] Futures book OKX:ARBUSDT "Synced"
2026-08-24 04:34:08.349 +04:00 [INF] Futures order book ARBUSDT status changed: "Disconnected" => "Connecting"
2026-08-24 04:34:08.622 +04:00 [INF] [Sckt 40] subscription 13139 completed successfully
2026-08-24 04:34:08.625 +04:00 [INF] Futures order book ARBUSDT status changed: "Connecting" => "Syncing"
2026-08-24 04:34:08.626 +04:00 [INF] Futures order book ARBUSDT status changed: "Syncing" => "Synced"
2026-08-24 04:34:08.627 +04:00 [INF] Futures book Bitget:ARBUSDT "Synced"
2026-08-24 04:34:08.628 +04:00 [INF] UsdFutures order book FARTCOINUSDT status changed: "Disconnected" => "Connecting"
2026-08-24 04:34:09.047 +04:00 [INF] [Sckt 37] subscription 13141 completed successfully
2026-08-24 04:34:09.047 +04:00 [INF] UsdFutures order book FARTCOINUSDT status changed: "Connecting" => "Syncing"
2026-08-24 04:34:09.421 +04:00 [INF] UsdFutures order book FARTCOINUSDT status changed: "Syncing" => "Synced"
2026-08-24 04:34:09.422 +04:00 [INF] Futures book Binance:FARTCOINUSDT "Synced"
2026-08-24 04:34:09.425 +04:00 [INF] V5 order book FARTCOINUSDT status changed: "Disconnected" => "Connecting"
2026-08-24 04:34:09.626 +04:00 [INF] [Sckt 38] subscription 13145 completed successfully
2026-08-24 04:34:09.627 +04:00 [INF] V5 order book FARTCOINUSDT status changed: "Connecting" => "Syncing"
2026-08-24 04:34:09.628 +04:00 [INF] V5 order book FARTCOINUSDT status changed: "Syncing" => "Synced"
2026-08-24 04:34:09.629 +04:00 [INF] Futures book Bybit:FARTCOINUSDT "Synced"
2026-08-24 04:34:09.629 +04:00 [INF] Unified order book FARTCOIN-USDT-SWAP status changed: "Disconnected" => "Connecting"
2026-08-24 04:34:09.950 +04:00 [INF] [Sckt 39] subscription 13148 completed successfully
2026-08-24 04:34:09.952 +04:00 [INF] Unified order book FARTCOIN-USDT-SWAP status changed: "Connecting" => "Syncing"
2026-08-24 04:34:10.138 +04:00 [INF] Unified order book FARTCOIN-USDT-SWAP status changed: "Syncing" => "Synced"
2026-08-24 04:34:10.139 +04:00 [INF] Futures book OKX:FARTCOINUSDT "Synced"
2026-08-24 04:34:10.140 +04:00 [INF] Futures order book FARTCOINUSDT status changed: "Disconnected" => "Connecting"
2026-08-24 04:34:10.407 +04:00 [INF] [Sckt 40] subscription 13150 completed successfully
2026-08-24 04:34:10.408 +04:00 [INF] Futures order book FARTCOINUSDT status changed: "Connecting" => "Syncing"
2026-08-24 04:34:10.464 +04:00 [INF] Futures order book FARTCOINUSDT status changed: "Syncing" => "Synced"
2026-08-24 04:34:10.465 +04:00 [INF] Futures book Bitget:FARTCOINUSDT "Synced"
2026-08-24 04:34:10.466 +04:00 [INF] UsdFutures order book ZROUSDT status changed: "Disconnected" => "Connecting"
2026-08-24 04:34:10.851 +04:00 [INF] [Sckt 37] subscription 13152 completed successfully
2026-08-24 04:34:10.852 +04:00 [INF] UsdFutures order book ZROUSDT status changed: "Connecting" => "Syncing"
2026-08-24 04:34:11.229 +04:00 [INF] UsdFutures order book ZROUSDT status changed: "Syncing" => "Synced"
2026-08-24 04:34:11.229 +04:00 [INF] Futures book Binance:ZROUSDT "Synced"
2026-08-24 04:34:11.230 +04:00 [INF] V5 order book ZROUSDT status changed: "Disconnected" => "Connecting"
2026-08-24 04:34:11.428 +04:00 [INF] [Sckt 38] subscription 13156 completed successfully
2026-08-24 04:34:11.429 +04:00 [INF] V5 order book ZROUSDT status changed: "Connecting" => "Syncing"
2026-08-24 04:34:11.430 +04:00 [INF] V5 order book ZROUSDT status changed: "Syncing" => "Synced"
2026-08-24 04:34:11.431 +04:00 [INF] Futures book Bybit:ZROUSDT "Synced"
2026-08-24 04:34:11.432 +04:00 [INF] Unified order book ZRO-USDT-SWAP status changed: "Disconnected" => "Connecting"
2026-08-24 04:34:11.752 +04:00 [INF] [Sckt 39] subscription 13159 completed successfully
2026-08-24 04:34:11.752 +04:00 [INF] Unified order book ZRO-USDT-SWAP status changed: "Connecting" => "Syncing"
2026-08-24 04:34:11.988 +04:00 [INF] Unified order book ZRO-USDT-SWAP status changed: "Syncing" => "Synced"
2026-08-24 04:34:11.989 +04:00 [INF] Futures book OKX:ZROUSDT "Synced"
2026-08-24 04:34:11.989 +04:00 [INF] Futures order book ZROUSDT status changed: "Disconnected" => "Connecting"
2026-08-24 04:34:12.267 +04:00 [INF] [Sckt 40] subscription 13161 completed successfully
2026-08-24 04:34:12.269 +04:00 [INF] Futures order book ZROUSDT status changed: "Connecting" => "Syncing"
2026-08-24 04:34:12.270 +04:00 [INF] Futures order book ZROUSDT status changed: "Syncing" => "Synced"
2026-08-24 04:34:12.271 +04:00 [INF] Futures book Bitget:ZROUSDT "Synced"
2026-08-24 04:34:12.272 +04:00 [INF] UsdFutures order book SKHYNIXUSDT status changed: "Disconnected" => "Connecting"
2026-08-24 04:34:12.654 +04:00 [INF] [Sckt 37] subscription 13163 completed successfully
2026-08-24 04:34:12.655 +04:00 [INF] UsdFutures order book SKHYNIXUSDT status changed: "Connecting" => "Syncing"
2026-08-24 04:34:13.028 +04:00 [INF] UsdFutures order book SKHYNIXUSDT status changed: "Syncing" => "Synced"
2026-08-24 04:34:13.029 +04:00 [INF] Futures book Binance:SKHYNIXUSDT "Synced"
2026-08-24 04:34:13.030 +04:00 [INF] V5 order book SKHYNIXUSDT status changed: "Disconnected" => "Connecting"
2026-08-24 04:34:13.227 +04:00 [INF] [Sckt 38] subscription 13167 completed successfully
2026-08-24 04:34:13.228 +04:00 [INF] V5 order book SKHYNIXUSDT status changed: "Connecting" => "Syncing"
2026-08-24 04:34:13.229 +04:00 [INF] V5 order book SKHYNIXUSDT status changed: "Syncing" => "Synced"
2026-08-24 04:34:13.230 +04:00 [INF] Futures book Bybit:SKHYNIXUSDT "Synced"
2026-08-24 04:34:13.230 +04:00 [INF] Unified order book SKHYNIX-USDT-SWAP status changed: "Disconnected" => "Connecting"
2026-08-24 04:34:13.550 +04:00 [INF] [Sckt 39] subscription 13171 completed successfully
2026-08-24 04:34:13.550 +04:00 [INF] Unified order book SKHYNIX-USDT-SWAP status changed: "Connecting" => "Syncing"
2026-08-24 04:34:13.736 +04:00 [INF] Unified order book SKHYNIX-USDT-SWAP status changed: "Syncing" => "Synced"
2026-08-24 04:34:13.738 +04:00 [INF] Futures book OKX:SKHYNIXUSDT "Synced"
2026-08-24 04:34:13.738 +04:00 [INF] Futures order book SKHYNIXUSDT status changed: "Disconnected" => "Connecting"
2026-08-24 04:34:14.005 +04:00 [INF] [Sckt 40] subscription 13173 completed successfully
2026-08-24 04:34:14.006 +04:00 [INF] Futures order book SKHYNIXUSDT status changed: "Connecting" => "Syncing"
2026-08-24 04:34:14.008 +04:00 [INF] Futures order book SKHYNIXUSDT status changed: "Syncing" => "Synced"
2026-08-24 04:34:14.009 +04:00 [INF] Futures book Bitget:SKHYNIXUSDT "Synced"
2026-08-24 04:34:14.009 +04:00 [INF] Exchange Binance: 15/15 streams live
2026-08-24 04:34:14.010 +04:00 [INF] Exchange Bybit: 15/15 streams live
2026-08-24 04:34:14.012 +04:00 [INF] Exchange OKX: 15/15 streams live
2026-08-24 04:34:14.013 +04:00 [INF] Exchange Bitget: 15/15 streams live
2026-08-24 04:45:03.661 +04:00 [INF] Futures scan: 1 candidate(s), best RT=0.147% open=0.252%
2026-08-24 04:45:03.691 +04:00 [INF] FUT PAPER OPEN ZECUSDT L:Bybit S:Binance qty=0.241208 lev=3x margin=66.67 edge=0.252%
2026-08-24 04:45:03.693 +04:00 [INF] Opened futures paper hedge (1): ZECUSDT: L Bybit@826.21 / S Binance@829.16 | RT 0.147% fund -0.010% → 0.137%
2026-08-24 04:45:04.716 +04:00 [INF] FUT PAPER CLOSE ZECUSDT pnl=0.7655 reason=converge lev=3x
2026-08-24 04:53:20.214 +04:00 [INF] Discovery: public tickers Binance/Bybit/OKX (arb band 8000000–400000000 USDT vol, top 15)
2026-08-24 04:53:20.875 +04:00 [INF] Binance fapi: 692 USDT perps with volume
2026-08-24 04:53:22.061 +04:00 [INF] Bybit linear: 725 USDT perps with volume
2026-08-24 04:53:22.527 +04:00 [INF] OKX SWAP: 434 USDT perps with volume
2026-08-24 04:53:22.908 +04:00 [INF] Bitget USDT-FUTURES: 755 tickers with volume
2026-08-24 04:53:26.108 +04:00 [INF] GateIo USDT futures: 928 tickers with volume
2026-08-24 04:53:26.581 +04:00 [INF] Discovered 15 arb pairs: DOGEUSDT@5ex/256.6M, ENAUSDT@5ex/273.2M, SUIUSDT@5ex/130.1M, HYPEUSDT@5ex/217.1M, ZECUSDT@5ex/250.5M, TRUMPUSDT@5ex/303.4M, WLDUSDT@5ex/49M, ADAUSDT@5ex/101.4M, PENGUUSDT@5ex/78M, ONDOUSDT@5ex/61.5M, XPLUSDT@5ex/57.7M, ARBUSDT@5ex/22.1M, FARTCOINUSDT@5ex/50.4M, ZROUSDT@5ex/47.4M, SKHYNIXUSDT@5ex/42.6M
2026-08-24 04:53:26.582 +04:00 [INF] Symbol refresh (http-tickers-arb): [DOGEUSDT,ENAUSDT,SUIUSDT,HYPEUSDT,ZECUSDT,TRUMPUSDT,WLDUSDT,ADAUSDT,PENGUUSDT,ONDOUSDT,XPLUSDT,ARBUSDT,FARTCOINUSDT,ZROUSDT,SKHYNIXUSDT] → [DOGEUSDT,ENAUSDT,SUIUSDT,HYPEUSDT,ZECUSDT,TRUMPUSDT,WLDUSDT,ADAUSDT,PENGUUSDT,ONDOUSDT,XPLUSDT,ARBUSDT,FARTCOINUSDT,ZROUSDT,SKHYNIXUSDT] | changed=false
2026-08-24 04:53:27.618 +04:00 [INF] Funding cache refresh for 15 symbols × 3 exchanges (TTL 45m)
2026-08-24 04:53:38.049 +04:00 [INF] Funding cache entries: 54
2026-08-24 05:13:26.629 +04:00 [INF] Discovery: public tickers Binance/Bybit/OKX (arb band 8000000–400000000 USDT vol, top 15)
2026-08-24 05:13:27.443 +04:00 [INF] Binance fapi: 692 USDT perps with volume
2026-08-24 05:13:28.567 +04:00 [INF] Bybit linear: 725 USDT perps with volume
2026-08-24 05:13:28.939 +04:00 [INF] OKX SWAP: 434 USDT perps with volume
2026-08-24 05:13:29.353 +04:00 [INF] Bitget USDT-FUTURES: 755 tickers with volume
2026-08-24 05:13:32.283 +04:00 [INF] GateIo USDT futures: 927 tickers with volume
2026-08-24 05:13:32.833 +04:00 [INF] Discovered 15 arb pairs: DOGEUSDT@5ex/257.3M, ENAUSDT@5ex/271.2M, SUIUSDT@5ex/130.2M, HYPEUSDT@5ex/215.6M, ZECUSDT@5ex/251.4M, TRUMPUSDT@5ex/303.3M, WLDUSDT@5ex/49.2M, ADAUSDT@5ex/101.3M, PENGUUSDT@5ex/78.4M, ONDOUSDT@5ex/61.6M, XPLUSDT@5ex/58M, ARBUSDT@5ex/22.1M, FARTCOINUSDT@5ex/50.3M, ZROUSDT@5ex/47M, SKHYNIXUSDT@5ex/46.6M
2026-08-24 05:13:32.835 +04:00 [INF] Symbol refresh (http-tickers-arb): [DOGEUSDT,ENAUSDT,SUIUSDT,HYPEUSDT,ZECUSDT,TRUMPUSDT,WLDUSDT,ADAUSDT,PENGUUSDT,ONDOUSDT,XPLUSDT,ARBUSDT,FARTCOINUSDT,ZROUSDT,SKHYNIXUSDT] → [DOGEUSDT,ENAUSDT,SUIUSDT,HYPEUSDT,ZECUSDT,TRUMPUSDT,WLDUSDT,ADAUSDT,PENGUUSDT,ONDOUSDT,XPLUSDT,ARBUSDT,FARTCOINUSDT,ZROUSDT,SKHYNIXUSDT] | changed=false
2026-08-24 05:33:33.150 +04:00 [INF] Discovery: public tickers Binance/Bybit/OKX (arb band 8000000–400000000 USDT vol, top 15)
2026-08-24 05:33:33.604 +04:00 [INF] Binance fapi: 692 USDT perps with volume
2026-08-24 05:33:34.058 +04:00 [INF] Bybit linear: 725 USDT perps with volume
2026-08-24 05:33:34.437 +04:00 [INF] OKX SWAP: 434 USDT perps with volume
2026-08-24 05:33:34.851 +04:00 [INF] Bitget USDT-FUTURES: 755 tickers with volume
2026-08-24 05:33:37.913 +04:00 [INF] GateIo USDT futures: 927 tickers with volume
2026-08-24 05:33:38.323 +04:00 [INF] Discovered 15 arb pairs: DOGEUSDT@5ex/257.5M, ENAUSDT@5ex/270.6M, SUIUSDT@5ex/130.4M, HYPEUSDT@5ex/216.8M, ZECUSDT@5ex/250.1M, TRUMPUSDT@5ex/303M, WLDUSDT@5ex/49.3M, ADAUSDT@5ex/101.4M, PENGUUSDT@5ex/78.6M, ONDOUSDT@5ex/62.5M, XPLUSDT@5ex/58.2M, ARBUSDT@5ex/21.8M, SKHYNIXUSDT@5ex/50.7M, FARTCOINUSDT@5ex/50.4M, ZROUSDT@5ex/46.8M
2026-08-24 05:33:38.324 +04:00 [INF] Symbol refresh (http-tickers-arb): [DOGEUSDT,ENAUSDT,SUIUSDT,HYPEUSDT,ZECUSDT,TRUMPUSDT,WLDUSDT,ADAUSDT,PENGUUSDT,ONDOUSDT,XPLUSDT,ARBUSDT,FARTCOINUSDT,ZROUSDT,SKHYNIXUSDT] → [DOGEUSDT,ENAUSDT,SUIUSDT,HYPEUSDT,ZECUSDT,TRUMPUSDT,WLDUSDT,ADAUSDT,PENGUUSDT,ONDOUSDT,XPLUSDT,ARBUSDT,SKHYNIXUSDT,FARTCOINUSDT,ZROUSDT] | changed=false
2026-08-24 05:38:38.678 +04:00 [INF] Funding cache refresh for 15 symbols × 3 exchanges (TTL 45m)
2026-08-24 05:38:49.519 +04:00 [INF] Funding cache entries: 54
2026-08-24 05:43:27.388 +04:00 [INF] Futures scan: 3 candidate(s), best RT=0.584% open=0.699%
2026-08-24 05:43:27.413 +04:00 [INF] FUT PAPER OPEN TRUMPUSDT L:Bybit S:Bitget qty=80.710250 lev=3x margin=66.67 edge=0.699%
2026-08-24 05:43:27.417 +04:00 [INF] Opened futures paper hedge (1): TRUMPUSDT: L Bybit@2.46 / S Bitget@2.48 | RT 0.584% fund 0.000% → 0.584%
2026-08-24 05:43:27.418 +04:00 [INF] Paper skip TRUMPUSDT: Cooldown 8000ms open=0.668% RT=0.563%
2026-08-24 05:43:27.419 +04:00 [INF] Paper skip TRUMPUSDT: Cooldown 8000ms open=0.627% RT=0.522%
2026-08-24 05:43:28.448 +04:00 [INF] FUT PAPER CLOSE TRUMPUSDT pnl=1.0751 reason=converge lev=3x
2026-08-24 05:53:38.844 +04:00 [INF] Discovery: public tickers Binance/Bybit/OKX (arb band 8000000–400000000 USDT vol, top 15)
2026-08-24 05:53:39.354 +04:00 [INF] Binance fapi: 692 USDT perps with volume
2026-08-24 05:53:39.954 +04:00 [INF] Bybit linear: 725 USDT perps with volume
2026-08-24 05:53:40.327 +04:00 [INF] OKX SWAP: 434 USDT perps with volume
2026-08-24 05:53:40.751 +04:00 [INF] Bitget USDT-FUTURES: 755 tickers with volume
2026-08-24 05:53:43.754 +04:00 [INF] GateIo USDT futures: 928 tickers with volume
2026-08-24 05:53:44.202 +04:00 [INF] Discovered 15 arb pairs: DOGEUSDT@5ex/258M, ENAUSDT@5ex/270M, SUIUSDT@5ex/130.8M, HYPEUSDT@5ex/214.9M, ZECUSDT@5ex/248.4M, TRUMPUSDT@5ex/306.4M, WLDUSDT@5ex/49.6M, ADAUSDT@5ex/103.1M, PENGUUSDT@5ex/79.3M, ONDOUSDT@5ex/62.9M, XPLUSDT@5ex/58.3M, SKHYNIXUSDT@5ex/53.7M, ARBUSDT@5ex/22.2M, FARTCOINUSDT@5ex/50.6M, ZROUSDT@5ex/46.4M
2026-08-24 05:53:44.203 +04:00 [INF] Symbol refresh (http-tickers-arb): [DOGEUSDT,ENAUSDT,SUIUSDT,HYPEUSDT,ZECUSDT,TRUMPUSDT,WLDUSDT,ADAUSDT,PENGUUSDT,ONDOUSDT,XPLUSDT,ARBUSDT,SKHYNIXUSDT,FARTCOINUSDT,ZROUSDT] → [DOGEUSDT,ENAUSDT,SUIUSDT,HYPEUSDT,ZECUSDT,TRUMPUSDT,WLDUSDT,ADAUSDT,PENGUUSDT,ONDOUSDT,XPLUSDT,SKHYNIXUSDT,ARBUSDT,FARTCOINUSDT,ZROUSDT] | changed=false
2026-08-24 05:59:32.147 +04:00 [INF] Futures scan: 2 candidate(s), best RT=0.205% open=0.305%
2026-08-24 05:59:32.151 +04:00 [INF] FUT PAPER OPEN TRUMPUSDT L:Binance S:OKX qty=80.645161 lev=3x margin=66.67 edge=0.305%
2026-08-24 05:59:32.152 +04:00 [INF] Opened futures paper hedge (1): TRUMPUSDT: L Binance@2.47 / S OKX@2.48 | RT 0.205% fund 0.000% → 0.205%
2026-08-24 05:59:32.153 +04:00 [INF] Paper skip TRUMPUSDT: Cooldown 8000ms open=0.214% RT=0.104%
2026-08-24 05:59:33.186 +04:00 [INF] FUT PAPER CLOSE TRUMPUSDT pnl=0.4077 reason=converge lev=3x
2026-08-24 06:01:07.939 +04:00 [INF] Futures scan: 2 candidate(s), best RT=0.234% open=0.349%
2026-08-24 06:01:07.944 +04:00 [INF] FUT PAPER OPEN XPLUSDT L:Bybit S:Bitget qty=2069.188845 lev=3x margin=66.67 edge=0.349%
2026-08-24 06:01:07.946 +04:00 [INF] Opened futures paper hedge (1): XPLUSDT: L Bybit@0.10 / S Bitget@0.10 | RT 0.234% fund 0.000% → 0.234%
2026-08-24 06:01:07.947 +04:00 [INF] Paper skip XPLUSDT: Cooldown 8000ms open=0.300% RT=0.195%
2026-08-24 06:01:08.968 +04:00 [INF] Futures scan: 3 candidate(s), best RT=0.265% open=0.370%
2026-08-24 06:01:08.969 +04:00 [INF] Paper skip XPLUSDT: Cooldown 8000ms open=0.370% RT=0.265%
2026-08-24 06:01:08.970 +04:00 [INF] Paper skip XPLUSDT: Cooldown 8000ms open=0.344% RT=0.239%
2026-08-24 06:01:08.972 +04:00 [INF] Paper skip XPLUSDT: Cooldown 8000ms open=0.300% RT=0.185%
2026-08-24 06:01:32.731 +04:00 [INF] FUT PAPER CLOSE XPLUSDT pnl=0.1124 reason=converge lev=3x
2026-08-24 06:01:45.111 +04:00 [INF] Futures scan: 3 candidate(s), best RT=0.203% open=0.303%
2026-08-24 06:01:45.115 +04:00 [INF] FUT PAPER OPEN TRUMPUSDT L:OKX S:Binance qty=80.192462 lev=3x margin=66.67 edge=0.303%
2026-08-24 06:01:45.118 +04:00 [INF] Opened futures paper hedge (1): TRUMPUSDT: L OKX@2.48 / S Binance@2.49 | RT 0.203% fund 0.000% → 0.203%
2026-08-24 06:01:45.119 +04:00 [INF] Paper skip TRUMPUSDT: Cooldown 8000ms open=0.252% RT=0.142%
2026-08-24 06:01:45.122 +04:00 [INF] Paper skip TRUMPUSDT: Cooldown 8000ms open=0.217% RT=0.112%
2026-08-24 06:01:46.181 +04:00 [INF] FUT PAPER CLOSE TRUMPUSDT pnl=0.3223 reason=converge lev=3x
2026-08-24 06:13:44.814 +04:00 [INF] Discovery: public tickers Binance/Bybit/OKX (arb band 8000000–400000000 USDT vol, top 15)
2026-08-24 06:13:45.276 +04:00 [INF] Binance fapi: 692 USDT perps with volume
2026-08-24 06:13:45.802 +04:00 [INF] Bybit linear: 725 USDT perps with volume
2026-08-24 06:13:46.177 +04:00 [INF] OKX SWAP: 434 USDT perps with volume
2026-08-24 06:13:47.813 +04:00 [INF] Bitget USDT-FUTURES: 755 tickers with volume
2026-08-24 06:13:50.882 +04:00 [INF] GateIo USDT futures: 928 tickers with volume
2026-08-24 06:13:51.500 +04:00 [INF] Discovered 15 arb pairs: DOGEUSDT@5ex/252.2M, ENAUSDT@5ex/267M, SUIUSDT@5ex/132.5M, HYPEUSDT@5ex/214M, ZECUSDT@5ex/248.9M, TRUMPUSDT@5ex/308.8M, WLDUSDT@5ex/51.4M, ADAUSDT@5ex/103.9M, PENGUUSDT@5ex/80.9M, ONDOUSDT@5ex/63.8M, XPLUSDT@5ex/60.2M, SKHYNIXUSDT@5ex/57.9M, ARBUSDT@5ex/22.2M, SNDKUSDT@5ex/51.2M, FARTCOINUSDT@5ex/49.9M
2026-08-24 06:13:51.502 +04:00 [INF] Symbol refresh (http-tickers-arb): [DOGEUSDT,ENAUSDT,SUIUSDT,HYPEUSDT,ZECUSDT,TRUMPUSDT,WLDUSDT,ADAUSDT,PENGUUSDT,ONDOUSDT,XPLUSDT,SKHYNIXUSDT,ARBUSDT,FARTCOINUSDT,ZROUSDT] → [DOGEUSDT,ENAUSDT,SUIUSDT,HYPEUSDT,ZECUSDT,TRUMPUSDT,WLDUSDT,ADAUSDT,PENGUUSDT,ONDOUSDT,XPLUSDT,SKHYNIXUSDT,ARBUSDT,SNDKUSDT,FARTCOINUSDT] | changed=true
2026-08-24 06:13:51.503 +04:00 [INF] Restarting futures books for new symbol set…
2026-08-24 06:13:51.700 +04:00 [INF] [Sckt 38] subscription 13156 unsubscribed
2026-08-24 06:13:51.701 +04:00 [INF] V5 order book ZROUSDT status changed: "Synced" => "Disconnected"
2026-08-24 06:13:51.968 +04:00 [INF] [Sckt 40] subscription 13128 unsubscribed
2026-08-24 06:13:51.969 +04:00 [INF] Futures order book XPLUSDT status changed: "Synced" => "Disconnected"
2026-08-24 06:13:52.238 +04:00 [INF] [Sckt 36] subscription 13059 unsubscribed
2026-08-24 06:13:52.241 +04:00 [INF] Futures order book ZECUSDT status changed: "Synced" => "Disconnected"
2026-08-24 06:13:52.578 +04:00 [INF] [Sckt 37] subscription 13130 unsubscribed
2026-08-24 06:13:52.579 +04:00 [INF] UsdFutures order book ARBUSDT status changed: "Synced" => "Disconnected"
2026-08-24 06:13:52.852 +04:00 [INF] [Sckt 40] subscription 13161 unsubscribed
2026-08-24 06:13:52.852 +04:00 [INF] Futures order book ZROUSDT status changed: "Synced" => "Disconnected"
2026-08-24 06:13:53.259 +04:00 [INF] [Sckt 33] subscription 13105 unsubscribed
2026-08-24 06:13:53.260 +04:00 [INF] UsdFutures order book ONDOUSDT status changed: "Synced" => "Disconnected"
2026-08-24 06:13:53.476 +04:00 [INF] [Sckt 34] subscription 13076 unsubscribed
2026-08-24 06:13:53.477 +04:00 [INF] V5 order book WLDUSDT status changed: "Synced" => "Disconnected"
2026-08-24 06:13:53.675 +04:00 [INF] [Sckt 34] subscription 13065 unsubscribed
2026-08-24 06:13:53.678 +04:00 [INF] V5 order book TRUMPUSDT status changed: "Synced" => "Disconnected"
2026-08-24 06:13:54.083 +04:00 [INF] [Sckt 37] subscription 13152 unsubscribed
2026-08-24 06:13:54.084 +04:00 [INF] UsdFutures order book ZROUSDT status changed: "Synced" => "Disconnected"
2026-08-24 06:13:54.460 +04:00 [INF] [Sckt 33] subscription 13028 unsubscribed
2026-08-24 06:13:54.461 +04:00 [INF] UsdFutures order book SUIUSDT status changed: "Synced" => "Disconnected"
2026-08-24 06:13:54.782 +04:00 [INF] [Sckt 35] subscription 13101 unsubscribed
2026-08-24 06:13:54.782 +04:00 [INF] Unified order book PENGU-USDT-SWAP status changed: "Synced" => "Disconnected"
2026-08-24 06:13:54.980 +04:00 [INF] [Sckt 34] subscription 13111 unsubscribed
2026-08-24 06:13:54.981 +04:00 [INF] V5 order book ONDOUSDT status changed: "Synced" => "Disconnected"
2026-08-24 06:13:55.360 +04:00 [INF] [Sckt 33] subscription 13050 unsubscribed
2026-08-24 06:13:55.361 +04:00 [INF] UsdFutures order book ZECUSDT status changed: "Synced" => "Disconnected"
2026-08-24 06:13:55.651 +04:00 [INF] [Sckt 36] subscription 13070 unsubscribed
2026-08-24 06:13:55.652 +04:00 [INF] Futures order book TRUMPUSDT status changed: "Synced" => "Disconnected"
2026-08-24 06:13:55.851 +04:00 [INF] [Sckt 34] subscription 13032 unsubscribed
2026-08-24 06:13:55.852 +04:00 [INF] V5 order book SUIUSDT status changed: "Synced" => "Disconnected"
2026-08-24 06:13:56.143 +04:00 [INF] [Sckt 36] subscription 13048 unsubscribed
2026-08-24 06:13:56.144 +04:00 [INF] Futures order book HYPEUSDT status changed: "Synced" => "Disconnected"
2026-08-24 06:13:56.344 +04:00 [INF] [Sckt 34] subscription 13010 unsubscribed
2026-08-24 06:13:56.345 +04:00 [INF] V5 order book DOGEUSDT status changed: "Synced" => "Disconnected"
2026-08-24 06:13:56.761 +04:00 [INF] [Sckt 33] subscription 13061 unsubscribed
2026-08-24 06:13:56.762 +04:00 [INF] UsdFutures order book TRUMPUSDT status changed: "Synced" => "Disconnected"
2026-08-24 06:13:57.029 +04:00 [INF] [Sckt 40] subscription 13139 unsubscribed
2026-08-24 06:13:57.031 +04:00 [INF] Futures order book ARBUSDT status changed: "Synced" => "Disconnected"
2026-08-24 06:13:57.362 +04:00 [INF] [Sckt 33] subscription 13072 unsubscribed
2026-08-24 06:13:57.363 +04:00 [INF] UsdFutures order book WLDUSDT status changed: "Synced" => "Disconnected"
2026-08-24 06:13:57.683 +04:00 [INF] [Sckt 39] subscription 13126 unsubscribed
2026-08-24 06:13:57.685 +04:00 [INF] Unified order book XPL-USDT-SWAP status changed: "Synced" => "Disconnected"
2026-08-24 06:13:58.062 +04:00 [INF] [Sckt 33] subscription 13006 unsubscribed
2026-08-24 06:13:58.063 +04:00 [INF] UsdFutures order book DOGEUSDT status changed: "Synced" => "Disconnected"
2026-08-24 06:13:58.335 +04:00 [INF] [Sckt 36] subscription 13015 unsubscribed
2026-08-24 06:13:58.336 +04:00 [INF] Futures order book DOGEUSDT status changed: "Synced" => "Disconnected"
2026-08-24 06:13:58.657 +04:00 [INF] [Sckt 35] subscription 13013 unsubscribed
2026-08-24 06:13:58.658 +04:00 [INF] Unified order book DOGE-USDT-SWAP status changed: "Synced" => "Disconnected"
2026-08-24 06:13:59.063 +04:00 [INF] [Sckt 33] subscription 13083 unsubscribed
2026-08-24 06:13:59.064 +04:00 [INF] UsdFutures order book ADAUSDT status changed: "Synced" => "Disconnected"
2026-08-24 06:13:59.262 +04:00 [INF] [Sckt 34] subscription 13021 unsubscribed
2026-08-24 06:13:59.264 +04:00 [INF] V5 order book ENAUSDT status changed: "Synced" => "Disconnected"
2026-08-24 06:13:59.533 +04:00 [INF] [Sckt 40] subscription 13150 unsubscribed
2026-08-24 06:13:59.534 +04:00 [INF] Futures order book FARTCOINUSDT status changed: "Synced" => "Disconnected"
2026-08-24 06:13:59.802 +04:00 [INF] [Sckt 36] subscription 13103 unsubscribed
2026-08-24 06:13:59.804 +04:00 [INF] Futures order book PENGUUSDT status changed: "Synced" => "Disconnected"
2026-08-24 06:14:00.125 +04:00 [INF] [Sckt 35] subscription 13090 unsubscribed
2026-08-24 06:14:00.127 +04:00 [INF] Unified order book ADA-USDT-SWAP status changed: "Synced" => "Disconnected"
2026-08-24 06:14:00.468 +04:00 [INF] [Sckt 33] subscription 13017 unsubscribed
2026-08-24 06:14:00.470 +04:00 [INF] UsdFutures order book ENAUSDT status changed: "Synced" => "Disconnected"
2026-08-24 06:14:00.790 +04:00 [INF] [Sckt 35] subscription 13035 unsubscribed
2026-08-24 06:14:00.792 +04:00 [INF] Unified order book SUI-USDT-SWAP status changed: "Synced" => "Disconnected"
2026-08-24 06:14:01.111 +04:00 [INF] [Sckt 39] subscription 13159 unsubscribed
2026-08-24 06:14:01.112 +04:00 [INF] Unified order book ZRO-USDT-SWAP status changed: "Synced" => "Disconnected"
2026-08-24 06:14:01.431 +04:00 [INF] [Sckt 39] subscription 13137 unsubscribed
2026-08-24 06:14:01.433 +04:00 [INF] Unified order book ARB-USDT-SWAP status changed: "Synced" => "Disconnected"
2026-08-24 06:14:01.701 +04:00 [INF] [Sckt 36] subscription 13116 unsubscribed
2026-08-24 06:14:01.702 +04:00 [INF] Futures order book ONDOUSDT status changed: "Synced" => "Disconnected"
2026-08-24 06:14:01.907 +04:00 [INF] [Sckt 34] subscription 13054 unsubscribed
2026-08-24 06:14:01.928 +04:00 [INF] V5 order book ZECUSDT status changed: "Synced" => "Disconnected"
2026-08-24 06:14:02.249 +04:00 [INF] [Sckt 35] subscription 13024 unsubscribed
2026-08-24 06:14:02.250 +04:00 [INF] Unified order book ENA-USDT-SWAP status changed: "Synced" => "Disconnected"
2026-08-24 06:14:02.257 +04:00 [WRN] [Sckt 35] received message not matched to any listener. TypeIdentifier: books, ListenId: ENA-USDT-SWAP, current listeners: [,HYPE-USDT-SWAP,ZEC-USDT-SWAP,TRUMP-USDT-SWAP,WLD-USDT-SWAP,ONDO-USDT-SWAP,]
2026-08-24 06:14:02.571 +04:00 [INF] [Sckt 35] subscription 13114 unsubscribed
2026-08-24 06:14:02.572 +04:00 [INF] Unified order book ONDO-USDT-SWAP status changed: "Synced" => "Disconnected"
2026-08-24 06:14:02.981 +04:00 [INF] [Sckt 33] subscription 13094 unsubscribed
2026-08-24 06:14:02.983 +04:00 [INF] UsdFutures order book PENGUUSDT status changed: "Synced" => "Disconnected"
2026-08-24 06:14:03.334 +04:00 [INF] [Sckt 35] subscription 13079 unsubscribed
2026-08-24 06:14:03.335 +04:00 [INF] Unified order book WLD-USDT-SWAP status changed: "Synced" => "Disconnected"
2026-08-24 06:14:03.698 +04:00 [INF] UsdFutures order book HYPEUSDT status changed: "Synced" => "Disconnected"
2026-08-24 06:14:03.897 +04:00 [INF] [Sckt 34] subscription 13043 unsubscribed
2026-08-24 06:14:03.898 +04:00 [INF] V5 order book HYPEUSDT status changed: "Synced" => "Disconnected"
2026-08-24 06:14:04.095 +04:00 [INF] [Sckt 34] subscription 13087 unsubscribed
2026-08-24 06:14:04.097 +04:00 [INF] V5 order book ADAUSDT status changed: "Synced" => "Disconnected"
2026-08-24 06:14:04.400 +04:00 [INF] Futures order book SKHYNIXUSDT status changed: "Synced" => "Disconnected"
2026-08-24 06:14:04.722 +04:00 [INF] [Sckt 35] subscription 13057 unsubscribed
2026-08-24 06:14:04.723 +04:00 [INF] Unified order book ZEC-USDT-SWAP status changed: "Synced" => "Disconnected"
2026-08-24 06:14:05.094 +04:00 [INF] [Sckt 37] subscription 13141 unsubscribed
2026-08-24 06:14:05.096 +04:00 [INF] UsdFutures order book FARTCOINUSDT status changed: "Synced" => "Disconnected"
2026-08-24 06:14:05.317 +04:00 [INF] V5 order book PENGUUSDT status changed: "Synced" => "Disconnected"
2026-08-24 06:14:05.515 +04:00 [INF] [Sckt 38] subscription 13167 unsubscribed
2026-08-24 06:14:05.516 +04:00 [INF] V5 order book SKHYNIXUSDT status changed: "Synced" => "Disconnected"
2026-08-24 06:14:05.838 +04:00 [INF] [Sckt 35] subscription 13046 unsubscribed
2026-08-24 06:14:05.839 +04:00 [INF] Unified order book HYPE-USDT-SWAP status changed: "Synced" => "Disconnected"
2026-08-24 06:14:05.842 +04:00 [WRN] [Sckt 35] received message not matched to any listener. TypeIdentifier: books, ListenId: HYPE-USDT-SWAP, current listeners: [,TRUMP-USDT-SWAP]
2026-08-24 06:14:06.037 +04:00 [INF] [Sckt 38] subscription 13134 unsubscribed
2026-08-24 06:14:06.038 +04:00 [INF] V5 order book ARBUSDT status changed: "Synced" => "Disconnected"
2026-08-24 06:14:06.358 +04:00 [INF] [Sckt 39] subscription 13171 unsubscribed
2026-08-24 06:14:06.359 +04:00 [INF] Unified order book SKHYNIX-USDT-SWAP status changed: "Synced" => "Disconnected"
2026-08-24 06:14:06.628 +04:00 [INF] [Sckt 36] subscription 13037 unsubscribed
2026-08-24 06:14:06.630 +04:00 [INF] Futures order book SUIUSDT status changed: "Synced" => "Disconnected"
2026-08-24 06:14:06.997 +04:00 [INF] [Sckt 37] subscription 13119 unsubscribed
2026-08-24 06:14:06.997 +04:00 [INF] UsdFutures order book XPLUSDT status changed: "Synced" => "Disconnected"
2026-08-24 06:14:07.284 +04:00 [INF] [Sckt 36] subscription 13092 unsubscribed
2026-08-24 06:14:07.286 +04:00 [INF] Futures order book ADAUSDT status changed: "Synced" => "Disconnected"
2026-08-24 06:14:07.562 +04:00 [INF] [Sckt 36] subscription 13081 unsubscribed
2026-08-24 06:14:07.564 +04:00 [INF] Futures order book WLDUSDT status changed: "Synced" => "Disconnected"
2026-08-24 06:14:07.761 +04:00 [INF] [Sckt 38] subscription 13145 unsubscribed
2026-08-24 06:14:07.763 +04:00 [INF] V5 order book FARTCOINUSDT status changed: "Synced" => "Disconnected"
2026-08-24 06:14:08.116 +04:00 [INF] UsdFutures order book SKHYNIXUSDT status changed: "Synced" => "Disconnected"
2026-08-24 06:14:08.410 +04:00 [INF] Futures order book ENAUSDT status changed: "Synced" => "Disconnected"
2026-08-24 06:14:08.753 +04:00 [INF] Unified order book FARTCOIN-USDT-SWAP status changed: "Synced" => "Disconnected"
2026-08-24 06:14:09.094 +04:00 [INF] Unified order book TRUMP-USDT-SWAP status changed: "Synced" => "Disconnected"
2026-08-24 06:14:09.315 +04:00 [INF] V5 order book XPLUSDT status changed: "Synced" => "Disconnected"
2026-08-24 06:14:09.317 +04:00 [INF] UsdFutures order book DOGEUSDT status changed: "Disconnected" => "Connecting"
2026-08-24 06:14:11.079 +04:00 [INF] [Sckt 41] subscription 15541 completed successfully
2026-08-24 06:14:11.079 +04:00 [INF] UsdFutures order book DOGEUSDT status changed: "Connecting" => "Syncing"
2026-08-24 06:14:11.467 +04:00 [INF] UsdFutures order book DOGEUSDT status changed: "Syncing" => "Synced"
2026-08-24 06:14:11.469 +04:00 [INF] Futures book Binance:DOGEUSDT "Synced"
2026-08-24 06:14:11.471 +04:00 [INF] V5 order book DOGEUSDT status changed: "Disconnected" => "Connecting"
2026-08-24 06:14:12.614 +04:00 [INF] [Sckt 42] subscription 15545 completed successfully
2026-08-24 06:14:12.620 +04:00 [INF] V5 order book DOGEUSDT status changed: "Connecting" => "Syncing"
2026-08-24 06:14:12.622 +04:00 [INF] V5 order book DOGEUSDT status changed: "Syncing" => "Synced"
2026-08-24 06:14:12.623 +04:00 [INF] Futures book Bybit:DOGEUSDT "Synced"
2026-08-24 06:14:12.623 +04:00 [INF] Unified order book DOGE-USDT-SWAP status changed: "Disconnected" => "Connecting"
2026-08-24 06:14:14.014 +04:00 [INF] [Sckt 43] subscription 15548 completed successfully
2026-08-24 06:14:14.015 +04:00 [INF] Unified order book DOGE-USDT-SWAP status changed: "Connecting" => "Syncing"
2026-08-24 06:14:14.377 +04:00 [INF] Unified order book DOGE-USDT-SWAP status changed: "Syncing" => "Synced"
2026-08-24 06:14:14.378 +04:00 [INF] Futures book OKX:DOGEUSDT "Synced"
2026-08-24 06:14:14.378 +04:00 [INF] Futures order book DOGEUSDT status changed: "Disconnected" => "Connecting"
2026-08-24 06:14:16.060 +04:00 [INF] [Sckt 44] subscription 15550 completed successfully
2026-08-24 06:14:16.061 +04:00 [INF] Futures order book DOGEUSDT status changed: "Connecting" => "Syncing"
2026-08-24 06:14:16.062 +04:00 [INF] Futures order book DOGEUSDT status changed: "Syncing" => "Synced"
2026-08-24 06:14:16.063 +04:00 [INF] Futures book Bitget:DOGEUSDT "Synced"
2026-08-24 06:14:16.063 +04:00 [INF] UsdFutures order book ENAUSDT status changed: "Disconnected" => "Connecting"
2026-08-24 06:14:16.388 +04:00 [INF] [Sckt 41] subscription 15552 completed successfully
2026-08-24 06:14:16.389 +04:00 [INF] UsdFutures order book ENAUSDT status changed: "Connecting" => "Syncing"
2026-08-24 06:14:16.772 +04:00 [INF] UsdFutures order book ENAUSDT status changed: "Syncing" => "Synced"
2026-08-24 06:14:16.773 +04:00 [INF] Futures book Binance:ENAUSDT "Synced"
2026-08-24 06:14:16.773 +04:00 [INF] V5 order book ENAUSDT status changed: "Disconnected" => "Connecting"
2026-08-24 06:14:16.980 +04:00 [INF] [Sckt 42] subscription 15556 completed successfully
2026-08-24 06:14:16.992 +04:00 [INF] V5 order book ENAUSDT status changed: "Connecting" => "Syncing"
2026-08-24 06:14:16.996 +04:00 [INF] V5 order book ENAUSDT status changed: "Syncing" => "Synced"
2026-08-24 06:14:16.998 +04:00 [INF] Futures book Bybit:ENAUSDT "Synced"
2026-08-24 06:14:17.000 +04:00 [INF] Unified order book ENA-USDT-SWAP status changed: "Disconnected" => "Connecting"
2026-08-24 06:14:17.340 +04:00 [INF] [Sckt 43] subscription 15559 completed successfully
2026-08-24 06:14:17.341 +04:00 [INF] Unified order book ENA-USDT-SWAP status changed: "Connecting" => "Syncing"
2026-08-24 06:14:17.402 +04:00 [INF] Unified order book ENA-USDT-SWAP status changed: "Syncing" => "Synced"
2026-08-24 06:14:17.403 +04:00 [INF] Futures book OKX:ENAUSDT "Synced"
2026-08-24 06:14:17.403 +04:00 [INF] Futures order book ENAUSDT status changed: "Disconnected" => "Connecting"
2026-08-24 06:14:17.674 +04:00 [INF] [Sckt 44] subscription 15561 completed successfully
2026-08-24 06:14:17.674 +04:00 [INF] Futures order book ENAUSDT status changed: "Connecting" => "Syncing"
2026-08-24 06:14:17.676 +04:00 [INF] Futures order book ENAUSDT status changed: "Syncing" => "Synced"
2026-08-24 06:14:17.677 +04:00 [INF] Futures book Bitget:ENAUSDT "Synced"
2026-08-24 06:14:17.678 +04:00 [INF] UsdFutures order book SUIUSDT status changed: "Disconnected" => "Connecting"
2026-08-24 06:14:18.089 +04:00 [INF] [Sckt 41] subscription 15563 completed successfully
2026-08-24 06:14:18.090 +04:00 [INF] UsdFutures order book SUIUSDT status changed: "Connecting" => "Syncing"
2026-08-24 06:14:18.477 +04:00 [INF] UsdFutures order book SUIUSDT status changed: "Syncing" => "Synced"
2026-08-24 06:14:18.478 +04:00 [INF] Futures book Binance:SUIUSDT "Synced"
2026-08-24 06:14:18.478 +04:00 [INF] V5 order book SUIUSDT status changed: "Disconnected" => "Connecting"
2026-08-24 06:14:18.684 +04:00 [INF] [Sckt 42] subscription 15567 completed successfully
2026-08-24 06:14:18.691 +04:00 [INF] V5 order book SUIUSDT status changed: "Connecting" => "Syncing"
2026-08-24 06:14:18.703 +04:00 [INF] V5 order book SUIUSDT status changed: "Syncing" => "Synced"
2026-08-24 06:14:18.704 +04:00 [INF] Futures book Bybit:SUIUSDT "Synced"
2026-08-24 06:14:18.705 +04:00 [INF] Unified order book SUI-USDT-SWAP status changed: "Disconnected" => "Connecting"
2026-08-24 06:14:19.029 +04:00 [INF] [Sckt 43] subscription 15570 completed successfully
2026-08-24 06:14:19.030 +04:00 [INF] Unified order book SUI-USDT-SWAP status changed: "Connecting" => "Syncing"
2026-08-24 06:14:19.150 +04:00 [INF] Unified order book SUI-USDT-SWAP status changed: "Syncing" => "Synced"
2026-08-24 06:14:19.151 +04:00 [INF] Futures book OKX:SUIUSDT "Synced"
2026-08-24 06:14:19.152 +04:00 [INF] Futures order book SUIUSDT status changed: "Disconnected" => "Connecting"
2026-08-24 06:14:19.437 +04:00 [INF] [Sckt 44] subscription 15572 completed successfully
2026-08-24 06:14:19.438 +04:00 [INF] Futures order book SUIUSDT status changed: "Connecting" => "Syncing"
2026-08-24 06:14:19.439 +04:00 [INF] Futures order book SUIUSDT status changed: "Syncing" => "Synced"
2026-08-24 06:14:19.439 +04:00 [INF] Futures book Bitget:SUIUSDT "Synced"
2026-08-24 06:14:19.440 +04:00 [INF] UsdFutures order book HYPEUSDT status changed: "Disconnected" => "Connecting"
2026-08-24 06:14:19.790 +04:00 [INF] [Sckt 41] subscription 15574 completed successfully
2026-08-24 06:14:19.791 +04:00 [INF] UsdFutures order book HYPEUSDT status changed: "Connecting" => "Syncing"
2026-08-24 06:14:20.171 +04:00 [INF] UsdFutures order book HYPEUSDT status changed: "Syncing" => "Synced"
2026-08-24 06:14:20.172 +04:00 [INF] Futures book Binance:HYPEUSDT "Synced"
2026-08-24 06:14:20.173 +04:00 [INF] V5 order book HYPEUSDT status changed: "Disconnected" => "Connecting"
2026-08-24 06:14:20.373 +04:00 [INF] [Sckt 42] subscription 15578 completed successfully
2026-08-24 06:14:20.377 +04:00 [INF] V5 order book HYPEUSDT status changed: "Connecting" => "Syncing"
2026-08-24 06:14:20.379 +04:00 [INF] V5 order book HYPEUSDT status changed: "Syncing" => "Synced"
2026-08-24 06:14:20.392 +04:00 [INF] Futures book Bybit:HYPEUSDT "Synced"
2026-08-24 06:14:20.393 +04:00 [INF] Unified order book HYPE-USDT-SWAP status changed: "Disconnected" => "Connecting"
2026-08-24 06:14:20.716 +04:00 [INF] [Sckt 43] subscription 15581 completed successfully
2026-08-24 06:14:20.717 +04:00 [INF] Unified order book HYPE-USDT-SWAP status changed: "Connecting" => "Syncing"
2026-08-24 06:14:20.959 +04:00 [INF] Unified order book HYPE-USDT-SWAP status changed: "Syncing" => "Synced"
2026-08-24 06:14:20.960 +04:00 [INF] Futures book OKX:HYPEUSDT "Synced"
2026-08-24 06:14:20.960 +04:00 [INF] Futures order book HYPEUSDT status changed: "Disconnected" => "Connecting"
2026-08-24 06:14:21.230 +04:00 [INF] [Sckt 44] subscription 15583 completed successfully
2026-08-24 06:14:21.231 +04:00 [INF] Futures order book HYPEUSDT status changed: "Connecting" => "Syncing"
2026-08-24 06:14:21.283 +04:00 [INF] Futures order book HYPEUSDT status changed: "Syncing" => "Synced"
2026-08-24 06:14:21.284 +04:00 [INF] Futures book Bitget:HYPEUSDT "Synced"
2026-08-24 06:14:21.286 +04:00 [INF] UsdFutures order book ZECUSDT status changed: "Disconnected" => "Connecting"
2026-08-24 06:14:21.691 +04:00 [INF] [Sckt 41] subscription 15585 completed successfully
2026-08-24 06:14:21.692 +04:00 [INF] UsdFutures order book ZECUSDT status changed: "Connecting" => "Syncing"
2026-08-24 06:14:22.081 +04:00 [INF] UsdFutures order book ZECUSDT status changed: "Syncing" => "Synced"
2026-08-24 06:14:22.082 +04:00 [INF] Futures book Binance:ZECUSDT "Synced"
2026-08-24 06:14:22.082 +04:00 [INF] V5 order book ZECUSDT status changed: "Disconnected" => "Connecting"
2026-08-24 06:14:22.282 +04:00 [INF] [Sckt 42] subscription 15589 completed successfully
2026-08-24 06:14:22.283 +04:00 [INF] V5 order book ZECUSDT status changed: "Connecting" => "Syncing"
2026-08-24 06:14:22.284 +04:00 [INF] V5 order book ZECUSDT status changed: "Syncing" => "Synced"
2026-08-24 06:14:22.286 +04:00 [INF] Futures book Bybit:ZECUSDT "Synced"
2026-08-24 06:14:22.286 +04:00 [INF] Unified order book ZEC-USDT-SWAP status changed: "Disconnected" => "Connecting"
2026-08-24 06:14:22.609 +04:00 [INF] [Sckt 43] subscription 15592 completed successfully
2026-08-24 06:14:22.610 +04:00 [INF] Unified order book ZEC-USDT-SWAP status changed: "Connecting" => "Syncing"
2026-08-24 06:14:22.784 +04:00 [INF] Unified order book ZEC-USDT-SWAP status changed: "Syncing" => "Synced"
2026-08-24 06:14:22.785 +04:00 [INF] Futures book OKX:ZECUSDT "Synced"
2026-08-24 06:14:22.786 +04:00 [INF] Futures order book ZECUSDT status changed: "Disconnected" => "Connecting"
2026-08-24 06:14:23.070 +04:00 [INF] [Sckt 44] subscription 15594 completed successfully
2026-08-24 06:14:23.072 +04:00 [INF] Futures order book ZECUSDT status changed: "Connecting" => "Syncing"
2026-08-24 06:14:23.073 +04:00 [INF] Futures order book ZECUSDT status changed: "Syncing" => "Synced"
2026-08-24 06:14:23.074 +04:00 [INF] Futures book Bitget:ZECUSDT "Synced"
2026-08-24 06:14:23.075 +04:00 [INF] UsdFutures order book TRUMPUSDT status changed: "Disconnected" => "Connecting"
2026-08-24 06:14:23.497 +04:00 [INF] [Sckt 41] subscription 15596 completed successfully
2026-08-24 06:14:23.499 +04:00 [INF] UsdFutures order book TRUMPUSDT status changed: "Connecting" => "Syncing"
2026-08-24 06:14:23.871 +04:00 [INF] UsdFutures order book TRUMPUSDT status changed: "Syncing" => "Synced"
2026-08-24 06:14:23.872 +04:00 [INF] Futures book Binance:TRUMPUSDT "Synced"
2026-08-24 06:14:23.873 +04:00 [INF] V5 order book TRUMPUSDT status changed: "Disconnected" => "Connecting"
2026-08-24 06:14:24.074 +04:00 [INF] [Sckt 42] subscription 15600 completed successfully
2026-08-24 06:14:24.075 +04:00 [INF] V5 order book TRUMPUSDT status changed: "Connecting" => "Syncing"
2026-08-24 06:14:24.076 +04:00 [INF] V5 order book TRUMPUSDT status changed: "Syncing" => "Synced"
2026-08-24 06:14:24.077 +04:00 [INF] Futures book Bybit:TRUMPUSDT "Synced"
2026-08-24 06:14:24.077 +04:00 [INF] Unified order book TRUMP-USDT-SWAP status changed: "Disconnected" => "Connecting"
2026-08-24 06:14:24.400 +04:00 [INF] [Sckt 43] subscription 15603 completed successfully
2026-08-24 06:14:24.401 +04:00 [INF] Unified order book TRUMP-USDT-SWAP status changed: "Connecting" => "Syncing"
2026-08-24 06:14:24.579 +04:00 [INF] Unified order book TRUMP-USDT-SWAP status changed: "Syncing" => "Synced"
2026-08-24 06:14:24.582 +04:00 [INF] Futures book OKX:TRUMPUSDT "Synced"
2026-08-24 06:14:24.584 +04:00 [INF] Futures order book TRUMPUSDT status changed: "Disconnected" => "Connecting"
2026-08-24 06:14:24.868 +04:00 [INF] [Sckt 44] subscription 15605 completed successfully
2026-08-24 06:14:24.869 +04:00 [INF] Futures order book TRUMPUSDT status changed: "Connecting" => "Syncing"
2026-08-24 06:14:24.869 +04:00 [INF] Futures order book TRUMPUSDT status changed: "Syncing" => "Synced"
2026-08-24 06:14:24.870 +04:00 [INF] Futures book Bitget:TRUMPUSDT "Synced"
2026-08-24 06:14:24.871 +04:00 [INF] UsdFutures order book WLDUSDT status changed: "Disconnected" => "Connecting"
2026-08-24 06:14:25.198 +04:00 [INF] [Sckt 41] subscription 15607 completed successfully
2026-08-24 06:14:25.200 +04:00 [INF] UsdFutures order book WLDUSDT status changed: "Connecting" => "Syncing"
2026-08-24 06:14:25.597 +04:00 [INF] UsdFutures order book WLDUSDT status changed: "Syncing" => "Synced"
2026-08-24 06:14:25.599 +04:00 [INF] Futures book Binance:WLDUSDT "Synced"
2026-08-24 06:14:25.599 +04:00 [INF] V5 order book WLDUSDT status changed: "Disconnected" => "Connecting"
2026-08-24 06:14:25.800 +04:00 [INF] [Sckt 42] subscription 15611 completed successfully
2026-08-24 06:14:25.802 +04:00 [INF] V5 order book WLDUSDT status changed: "Connecting" => "Syncing"
2026-08-24 06:14:25.803 +04:00 [INF] V5 order book WLDUSDT status changed: "Syncing" => "Synced"
2026-08-24 06:14:25.804 +04:00 [INF] Futures book Bybit:WLDUSDT "Synced"
2026-08-24 06:14:25.804 +04:00 [INF] Unified order book WLD-USDT-SWAP status changed: "Disconnected" => "Connecting"
2026-08-24 06:14:26.127 +04:00 [INF] [Sckt 43] subscription 15614 completed successfully
2026-08-24 06:14:26.128 +04:00 [INF] Unified order book WLD-USDT-SWAP status changed: "Connecting" => "Syncing"
2026-08-24 06:14:26.365 +04:00 [INF] Unified order book WLD-USDT-SWAP status changed: "Syncing" => "Synced"
2026-08-24 06:14:26.366 +04:00 [INF] Futures book OKX:WLDUSDT "Synced"
2026-08-24 06:14:26.367 +04:00 [INF] Futures order book WLDUSDT status changed: "Disconnected" => "Connecting"
2026-08-24 06:14:26.638 +04:00 [INF] [Sckt 44] subscription 15616 completed successfully
2026-08-24 06:14:26.641 +04:00 [INF] Futures order book WLDUSDT status changed: "Connecting" => "Syncing"
2026-08-24 06:14:26.642 +04:00 [INF] Futures order book WLDUSDT status changed: "Syncing" => "Synced"
2026-08-24 06:14:26.643 +04:00 [INF] Futures book Bitget:WLDUSDT "Synced"
2026-08-24 06:14:26.644 +04:00 [INF] UsdFutures order book ADAUSDT status changed: "Disconnected" => "Connecting"
2026-08-24 06:14:27.000 +04:00 [INF] [Sckt 41] subscription 15618 completed successfully
2026-08-24 06:14:27.001 +04:00 [INF] UsdFutures order book ADAUSDT status changed: "Connecting" => "Syncing"
2026-08-24 06:14:27.400 +04:00 [INF] UsdFutures order book ADAUSDT status changed: "Syncing" => "Synced"
2026-08-24 06:14:27.402 +04:00 [INF] Futures book Binance:ADAUSDT "Synced"
2026-08-24 06:14:27.402 +04:00 [INF] V5 order book ADAUSDT status changed: "Disconnected" => "Connecting"
2026-08-24 06:14:27.601 +04:00 [INF] [Sckt 42] subscription 15622 completed successfully
2026-08-24 06:14:27.601 +04:00 [INF] V5 order book ADAUSDT status changed: "Connecting" => "Syncing"
2026-08-24 06:14:27.602 +04:00 [INF] V5 order book ADAUSDT status changed: "Syncing" => "Synced"
2026-08-24 06:14:27.603 +04:00 [INF] Futures book Bybit:ADAUSDT "Synced"
2026-08-24 06:14:27.604 +04:00 [INF] Unified order book ADA-USDT-SWAP status changed: "Disconnected" => "Connecting"
2026-08-24 06:14:27.927 +04:00 [INF] [Sckt 43] subscription 15625 completed successfully
2026-08-24 06:14:27.929 +04:00 [INF] Unified order book ADA-USDT-SWAP status changed: "Connecting" => "Syncing"
2026-08-24 06:14:28.179 +04:00 [INF] Unified order book ADA-USDT-SWAP status changed: "Syncing" => "Synced"
2026-08-24 06:14:28.182 +04:00 [INF] Futures book OKX:ADAUSDT "Synced"
2026-08-24 06:14:28.184 +04:00 [INF] Futures order book ADAUSDT status changed: "Disconnected" => "Connecting"
2026-08-24 06:14:28.453 +04:00 [INF] [Sckt 44] subscription 15627 completed successfully
2026-08-24 06:14:28.455 +04:00 [INF] Futures order book ADAUSDT status changed: "Connecting" => "Syncing"
2026-08-24 06:14:28.519 +04:00 [INF] Futures order book ADAUSDT status changed: "Syncing" => "Synced"
2026-08-24 06:14:28.520 +04:00 [INF] Futures book Bitget:ADAUSDT "Synced"
2026-08-24 06:14:28.521 +04:00 [INF] UsdFutures order book PENGUUSDT status changed: "Disconnected" => "Connecting"
2026-08-24 06:14:28.902 +04:00 [INF] [Sckt 41] subscription 15629 completed successfully
2026-08-24 06:14:28.903 +04:00 [INF] UsdFutures order book PENGUUSDT status changed: "Connecting" => "Syncing"
2026-08-24 06:14:29.291 +04:00 [INF] UsdFutures order book PENGUUSDT status changed: "Syncing" => "Synced"
2026-08-24 06:14:29.292 +04:00 [INF] Futures book Binance:PENGUUSDT "Synced"
2026-08-24 06:14:29.293 +04:00 [INF] V5 order book PENGUUSDT status changed: "Disconnected" => "Connecting"
2026-08-24 06:14:29.496 +04:00 [INF] [Sckt 42] subscription 15633 completed successfully
2026-08-24 06:14:29.497 +04:00 [INF] V5 order book PENGUUSDT status changed: "Connecting" => "Syncing"
2026-08-24 06:14:29.498 +04:00 [INF] V5 order book PENGUUSDT status changed: "Syncing" => "Synced"
2026-08-24 06:14:29.499 +04:00 [INF] Futures book Bybit:PENGUUSDT "Synced"
2026-08-24 06:14:29.500 +04:00 [INF] Unified order book PENGU-USDT-SWAP status changed: "Disconnected" => "Connecting"
2026-08-24 06:14:29.822 +04:00 [INF] [Sckt 43] subscription 15636 completed successfully
2026-08-24 06:14:29.823 +04:00 [INF] Unified order book PENGU-USDT-SWAP status changed: "Connecting" => "Syncing"
2026-08-24 06:14:30.003 +04:00 [INF] Unified order book PENGU-USDT-SWAP status changed: "Syncing" => "Synced"
2026-08-24 06:14:30.003 +04:00 [INF] Futures book OKX:PENGUUSDT "Synced"
2026-08-24 06:14:30.004 +04:00 [INF] Futures order book PENGUUSDT status changed: "Disconnected" => "Connecting"
2026-08-24 06:14:30.273 +04:00 [INF] [Sckt 44] subscription 15638 completed successfully
2026-08-24 06:14:30.274 +04:00 [INF] Futures order book PENGUUSDT status changed: "Connecting" => "Syncing"
2026-08-24 06:14:30.328 +04:00 [INF] Futures order book PENGUUSDT status changed: "Syncing" => "Synced"
2026-08-24 06:14:30.329 +04:00 [INF] Futures book Bitget:PENGUUSDT "Synced"
2026-08-24 06:14:30.331 +04:00 [INF] UsdFutures order book ONDOUSDT status changed: "Disconnected" => "Connecting"
2026-08-24 06:14:30.703 +04:00 [INF] [Sckt 41] subscription 15640 completed successfully
2026-08-24 06:14:30.703 +04:00 [INF] UsdFutures order book ONDOUSDT status changed: "Connecting" => "Syncing"
2026-08-24 06:14:31.084 +04:00 [INF] UsdFutures order book ONDOUSDT status changed: "Syncing" => "Synced"
2026-08-24 06:14:31.085 +04:00 [INF] Futures book Binance:ONDOUSDT "Synced"
2026-08-24 06:14:31.086 +04:00 [INF] V5 order book ONDOUSDT status changed: "Disconnected" => "Connecting"
2026-08-24 06:14:31.286 +04:00 [INF] [Sckt 42] subscription 15644 completed successfully
2026-08-24 06:14:31.288 +04:00 [INF] V5 order book ONDOUSDT status changed: "Connecting" => "Syncing"
2026-08-24 06:14:31.289 +04:00 [INF] V5 order book ONDOUSDT status changed: "Syncing" => "Synced"
2026-08-24 06:14:31.290 +04:00 [INF] Futures book Bybit:ONDOUSDT "Synced"
2026-08-24 06:14:31.291 +04:00 [INF] Unified order book ONDO-USDT-SWAP status changed: "Disconnected" => "Connecting"
2026-08-24 06:14:31.614 +04:00 [INF] [Sckt 43] subscription 15647 completed successfully
2026-08-24 06:14:31.616 +04:00 [INF] Unified order book ONDO-USDT-SWAP status changed: "Connecting" => "Syncing"
2026-08-24 06:14:31.804 +04:00 [INF] Unified order book ONDO-USDT-SWAP status changed: "Syncing" => "Synced"
2026-08-24 06:14:31.805 +04:00 [INF] Futures book OKX:ONDOUSDT "Synced"
2026-08-24 06:14:31.806 +04:00 [INF] Futures order book ONDOUSDT status changed: "Disconnected" => "Connecting"
2026-08-24 06:14:32.076 +04:00 [INF] [Sckt 44] subscription 15651 completed successfully
2026-08-24 06:14:32.077 +04:00 [INF] Futures order book ONDOUSDT status changed: "Connecting" => "Syncing"
2026-08-24 06:14:32.130 +04:00 [INF] Futures order book ONDOUSDT status changed: "Syncing" => "Synced"
2026-08-24 06:14:32.132 +04:00 [INF] Futures book Bitget:ONDOUSDT "Synced"
2026-08-24 06:14:32.132 +04:00 [INF] UsdFutures order book XPLUSDT status changed: "Disconnected" => "Connecting"
2026-08-24 06:14:33.518 +04:00 [INF] [Sckt 45] subscription 15653 completed successfully
2026-08-24 06:14:33.518 +04:00 [INF] UsdFutures order book XPLUSDT status changed: "Connecting" => "Syncing"
2026-08-24 06:14:33.911 +04:00 [INF] UsdFutures order book XPLUSDT status changed: "Syncing" => "Synced"
2026-08-24 06:14:33.913 +04:00 [INF] Futures book Binance:XPLUSDT "Synced"
2026-08-24 06:14:33.913 +04:00 [INF] V5 order book XPLUSDT status changed: "Disconnected" => "Connecting"
2026-08-24 06:14:34.771 +04:00 [INF] [Sckt 46] subscription 15658 completed successfully
2026-08-24 06:14:34.773 +04:00 [INF] V5 order book XPLUSDT status changed: "Connecting" => "Syncing"
2026-08-24 06:14:34.774 +04:00 [INF] V5 order book XPLUSDT status changed: "Syncing" => "Synced"
2026-08-24 06:14:34.775 +04:00 [INF] Futures book Bybit:XPLUSDT "Synced"
2026-08-24 06:14:34.776 +04:00 [INF] Unified order book XPL-USDT-SWAP status changed: "Disconnected" => "Connecting"
2026-08-24 06:14:36.067 +04:00 [INF] [Sckt 47] subscription 15661 completed successfully
2026-08-24 06:14:36.069 +04:00 [INF] Unified order book XPL-USDT-SWAP status changed: "Connecting" => "Syncing"
2026-08-24 06:14:36.622 +04:00 [INF] Unified order book XPL-USDT-SWAP status changed: "Syncing" => "Synced"
2026-08-24 06:14:36.623 +04:00 [INF] Futures book OKX:XPLUSDT "Synced"
2026-08-24 06:14:36.623 +04:00 [INF] Futures order book XPLUSDT status changed: "Disconnected" => "Connecting"
2026-08-24 06:14:37.717 +04:00 [INF] [Sckt 48] subscription 15663 completed successfully
2026-08-24 06:14:37.718 +04:00 [INF] Futures order book XPLUSDT status changed: "Connecting" => "Syncing"
2026-08-24 06:14:37.719 +04:00 [INF] Futures order book XPLUSDT status changed: "Syncing" => "Synced"
2026-08-24 06:14:37.720 +04:00 [INF] Futures book Bitget:XPLUSDT "Synced"
2026-08-24 06:14:37.721 +04:00 [INF] UsdFutures order book SKHYNIXUSDT status changed: "Disconnected" => "Connecting"
2026-08-24 06:14:38.120 +04:00 [INF] [Sckt 45] subscription 15665 completed successfully
2026-08-24 06:14:38.121 +04:00 [INF] UsdFutures order book SKHYNIXUSDT status changed: "Connecting" => "Syncing"
2026-08-24 06:14:38.506 +04:00 [INF] UsdFutures order book SKHYNIXUSDT status changed: "Syncing" => "Synced"
2026-08-24 06:14:38.507 +04:00 [INF] Futures book Binance:SKHYNIXUSDT "Synced"
2026-08-24 06:14:38.508 +04:00 [INF] V5 order book SKHYNIXUSDT status changed: "Disconnected" => "Connecting"
2026-08-24 06:14:38.710 +04:00 [INF] [Sckt 46] subscription 15669 completed successfully
2026-08-24 06:14:38.711 +04:00 [INF] V5 order book SKHYNIXUSDT status changed: "Connecting" => "Syncing"
2026-08-24 06:14:38.712 +04:00 [INF] V5 order book SKHYNIXUSDT status changed: "Syncing" => "Synced"
2026-08-24 06:14:38.713 +04:00 [INF] Futures book Bybit:SKHYNIXUSDT "Synced"
2026-08-24 06:14:38.713 +04:00 [INF] Unified order book SKHYNIX-USDT-SWAP status changed: "Disconnected" => "Connecting"
2026-08-24 06:14:39.033 +04:00 [INF] [Sckt 47] subscription 15672 completed successfully
2026-08-24 06:14:39.033 +04:00 [INF] Unified order book SKHYNIX-USDT-SWAP status changed: "Connecting" => "Syncing"
2026-08-24 06:14:39.274 +04:00 [INF] Unified order book SKHYNIX-USDT-SWAP status changed: "Syncing" => "Synced"
2026-08-24 06:14:39.275 +04:00 [INF] Futures book OKX:SKHYNIXUSDT "Synced"
2026-08-24 06:14:39.276 +04:00 [INF] Futures order book SKHYNIXUSDT status changed: "Disconnected" => "Connecting"
2026-08-24 06:14:39.548 +04:00 [INF] [Sckt 48] subscription 15674 completed successfully
2026-08-24 06:14:39.550 +04:00 [INF] Futures order book SKHYNIXUSDT status changed: "Connecting" => "Syncing"
2026-08-24 06:14:39.552 +04:00 [INF] Futures order book SKHYNIXUSDT status changed: "Syncing" => "Synced"
2026-08-24 06:14:39.553 +04:00 [INF] Futures book Bitget:SKHYNIXUSDT "Synced"
2026-08-24 06:14:39.553 +04:00 [INF] UsdFutures order book ARBUSDT status changed: "Disconnected" => "Connecting"
2026-08-24 06:14:39.922 +04:00 [INF] [Sckt 45] subscription 15676 completed successfully
2026-08-24 06:14:39.922 +04:00 [INF] UsdFutures order book ARBUSDT status changed: "Connecting" => "Syncing"
2026-08-24 06:14:40.315 +04:00 [INF] UsdFutures order book ARBUSDT status changed: "Syncing" => "Synced"
2026-08-24 06:14:40.318 +04:00 [INF] Futures book Binance:ARBUSDT "Synced"
2026-08-24 06:14:40.319 +04:00 [INF] V5 order book ARBUSDT status changed: "Disconnected" => "Connecting"
2026-08-24 06:14:40.518 +04:00 [INF] [Sckt 46] subscription 15680 completed successfully
2026-08-24 06:14:40.519 +04:00 [INF] V5 order book ARBUSDT status changed: "Connecting" => "Syncing"
2026-08-24 06:14:40.519 +04:00 [INF] V5 order book ARBUSDT status changed: "Syncing" => "Synced"
2026-08-24 06:14:40.520 +04:00 [INF] Futures book Bybit:ARBUSDT "Synced"
2026-08-24 06:14:40.521 +04:00 [INF] Unified order book ARB-USDT-SWAP status changed: "Disconnected" => "Connecting"
2026-08-24 06:14:40.841 +04:00 [INF] [Sckt 47] subscription 15683 completed successfully
2026-08-24 06:14:40.842 +04:00 [INF] Unified order book ARB-USDT-SWAP status changed: "Connecting" => "Syncing"
2026-08-24 06:14:41.091 +04:00 [INF] Unified order book ARB-USDT-SWAP status changed: "Syncing" => "Synced"
2026-08-24 06:14:41.092 +04:00 [INF] Futures book OKX:ARBUSDT "Synced"
2026-08-24 06:14:41.093 +04:00 [INF] Futures order book ARBUSDT status changed: "Disconnected" => "Connecting"
2026-08-24 06:14:41.374 +04:00 [INF] [Sckt 48] subscription 15685 completed successfully
2026-08-24 06:14:41.375 +04:00 [INF] Futures order book ARBUSDT status changed: "Connecting" => "Syncing"
2026-08-24 06:14:41.425 +04:00 [INF] Futures order book ARBUSDT status changed: "Syncing" => "Synced"
2026-08-24 06:14:41.429 +04:00 [INF] Futures book Bitget:ARBUSDT "Synced"
2026-08-24 06:14:41.430 +04:00 [INF] UsdFutures order book SNDKUSDT status changed: "Disconnected" => "Connecting"
2026-08-24 06:14:41.826 +04:00 [INF] [Sckt 45] subscription 15687 completed successfully
2026-08-24 06:14:41.827 +04:00 [INF] UsdFutures order book SNDKUSDT status changed: "Connecting" => "Syncing"
2026-08-24 06:14:42.205 +04:00 [INF] UsdFutures order book SNDKUSDT status changed: "Syncing" => "Synced"
2026-08-24 06:14:42.214 +04:00 [INF] Futures book Binance:SNDKUSDT "Synced"
2026-08-24 06:14:42.215 +04:00 [INF] V5 order book SNDKUSDT status changed: "Disconnected" => "Connecting"
2026-08-24 06:14:42.415 +04:00 [INF] [Sckt 46] subscription 15691 completed successfully
2026-08-24 06:14:42.415 +04:00 [INF] V5 order book SNDKUSDT status changed: "Connecting" => "Syncing"
2026-08-24 06:14:42.421 +04:00 [INF] V5 order book SNDKUSDT status changed: "Syncing" => "Synced"
2026-08-24 06:14:42.423 +04:00 [INF] Futures book Bybit:SNDKUSDT "Synced"
2026-08-24 06:14:42.424 +04:00 [INF] Unified order book SNDK-USDT-SWAP status changed: "Disconnected" => "Connecting"
2026-08-24 06:14:42.752 +04:00 [INF] [Sckt 47] subscription 15694 completed successfully
2026-08-24 06:14:42.752 +04:00 [INF] Unified order book SNDK-USDT-SWAP status changed: "Connecting" => "Syncing"
2026-08-24 06:14:42.871 +04:00 [INF] Unified order book SNDK-USDT-SWAP status changed: "Syncing" => "Synced"
2026-08-24 06:14:42.872 +04:00 [INF] Futures book OKX:SNDKUSDT "Synced"
2026-08-24 06:14:42.873 +04:00 [INF] Futures order book SNDKUSDT status changed: "Disconnected" => "Connecting"
2026-08-24 06:14:43.143 +04:00 [INF] [Sckt 48] subscription 15696 completed successfully
2026-08-24 06:14:43.144 +04:00 [INF] Futures order book SNDKUSDT status changed: "Connecting" => "Syncing"
2026-08-24 06:14:43.196 +04:00 [INF] Futures order book SNDKUSDT status changed: "Syncing" => "Synced"
2026-08-24 06:14:43.200 +04:00 [INF] Futures book Bitget:SNDKUSDT "Synced"
2026-08-24 06:14:43.201 +04:00 [INF] UsdFutures order book FARTCOINUSDT status changed: "Disconnected" => "Connecting"
2026-08-24 06:14:43.627 +04:00 [INF] [Sckt 45] subscription 15698 completed successfully
2026-08-24 06:14:43.629 +04:00 [INF] UsdFutures order book FARTCOINUSDT status changed: "Connecting" => "Syncing"
2026-08-24 06:14:44.007 +04:00 [INF] UsdFutures order book FARTCOINUSDT status changed: "Syncing" => "Synced"
2026-08-24 06:14:44.008 +04:00 [INF] Futures book Binance:FARTCOINUSDT "Synced"
2026-08-24 06:14:44.008 +04:00 [INF] V5 order book FARTCOINUSDT status changed: "Disconnected" => "Connecting"
2026-08-24 06:14:44.207 +04:00 [INF] [Sckt 46] subscription 15702 completed successfully
2026-08-24 06:14:44.209 +04:00 [INF] V5 order book FARTCOINUSDT status changed: "Connecting" => "Syncing"
2026-08-24 06:14:44.209 +04:00 [INF] V5 order book FARTCOINUSDT status changed: "Syncing" => "Synced"
2026-08-24 06:14:44.210 +04:00 [INF] Futures book Bybit:FARTCOINUSDT "Synced"
2026-08-24 06:14:44.211 +04:00 [INF] Unified order book FARTCOIN-USDT-SWAP status changed: "Disconnected" => "Connecting"
2026-08-24 06:14:44.532 +04:00 [INF] [Sckt 47] subscription 15705 completed successfully
2026-08-24 06:14:44.533 +04:00 [INF] Unified order book FARTCOIN-USDT-SWAP status changed: "Connecting" => "Syncing"
2026-08-24 06:14:44.658 +04:00 [INF] Unified order book FARTCOIN-USDT-SWAP status changed: "Syncing" => "Synced"
2026-08-24 06:14:44.659 +04:00 [INF] Futures book OKX:FARTCOINUSDT "Synced"
2026-08-24 06:14:44.659 +04:00 [INF] Futures order book FARTCOINUSDT status changed: "Disconnected" => "Connecting"
2026-08-24 06:14:44.928 +04:00 [INF] [Sckt 48] subscription 15708 completed successfully
2026-08-24 06:14:44.929 +04:00 [INF] Futures order book FARTCOINUSDT status changed: "Connecting" => "Syncing"
2026-08-24 06:14:44.999 +04:00 [INF] Futures order book FARTCOINUSDT status changed: "Syncing" => "Synced"
2026-08-24 06:14:45.011 +04:00 [INF] Futures book Bitget:FARTCOINUSDT "Synced"
2026-08-24 06:14:45.015 +04:00 [INF] Exchange Binance: 15/15 streams live
2026-08-24 06:14:45.017 +04:00 [INF] Exchange Bybit: 15/15 streams live
2026-08-24 06:14:45.018 +04:00 [INF] Exchange OKX: 15/15 streams live
2026-08-24 06:14:45.019 +04:00 [INF] Exchange Bitget: 15/15 streams live
2026-08-24 06:23:50.167 +04:00 [INF] Funding cache refresh for 15 symbols × 3 exchanges (TTL 45m)
2026-08-24 06:24:00.581 +04:00 [INF] Funding cache entries: 57
2026-08-24 06:33:51.655 +04:00 [INF] Discovery: public tickers Binance/Bybit/OKX (arb band 8000000–400000000 USDT vol, top 15)
2026-08-24 06:33:52.154 +04:00 [INF] Binance fapi: 692 USDT perps with volume
2026-08-24 06:33:53.491 +04:00 [INF] Bybit linear: 725 USDT perps with volume
2026-08-24 06:33:53.887 +04:00 [INF] OKX SWAP: 434 USDT perps with volume
2026-08-24 06:33:54.478 +04:00 [INF] Bitget USDT-FUTURES: 755 tickers with volume
2026-08-24 06:33:57.458 +04:00 [INF] GateIo USDT futures: 928 tickers with volume
2026-08-24 06:33:57.870 +04:00 [INF] Discovered 15 arb pairs: DOGEUSDT@5ex/250.8M, ENAUSDT@5ex/266.1M, SUIUSDT@5ex/131.8M, HYPEUSDT@5ex/212.1M, ZECUSDT@5ex/249.1M, TRUMPUSDT@5ex/308.1M, WLDUSDT@5ex/51.3M, SOLUSDT@5ex/393.3M, ADAUSDT@5ex/102.9M, PENGUUSDT@5ex/81M, ONDOUSDT@5ex/62M, SKHYNIXUSDT@5ex/60.6M, XPLUSDT@5ex/60.4M, SNDKUSDT@5ex/53.7M, ARBUSDT@5ex/22M
2026-08-24 06:33:57.876 +04:00 [INF] Symbol refresh (http-tickers-arb): [DOGEUSDT,ENAUSDT,SUIUSDT,HYPEUSDT,ZECUSDT,TRUMPUSDT,WLDUSDT,ADAUSDT,PENGUUSDT,ONDOUSDT,XPLUSDT,SKHYNIXUSDT,ARBUSDT,SNDKUSDT,FARTCOINUSDT] → [DOGEUSDT,ENAUSDT,SUIUSDT,HYPEUSDT,ZECUSDT,TRUMPUSDT,WLDUSDT,SOLUSDT,ADAUSDT,PENGUUSDT,ONDOUSDT,SKHYNIXUSDT,XPLUSDT,SNDKUSDT,ARBUSDT] | changed=true
2026-08-24 06:33:57.889 +04:00 [INF] Restarting futures books for new symbol set…
2026-08-24 06:33:58.232 +04:00 [INF] [Sckt 41] subscription 15563 unsubscribed
2026-08-24 06:33:58.233 +04:00 [INF] UsdFutures order book SUIUSDT status changed: "Synced" => "Disconnected"
2026-08-24 06:33:58.432 +04:00 [INF] [Sckt 46] subscription 15669 unsubscribed
2026-08-24 06:33:58.433 +04:00 [INF] V5 order book SKHYNIXUSDT status changed: "Synced" => "Disconnected"
2026-08-24 06:33:58.756 +04:00 [INF] [Sckt 47] subscription 15672 unsubscribed
2026-08-24 06:33:58.757 +04:00 [INF] Unified order book SKHYNIX-USDT-SWAP status changed: "Synced" => "Disconnected"
2026-08-24 06:33:58.960 +04:00 [INF] [Sckt 42] subscription 15622 unsubscribed
2026-08-24 06:33:58.961 +04:00 [INF] V5 order book ADAUSDT status changed: "Synced" => "Disconnected"
2026-08-24 06:33:59.294 +04:00 [INF] [Sckt 43] subscription 15548 unsubscribed
2026-08-24 06:33:59.295 +04:00 [INF] Unified order book DOGE-USDT-SWAP status changed: "Synced" => "Disconnected"
2026-08-24 06:33:59.568 +04:00 [INF] [Sckt 44] subscription 15605 unsubscribed
2026-08-24 06:33:59.570 +04:00 [INF] Futures order book TRUMPUSDT status changed: "Synced" => "Disconnected"
2026-08-24 06:33:59.878 +04:00 [INF] [Sckt 48] subscription 15685 unsubscribed
2026-08-24 06:33:59.879 +04:00 [INF] Futures order book ARBUSDT status changed: "Synced" => "Disconnected"
2026-08-24 06:34:00.199 +04:00 [INF] [Sckt 47] subscription 15683 unsubscribed
2026-08-24 06:34:00.200 +04:00 [INF] Unified order book ARB-USDT-SWAP status changed: "Synced" => "Disconnected"
2026-08-24 06:34:00.471 +04:00 [INF] [Sckt 44] subscription 15627 unsubscribed
2026-08-24 06:34:00.472 +04:00 [INF] Futures order book ADAUSDT status changed: "Synced" => "Disconnected"
2026-08-24 06:34:00.804 +04:00 [INF] [Sckt 43] subscription 15570 unsubscribed
2026-08-24 06:34:00.806 +04:00 [INF] Unified order book SUI-USDT-SWAP status changed: "Synced" => "Disconnected"
2026-08-24 06:34:01.078 +04:00 [INF] [Sckt 44] subscription 15638 unsubscribed
2026-08-24 06:34:01.079 +04:00 [INF] Futures order book PENGUUSDT status changed: "Synced" => "Disconnected"
2026-08-24 06:34:01.402 +04:00 [INF] [Sckt 43] subscription 15559 unsubscribed
2026-08-24 06:34:01.403 +04:00 [INF] Unified order book ENA-USDT-SWAP status changed: "Synced" => "Disconnected"
2026-08-24 06:34:01.726 +04:00 [INF] [Sckt 43] subscription 15636 unsubscribed
2026-08-24 06:34:01.727 +04:00 [INF] Unified order book PENGU-USDT-SWAP status changed: "Synced" => "Disconnected"
2026-08-24 06:34:01.996 +04:00 [INF] [Sckt 48] subscription 15663 unsubscribed
2026-08-24 06:34:01.997 +04:00 [INF] Futures order book XPLUSDT status changed: "Synced" => "Disconnected"
2026-08-24 06:34:02.337 +04:00 [INF] [Sckt 41] subscription 15607 unsubscribed
2026-08-24 06:34:02.338 +04:00 [INF] UsdFutures order book WLDUSDT status changed: "Synced" => "Disconnected"
2026-08-24 06:34:02.538 +04:00 [INF] [Sckt 42] subscription 15567 unsubscribed
2026-08-24 06:34:02.539 +04:00 [INF] V5 order book SUIUSDT status changed: "Synced" => "Disconnected"
2026-08-24 06:34:02.942 +04:00 [INF] [Sckt 41] subscription 15618 unsubscribed
2026-08-24 06:34:02.943 +04:00 [INF] UsdFutures order book ADAUSDT status changed: "Synced" => "Disconnected"
2026-08-24 06:34:03.141 +04:00 [INF] [Sckt 42] subscription 15556 unsubscribed
2026-08-24 06:34:03.143 +04:00 [INF] V5 order book ENAUSDT status changed: "Synced" => "Disconnected"
2026-08-24 06:34:03.512 +04:00 [INF] [Sckt 45] subscription 15653 unsubscribed
2026-08-24 06:34:03.513 +04:00 [INF] UsdFutures order book XPLUSDT status changed: "Synced" => "Disconnected"
2026-08-24 06:34:03.784 +04:00 [INF] [Sckt 44] subscription 15651 unsubscribed
2026-08-24 06:34:03.785 +04:00 [INF] Futures order book ONDOUSDT status changed: "Synced" => "Disconnected"
2026-08-24 06:34:04.054 +04:00 [INF] [Sckt 48] subscription 15674 unsubscribed
2026-08-24 06:34:04.056 +04:00 [INF] Futures order book SKHYNIXUSDT status changed: "Synced" => "Disconnected"
2026-08-24 06:34:04.378 +04:00 [INF] [Sckt 43] subscription 15592 unsubscribed
2026-08-24 06:34:04.379 +04:00 [INF] Unified order book ZEC-USDT-SWAP status changed: "Synced" => "Disconnected"
2026-08-24 06:34:04.576 +04:00 [INF] [Sckt 46] subscription 15702 unsubscribed
2026-08-24 06:34:04.577 +04:00 [INF] V5 order book FARTCOINUSDT status changed: "Synced" => "Disconnected"
2026-08-24 06:34:04.774 +04:00 [INF] [Sckt 42] subscription 15545 unsubscribed
2026-08-24 06:34:04.775 +04:00 [INF] V5 order book DOGEUSDT status changed: "Synced" => "Disconnected"
2026-08-24 06:34:05.049 +04:00 [INF] [Sckt 44] subscription 15572 unsubscribed
2026-08-24 06:34:05.051 +04:00 [INF] Futures order book SUIUSDT status changed: "Synced" => "Disconnected"
2026-08-24 06:34:05.322 +04:00 [INF] [Sckt 44] subscription 15550 unsubscribed
2026-08-24 06:34:05.323 +04:00 [INF] Futures order book DOGEUSDT status changed: "Synced" => "Disconnected"
2026-08-24 06:34:05.645 +04:00 [INF] [Sckt 43] subscription 15647 unsubscribed
2026-08-24 06:34:05.646 +04:00 [INF] Unified order book ONDO-USDT-SWAP status changed: "Synced" => "Disconnected"
2026-08-24 06:34:05.843 +04:00 [INF] [Sckt 42] subscription 15589 unsubscribed
2026-08-24 06:34:05.844 +04:00 [INF] V5 order book ZECUSDT status changed: "Synced" => "Disconnected"
2026-08-24 06:34:06.042 +04:00 [INF] [Sckt 46] subscription 15680 unsubscribed
2026-08-24 06:34:06.043 +04:00 [INF] V5 order book ARBUSDT status changed: "Synced" => "Disconnected"
2026-08-24 06:34:06.363 +04:00 [INF] [Sckt 47] subscription 15661 unsubscribed
2026-08-24 06:34:06.363 +04:00 [INF] Unified order book XPL-USDT-SWAP status changed: "Synced" => "Disconnected"
2026-08-24 06:34:06.686 +04:00 [INF] [Sckt 43] subscription 15581 unsubscribed
2026-08-24 06:34:06.687 +04:00 [INF] Unified order book HYPE-USDT-SWAP status changed: "Synced" => "Disconnected"
2026-08-24 06:34:07.045 +04:00 [INF] [Sckt 41] subscription 15541 unsubscribed
2026-08-24 06:34:07.046 +04:00 [INF] UsdFutures order book DOGEUSDT status changed: "Synced" => "Disconnected"
2026-08-24 06:34:07.444 +04:00 [INF] [Sckt 41] subscription 15585 unsubscribed
2026-08-24 06:34:07.446 +04:00 [INF] UsdFutures order book ZECUSDT status changed: "Synced" => "Disconnected"
2026-08-24 06:34:07.812 +04:00 [INF] [Sckt 45] subscription 15665 unsubscribed
2026-08-24 06:34:07.814 +04:00 [INF] UsdFutures order book SKHYNIXUSDT status changed: "Synced" => "Disconnected"
2026-08-24 06:34:08.137 +04:00 [INF] [Sckt 43] subscription 15614 unsubscribed
2026-08-24 06:34:08.138 +04:00 [INF] Unified order book WLD-USDT-SWAP status changed: "Synced" => "Disconnected"
2026-08-24 06:34:08.336 +04:00 [INF] [Sckt 42] subscription 15578 unsubscribed
2026-08-24 06:34:08.337 +04:00 [INF] V5 order book HYPEUSDT status changed: "Synced" => "Disconnected"
2026-08-24 06:34:08.534 +04:00 [INF] [Sckt 46] subscription 15658 unsubscribed
2026-08-24 06:34:08.534 +04:00 [INF] V5 order book XPLUSDT status changed: "Synced" => "Disconnected"
2026-08-24 06:34:08.809 +04:00 [INF] [Sckt 48] subscription 15696 unsubscribed
2026-08-24 06:34:08.810 +04:00 [INF] Futures order book SNDKUSDT status changed: "Synced" => "Disconnected"
2026-08-24 06:34:09.213 +04:00 [INF] [Sckt 45] subscription 15676 unsubscribed
2026-08-24 06:34:09.215 +04:00 [INF] UsdFutures order book ARBUSDT status changed: "Synced" => "Disconnected"
2026-08-24 06:34:09.546 +04:00 [INF] [Sckt 41] subscription 15574 unsubscribed
2026-08-24 06:34:09.547 +04:00 [INF] UsdFutures order book HYPEUSDT status changed: "Synced" => "Disconnected"
2026-08-24 06:34:09.744 +04:00 [INF] [Sckt 42] subscription 15600 unsubscribed
2026-08-24 06:34:09.746 +04:00 [INF] V5 order book TRUMPUSDT status changed: "Synced" => "Disconnected"
2026-08-24 06:34:10.115 +04:00 [INF] [Sckt 45] subscription 15698 unsubscribed
2026-08-24 06:34:10.117 +04:00 [INF] UsdFutures order book FARTCOINUSDT status changed: "Synced" => "Disconnected"
2026-08-24 06:34:10.331 +04:00 [INF] V5 order book SNDKUSDT status changed: "Synced" => "Disconnected"
2026-08-24 06:34:10.748 +04:00 [INF] [Sckt 41] subscription 15640 unsubscribed
2026-08-24 06:34:10.749 +04:00 [INF] UsdFutures order book ONDOUSDT status changed: "Synced" => "Disconnected"
2026-08-24 06:34:11.018 +04:00 [INF] [Sckt 44] subscription 15616 unsubscribed
2026-08-24 06:34:11.020 +04:00 [INF] Futures order book WLDUSDT status changed: "Synced" => "Disconnected"
2026-08-24 06:34:11.303 +04:00 [INF] [Sckt 44] subscription 15583 unsubscribed
2026-08-24 06:34:11.304 +04:00 [INF] Futures order book HYPEUSDT status changed: "Synced" => "Disconnected"
2026-08-24 06:34:11.647 +04:00 [INF] [Sckt 41] subscription 15596 unsubscribed
2026-08-24 06:34:11.648 +04:00 [INF] UsdFutures order book TRUMPUSDT status changed: "Synced" => "Disconnected"
2026-08-24 06:34:11.847 +04:00 [INF] [Sckt 42] subscription 15644 unsubscribed
2026-08-24 06:34:11.848 +04:00 [INF] V5 order book ONDOUSDT status changed: "Synced" => "Disconnected"
2026-08-24 06:34:12.171 +04:00 [INF] [Sckt 43] subscription 15625 unsubscribed
2026-08-24 06:34:12.172 +04:00 [INF] Unified order book ADA-USDT-SWAP status changed: "Synced" => "Disconnected"
2026-08-24 06:34:12.538 +04:00 [INF] UsdFutures order book SNDKUSDT status changed: "Synced" => "Disconnected"
2026-08-24 06:34:12.833 +04:00 [INF] Futures order book FARTCOINUSDT status changed: "Synced" => "Disconnected"
2026-08-24 06:34:13.154 +04:00 [INF] [Sckt 47] subscription 15705 unsubscribed
2026-08-24 06:34:13.155 +04:00 [INF] Unified order book FARTCOIN-USDT-SWAP status changed: "Synced" => "Disconnected"
2026-08-24 06:34:13.461 +04:00 [INF] [Sckt 44] subscription 15594 unsubscribed
2026-08-24 06:34:13.462 +04:00 [INF] Futures order book ZECUSDT status changed: "Synced" => "Disconnected"
2026-08-24 06:34:13.854 +04:00 [INF] [Sckt 41] subscription 15629 unsubscribed
2026-08-24 06:34:13.856 +04:00 [INF] UsdFutures order book PENGUUSDT status changed: "Synced" => "Disconnected"
2026-08-24 06:34:14.276 +04:00 [INF] UsdFutures order book ENAUSDT status changed: "Synced" => "Disconnected"
2026-08-24 06:34:14.618 +04:00 [INF] Unified order book SNDK-USDT-SWAP status changed: "Synced" => "Disconnected"
2026-08-24 06:34:14.823 +04:00 [INF] [Sckt 42] subscription 15611 unsubscribed
2026-08-24 06:34:14.824 +04:00 [INF] V5 order book WLDUSDT status changed: "Synced" => "Disconnected"
2026-08-24 06:34:15.041 +04:00 [INF] V5 order book PENGUUSDT status changed: "Synced" => "Disconnected"
2026-08-24 06:34:15.339 +04:00 [INF] Futures order book ENAUSDT status changed: "Synced" => "Disconnected"
2026-08-24 06:34:15.687 +04:00 [INF] Unified order book TRUMP-USDT-SWAP status changed: "Synced" => "Disconnected"
2026-08-24 06:34:15.688 +04:00 [INF] UsdFutures order book DOGEUSDT status changed: "Disconnected" => "Connecting"
2026-08-24 06:34:17.423 +04:00 [INF] [Sckt 49] subscription 16262 completed successfully
2026-08-24 06:34:17.438 +04:00 [INF] UsdFutures order book DOGEUSDT status changed: "Connecting" => "Syncing"
2026-08-24 06:34:17.819 +04:00 [INF] UsdFutures order book DOGEUSDT status changed: "Syncing" => "Synced"
2026-08-24 06:34:17.820 +04:00 [INF] Futures book Binance:DOGEUSDT "Synced"
2026-08-24 06:34:17.821 +04:00 [INF] V5 order book DOGEUSDT status changed: "Disconnected" => "Connecting"
2026-08-24 06:34:18.887 +04:00 [INF] [Sckt 50] subscription 16266 completed successfully
2026-08-24 06:34:18.889 +04:00 [INF] V5 order book DOGEUSDT status changed: "Connecting" => "Syncing"
2026-08-24 06:34:18.890 +04:00 [INF] V5 order book DOGEUSDT status changed: "Syncing" => "Synced"
2026-08-24 06:34:18.891 +04:00 [INF] Futures book Bybit:DOGEUSDT "Synced"
2026-08-24 06:34:18.892 +04:00 [INF] Unified order book DOGE-USDT-SWAP status changed: "Disconnected" => "Connecting"
2026-08-24 06:34:20.552 +04:00 [INF] [Sckt 51] subscription 16269 completed successfully
2026-08-24 06:34:20.552 +04:00 [INF] Unified order book DOGE-USDT-SWAP status changed: "Connecting" => "Syncing"
2026-08-24 06:34:21.038 +04:00 [INF] Unified order book DOGE-USDT-SWAP status changed: "Syncing" => "Synced"
2026-08-24 06:34:21.040 +04:00 [INF] Futures book OKX:DOGEUSDT "Synced"
2026-08-24 06:34:21.040 +04:00 [INF] Futures order book DOGEUSDT status changed: "Disconnected" => "Connecting"
2026-08-24 06:34:22.685 +04:00 [INF] [Sckt 52] subscription 16271 completed successfully
2026-08-24 06:34:22.686 +04:00 [INF] Futures order book DOGEUSDT status changed: "Connecting" => "Syncing"
2026-08-24 06:34:22.687 +04:00 [INF] Futures order book DOGEUSDT status changed: "Syncing" => "Synced"
2026-08-24 06:34:22.688 +04:00 [INF] Futures book Bitget:DOGEUSDT "Synced"
2026-08-24 06:34:22.688 +04:00 [INF] UsdFutures order book ENAUSDT status changed: "Disconnected" => "Connecting"
2026-08-24 06:34:23.030 +04:00 [INF] [Sckt 49] subscription 16273 completed successfully
2026-08-24 06:34:23.031 +04:00 [INF] UsdFutures order book ENAUSDT status changed: "Connecting" => "Syncing"
2026-08-24 06:34:23.428 +04:00 [INF] UsdFutures order book ENAUSDT status changed: "Syncing" => "Synced"
2026-08-24 06:34:23.431 +04:00 [INF] Futures book Binance:ENAUSDT "Synced"
2026-08-24 06:34:23.431 +04:00 [INF] V5 order book ENAUSDT status changed: "Disconnected" => "Connecting"
2026-08-24 06:34:23.634 +04:00 [INF] [Sckt 50] subscription 16277 completed successfully
2026-08-24 06:34:23.636 +04:00 [INF] V5 order book ENAUSDT status changed: "Connecting" => "Syncing"
2026-08-24 06:34:23.637 +04:00 [INF] V5 order book ENAUSDT status changed: "Syncing" => "Synced"
2026-08-24 06:34:23.638 +04:00 [INF] Futures book Bybit:ENAUSDT "Synced"
2026-08-24 06:34:23.638 +04:00 [INF] Unified order book ENA-USDT-SWAP status changed: "Disconnected" => "Connecting"
2026-08-24 06:34:23.965 +04:00 [INF] [Sckt 51] subscription 16280 completed successfully
2026-08-24 06:34:23.968 +04:00 [INF] Unified order book ENA-USDT-SWAP status changed: "Connecting" => "Syncing"
2026-08-24 06:34:24.311 +04:00 [INF] Unified order book ENA-USDT-SWAP status changed: "Syncing" => "Synced"
2026-08-24 06:34:24.312 +04:00 [INF] Futures book OKX:ENAUSDT "Synced"
2026-08-24 06:34:24.313 +04:00 [INF] Futures order book ENAUSDT status changed: "Disconnected" => "Connecting"
2026-08-24 06:34:24.582 +04:00 [INF] [Sckt 52] subscription 16282 completed successfully
2026-08-24 06:34:24.588 +04:00 [INF] Futures order book ENAUSDT status changed: "Connecting" => "Syncing"
2026-08-24 06:34:24.599 +04:00 [INF] Futures order book ENAUSDT status changed: "Syncing" => "Synced"
2026-08-24 06:34:24.600 +04:00 [INF] Futures book Bitget:ENAUSDT "Synced"
2026-08-24 06:34:24.601 +04:00 [INF] UsdFutures order book SUIUSDT status changed: "Disconnected" => "Connecting"
2026-08-24 06:34:24.932 +04:00 [INF] [Sckt 49] subscription 16284 completed successfully
2026-08-24 06:34:24.933 +04:00 [INF] UsdFutures order book SUIUSDT status changed: "Connecting" => "Syncing"
2026-08-24 06:34:25.313 +04:00 [INF] UsdFutures order book SUIUSDT status changed: "Syncing" => "Synced"
2026-08-24 06:34:25.315 +04:00 [INF] Futures book Binance:SUIUSDT "Synced"
2026-08-24 06:34:25.316 +04:00 [INF] V5 order book SUIUSDT status changed: "Disconnected" => "Connecting"
2026-08-24 06:34:25.515 +04:00 [INF] [Sckt 50] subscription 16288 completed successfully
2026-08-24 06:34:25.518 +04:00 [INF] V5 order book SUIUSDT status changed: "Connecting" => "Syncing"
2026-08-24 06:34:25.519 +04:00 [INF] V5 order book SUIUSDT status changed: "Syncing" => "Synced"
2026-08-24 06:34:25.520 +04:00 [INF] Futures book Bybit:SUIUSDT "Synced"
2026-08-24 06:34:25.521 +04:00 [INF] Unified order book SUI-USDT-SWAP status changed: "Disconnected" => "Connecting"
2026-08-24 06:34:25.848 +04:00 [INF] [Sckt 51] subscription 16291 completed successfully
2026-08-24 06:34:25.849 +04:00 [INF] Unified order book SUI-USDT-SWAP status changed: "Connecting" => "Syncing"
2026-08-24 06:34:26.086 +04:00 [INF] Unified order book SUI-USDT-SWAP status changed: "Syncing" => "Synced"
2026-08-24 06:34:26.088 +04:00 [INF] Futures book OKX:SUIUSDT "Synced"
2026-08-24 06:34:26.089 +04:00 [INF] Futures order book SUIUSDT status changed: "Disconnected" => "Connecting"
2026-08-24 06:34:26.356 +04:00 [INF] [Sckt 52] subscription 16293 completed successfully
2026-08-24 06:34:26.358 +04:00 [INF] Futures order book SUIUSDT status changed: "Connecting" => "Syncing"
2026-08-24 06:34:26.408 +04:00 [INF] Futures order book SUIUSDT status changed: "Syncing" => "Synced"
2026-08-24 06:34:26.409 +04:00 [INF] Futures book Bitget:SUIUSDT "Synced"
2026-08-24 06:34:26.410 +04:00 [INF] UsdFutures order book HYPEUSDT status changed: "Disconnected" => "Connecting"
2026-08-24 06:34:26.832 +04:00 [INF] [Sckt 49] subscription 16295 completed successfully
2026-08-24 06:34:26.833 +04:00 [INF] UsdFutures order book HYPEUSDT status changed: "Connecting" => "Syncing"
2026-08-24 06:34:27.227 +04:00 [INF] UsdFutures order book HYPEUSDT status changed: "Syncing" => "Synced"
2026-08-24 06:34:27.228 +04:00 [INF] Futures book Binance:HYPEUSDT "Synced"
2026-08-24 06:34:27.229 +04:00 [INF] V5 order book HYPEUSDT status changed: "Disconnected" => "Connecting"
2026-08-24 06:34:27.427 +04:00 [INF] [Sckt 50] subscription 16299 completed successfully
2026-08-24 06:34:27.428 +04:00 [INF] V5 order book HYPEUSDT status changed: "Connecting" => "Syncing"
2026-08-24 06:34:27.429 +04:00 [INF] V5 order book HYPEUSDT status changed: "Syncing" => "Synced"
2026-08-24 06:34:27.430 +04:00 [INF] Futures book Bybit:HYPEUSDT "Synced"
2026-08-24 06:34:27.431 +04:00 [INF] Unified order book HYPE-USDT-SWAP status changed: "Disconnected" => "Connecting"
2026-08-24 06:34:27.757 +04:00 [INF] [Sckt 51] subscription 16302 completed successfully
2026-08-24 06:34:27.757 +04:00 [INF] Unified order book HYPE-USDT-SWAP status changed: "Connecting" => "Syncing"
2026-08-24 06:34:27.884 +04:00 [INF] Unified order book HYPE-USDT-SWAP status changed: "Syncing" => "Synced"
2026-08-24 06:34:27.886 +04:00 [INF] Futures book OKX:HYPEUSDT "Synced"
2026-08-24 06:34:27.887 +04:00 [INF] Futures order book HYPEUSDT status changed: "Disconnected" => "Connecting"
2026-08-24 06:34:28.169 +04:00 [INF] [Sckt 52] subscription 16304 completed successfully
2026-08-24 06:34:28.170 +04:00 [INF] Futures order book HYPEUSDT status changed: "Connecting" => "Syncing"
2026-08-24 06:34:28.171 +04:00 [INF] Futures order book HYPEUSDT status changed: "Syncing" => "Synced"
2026-08-24 06:34:28.172 +04:00 [INF] Futures book Bitget:HYPEUSDT "Synced"
2026-08-24 06:34:28.173 +04:00 [INF] UsdFutures order book ZECUSDT status changed: "Disconnected" => "Connecting"
2026-08-24 06:34:28.536 +04:00 [INF] [Sckt 49] subscription 16306 completed successfully
2026-08-24 06:34:28.538 +04:00 [INF] UsdFutures order book ZECUSDT status changed: "Connecting" => "Syncing"
2026-08-24 06:34:28.927 +04:00 [INF] UsdFutures order book ZECUSDT status changed: "Syncing" => "Synced"
2026-08-24 06:34:28.929 +04:00 [INF] Futures book Binance:ZECUSDT "Synced"
2026-08-24 06:34:28.929 +04:00 [INF] V5 order book ZECUSDT status changed: "Disconnected" => "Connecting"
2026-08-24 06:34:29.128 +04:00 [INF] [Sckt 50] subscription 16310 completed successfully
2026-08-24 06:34:29.129 +04:00 [INF] V5 order book ZECUSDT status changed: "Connecting" => "Syncing"
2026-08-24 06:34:29.129 +04:00 [INF] V5 order book ZECUSDT status changed: "Syncing" => "Synced"
2026-08-24 06:34:29.130 +04:00 [INF] Futures book Bybit:ZECUSDT "Synced"
2026-08-24 06:34:29.131 +04:00 [INF] Unified order book ZEC-USDT-SWAP status changed: "Disconnected" => "Connecting"
2026-08-24 06:34:29.457 +04:00 [INF] [Sckt 51] subscription 16313 completed successfully
2026-08-24 06:34:29.459 +04:00 [INF] Unified order book ZEC-USDT-SWAP status changed: "Connecting" => "Syncing"
2026-08-24 06:34:29.707 +04:00 [INF] Unified order book ZEC-USDT-SWAP status changed: "Syncing" => "Synced"
2026-08-24 06:34:29.707 +04:00 [INF] Futures book OKX:ZECUSDT "Synced"
2026-08-24 06:34:29.708 +04:00 [INF] Futures order book ZECUSDT status changed: "Disconnected" => "Connecting"
2026-08-24 06:34:29.978 +04:00 [INF] [Sckt 52] subscription 16315 completed successfully
2026-08-24 06:34:29.979 +04:00 [INF] Futures order book ZECUSDT status changed: "Connecting" => "Syncing"
2026-08-24 06:34:29.979 +04:00 [INF] Futures order book ZECUSDT status changed: "Syncing" => "Synced"
2026-08-24 06:34:29.980 +04:00 [INF] Futures book Bitget:ZECUSDT "Synced"
2026-08-24 06:34:29.981 +04:00 [INF] UsdFutures order book TRUMPUSDT status changed: "Disconnected" => "Connecting"
2026-08-24 06:34:30.338 +04:00 [INF] [Sckt 49] subscription 16317 completed successfully
2026-08-24 06:34:30.339 +04:00 [INF] UsdFutures order book TRUMPUSDT status changed: "Connecting" => "Syncing"
2026-08-24 06:34:30.715 +04:00 [INF] UsdFutures order book TRUMPUSDT status changed: "Syncing" => "Synced"
2026-08-24 06:34:30.716 +04:00 [INF] Futures book Binance:TRUMPUSDT "Synced"
2026-08-24 06:34:30.717 +04:00 [INF] V5 order book TRUMPUSDT status changed: "Disconnected" => "Connecting"
2026-08-24 06:34:30.917 +04:00 [INF] [Sckt 50] subscription 16321 completed successfully
2026-08-24 06:34:30.918 +04:00 [INF] V5 order book TRUMPUSDT status changed: "Connecting" => "Syncing"
2026-08-24 06:34:30.918 +04:00 [INF] V5 order book TRUMPUSDT status changed: "Syncing" => "Synced"
2026-08-24 06:34:30.919 +04:00 [INF] Futures book Bybit:TRUMPUSDT "Synced"
2026-08-24 06:34:30.932 +04:00 [INF] Unified order book TRUMP-USDT-SWAP status changed: "Disconnected" => "Connecting"
2026-08-24 06:34:31.259 +04:00 [INF] [Sckt 51] subscription 16324 completed successfully
2026-08-24 06:34:31.261 +04:00 [INF] Unified order book TRUMP-USDT-SWAP status changed: "Connecting" => "Syncing"
2026-08-24 06:34:31.500 +04:00 [INF] Unified order book TRUMP-USDT-SWAP status changed: "Syncing" => "Synced"
2026-08-24 06:34:31.503 +04:00 [INF] Futures book OKX:TRUMPUSDT "Synced"
2026-08-24 06:34:31.504 +04:00 [INF] Futures order book TRUMPUSDT status changed: "Disconnected" => "Connecting"
2026-08-24 06:34:31.771 +04:00 [INF] [Sckt 52] subscription 16326 completed successfully
2026-08-24 06:34:31.772 +04:00 [INF] Futures order book TRUMPUSDT status changed: "Connecting" => "Syncing"
2026-08-24 06:34:31.829 +04:00 [INF] Futures order book TRUMPUSDT status changed: "Syncing" => "Synced"
2026-08-24 06:34:31.830 +04:00 [INF] Futures book Bitget:TRUMPUSDT "Synced"
2026-08-24 06:34:31.831 +04:00 [INF] UsdFutures order book WLDUSDT status changed: "Disconnected" => "Connecting"
2026-08-24 06:34:32.240 +04:00 [INF] [Sckt 49] subscription 16328 completed successfully
2026-08-24 06:34:32.241 +04:00 [INF] UsdFutures order book WLDUSDT status changed: "Connecting" => "Syncing"
2026-08-24 06:34:32.662 +04:00 [INF] UsdFutures order book WLDUSDT status changed: "Syncing" => "Synced"
2026-08-24 06:34:32.664 +04:00 [INF] Futures book Binance:WLDUSDT "Synced"
2026-08-24 06:34:32.665 +04:00 [INF] V5 order book WLDUSDT status changed: "Disconnected" => "Connecting"
2026-08-24 06:34:32.863 +04:00 [INF] [Sckt 50] subscription 16332 completed successfully
2026-08-24 06:34:32.865 +04:00 [INF] V5 order book WLDUSDT status changed: "Connecting" => "Syncing"
2026-08-24 06:34:32.866 +04:00 [INF] V5 order book WLDUSDT status changed: "Syncing" => "Synced"
2026-08-24 06:34:32.867 +04:00 [INF] Futures book Bybit:WLDUSDT "Synced"
2026-08-24 06:34:32.867 +04:00 [INF] Unified order book WLD-USDT-SWAP status changed: "Disconnected" => "Connecting"
2026-08-24 06:34:33.196 +04:00 [INF] [Sckt 51] subscription 16335 completed successfully
2026-08-24 06:34:33.198 +04:00 [INF] Unified order book WLD-USDT-SWAP status changed: "Connecting" => "Syncing"
2026-08-24 06:34:33.322 +04:00 [INF] Unified order book WLD-USDT-SWAP status changed: "Syncing" => "Synced"
2026-08-24 06:34:33.323 +04:00 [INF] Futures book OKX:WLDUSDT "Synced"
2026-08-24 06:34:33.324 +04:00 [INF] Futures order book WLDUSDT status changed: "Disconnected" => "Connecting"
2026-08-24 06:34:33.596 +04:00 [INF] [Sckt 52] subscription 16337 completed successfully
2026-08-24 06:34:33.598 +04:00 [INF] Futures order book WLDUSDT status changed: "Connecting" => "Syncing"
2026-08-24 06:34:33.599 +04:00 [INF] Futures order book WLDUSDT status changed: "Syncing" => "Synced"
2026-08-24 06:34:33.600 +04:00 [INF] Futures book Bitget:WLDUSDT "Synced"
2026-08-24 06:34:33.600 +04:00 [INF] UsdFutures order book SOLUSDT status changed: "Disconnected" => "Connecting"
2026-08-24 06:34:33.941 +04:00 [INF] [Sckt 49] subscription 16339 completed successfully
2026-08-24 06:34:33.943 +04:00 [INF] UsdFutures order book SOLUSDT status changed: "Connecting" => "Syncing"
2026-08-24 06:34:34.324 +04:00 [INF] UsdFutures order book SOLUSDT status changed: "Syncing" => "Synced"
2026-08-24 06:34:34.326 +04:00 [INF] Futures book Binance:SOLUSDT "Synced"
2026-08-24 06:34:34.327 +04:00 [INF] V5 order book SOLUSDT status changed: "Disconnected" => "Connecting"
2026-08-24 06:34:34.527 +04:00 [INF] [Sckt 50] subscription 16343 completed successfully
2026-08-24 06:34:34.528 +04:00 [INF] V5 order book SOLUSDT status changed: "Connecting" => "Syncing"
2026-08-24 06:34:34.528 +04:00 [INF] V5 order book SOLUSDT status changed: "Syncing" => "Synced"
2026-08-24 06:34:34.529 +04:00 [INF] Futures book Bybit:SOLUSDT "Synced"
2026-08-24 06:34:34.530 +04:00 [INF] Unified order book SOL-USDT-SWAP status changed: "Disconnected" => "Connecting"
2026-08-24 06:34:34.861 +04:00 [INF] [Sckt 51] subscription 16346 completed successfully
2026-08-24 06:34:34.862 +04:00 [INF] Unified order book SOL-USDT-SWAP status changed: "Connecting" => "Syncing"
2026-08-24 06:34:35.114 +04:00 [INF] Unified order book SOL-USDT-SWAP status changed: "Syncing" => "Synced"
2026-08-24 06:34:35.115 +04:00 [INF] Futures book OKX:SOLUSDT "Synced"
2026-08-24 06:34:35.116 +04:00 [INF] Futures order book SOLUSDT status changed: "Disconnected" => "Connecting"
2026-08-24 06:34:35.386 +04:00 [INF] [Sckt 52] subscription 16348 completed successfully
2026-08-24 06:34:35.388 +04:00 [INF] Futures order book SOLUSDT status changed: "Connecting" => "Syncing"
2026-08-24 06:34:35.389 +04:00 [INF] Futures order book SOLUSDT status changed: "Syncing" => "Synced"
2026-08-24 06:34:35.390 +04:00 [INF] Futures book Bitget:SOLUSDT "Synced"
2026-08-24 06:34:35.391 +04:00 [INF] UsdFutures order book ADAUSDT status changed: "Disconnected" => "Connecting"
2026-08-24 06:34:35.743 +04:00 [INF] [Sckt 49] subscription 16350 completed successfully
2026-08-24 06:34:35.743 +04:00 [INF] UsdFutures order book ADAUSDT status changed: "Connecting" => "Syncing"
2026-08-24 06:34:36.128 +04:00 [INF] UsdFutures order book ADAUSDT status changed: "Syncing" => "Synced"
2026-08-24 06:34:36.130 +04:00 [INF] Futures book Binance:ADAUSDT "Synced"
2026-08-24 06:34:36.131 +04:00 [INF] V5 order book ADAUSDT status changed: "Disconnected" => "Connecting"
2026-08-24 06:34:36.329 +04:00 [INF] [Sckt 50] subscription 16354 completed successfully
2026-08-24 06:34:36.330 +04:00 [INF] V5 order book ADAUSDT status changed: "Connecting" => "Syncing"
2026-08-24 06:34:36.331 +04:00 [INF] V5 order book ADAUSDT status changed: "Syncing" => "Synced"
2026-08-24 06:34:36.332 +04:00 [INF] Futures book Bybit:ADAUSDT "Synced"
2026-08-24 06:34:36.332 +04:00 [INF] Unified order book ADA-USDT-SWAP status changed: "Disconnected" => "Connecting"
2026-08-24 06:34:36.662 +04:00 [INF] [Sckt 51] subscription 16357 completed successfully
2026-08-24 06:34:36.663 +04:00 [INF] Unified order book ADA-USDT-SWAP status changed: "Connecting" => "Syncing"
2026-08-24 06:34:36.905 +04:00 [INF] Unified order book ADA-USDT-SWAP status changed: "Syncing" => "Synced"
2026-08-24 06:34:36.906 +04:00 [INF] Futures book OKX:ADAUSDT "Synced"
2026-08-24 06:34:36.907 +04:00 [INF] Futures order book ADAUSDT status changed: "Disconnected" => "Connecting"
2026-08-24 06:34:37.178 +04:00 [INF] [Sckt 52] subscription 16359 completed successfully
2026-08-24 06:34:37.179 +04:00 [INF] Futures order book ADAUSDT status changed: "Connecting" => "Syncing"
2026-08-24 06:34:37.230 +04:00 [INF] Futures order book ADAUSDT status changed: "Syncing" => "Synced"
2026-08-24 06:34:37.232 +04:00 [INF] Futures book Bitget:ADAUSDT "Synced"
2026-08-24 06:34:37.232 +04:00 [INF] UsdFutures order book PENGUUSDT status changed: "Disconnected" => "Connecting"
2026-08-24 06:34:37.646 +04:00 [INF] [Sckt 49] subscription 16361 completed successfully
2026-08-24 06:34:37.647 +04:00 [INF] UsdFutures order book PENGUUSDT status changed: "Connecting" => "Syncing"
2026-08-24 06:34:38.034 +04:00 [INF] UsdFutures order book PENGUUSDT status changed: "Syncing" => "Synced"
2026-08-24 06:34:38.036 +04:00 [INF] Futures book Binance:PENGUUSDT "Synced"
2026-08-24 06:34:38.036 +04:00 [INF] V5 order book PENGUUSDT status changed: "Disconnected" => "Connecting"
2026-08-24 06:34:38.236 +04:00 [INF] [Sckt 50] subscription 16367 completed successfully
2026-08-24 06:34:38.237 +04:00 [INF] V5 order book PENGUUSDT status changed: "Connecting" => "Syncing"
2026-08-24 06:34:38.239 +04:00 [INF] V5 order book PENGUUSDT status changed: "Syncing" => "Synced"
2026-08-24 06:34:38.240 +04:00 [INF] Futures book Bybit:PENGUUSDT "Synced"
2026-08-24 06:34:38.240 +04:00 [INF] Unified order book PENGU-USDT-SWAP status changed: "Disconnected" => "Connecting"
2026-08-24 06:34:38.573 +04:00 [INF] [Sckt 51] subscription 16370 completed successfully
2026-08-24 06:34:38.576 +04:00 [INF] Unified order book PENGU-USDT-SWAP status changed: "Connecting" => "Syncing"
2026-08-24 06:34:38.691 +04:00 [INF] Unified order book PENGU-USDT-SWAP status changed: "Syncing" => "Synced"
2026-08-24 06:34:38.692 +04:00 [INF] Futures book OKX:PENGUUSDT "Synced"
2026-08-24 06:34:38.693 +04:00 [INF] Futures order book PENGUUSDT status changed: "Disconnected" => "Connecting"
2026-08-24 06:34:38.971 +04:00 [INF] [Sckt 52] subscription 16372 completed successfully
2026-08-24 06:34:38.972 +04:00 [INF] Futures order book PENGUUSDT status changed: "Connecting" => "Syncing"
2026-08-24 06:34:39.031 +04:00 [INF] Futures order book PENGUUSDT status changed: "Syncing" => "Synced"
2026-08-24 06:34:39.033 +04:00 [INF] Futures book Bitget:PENGUUSDT "Synced"
2026-08-24 06:34:39.033 +04:00 [INF] UsdFutures order book ONDOUSDT status changed: "Disconnected" => "Connecting"
2026-08-24 06:34:40.322 +04:00 [INF] [Sckt 53] subscription 16375 completed successfully
2026-08-24 06:34:40.323 +04:00 [INF] UsdFutures order book ONDOUSDT status changed: "Connecting" => "Syncing"
2026-08-24 06:34:40.746 +04:00 [INF] UsdFutures order book ONDOUSDT status changed: "Syncing" => "Synced"
2026-08-24 06:34:40.746 +04:00 [INF] Futures book Binance:ONDOUSDT "Synced"
2026-08-24 06:34:40.747 +04:00 [INF] V5 order book ONDOUSDT status changed: "Disconnected" => "Connecting"
2026-08-24 06:34:41.543 +04:00 [INF] [Sckt 54] subscription 16379 completed successfully
2026-08-24 06:34:41.545 +04:00 [INF] V5 order book ONDOUSDT status changed: "Connecting" => "Syncing"
2026-08-24 06:34:41.546 +04:00 [INF] V5 order book ONDOUSDT status changed: "Syncing" => "Synced"
2026-08-24 06:34:41.547 +04:00 [INF] Futures book Bybit:ONDOUSDT "Synced"
2026-08-24 06:34:41.548 +04:00 [INF] Unified order book ONDO-USDT-SWAP status changed: "Disconnected" => "Connecting"
2026-08-24 06:34:42.873 +04:00 [INF] [Sckt 55] subscription 16382 completed successfully
2026-08-24 06:34:42.880 +04:00 [INF] Unified order book ONDO-USDT-SWAP status changed: "Connecting" => "Syncing"
2026-08-24 06:34:43.556 +04:00 [INF] Unified order book ONDO-USDT-SWAP status changed: "Syncing" => "Synced"
2026-08-24 06:34:43.558 +04:00 [INF] Futures book OKX:ONDOUSDT "Synced"
2026-08-24 06:34:43.560 +04:00 [INF] Futures order book ONDOUSDT status changed: "Disconnected" => "Connecting"
2026-08-24 06:34:44.650 +04:00 [INF] [Sckt 56] subscription 16384 completed successfully
2026-08-24 06:34:44.651 +04:00 [INF] Futures order book ONDOUSDT status changed: "Connecting" => "Syncing"
2026-08-24 06:34:44.652 +04:00 [INF] Futures order book ONDOUSDT status changed: "Syncing" => "Synced"
2026-08-24 06:34:44.653 +04:00 [INF] Futures book Bitget:ONDOUSDT "Synced"
2026-08-24 06:34:44.653 +04:00 [INF] UsdFutures order book SKHYNIXUSDT status changed: "Disconnected" => "Connecting"
2026-08-24 06:34:45.028 +04:00 [INF] [Sckt 53] subscription 16386 completed successfully
2026-08-24 06:34:45.029 +04:00 [INF] UsdFutures order book SKHYNIXUSDT status changed: "Connecting" => "Syncing"
2026-08-24 06:34:45.412 +04:00 [INF] UsdFutures order book SKHYNIXUSDT status changed: "Syncing" => "Synced"
2026-08-24 06:34:45.413 +04:00 [INF] Futures book Binance:SKHYNIXUSDT "Synced"
2026-08-24 06:34:45.414 +04:00 [INF] V5 order book SKHYNIXUSDT status changed: "Disconnected" => "Connecting"
2026-08-24 06:34:45.615 +04:00 [INF] [Sckt 54] subscription 16390 completed successfully
2026-08-24 06:34:45.616 +04:00 [INF] V5 order book SKHYNIXUSDT status changed: "Connecting" => "Syncing"
2026-08-24 06:34:45.617 +04:00 [INF] V5 order book SKHYNIXUSDT status changed: "Syncing" => "Synced"
2026-08-24 06:34:45.617 +04:00 [INF] Futures book Bybit:SKHYNIXUSDT "Synced"
2026-08-24 06:34:45.618 +04:00 [INF] Unified order book SKHYNIX-USDT-SWAP status changed: "Disconnected" => "Connecting"
2026-08-24 06:34:45.945 +04:00 [INF] [Sckt 55] subscription 16393 completed successfully
2026-08-24 06:34:45.946 +04:00 [INF] Unified order book SKHYNIX-USDT-SWAP status changed: "Connecting" => "Syncing"
2026-08-24 06:34:46.191 +04:00 [INF] Unified order book SKHYNIX-USDT-SWAP status changed: "Syncing" => "Synced"
2026-08-24 06:34:46.192 +04:00 [INF] Futures book OKX:SKHYNIXUSDT "Synced"
2026-08-24 06:34:46.193 +04:00 [INF] Futures order book SKHYNIXUSDT status changed: "Disconnected" => "Connecting"
2026-08-24 06:34:46.478 +04:00 [INF] [Sckt 56] subscription 16395 completed successfully
2026-08-24 06:34:46.479 +04:00 [INF] Futures order book SKHYNIXUSDT status changed: "Connecting" => "Syncing"
2026-08-24 06:34:46.480 +04:00 [INF] Futures order book SKHYNIXUSDT status changed: "Syncing" => "Synced"
2026-08-24 06:34:46.481 +04:00 [INF] Futures book Bitget:SKHYNIXUSDT "Synced"
2026-08-24 06:34:46.482 +04:00 [INF] UsdFutures order book XPLUSDT status changed: "Disconnected" => "Connecting"
2026-08-24 06:34:46.829 +04:00 [INF] [Sckt 53] subscription 16397 completed successfully
2026-08-24 06:34:46.830 +04:00 [INF] UsdFutures order book XPLUSDT status changed: "Connecting" => "Syncing"
2026-08-24 06:34:47.209 +04:00 [INF] UsdFutures order book XPLUSDT status changed: "Syncing" => "Synced"
2026-08-24 06:34:47.210 +04:00 [INF] Futures book Binance:XPLUSDT "Synced"
2026-08-24 06:34:47.211 +04:00 [INF] V5 order book XPLUSDT status changed: "Disconnected" => "Connecting"
2026-08-24 06:34:47.409 +04:00 [INF] [Sckt 54] subscription 16401 completed successfully
2026-08-24 06:34:47.409 +04:00 [INF] V5 order book XPLUSDT status changed: "Connecting" => "Syncing"
2026-08-24 06:34:47.410 +04:00 [INF] V5 order book XPLUSDT status changed: "Syncing" => "Synced"
2026-08-24 06:34:47.411 +04:00 [INF] Futures book Bybit:XPLUSDT "Synced"
2026-08-24 06:34:47.412 +04:00 [INF] Unified order book XPL-USDT-SWAP status changed: "Disconnected" => "Connecting"
2026-08-24 06:34:47.747 +04:00 [INF] [Sckt 55] subscription 16404 completed successfully
2026-08-24 06:34:47.764 +04:00 [INF] Unified order book XPL-USDT-SWAP status changed: "Connecting" => "Syncing"
2026-08-24 06:34:48.014 +04:00 [INF] Unified order book XPL-USDT-SWAP status changed: "Syncing" => "Synced"
2026-08-24 06:34:48.015 +04:00 [INF] Futures book OKX:XPLUSDT "Synced"
2026-08-24 06:34:48.016 +04:00 [INF] Futures order book XPLUSDT status changed: "Disconnected" => "Connecting"
2026-08-24 06:34:48.292 +04:00 [INF] [Sckt 56] subscription 16406 completed successfully
2026-08-24 06:34:48.293 +04:00 [INF] Futures order book XPLUSDT status changed: "Connecting" => "Syncing"
2026-08-24 06:34:48.293 +04:00 [INF] Futures order book XPLUSDT status changed: "Syncing" => "Synced"
2026-08-24 06:34:48.294 +04:00 [INF] Futures book Bitget:XPLUSDT "Synced"
2026-08-24 06:34:48.295 +04:00 [INF] UsdFutures order book SNDKUSDT status changed: "Disconnected" => "Connecting"
2026-08-24 06:34:48.631 +04:00 [INF] [Sckt 53] subscription 16408 completed successfully
2026-08-24 06:34:48.633 +04:00 [INF] UsdFutures order book SNDKUSDT status changed: "Connecting" => "Syncing"
2026-08-24 06:34:49.015 +04:00 [INF] UsdFutures order book SNDKUSDT status changed: "Syncing" => "Synced"
2026-08-24 06:34:49.016 +04:00 [INF] Futures book Binance:SNDKUSDT "Synced"
2026-08-24 06:34:49.017 +04:00 [INF] V5 order book SNDKUSDT status changed: "Disconnected" => "Connecting"
2026-08-24 06:34:49.218 +04:00 [INF] [Sckt 54] subscription 16412 completed successfully
2026-08-24 06:34:49.220 +04:00 [INF] V5 order book SNDKUSDT status changed: "Connecting" => "Syncing"
2026-08-24 06:34:49.221 +04:00 [INF] V5 order book SNDKUSDT status changed: "Syncing" => "Synced"
2026-08-24 06:34:49.222 +04:00 [INF] Futures book Bybit:SNDKUSDT "Synced"
2026-08-24 06:34:49.223 +04:00 [INF] Unified order book SNDK-USDT-SWAP status changed: "Disconnected" => "Connecting"
2026-08-24 06:34:49.550 +04:00 [INF] [Sckt 55] subscription 16415 completed successfully
2026-08-24 06:34:49.551 +04:00 [INF] Unified order book SNDK-USDT-SWAP status changed: "Connecting" => "Syncing"
2026-08-24 06:34:49.798 +04:00 [INF] Unified order book SNDK-USDT-SWAP status changed: "Syncing" => "Synced"
2026-08-24 06:34:49.799 +04:00 [INF] Futures book OKX:SNDKUSDT "Synced"
2026-08-24 06:34:49.800 +04:00 [INF] Futures order book SNDKUSDT status changed: "Disconnected" => "Connecting"
2026-08-24 06:34:50.065 +04:00 [INF] [Sckt 56] subscription 16417 completed successfully
2026-08-24 06:34:50.066 +04:00 [INF] Futures order book SNDKUSDT status changed: "Connecting" => "Syncing"
2026-08-24 06:34:50.067 +04:00 [INF] Futures order book SNDKUSDT status changed: "Syncing" => "Synced"
2026-08-24 06:34:50.068 +04:00 [INF] Futures book Bitget:SNDKUSDT "Synced"
2026-08-24 06:34:50.069 +04:00 [INF] UsdFutures order book ARBUSDT status changed: "Disconnected" => "Connecting"
2026-08-24 06:34:50.432 +04:00 [INF] [Sckt 53] subscription 16419 completed successfully
2026-08-24 06:34:50.433 +04:00 [INF] UsdFutures order book ARBUSDT status changed: "Connecting" => "Syncing"
2026-08-24 06:34:50.828 +04:00 [INF] UsdFutures order book ARBUSDT status changed: "Syncing" => "Synced"
2026-08-24 06:34:50.840 +04:00 [INF] Futures book Binance:ARBUSDT "Synced"
2026-08-24 06:34:50.840 +04:00 [INF] V5 order book ARBUSDT status changed: "Disconnected" => "Connecting"
2026-08-24 06:34:51.039 +04:00 [INF] [Sckt 54] subscription 16423 completed successfully
2026-08-24 06:34:51.040 +04:00 [INF] V5 order book ARBUSDT status changed: "Connecting" => "Syncing"
2026-08-24 06:34:51.041 +04:00 [INF] V5 order book ARBUSDT status changed: "Syncing" => "Synced"
2026-08-24 06:34:51.042 +04:00 [INF] Futures book Bybit:ARBUSDT "Synced"
2026-08-24 06:34:51.042 +04:00 [INF] Unified order book ARB-USDT-SWAP status changed: "Disconnected" => "Connecting"
2026-08-24 06:34:51.371 +04:00 [INF] [Sckt 55] subscription 16427 completed successfully
2026-08-24 06:34:51.373 +04:00 [INF] Unified order book ARB-USDT-SWAP status changed: "Connecting" => "Syncing"
2026-08-24 06:34:51.615 +04:00 [INF] Unified order book ARB-USDT-SWAP status changed: "Syncing" => "Synced"
2026-08-24 06:34:51.617 +04:00 [INF] Futures book OKX:ARBUSDT "Synced"
2026-08-24 06:34:51.618 +04:00 [INF] Futures order book ARBUSDT status changed: "Disconnected" => "Connecting"
2026-08-24 06:34:51.882 +04:00 [INF] [Sckt 56] subscription 16429 completed successfully
2026-08-24 06:34:51.884 +04:00 [INF] Futures order book ARBUSDT status changed: "Connecting" => "Syncing"
2026-08-24 06:34:51.887 +04:00 [INF] Futures order book ARBUSDT status changed: "Syncing" => "Synced"
2026-08-24 06:34:51.888 +04:00 [INF] Futures book Bitget:ARBUSDT "Synced"
2026-08-24 06:34:51.889 +04:00 [INF] Exchange Binance: 15/15 streams live
2026-08-24 06:34:51.890 +04:00 [INF] Exchange Bybit: 15/15 streams live
2026-08-24 06:34:51.890 +04:00 [INF] Exchange OKX: 15/15 streams live
2026-08-24 06:34:51.891 +04:00 [INF] Exchange Bitget: 15/15 streams live
2026-08-24 06:40:48.570 +04:00 [INF] Futures scan: 1 candidate(s), best RT=0.111% open=0.216%
2026-08-24 06:40:48.575 +04:00 [INF] FUT PAPER OPEN ZECUSDT L:OKX S:Bybit qty=0.236578 lev=3x margin=66.67 edge=0.216%
2026-08-24 06:40:48.577 +04:00 [INF] Opened futures paper hedge (1): ZECUSDT: L OKX@842.68 / S Bybit@845.39 | RT 0.111% fund 0.010% → 0.121%
2026-08-24 06:40:50.657 +04:00 [INF] FUT PAPER CLOSE ZECUSDT pnl=-0.0206 reason=converge lev=3x
2026-08-24 06:53:58.058 +04:00 [INF] Discovery: public tickers Binance/Bybit/OKX (arb band 8000000–400000000 USDT vol, top 15)
2026-08-24 06:53:58.809 +04:00 [INF] Binance fapi: 692 USDT perps with volume
2026-08-24 06:53:59.293 +04:00 [INF] Bybit linear: 725 USDT perps with volume
2026-08-24 06:53:59.693 +04:00 [INF] OKX SWAP: 434 USDT perps with volume
2026-08-24 06:54:00.107 +04:00 [INF] Bitget USDT-FUTURES: 755 tickers with volume
2026-08-24 06:54:03.436 +04:00 [INF] GateIo USDT futures: 929 tickers with volume
2026-08-24 06:54:03.960 +04:00 [INF] Discovered 15 arb pairs: DOGEUSDT@5ex/249.4M, ENAUSDT@5ex/265.8M, SUIUSDT@5ex/131.3M, HYPEUSDT@5ex/211.1M, ZECUSDT@5ex/249.4M, TRUMPUSDT@5ex/306.9M, WLDUSDT@5ex/51.6M, SOLUSDT@5ex/382.7M, ADAUSDT@5ex/102.3M, PENGUUSDT@5ex/80.8M, SKHYNIXUSDT@5ex/62.8M, ONDOUSDT@5ex/61M, XPLUSDT@5ex/60.7M, SNDKUSDT@5ex/57.6M, XAUUSDT@5ex/54.9M
2026-08-24 06:54:03.961 +04:00 [INF] Symbol refresh (http-tickers-arb): [DOGEUSDT,ENAUSDT,SUIUSDT,HYPEUSDT,ZECUSDT,TRUMPUSDT,WLDUSDT,SOLUSDT,ADAUSDT,PENGUUSDT,ONDOUSDT,SKHYNIXUSDT,XPLUSDT,SNDKUSDT,ARBUSDT] → [DOGEUSDT,ENAUSDT,SUIUSDT,HYPEUSDT,ZECUSDT,TRUMPUSDT,WLDUSDT,SOLUSDT,ADAUSDT,PENGUUSDT,SKHYNIXUSDT,ONDOUSDT,XPLUSDT,SNDKUSDT,XAUUSDT] | changed=true
2026-08-24 06:54:03.962 +04:00 [INF] Restarting futures books for new symbol set…
2026-08-24 06:54:04.375 +04:00 [INF] [Sckt 49] subscription 16284 unsubscribed
2026-08-24 06:54:04.376 +04:00 [INF] UsdFutures order book SUIUSDT status changed: "Synced" => "Disconnected"
2026-08-24 06:54:04.576 +04:00 [INF] [Sckt 54] subscription 16390 unsubscribed
2026-08-24 06:54:04.579 +04:00 [INF] V5 order book SKHYNIXUSDT status changed: "Synced" => "Disconnected"
2026-08-24 06:54:04.906 +04:00 [INF] [Sckt 55] subscription 16393 unsubscribed
2026-08-24 06:54:04.907 +04:00 [INF] Unified order book SKHYNIX-USDT-SWAP status changed: "Synced" => "Disconnected"
2026-08-24 06:54:05.105 +04:00 [INF] [Sckt 50] subscription 16354 unsubscribed
2026-08-24 06:54:05.106 +04:00 [INF] V5 order book ADAUSDT status changed: "Synced" => "Disconnected"
2026-08-24 06:54:05.434 +04:00 [INF] [Sckt 51] subscription 16269 unsubscribed
2026-08-24 06:54:05.437 +04:00 [INF] Unified order book DOGE-USDT-SWAP status changed: "Synced" => "Disconnected"
2026-08-24 06:54:05.712 +04:00 [INF] [Sckt 52] subscription 16326 unsubscribed
2026-08-24 06:54:05.713 +04:00 [INF] Futures order book TRUMPUSDT status changed: "Synced" => "Disconnected"
2026-08-24 06:54:05.977 +04:00 [INF] [Sckt 56] subscription 16429 unsubscribed
2026-08-24 06:54:05.978 +04:00 [INF] Futures order book ARBUSDT status changed: "Synced" => "Disconnected"
2026-08-24 06:54:06.305 +04:00 [INF] [Sckt 55] subscription 16427 unsubscribed
2026-08-24 06:54:06.306 +04:00 [INF] Unified order book ARB-USDT-SWAP status changed: "Synced" => "Disconnected"
2026-08-24 06:54:06.585 +04:00 [INF] [Sckt 52] subscription 16359 unsubscribed
2026-08-24 06:54:06.587 +04:00 [INF] Futures order book ADAUSDT status changed: "Synced" => "Disconnected"
2026-08-24 06:54:06.914 +04:00 [INF] [Sckt 51] subscription 16291 unsubscribed
2026-08-24 06:54:06.915 +04:00 [INF] Unified order book SUI-USDT-SWAP status changed: "Synced" => "Disconnected"
2026-08-24 06:54:07.187 +04:00 [INF] [Sckt 52] subscription 16348 unsubscribed
2026-08-24 06:54:07.187 +04:00 [INF] Futures order book SOLUSDT status changed: "Synced" => "Disconnected"
2026-08-24 06:54:07.455 +04:00 [INF] [Sckt 52] subscription 16372 unsubscribed
2026-08-24 06:54:07.456 +04:00 [INF] Futures order book PENGUUSDT status changed: "Synced" => "Disconnected"
2026-08-24 06:54:07.783 +04:00 [INF] [Sckt 51] subscription 16280 unsubscribed
2026-08-24 06:54:07.784 +04:00 [INF] Unified order book ENA-USDT-SWAP status changed: "Synced" => "Disconnected"
2026-08-24 06:54:08.109 +04:00 [INF] [Sckt 51] subscription 16370 unsubscribed
2026-08-24 06:54:08.110 +04:00 [INF] Unified order book PENGU-USDT-SWAP status changed: "Synced" => "Disconnected"
2026-08-24 06:54:08.384 +04:00 [INF] [Sckt 56] subscription 16406 unsubscribed
2026-08-24 06:54:08.386 +04:00 [INF] Futures order book XPLUSDT status changed: "Synced" => "Disconnected"
2026-08-24 06:54:08.781 +04:00 [INF] [Sckt 49] subscription 16328 unsubscribed
2026-08-24 06:54:08.782 +04:00 [INF] UsdFutures order book WLDUSDT status changed: "Synced" => "Disconnected"
2026-08-24 06:54:08.979 +04:00 [INF] [Sckt 50] subscription 16288 unsubscribed
2026-08-24 06:54:08.980 +04:00 [INF] V5 order book SUIUSDT status changed: "Synced" => "Disconnected"
2026-08-24 06:54:09.381 +04:00 [INF] [Sckt 49] subscription 16350 unsubscribed
2026-08-24 06:54:09.383 +04:00 [INF] UsdFutures order book ADAUSDT status changed: "Synced" => "Disconnected"
2026-08-24 06:54:09.581 +04:00 [INF] [Sckt 50] subscription 16277 unsubscribed
2026-08-24 06:54:09.582 +04:00 [INF] V5 order book ENAUSDT status changed: "Synced" => "Disconnected"
2026-08-24 06:54:09.980 +04:00 [INF] [Sckt 53] subscription 16397 unsubscribed
2026-08-24 06:54:09.981 +04:00 [INF] UsdFutures order book XPLUSDT status changed: "Synced" => "Disconnected"
2026-08-24 06:54:10.260 +04:00 [INF] [Sckt 56] subscription 16384 unsubscribed
2026-08-24 06:54:10.263 +04:00 [INF] Futures order book ONDOUSDT status changed: "Synced" => "Disconnected"
2026-08-24 06:54:10.529 +04:00 [INF] [Sckt 56] subscription 16395 unsubscribed
2026-08-24 06:54:10.530 +04:00 [INF] Futures order book SKHYNIXUSDT status changed: "Synced" => "Disconnected"
2026-08-24 06:54:10.858 +04:00 [INF] [Sckt 51] subscription 16346 unsubscribed
2026-08-24 06:54:10.859 +04:00 [INF] Unified order book SOL-USDT-SWAP status changed: "Synced" => "Disconnected"
2026-08-24 06:54:11.186 +04:00 [INF] [Sckt 51] subscription 16313 unsubscribed
2026-08-24 06:54:11.187 +04:00 [INF] Unified order book ZEC-USDT-SWAP status changed: "Synced" => "Disconnected"
2026-08-24 06:54:11.387 +04:00 [INF] [Sckt 50] subscription 16266 unsubscribed
2026-08-24 06:54:11.388 +04:00 [INF] V5 order book DOGEUSDT status changed: "Synced" => "Disconnected"
2026-08-24 06:54:11.656 +04:00 [INF] [Sckt 52] subscription 16293 unsubscribed
2026-08-24 06:54:11.657 +04:00 [INF] Futures order book SUIUSDT status changed: "Synced" => "Disconnected"
2026-08-24 06:54:11.925 +04:00 [INF] [Sckt 52] subscription 16271 unsubscribed
2026-08-24 06:54:11.926 +04:00 [INF] Futures order book DOGEUSDT status changed: "Synced" => "Disconnected"
2026-08-24 06:54:12.254 +04:00 [INF] [Sckt 55] subscription 16382 unsubscribed
2026-08-24 06:54:12.256 +04:00 [INF] Unified order book ONDO-USDT-SWAP status changed: "Synced" => "Disconnected"
2026-08-24 06:54:12.456 +04:00 [INF] [Sckt 50] subscription 16310 unsubscribed
2026-08-24 06:54:12.457 +04:00 [INF] V5 order book ZECUSDT status changed: "Synced" => "Disconnected"
2026-08-24 06:54:12.784 +04:00 [INF] [Sckt 49] subscription 16339 unsubscribed
2026-08-24 06:54:12.785 +04:00 [INF] UsdFutures order book SOLUSDT status changed: "Synced" => "Disconnected"
2026-08-24 06:54:12.986 +04:00 [INF] [Sckt 54] subscription 16423 unsubscribed
2026-08-24 06:54:12.987 +04:00 [INF] V5 order book ARBUSDT status changed: "Synced" => "Disconnected"
2026-08-24 06:54:13.315 +04:00 [INF] [Sckt 55] subscription 16404 unsubscribed
2026-08-24 06:54:13.316 +04:00 [INF] Unified order book XPL-USDT-SWAP status changed: "Synced" => "Disconnected"
2026-08-24 06:54:13.653 +04:00 [INF] [Sckt 51] subscription 16302 unsubscribed
2026-08-24 06:54:13.655 +04:00 [INF] Unified order book HYPE-USDT-SWAP status changed: "Synced" => "Disconnected"
2026-08-24 06:54:13.985 +04:00 [INF] [Sckt 49] subscription 16262 unsubscribed
2026-08-24 06:54:13.986 +04:00 [INF] UsdFutures order book DOGEUSDT status changed: "Synced" => "Disconnected"
2026-08-24 06:54:14.385 +04:00 [INF] [Sckt 49] subscription 16306 unsubscribed
2026-08-24 06:54:14.386 +04:00 [INF] UsdFutures order book ZECUSDT status changed: "Synced" => "Disconnected"
2026-08-24 06:54:14.785 +04:00 [INF] [Sckt 53] subscription 16386 unsubscribed
2026-08-24 06:54:14.786 +04:00 [INF] UsdFutures order book SKHYNIXUSDT status changed: "Synced" => "Disconnected"
2026-08-24 06:54:15.114 +04:00 [INF] [Sckt 51] subscription 16335 unsubscribed
2026-08-24 06:54:15.115 +04:00 [INF] Unified order book WLD-USDT-SWAP status changed: "Synced" => "Disconnected"
2026-08-24 06:54:15.313 +04:00 [INF] [Sckt 50] subscription 16299 unsubscribed
2026-08-24 06:54:15.315 +04:00 [INF] V5 order book HYPEUSDT status changed: "Synced" => "Disconnected"
2026-08-24 06:54:15.514 +04:00 [INF] [Sckt 54] subscription 16401 unsubscribed
2026-08-24 06:54:15.515 +04:00 [INF] V5 order book XPLUSDT status changed: "Synced" => "Disconnected"
2026-08-24 06:54:15.802 +04:00 [INF] Futures order book SNDKUSDT status changed: "Synced" => "Disconnected"
2026-08-24 06:54:16.188 +04:00 [INF] [Sckt 53] subscription 16419 unsubscribed
2026-08-24 06:54:16.189 +04:00 [INF] UsdFutures order book ARBUSDT status changed: "Synced" => "Disconnected"
2026-08-24 06:54:16.587 +04:00 [INF] [Sckt 49] subscription 16295 unsubscribed
2026-08-24 06:54:16.588 +04:00 [INF] UsdFutures order book HYPEUSDT status changed: "Synced" => "Disconnected"
2026-08-24 06:54:16.787 +04:00 [INF] [Sckt 50] subscription 16321 unsubscribed
2026-08-24 06:54:16.788 +04:00 [INF] V5 order book TRUMPUSDT status changed: "Synced" => "Disconnected"
2026-08-24 06:54:16.986 +04:00 [INF] [Sckt 54] subscription 16412 unsubscribed
2026-08-24 06:54:16.987 +04:00 [INF] V5 order book SNDKUSDT status changed: "Synced" => "Disconnected"
2026-08-24 06:54:17.389 +04:00 [INF] [Sckt 53] subscription 16375 unsubscribed
2026-08-24 06:54:17.390 +04:00 [INF] UsdFutures order book ONDOUSDT status changed: "Synced" => "Disconnected"
2026-08-24 06:54:17.657 +04:00 [INF] [Sckt 52] subscription 16337 unsubscribed
2026-08-24 06:54:17.658 +04:00 [INF] Futures order book WLDUSDT status changed: "Synced" => "Disconnected"
2026-08-24 06:54:17.938 +04:00 [INF] [Sckt 52] subscription 16304 unsubscribed
2026-08-24 06:54:17.940 +04:00 [INF] Futures order book HYPEUSDT status changed: "Synced" => "Disconnected"
2026-08-24 06:54:18.290 +04:00 [INF] [Sckt 49] subscription 16317 unsubscribed
2026-08-24 06:54:18.291 +04:00 [INF] UsdFutures order book TRUMPUSDT status changed: "Synced" => "Disconnected"
2026-08-24 06:54:18.517 +04:00 [INF] V5 order book ONDOUSDT status changed: "Synced" => "Disconnected"
2026-08-24 06:54:18.714 +04:00 [INF] [Sckt 50] subscription 16343 unsubscribed
2026-08-24 06:54:18.715 +04:00 [INF] V5 order book SOLUSDT status changed: "Synced" => "Disconnected"
2026-08-24 06:54:19.043 +04:00 [INF] [Sckt 51] subscription 16357 unsubscribed
2026-08-24 06:54:19.044 +04:00 [INF] Unified order book ADA-USDT-SWAP status changed: "Synced" => "Disconnected"
2026-08-24 06:54:19.414 +04:00 [INF] UsdFutures order book SNDKUSDT status changed: "Synced" => "Disconnected"
2026-08-24 06:54:19.683 +04:00 [INF] [Sckt 52] subscription 16315 unsubscribed
2026-08-24 06:54:19.684 +04:00 [INF] Futures order book ZECUSDT status changed: "Synced" => "Disconnected"
2026-08-24 06:54:20.092 +04:00 [INF] [Sckt 49] subscription 16361 unsubscribed
2026-08-24 06:54:20.093 +04:00 [INF] UsdFutures order book PENGUUSDT status changed: "Synced" => "Disconnected"
2026-08-24 06:54:20.519 +04:00 [INF] UsdFutures order book ENAUSDT status changed: "Synced" => "Disconnected"
2026-08-24 06:54:20.881 +04:00 [INF] Unified order book SNDK-USDT-SWAP status changed: "Synced" => "Disconnected"
2026-08-24 06:54:21.078 +04:00 [INF] [Sckt 50] subscription 16332 unsubscribed
2026-08-24 06:54:21.079 +04:00 [INF] V5 order book WLDUSDT status changed: "Synced" => "Disconnected"
2026-08-24 06:54:21.296 +04:00 [INF] V5 order book PENGUUSDT status changed: "Synced" => "Disconnected"
2026-08-24 06:54:21.616 +04:00 [INF] Futures order book ENAUSDT status changed: "Synced" => "Disconnected"
2026-08-24 06:54:21.973 +04:00 [INF] Unified order book TRUMP-USDT-SWAP status changed: "Synced" => "Disconnected"
2026-08-24 06:54:21.975 +04:00 [INF] UsdFutures order book DOGEUSDT status changed: "Disconnected" => "Connecting"
2026-08-24 06:54:23.771 +04:00 [INF] [Sckt 57] subscription 16937 completed successfully
2026-08-24 06:54:23.772 +04:00 [INF] UsdFutures order book DOGEUSDT status changed: "Connecting" => "Syncing"
2026-08-24 06:54:24.164 +04:00 [INF] UsdFutures order book DOGEUSDT status changed: "Syncing" => "Synced"
2026-08-24 06:54:24.165 +04:00 [INF] Futures book Binance:DOGEUSDT "Synced"
2026-08-24 06:54:24.166 +04:00 [INF] V5 order book DOGEUSDT status changed: "Disconnected" => "Connecting"
2026-08-24 06:54:25.038 +04:00 [INF] [Sckt 58] subscription 16941 completed successfully
2026-08-24 06:54:25.038 +04:00 [INF] V5 order book DOGEUSDT status changed: "Connecting" => "Syncing"
2026-08-24 06:54:25.039 +04:00 [INF] V5 order book DOGEUSDT status changed: "Syncing" => "Synced"
2026-08-24 06:54:25.040 +04:00 [INF] Futures book Bybit:DOGEUSDT "Synced"
2026-08-24 06:54:25.040 +04:00 [INF] Unified order book DOGE-USDT-SWAP status changed: "Disconnected" => "Connecting"
2026-08-24 06:54:26.426 +04:00 [INF] [Sckt 59] subscription 16944 completed successfully
2026-08-24 06:54:26.427 +04:00 [INF] Unified order book DOGE-USDT-SWAP status changed: "Connecting" => "Syncing"
2026-08-24 06:54:26.983 +04:00 [INF] Unified order book DOGE-USDT-SWAP status changed: "Syncing" => "Synced"
2026-08-24 06:54:26.986 +04:00 [INF] Futures book OKX:DOGEUSDT "Synced"
2026-08-24 06:54:26.986 +04:00 [INF] Futures order book DOGEUSDT status changed: "Disconnected" => "Connecting"
2026-08-24 06:54:28.394 +04:00 [INF] [Sckt 60] subscription 16946 completed successfully
2026-08-24 06:54:28.399 +04:00 [INF] Futures order book DOGEUSDT status changed: "Connecting" => "Syncing"
2026-08-24 06:54:28.399 +04:00 [INF] Futures order book DOGEUSDT status changed: "Syncing" => "Synced"
2026-08-24 06:54:28.400 +04:00 [INF] Futures book Bitget:DOGEUSDT "Synced"
2026-08-24 06:54:28.401 +04:00 [INF] UsdFutures order book ENAUSDT status changed: "Disconnected" => "Connecting"
2026-08-24 06:54:28.774 +04:00 [INF] [Sckt 57] subscription 16948 completed successfully
2026-08-24 06:54:28.776 +04:00 [INF] UsdFutures order book ENAUSDT status changed: "Connecting" => "Syncing"
2026-08-24 06:54:29.626 +04:00 [INF] UsdFutures order book ENAUSDT status changed: "Syncing" => "Synced"
2026-08-24 06:54:29.627 +04:00 [INF] Futures book Binance:ENAUSDT "Synced"
2026-08-24 06:54:29.628 +04:00 [INF] V5 order book ENAUSDT status changed: "Disconnected" => "Connecting"
2026-08-24 06:54:29.826 +04:00 [INF] [Sckt 58] subscription 16952 completed successfully
2026-08-24 06:54:29.830 +04:00 [INF] V5 order book ENAUSDT status changed: "Connecting" => "Syncing"
2026-08-24 06:54:29.831 +04:00 [INF] V5 order book ENAUSDT status changed: "Syncing" => "Synced"
2026-08-24 06:54:29.834 +04:00 [INF] Futures book Bybit:ENAUSDT "Synced"
2026-08-24 06:54:29.835 +04:00 [INF] Unified order book ENA-USDT-SWAP status changed: "Disconnected" => "Connecting"
2026-08-24 06:54:30.160 +04:00 [INF] [Sckt 59] subscription 16955 completed successfully
2026-08-24 06:54:30.161 +04:00 [INF] Unified order book ENA-USDT-SWAP status changed: "Connecting" => "Syncing"
2026-08-24 06:54:30.277 +04:00 [INF] Unified order book ENA-USDT-SWAP status changed: "Syncing" => "Synced"
2026-08-24 06:54:30.277 +04:00 [INF] Futures book OKX:ENAUSDT "Synced"
2026-08-24 06:54:30.278 +04:00 [INF] Futures order book ENAUSDT status changed: "Disconnected" => "Connecting"
2026-08-24 06:54:30.543 +04:00 [INF] [Sckt 60] subscription 16957 completed successfully
2026-08-24 06:54:30.545 +04:00 [INF] Futures order book ENAUSDT status changed: "Connecting" => "Syncing"
2026-08-24 06:54:30.546 +04:00 [INF] Futures order book ENAUSDT status changed: "Syncing" => "Synced"
2026-08-24 06:54:30.547 +04:00 [INF] Futures book Bitget:ENAUSDT "Synced"
2026-08-24 06:54:30.548 +04:00 [INF] UsdFutures order book SUIUSDT status changed: "Disconnected" => "Connecting"
2026-08-24 06:54:30.978 +04:00 [INF] [Sckt 57] subscription 16959 completed successfully
2026-08-24 06:54:30.979 +04:00 [INF] UsdFutures order book SUIUSDT status changed: "Connecting" => "Syncing"
2026-08-24 06:54:31.364 +04:00 [INF] UsdFutures order book SUIUSDT status changed: "Syncing" => "Synced"
2026-08-24 06:54:31.365 +04:00 [INF] Futures book Binance:SUIUSDT "Synced"
2026-08-24 06:54:31.366 +04:00 [INF] V5 order book SUIUSDT status changed: "Disconnected" => "Connecting"
2026-08-24 06:54:31.566 +04:00 [INF] [Sckt 58] subscription 16963 completed successfully
2026-08-24 06:54:31.567 +04:00 [INF] V5 order book SUIUSDT status changed: "Connecting" => "Syncing"
2026-08-24 06:54:31.568 +04:00 [INF] V5 order book SUIUSDT status changed: "Syncing" => "Synced"
2026-08-24 06:54:31.568 +04:00 [INF] Futures book Bybit:SUIUSDT "Synced"
2026-08-24 06:54:31.569 +04:00 [INF] Unified order book SUI-USDT-SWAP status changed: "Disconnected" => "Connecting"
2026-08-24 06:54:31.893 +04:00 [INF] [Sckt 59] subscription 16966 completed successfully
2026-08-24 06:54:31.894 +04:00 [INF] Unified order book SUI-USDT-SWAP status changed: "Connecting" => "Syncing"
2026-08-24 06:54:32.080 +04:00 [INF] Unified order book SUI-USDT-SWAP status changed: "Syncing" => "Synced"
2026-08-24 06:54:32.081 +04:00 [INF] Futures book OKX:SUIUSDT "Synced"
2026-08-24 06:54:32.082 +04:00 [INF] Futures order book SUIUSDT status changed: "Disconnected" => "Connecting"
2026-08-24 06:54:32.347 +04:00 [INF] [Sckt 60] subscription 16968 completed successfully
2026-08-24 06:54:32.348 +04:00 [INF] Futures order book SUIUSDT status changed: "Connecting" => "Syncing"
2026-08-24 06:54:32.406 +04:00 [INF] Futures order book SUIUSDT status changed: "Syncing" => "Synced"
2026-08-24 06:54:32.406 +04:00 [INF] Futures book Bitget:SUIUSDT "Synced"
2026-08-24 06:54:32.407 +04:00 [INF] UsdFutures order book HYPEUSDT status changed: "Disconnected" => "Connecting"
2026-08-24 06:54:32.780 +04:00 [INF] [Sckt 57] subscription 16970 completed successfully
2026-08-24 06:54:32.781 +04:00 [INF] UsdFutures order book HYPEUSDT status changed: "Connecting" => "Syncing"
2026-08-24 06:54:33.159 +04:00 [INF] UsdFutures order book HYPEUSDT status changed: "Syncing" => "Synced"
2026-08-24 06:54:33.160 +04:00 [INF] Futures book Binance:HYPEUSDT "Synced"
2026-08-24 06:54:33.161 +04:00 [INF] V5 order book HYPEUSDT status changed: "Disconnected" => "Connecting"
2026-08-24 06:54:33.359 +04:00 [INF] [Sckt 58] subscription 16974 completed successfully
2026-08-24 06:54:33.361 +04:00 [INF] V5 order book HYPEUSDT status changed: "Connecting" => "Syncing"
2026-08-24 06:54:33.362 +04:00 [INF] V5 order book HYPEUSDT status changed: "Syncing" => "Synced"
2026-08-24 06:54:33.363 +04:00 [INF] Futures book Bybit:HYPEUSDT "Synced"
2026-08-24 06:54:33.364 +04:00 [INF] Unified order book HYPE-USDT-SWAP status changed: "Disconnected" => "Connecting"
2026-08-24 06:54:33.707 +04:00 [INF] [Sckt 59] subscription 16977 completed successfully
2026-08-24 06:54:33.708 +04:00 [INF] Unified order book HYPE-USDT-SWAP status changed: "Connecting" => "Syncing"
2026-08-24 06:54:33.894 +04:00 [INF] Unified order book HYPE-USDT-SWAP status changed: "Syncing" => "Synced"
2026-08-24 06:54:33.896 +04:00 [INF] Futures book OKX:HYPEUSDT "Synced"
2026-08-24 06:54:33.897 +04:00 [INF] Futures order book HYPEUSDT status changed: "Disconnected" => "Connecting"
2026-08-24 06:54:34.162 +04:00 [INF] [Sckt 60] subscription 16979 completed successfully
2026-08-24 06:54:34.164 +04:00 [INF] Futures order book HYPEUSDT status changed: "Connecting" => "Syncing"
2026-08-24 06:54:34.165 +04:00 [INF] Futures order book HYPEUSDT status changed: "Syncing" => "Synced"
2026-08-24 06:54:34.166 +04:00 [INF] Futures book Bitget:HYPEUSDT "Synced"
2026-08-24 06:54:34.167 +04:00 [INF] UsdFutures order book ZECUSDT status changed: "Disconnected" => "Connecting"
2026-08-24 06:54:34.581 +04:00 [INF] [Sckt 57] subscription 16981 completed successfully
2026-08-24 06:54:34.583 +04:00 [INF] UsdFutures order book ZECUSDT status changed: "Connecting" => "Syncing"
2026-08-24 06:54:35.428 +04:00 [INF] UsdFutures order book ZECUSDT status changed: "Syncing" => "Synced"
2026-08-24 06:54:35.430 +04:00 [INF] Futures book Binance:ZECUSDT "Synced"
2026-08-24 06:54:35.431 +04:00 [INF] V5 order book ZECUSDT status changed: "Disconnected" => "Connecting"
2026-08-24 06:54:35.631 +04:00 [INF] [Sckt 58] subscription 16985 completed successfully
2026-08-24 06:54:35.631 +04:00 [INF] V5 order book ZECUSDT status changed: "Connecting" => "Syncing"
2026-08-24 06:54:35.632 +04:00 [INF] V5 order book ZECUSDT status changed: "Syncing" => "Synced"
2026-08-24 06:54:35.633 +04:00 [INF] Futures book Bybit:ZECUSDT "Synced"
2026-08-24 06:54:35.634 +04:00 [INF] Unified order book ZEC-USDT-SWAP status changed: "Disconnected" => "Connecting"
2026-08-24 06:54:35.957 +04:00 [INF] [Sckt 59] subscription 16988 completed successfully
2026-08-24 06:54:35.959 +04:00 [INF] Unified order book ZEC-USDT-SWAP status changed: "Connecting" => "Syncing"
2026-08-24 06:54:36.335 +04:00 [INF] Unified order book ZEC-USDT-SWAP status changed: "Syncing" => "Synced"
2026-08-24 06:54:36.337 +04:00 [INF] Futures book OKX:ZECUSDT "Synced"
2026-08-24 06:54:36.338 +04:00 [INF] Futures order book ZECUSDT status changed: "Disconnected" => "Connecting"
2026-08-24 06:54:36.617 +04:00 [INF] [Sckt 60] subscription 16990 completed successfully
2026-08-24 06:54:36.618 +04:00 [INF] Futures order book ZECUSDT status changed: "Connecting" => "Syncing"
2026-08-24 06:54:36.619 +04:00 [INF] Futures order book ZECUSDT status changed: "Syncing" => "Synced"
2026-08-24 06:54:36.620 +04:00 [INF] Futures book Bitget:ZECUSDT "Synced"
2026-08-24 06:54:36.621 +04:00 [INF] UsdFutures order book TRUMPUSDT status changed: "Disconnected" => "Connecting"
2026-08-24 06:54:36.982 +04:00 [INF] [Sckt 57] subscription 16992 completed successfully
2026-08-24 06:54:36.983 +04:00 [INF] UsdFutures order book TRUMPUSDT status changed: "Connecting" => "Syncing"
2026-08-24 06:54:37.370 +04:00 [INF] UsdFutures order book TRUMPUSDT status changed: "Syncing" => "Synced"
2026-08-24 06:54:37.371 +04:00 [INF] Futures book Binance:TRUMPUSDT "Synced"
2026-08-24 06:54:37.372 +04:00 [INF] V5 order book TRUMPUSDT status changed: "Disconnected" => "Connecting"
2026-08-24 06:54:37.571 +04:00 [INF] [Sckt 58] subscription 16996 completed successfully
2026-08-24 06:54:37.572 +04:00 [INF] V5 order book TRUMPUSDT status changed: "Connecting" => "Syncing"
2026-08-24 06:54:37.573 +04:00 [INF] V5 order book TRUMPUSDT status changed: "Syncing" => "Synced"
2026-08-24 06:54:37.574 +04:00 [INF] Futures book Bybit:TRUMPUSDT "Synced"
2026-08-24 06:54:37.575 +04:00 [INF] Unified order book TRUMP-USDT-SWAP status changed: "Disconnected" => "Connecting"
2026-08-24 06:54:37.899 +04:00 [INF] [Sckt 59] subscription 16999 completed successfully
2026-08-24 06:54:37.900 +04:00 [INF] Unified order book TRUMP-USDT-SWAP status changed: "Connecting" => "Syncing"
2026-08-24 06:54:38.077 +04:00 [INF] Unified order book TRUMP-USDT-SWAP status changed: "Syncing" => "Synced"
2026-08-24 06:54:38.078 +04:00 [INF] Futures book OKX:TRUMPUSDT "Synced"
2026-08-24 06:54:38.079 +04:00 [INF] Futures order book TRUMPUSDT status changed: "Disconnected" => "Connecting"
2026-08-24 06:54:38.343 +04:00 [INF] [Sckt 60] subscription 17001 completed successfully
2026-08-24 06:54:38.345 +04:00 [INF] Futures order book TRUMPUSDT status changed: "Connecting" => "Syncing"
2026-08-24 06:54:38.405 +04:00 [INF] Futures order book TRUMPUSDT status changed: "Syncing" => "Synced"
2026-08-24 06:54:38.406 +04:00 [INF] Futures book Bitget:TRUMPUSDT "Synced"
2026-08-24 06:54:38.407 +04:00 [INF] UsdFutures order book WLDUSDT status changed: "Disconnected" => "Connecting"
2026-08-24 06:54:38.787 +04:00 [INF] [Sckt 57] subscription 17003 completed successfully
2026-08-24 06:54:38.788 +04:00 [INF] UsdFutures order book WLDUSDT status changed: "Connecting" => "Syncing"
2026-08-24 06:54:39.176 +04:00 [INF] UsdFutures order book WLDUSDT status changed: "Syncing" => "Synced"
2026-08-24 06:54:39.177 +04:00 [INF] Futures book Binance:WLDUSDT "Synced"
2026-08-24 06:54:39.178 +04:00 [INF] V5 order book WLDUSDT status changed: "Disconnected" => "Connecting"
2026-08-24 06:54:39.378 +04:00 [INF] [Sckt 58] subscription 17007 completed successfully
2026-08-24 06:54:39.379 +04:00 [INF] V5 order book WLDUSDT status changed: "Connecting" => "Syncing"
2026-08-24 06:54:39.380 +04:00 [INF] V5 order book WLDUSDT status changed: "Syncing" => "Synced"
2026-08-24 06:54:39.381 +04:00 [INF] Futures book Bybit:WLDUSDT "Synced"
2026-08-24 06:54:39.382 +04:00 [INF] Unified order book WLD-USDT-SWAP status changed: "Disconnected" => "Connecting"
2026-08-24 06:54:39.711 +04:00 [INF] [Sckt 59] subscription 17010 completed successfully
2026-08-24 06:54:39.712 +04:00 [INF] Unified order book WLD-USDT-SWAP status changed: "Connecting" => "Syncing"
2026-08-24 06:54:39.896 +04:00 [INF] Unified order book WLD-USDT-SWAP status changed: "Syncing" => "Synced"
2026-08-24 06:54:39.900 +04:00 [INF] Futures book OKX:WLDUSDT "Synced"
2026-08-24 06:54:39.901 +04:00 [INF] Futures order book WLDUSDT status changed: "Disconnected" => "Connecting"
2026-08-24 06:54:40.173 +04:00 [INF] [Sckt 60] subscription 17012 completed successfully
2026-08-24 06:54:40.174 +04:00 [INF] Futures order book WLDUSDT status changed: "Connecting" => "Syncing"
2026-08-24 06:54:40.176 +04:00 [INF] Futures order book WLDUSDT status changed: "Syncing" => "Synced"
2026-08-24 06:54:40.177 +04:00 [INF] Futures book Bitget:WLDUSDT "Synced"
2026-08-24 06:54:40.177 +04:00 [INF] UsdFutures order book SOLUSDT status changed: "Disconnected" => "Connecting"
2026-08-24 06:54:40.589 +04:00 [INF] [Sckt 57] subscription 17014 completed successfully
2026-08-24 06:54:40.590 +04:00 [INF] UsdFutures order book SOLUSDT status changed: "Connecting" => "Syncing"
2026-08-24 06:54:40.983 +04:00 [INF] UsdFutures order book SOLUSDT status changed: "Syncing" => "Synced"
2026-08-24 06:54:40.985 +04:00 [INF] Futures book Binance:SOLUSDT "Synced"
2026-08-24 06:54:40.985 +04:00 [INF] V5 order book SOLUSDT status changed: "Disconnected" => "Connecting"
2026-08-24 06:54:41.185 +04:00 [INF] [Sckt 58] subscription 17018 completed successfully
2026-08-24 06:54:41.186 +04:00 [INF] V5 order book SOLUSDT status changed: "Connecting" => "Syncing"
2026-08-24 06:54:41.187 +04:00 [INF] V5 order book SOLUSDT status changed: "Syncing" => "Synced"
2026-08-24 06:54:41.188 +04:00 [INF] Futures book Bybit:SOLUSDT "Synced"
2026-08-24 06:54:41.188 +04:00 [INF] Unified order book SOL-USDT-SWAP status changed: "Disconnected" => "Connecting"
2026-08-24 06:54:41.512 +04:00 [INF] [Sckt 59] subscription 17021 completed successfully
2026-08-24 06:54:41.514 +04:00 [INF] Unified order book SOL-USDT-SWAP status changed: "Connecting" => "Syncing"
2026-08-24 06:54:41.696 +04:00 [INF] Unified order book SOL-USDT-SWAP status changed: "Syncing" => "Synced"
2026-08-24 06:54:41.698 +04:00 [INF] Futures book OKX:SOLUSDT "Synced"
2026-08-24 06:54:41.699 +04:00 [INF] Futures order book SOLUSDT status changed: "Disconnected" => "Connecting"
2026-08-24 06:54:41.965 +04:00 [INF] [Sckt 60] subscription 17023 completed successfully
2026-08-24 06:54:41.966 +04:00 [INF] Futures order book SOLUSDT status changed: "Connecting" => "Syncing"
2026-08-24 06:54:42.021 +04:00 [INF] Futures order book SOLUSDT status changed: "Syncing" => "Synced"
2026-08-24 06:54:42.022 +04:00 [INF] Futures book Bitget:SOLUSDT "Synced"
2026-08-24 06:54:42.024 +04:00 [INF] UsdFutures order book ADAUSDT status changed: "Disconnected" => "Connecting"
2026-08-24 06:54:42.390 +04:00 [INF] [Sckt 57] subscription 17025 completed successfully
2026-08-24 06:54:42.392 +04:00 [INF] UsdFutures order book ADAUSDT status changed: "Connecting" => "Syncing"
2026-08-24 06:54:42.776 +04:00 [INF] UsdFutures order book ADAUSDT status changed: "Syncing" => "Synced"
2026-08-24 06:54:42.777 +04:00 [INF] Futures book Binance:ADAUSDT "Synced"
2026-08-24 06:54:42.778 +04:00 [INF] V5 order book ADAUSDT status changed: "Disconnected" => "Connecting"
2026-08-24 06:54:42.976 +04:00 [INF] [Sckt 58] subscription 17029 completed successfully
2026-08-24 06:54:42.978 +04:00 [INF] V5 order book ADAUSDT status changed: "Connecting" => "Syncing"
2026-08-24 06:54:42.978 +04:00 [INF] V5 order book ADAUSDT status changed: "Syncing" => "Synced"
2026-08-24 06:54:42.979 +04:00 [INF] Futures book Bybit:ADAUSDT "Synced"
2026-08-24 06:54:42.980 +04:00 [INF] Unified order book ADA-USDT-SWAP status changed: "Disconnected" => "Connecting"
2026-08-24 06:54:43.304 +04:00 [INF] [Sckt 59] subscription 17032 completed successfully
2026-08-24 06:54:43.305 +04:00 [INF] Unified order book ADA-USDT-SWAP status changed: "Connecting" => "Syncing"
2026-08-24 06:54:43.484 +04:00 [INF] Unified order book ADA-USDT-SWAP status changed: "Syncing" => "Synced"
2026-08-24 06:54:43.486 +04:00 [INF] Futures book OKX:ADAUSDT "Synced"
2026-08-24 06:54:43.487 +04:00 [INF] Futures order book ADAUSDT status changed: "Disconnected" => "Connecting"
2026-08-24 06:54:43.771 +04:00 [INF] [Sckt 60] subscription 17034 completed successfully
2026-08-24 06:54:43.772 +04:00 [INF] Futures order book ADAUSDT status changed: "Connecting" => "Syncing"
2026-08-24 06:54:43.773 +04:00 [INF] Futures order book ADAUSDT status changed: "Syncing" => "Synced"
2026-08-24 06:54:43.774 +04:00 [INF] Futures book Bitget:ADAUSDT "Synced"
2026-08-24 06:54:43.775 +04:00 [INF] UsdFutures order book PENGUUSDT status changed: "Disconnected" => "Connecting"
2026-08-24 06:54:44.191 +04:00 [INF] [Sckt 57] subscription 17036 completed successfully
2026-08-24 06:54:44.193 +04:00 [INF] UsdFutures order book PENGUUSDT status changed: "Connecting" => "Syncing"
2026-08-24 06:54:44.578 +04:00 [INF] UsdFutures order book PENGUUSDT status changed: "Syncing" => "Synced"
2026-08-24 06:54:44.579 +04:00 [INF] Futures book Binance:PENGUUSDT "Synced"
2026-08-24 06:54:44.580 +04:00 [INF] V5 order book PENGUUSDT status changed: "Disconnected" => "Connecting"
2026-08-24 06:54:44.778 +04:00 [INF] [Sckt 58] subscription 17042 completed successfully
2026-08-24 06:54:44.779 +04:00 [INF] V5 order book PENGUUSDT status changed: "Connecting" => "Syncing"
2026-08-24 06:54:44.780 +04:00 [INF] V5 order book PENGUUSDT status changed: "Syncing" => "Synced"
2026-08-24 06:54:44.780 +04:00 [INF] Futures book Bybit:PENGUUSDT "Synced"
2026-08-24 06:54:44.781 +04:00 [INF] Unified order book PENGU-USDT-SWAP status changed: "Disconnected" => "Connecting"
2026-08-24 06:54:45.106 +04:00 [INF] [Sckt 59] subscription 17045 completed successfully
2026-08-24 06:54:45.108 +04:00 [INF] Unified order book PENGU-USDT-SWAP status changed: "Connecting" => "Syncing"
2026-08-24 06:54:45.283 +04:00 [INF] Unified order book PENGU-USDT-SWAP status changed: "Syncing" => "Synced"
2026-08-24 06:54:45.285 +04:00 [INF] Futures book OKX:PENGUUSDT "Synced"
2026-08-24 06:54:45.287 +04:00 [INF] Futures order book PENGUUSDT status changed: "Disconnected" => "Connecting"
2026-08-24 06:54:45.555 +04:00 [INF] [Sckt 60] subscription 17048 completed successfully
2026-08-24 06:54:45.556 +04:00 [INF] Futures order book PENGUUSDT status changed: "Connecting" => "Syncing"
2026-08-24 06:54:45.557 +04:00 [INF] Futures order book PENGUUSDT status changed: "Syncing" => "Synced"
2026-08-24 06:54:45.558 +04:00 [INF] Futures book Bitget:PENGUUSDT "Synced"
2026-08-24 06:54:45.559 +04:00 [INF] UsdFutures order book SKHYNIXUSDT status changed: "Disconnected" => "Connecting"
2026-08-24 06:54:46.895 +04:00 [INF] [Sckt 61] subscription 17050 completed successfully
2026-08-24 06:54:46.897 +04:00 [INF] UsdFutures order book SKHYNIXUSDT status changed: "Connecting" => "Syncing"
2026-08-24 06:54:47.286 +04:00 [INF] UsdFutures order book SKHYNIXUSDT status changed: "Syncing" => "Synced"
2026-08-24 06:54:47.287 +04:00 [INF] Futures book Binance:SKHYNIXUSDT "Synced"
2026-08-24 06:54:47.288 +04:00 [INF] V5 order book SKHYNIXUSDT status changed: "Disconnected" => "Connecting"
2026-08-24 06:54:48.087 +04:00 [INF] [Sckt 62] subscription 17054 completed successfully
2026-08-24 06:54:48.088 +04:00 [INF] V5 order book SKHYNIXUSDT status changed: "Connecting" => "Syncing"
2026-08-24 06:54:48.089 +04:00 [INF] V5 order book SKHYNIXUSDT status changed: "Syncing" => "Synced"
2026-08-24 06:54:48.090 +04:00 [INF] Futures book Bybit:SKHYNIXUSDT "Synced"
2026-08-24 06:54:48.090 +04:00 [INF] Unified order book SKHYNIX-USDT-SWAP status changed: "Disconnected" => "Connecting"
2026-08-24 06:54:49.398 +04:00 [INF] [Sckt 63] subscription 17057 completed successfully
2026-08-24 06:54:49.399 +04:00 [INF] Unified order book SKHYNIX-USDT-SWAP status changed: "Connecting" => "Syncing"
2026-08-24 06:54:49.825 +04:00 [INF] Unified order book SKHYNIX-USDT-SWAP status changed: "Syncing" => "Synced"
2026-08-24 06:54:49.826 +04:00 [INF] Futures book OKX:SKHYNIXUSDT "Synced"
2026-08-24 06:54:49.826 +04:00 [INF] Futures order book SKHYNIXUSDT status changed: "Disconnected" => "Connecting"
2026-08-24 06:54:50.936 +04:00 [INF] [Sckt 64] subscription 17059 completed successfully
2026-08-24 06:54:50.938 +04:00 [INF] Futures order book SKHYNIXUSDT status changed: "Connecting" => "Syncing"
2026-08-24 06:54:50.939 +04:00 [INF] Futures order book SKHYNIXUSDT status changed: "Syncing" => "Synced"
2026-08-24 06:54:50.940 +04:00 [INF] Futures book Bitget:SKHYNIXUSDT "Synced"
2026-08-24 06:54:50.941 +04:00 [INF] UsdFutures order book ONDOUSDT status changed: "Disconnected" => "Connecting"
2026-08-24 06:54:51.299 +04:00 [INF] [Sckt 61] subscription 17061 completed successfully
2026-08-24 06:54:51.299 +04:00 [INF] UsdFutures order book ONDOUSDT status changed: "Connecting" => "Syncing"
2026-08-24 06:54:51.676 +04:00 [INF] UsdFutures order book ONDOUSDT status changed: "Syncing" => "Synced"
2026-08-24 06:54:51.677 +04:00 [INF] Futures book Binance:ONDOUSDT "Synced"
2026-08-24 06:54:51.678 +04:00 [INF] V5 order book ONDOUSDT status changed: "Disconnected" => "Connecting"
2026-08-24 06:54:51.876 +04:00 [INF] [Sckt 62] subscription 17065 completed successfully
2026-08-24 06:54:51.881 +04:00 [INF] V5 order book ONDOUSDT status changed: "Connecting" => "Syncing"
2026-08-24 06:54:51.882 +04:00 [INF] V5 order book ONDOUSDT status changed: "Syncing" => "Synced"
2026-08-24 06:54:51.890 +04:00 [INF] Futures book Bybit:ONDOUSDT "Synced"
2026-08-24 06:54:51.891 +04:00 [INF] Unified order book ONDO-USDT-SWAP status changed: "Disconnected" => "Connecting"
2026-08-24 06:54:52.226 +04:00 [INF] [Sckt 63] subscription 17068 completed successfully
2026-08-24 06:54:52.227 +04:00 [INF] Unified order book ONDO-USDT-SWAP status changed: "Connecting" => "Syncing"
2026-08-24 06:54:52.465 +04:00 [INF] Unified order book ONDO-USDT-SWAP status changed: "Syncing" => "Synced"
2026-08-24 06:54:52.467 +04:00 [INF] Futures book OKX:ONDOUSDT "Synced"
2026-08-24 06:54:52.467 +04:00 [INF] Futures order book ONDOUSDT status changed: "Disconnected" => "Connecting"
2026-08-24 06:54:52.735 +04:00 [INF] [Sckt 64] subscription 17070 completed successfully
2026-08-24 06:54:52.736 +04:00 [INF] Futures order book ONDOUSDT status changed: "Connecting" => "Syncing"
2026-08-24 06:54:52.737 +04:00 [INF] Futures order book ONDOUSDT status changed: "Syncing" => "Synced"
2026-08-24 06:54:52.738 +04:00 [INF] Futures book Bitget:ONDOUSDT "Synced"
2026-08-24 06:54:52.739 +04:00 [INF] UsdFutures order book XPLUSDT status changed: "Disconnected" => "Connecting"
2026-08-24 06:54:53.104 +04:00 [INF] [Sckt 61] subscription 17072 completed successfully
2026-08-24 06:54:53.105 +04:00 [INF] UsdFutures order book XPLUSDT status changed: "Connecting" => "Syncing"
2026-08-24 06:54:53.492 +04:00 [INF] UsdFutures order book XPLUSDT status changed: "Syncing" => "Synced"
2026-08-24 06:54:53.493 +04:00 [INF] Futures book Binance:XPLUSDT "Synced"
2026-08-24 06:54:53.494 +04:00 [INF] V5 order book XPLUSDT status changed: "Disconnected" => "Connecting"
2026-08-24 06:54:53.707 +04:00 [INF] [Sckt 62] subscription 17076 completed successfully
2026-08-24 06:54:53.710 +04:00 [INF] V5 order book XPLUSDT status changed: "Connecting" => "Syncing"
2026-08-24 06:54:53.711 +04:00 [INF] V5 order book XPLUSDT status changed: "Syncing" => "Synced"
2026-08-24 06:54:53.711 +04:00 [INF] Futures book Bybit:XPLUSDT "Synced"
2026-08-24 06:54:53.712 +04:00 [INF] Unified order book XPL-USDT-SWAP status changed: "Disconnected" => "Connecting"
2026-08-24 06:54:54.051 +04:00 [INF] [Sckt 63] subscription 17079 completed successfully
2026-08-24 06:54:54.052 +04:00 [INF] Unified order book XPL-USDT-SWAP status changed: "Connecting" => "Syncing"
2026-08-24 06:54:54.292 +04:00 [INF] Unified order book XPL-USDT-SWAP status changed: "Syncing" => "Synced"
2026-08-24 06:54:54.294 +04:00 [INF] Futures book OKX:XPLUSDT "Synced"
2026-08-24 06:54:54.295 +04:00 [INF] Futures order book XPLUSDT status changed: "Disconnected" => "Connecting"
2026-08-24 06:54:54.563 +04:00 [INF] [Sckt 64] subscription 17081 completed successfully
2026-08-24 06:54:54.565 +04:00 [INF] Futures order book XPLUSDT status changed: "Connecting" => "Syncing"
2026-08-24 06:54:54.628 +04:00 [INF] Futures order book XPLUSDT status changed: "Syncing" => "Synced"
2026-08-24 06:54:54.629 +04:00 [INF] Futures book Bitget:XPLUSDT "Synced"
2026-08-24 06:54:54.630 +04:00 [INF] UsdFutures order book SNDKUSDT status changed: "Disconnected" => "Connecting"
2026-08-24 06:54:55.005 +04:00 [INF] [Sckt 61] subscription 17083 completed successfully
2026-08-24 06:54:55.006 +04:00 [INF] UsdFutures order book SNDKUSDT status changed: "Connecting" => "Syncing"
2026-08-24 06:54:55.392 +04:00 [INF] UsdFutures order book SNDKUSDT status changed: "Syncing" => "Synced"
2026-08-24 06:54:55.395 +04:00 [INF] Futures book Binance:SNDKUSDT "Synced"
2026-08-24 06:54:55.395 +04:00 [INF] V5 order book SNDKUSDT status changed: "Disconnected" => "Connecting"
2026-08-24 06:54:55.594 +04:00 [INF] [Sckt 62] subscription 17087 completed successfully
2026-08-24 06:54:55.595 +04:00 [INF] V5 order book SNDKUSDT status changed: "Connecting" => "Syncing"
2026-08-24 06:54:55.596 +04:00 [INF] V5 order book SNDKUSDT status changed: "Syncing" => "Synced"
2026-08-24 06:54:55.597 +04:00 [INF] Futures book Bybit:SNDKUSDT "Synced"
2026-08-24 06:54:55.598 +04:00 [INF] Unified order book SNDK-USDT-SWAP status changed: "Disconnected" => "Connecting"
2026-08-24 06:54:55.920 +04:00 [INF] [Sckt 63] subscription 17090 completed successfully
2026-08-24 06:54:55.921 +04:00 [INF] Unified order book SNDK-USDT-SWAP status changed: "Connecting" => "Syncing"
2026-08-24 06:54:56.104 +04:00 [INF] Unified order book SNDK-USDT-SWAP status changed: "Syncing" => "Synced"
2026-08-24 06:54:56.105 +04:00 [INF] Futures book OKX:SNDKUSDT "Synced"
2026-08-24 06:54:56.105 +04:00 [INF] Futures order book SNDKUSDT status changed: "Disconnected" => "Connecting"
2026-08-24 06:54:56.372 +04:00 [INF] [Sckt 64] subscription 17092 completed successfully
2026-08-24 06:54:56.373 +04:00 [INF] Futures order book SNDKUSDT status changed: "Connecting" => "Syncing"
2026-08-24 06:54:56.426 +04:00 [INF] Futures order book SNDKUSDT status changed: "Syncing" => "Synced"
2026-08-24 06:54:56.427 +04:00 [INF] Futures book Bitget:SNDKUSDT "Synced"
2026-08-24 06:54:56.428 +04:00 [INF] UsdFutures order book XAUUSDT status changed: "Disconnected" => "Connecting"
2026-08-24 06:54:56.806 +04:00 [INF] [Sckt 61] subscription 17094 completed successfully
2026-08-24 06:54:56.807 +04:00 [INF] UsdFutures order book XAUUSDT status changed: "Connecting" => "Syncing"
2026-08-24 06:54:57.189 +04:00 [INF] UsdFutures order book XAUUSDT status changed: "Syncing" => "Synced"
2026-08-24 06:54:57.190 +04:00 [INF] Futures book Binance:XAUUSDT "Synced"
2026-08-24 06:54:57.191 +04:00 [INF] V5 order book XAUUSDT status changed: "Disconnected" => "Connecting"
2026-08-24 06:54:57.391 +04:00 [INF] [Sckt 62] subscription 17099 completed successfully
2026-08-24 06:54:57.392 +04:00 [INF] V5 order book XAUUSDT status changed: "Connecting" => "Syncing"
2026-08-24 06:54:57.393 +04:00 [INF] V5 order book XAUUSDT status changed: "Syncing" => "Synced"
2026-08-24 06:54:57.394 +04:00 [INF] Futures book Bybit:XAUUSDT "Synced"
2026-08-24 06:54:57.395 +04:00 [INF] Unified order book XAU-USDT-SWAP status changed: "Disconnected" => "Connecting"
2026-08-24 06:54:57.717 +04:00 [INF] [Sckt 63] subscription 17102 completed successfully
2026-08-24 06:54:57.718 +04:00 [INF] Unified order book XAU-USDT-SWAP status changed: "Connecting" => "Syncing"
2026-08-24 06:54:57.888 +04:00 [INF] Unified order book XAU-USDT-SWAP status changed: "Syncing" => "Synced"
2026-08-24 06:54:57.889 +04:00 [INF] Futures book OKX:XAUUSDT "Synced"
2026-08-24 06:54:57.890 +04:00 [INF] Futures order book XAUUSDT status changed: "Disconnected" => "Connecting"
2026-08-24 06:54:58.157 +04:00 [INF] [Sckt 64] subscription 17104 completed successfully
2026-08-24 06:54:58.158 +04:00 [INF] Futures order book XAUUSDT status changed: "Connecting" => "Syncing"
2026-08-24 06:54:58.218 +04:00 [INF] Futures order book XAUUSDT status changed: "Syncing" => "Synced"
2026-08-24 06:54:58.220 +04:00 [INF] Futures book Bitget:XAUUSDT "Synced"
2026-08-24 06:54:58.222 +04:00 [INF] Exchange Binance: 15/15 streams live
2026-08-24 06:54:58.225 +04:00 [INF] Exchange Bybit: 15/15 streams live
2026-08-24 06:54:58.226 +04:00 [INF] Exchange OKX: 15/15 streams live
2026-08-24 06:54:58.227 +04:00 [INF] Exchange Bitget: 15/15 streams live
2026-08-24 07:09:00.632 +04:00 [INF] Funding cache refresh for 15 symbols × 3 exchanges (TTL 45m)
2026-08-24 07:09:10.982 +04:00 [INF] Funding cache entries: 63
2026-08-24 07:10:50.471 +04:00 [INF] Futures scan: 1 candidate(s), best RT=0.107% open=0.212%
2026-08-24 07:10:50.478 +04:00 [INF] FUT PAPER OPEN ENAUSDT L:Bybit S:OKX qty=1214.394692 lev=3x margin=66.67 edge=0.212%
2026-08-24 07:10:50.480 +04:00 [INF] Opened futures paper hedge (1): ENAUSDT: L Bybit@0.16 / S OKX@0.16 | RT 0.107% fund 0.000% → 0.107%
2026-08-24 07:10:51.508 +04:00 [INF] FUT PAPER CLOSE ENAUSDT pnl=0.0923 reason=converge lev=3x
2026-08-24 07:14:04.383 +04:00 [INF] Discovery: public tickers Binance/Bybit/OKX (arb band 8000000–400000000 USDT vol, top 15)
2026-08-24 07:14:05.063 +04:00 [INF] Binance fapi: 692 USDT perps with volume
2026-08-24 07:14:05.793 +04:00 [INF] Bybit linear: 725 USDT perps with volume
2026-08-24 07:14:06.162 +04:00 [INF] OKX SWAP: 434 USDT perps with volume
2026-08-24 07:14:07.795 +04:00 [INF] Bitget USDT-FUTURES: 755 tickers with volume
2026-08-24 07:14:10.807 +04:00 [INF] GateIo USDT futures: 929 tickers with volume
2026-08-24 07:14:11.593 +04:00 [INF] Discovered 15 arb pairs: DOGEUSDT@5ex/248.4M, ENAUSDT@5ex/265.7M, SUIUSDT@5ex/131.1M, HYPEUSDT@5ex/210.7M, ZECUSDT@5ex/250.7M, TRUMPUSDT@5ex/308.1M, WLDUSDT@5ex/52.1M, SOLUSDT@5ex/383.3M, ADAUSDT@5ex/101.8M, PENGUUSDT@5ex/80.9M, SKHYNIXUSDT@5ex/65.5M, XPLUSDT@5ex/60.8M, ONDOUSDT@5ex/60.6M, SNDKUSDT@5ex/60.5M, XAUUSDT@5ex/56.5M
2026-08-24 07:14:11.594 +04:00 [INF] Symbol refresh (http-tickers-arb): [DOGEUSDT,ENAUSDT,SUIUSDT,HYPEUSDT,ZECUSDT,TRUMPUSDT,WLDUSDT,SOLUSDT,ADAUSDT,PENGUUSDT,SKHYNIXUSDT,ONDOUSDT,XPLUSDT,SNDKUSDT,XAUUSDT] → [DOGEUSDT,ENAUSDT,SUIUSDT,HYPEUSDT,ZECUSDT,TRUMPUSDT,WLDUSDT,SOLUSDT,ADAUSDT,PENGUUSDT,SKHYNIXUSDT,XPLUSDT,ONDOUSDT,SNDKUSDT,XAUUSDT] | changed=false
2026-08-24 07:29:24.498 +04:00 [INF] Futures scan: 3 candidate(s), best RT=0.211% open=0.316%
2026-08-24 07:29:24.503 +04:00 [INF] FUT PAPER OPEN HYPEUSDT L:Bybit S:Binance qty=2.505167 lev=3x margin=66.67 edge=0.316%
2026-08-24 07:29:24.504 +04:00 [INF] Opened futures paper hedge (1): HYPEUSDT: L Bybit@79.50 / S Binance@79.84 | RT 0.211% fund -0.004% → 0.207%
2026-08-24 07:29:24.505 +04:00 [INF] Paper skip HYPEUSDT: Cooldown 8000ms open=0.272% RT=0.162%
2026-08-24 07:29:24.507 +04:00 [INF] Paper skip HYPEUSDT: Cooldown 8000ms open=0.212% RT=0.112%
2026-08-24 07:29:25.532 +04:00 [INF] FUT PAPER CLOSE HYPEUSDT pnl=0.4934 reason=converge lev=3x
2026-08-24 07:34:11.748 +04:00 [INF] Discovery: public tickers Binance/Bybit/OKX (arb band 8000000–400000000 USDT vol, top 15)
2026-08-24 07:34:12.407 +04:00 [INF] Binance fapi: 692 USDT perps with volume
2026-08-24 07:34:13.795 +04:00 [INF] Bybit linear: 725 USDT perps with volume
2026-08-24 07:34:14.293 +04:00 [INF] OKX SWAP: 434 USDT perps with volume
2026-08-24 07:34:15.937 +04:00 [INF] Bitget USDT-FUTURES: 755 tickers with volume
2026-08-24 07:34:19.216 +04:00 [INF] GateIo USDT futures: 929 tickers with volume
2026-08-24 07:34:19.635 +04:00 [INF] Discovered 15 arb pairs: DOGEUSDT@5ex/246.9M, ENAUSDT@5ex/265.1M, SUIUSDT@5ex/127.6M, HYPEUSDT@5ex/209.2M, ZECUSDT@5ex/248.9M, TRUMPUSDT@5ex/304.5M, WLDUSDT@5ex/52.2M, SOLUSDT@5ex/376.3M, ADAUSDT@5ex/101.9M, PENGUUSDT@5ex/80.7M, SKHYNIXUSDT@5ex/68.6M, SNDKUSDT@5ex/65.6M, XPLUSDT@5ex/60.9M, ONDOUSDT@5ex/60.1M, XAUUSDT@5ex/58M
2026-08-24 07:34:19.637 +04:00 [INF] Symbol refresh (http-tickers-arb): [DOGEUSDT,ENAUSDT,SUIUSDT,HYPEUSDT,ZECUSDT,TRUMPUSDT,WLDUSDT,SOLUSDT,ADAUSDT,PENGUUSDT,SKHYNIXUSDT,XPLUSDT,ONDOUSDT,SNDKUSDT,XAUUSDT] → [DOGEUSDT,ENAUSDT,SUIUSDT,HYPEUSDT,ZECUSDT,TRUMPUSDT,WLDUSDT,SOLUSDT,ADAUSDT,PENGUUSDT,SKHYNIXUSDT,SNDKUSDT,XPLUSDT,ONDOUSDT,XAUUSDT] | changed=false
2026-08-24 07:54:11.940 +04:00 [INF] Funding cache refresh for 15 symbols × 3 exchanges (TTL 45m)
2026-08-24 07:54:22.597 +04:00 [INF] Funding cache entries: 63
2026-08-24 07:54:23.626 +04:00 [INF] Discovery: public tickers Binance/Bybit/OKX (arb band 8000000–400000000 USDT vol, top 15)
2026-08-24 07:54:24.132 +04:00 [INF] Binance fapi: 692 USDT perps with volume
2026-08-24 07:54:24.928 +04:00 [INF] Bybit linear: 725 USDT perps with volume
2026-08-24 07:54:25.309 +04:00 [INF] OKX SWAP: 434 USDT perps with volume
2026-08-24 07:54:25.718 +04:00 [INF] Bitget USDT-FUTURES: 755 tickers with volume
2026-08-24 07:54:28.767 +04:00 [INF] GateIo USDT futures: 929 tickers with volume
2026-08-24 07:54:29.148 +04:00 [INF] Discovered 15 arb pairs: DOGEUSDT@5ex/245.4M, ENAUSDT@5ex/264.4M, SUIUSDT@5ex/126M, HYPEUSDT@5ex/209.7M, ZECUSDT@5ex/248.9M, TRUMPUSDT@5ex/303.1M, WLDUSDT@5ex/51.4M, SOLUSDT@5ex/373.1M, ADAUSDT@5ex/99M, PENGUUSDT@5ex/80.7M, SNDKUSDT@5ex/70.4M, SKHYNIXUSDT@5ex/69.9M, XPLUSDT@5ex/60.9M, XAUUSDT@5ex/59.2M, ONDOUSDT@5ex/59M
2026-08-24 07:54:29.149 +04:00 [INF] Symbol refresh (http-tickers-arb): [DOGEUSDT,ENAUSDT,SUIUSDT,HYPEUSDT,ZECUSDT,TRUMPUSDT,WLDUSDT,SOLUSDT,ADAUSDT,PENGUUSDT,SKHYNIXUSDT,SNDKUSDT,XPLUSDT,ONDOUSDT,XAUUSDT] → [DOGEUSDT,ENAUSDT,SUIUSDT,HYPEUSDT,ZECUSDT,TRUMPUSDT,WLDUSDT,SOLUSDT,ADAUSDT,PENGUUSDT,SNDKUSDT,SKHYNIXUSDT,XPLUSDT,XAUUSDT,ONDOUSDT] | changed=false
2026-08-24 08:14:29.590 +04:00 [INF] Discovery: public tickers Binance/Bybit/OKX (arb band 8000000–400000000 USDT vol, top 15)
2026-08-24 08:14:30.195 +04:00 [INF] Binance fapi: 692 USDT perps with volume
2026-08-24 08:14:30.829 +04:00 [INF] Bybit linear: 725 USDT perps with volume
2026-08-24 08:14:31.206 +04:00 [INF] OKX SWAP: 434 USDT perps with volume
2026-08-24 08:14:32.830 +04:00 [INF] Bitget USDT-FUTURES: 755 tickers with volume
2026-08-24 08:14:35.881 +04:00 [INF] GateIo USDT futures: 929 tickers with volume
2026-08-24 08:14:36.288 +04:00 [INF] Discovered 15 arb pairs: DOGEUSDT@5ex/244.8M, ENAUSDT@5ex/264.6M, SUIUSDT@5ex/124.4M, HYPEUSDT@5ex/209.4M, ZECUSDT@5ex/246M, TRUMPUSDT@5ex/303.1M, WLDUSDT@5ex/51.6M, SOLUSDT@5ex/373.9M, ADAUSDT@5ex/98.8M, PENGUUSDT@5ex/80.4M, SNDKUSDT@5ex/73.6M, SKHYNIXUSDT@5ex/71.3M, XPLUSDT@5ex/61.3M, XAUUSDT@5ex/59.9M, ONDOUSDT@5ex/58.6M
2026-08-24 08:14:36.290 +04:00 [INF] Symbol refresh (http-tickers-arb): [DOGEUSDT,ENAUSDT,SUIUSDT,HYPEUSDT,ZECUSDT,TRUMPUSDT,WLDUSDT,SOLUSDT,ADAUSDT,PENGUUSDT,SNDKUSDT,SKHYNIXUSDT,XPLUSDT,XAUUSDT,ONDOUSDT] → [DOGEUSDT,ENAUSDT,SUIUSDT,HYPEUSDT,ZECUSDT,TRUMPUSDT,WLDUSDT,SOLUSDT,ADAUSDT,PENGUUSDT,SNDKUSDT,SKHYNIXUSDT,XPLUSDT,XAUUSDT,ONDOUSDT] | changed=false
2026-08-24 08:18:20.583 +04:00 [INF] Futures scan: 2 candidate(s), best RT=0.176% open=0.281%
2026-08-24 08:18:20.592 +04:00 [INF] FUT PAPER OPEN ENAUSDT L:Bybit S:Binance qty=1186.239620 lev=3x margin=66.67 edge=0.281%
2026-08-24 08:18:20.594 +04:00 [INF] Opened futures paper hedge (1): ENAUSDT: L Bybit@0.17 / S Binance@0.17 | RT 0.176% fund 0.000% → 0.176%
2026-08-24 08:18:20.596 +04:00 [INF] Paper skip ENAUSDT: Cooldown 8000ms open=0.211% RT=0.111%
2026-08-24 08:18:23.720 +04:00 [INF] FUT PAPER CLOSE ENAUSDT pnl=0.0649 reason=converge lev=3x
2026-08-24 08:25:03.541 +04:00 [INF] Futures scan: 3 candidate(s), best RT=0.331% open=0.436%
2026-08-24 08:25:03.552 +04:00 [INF] FUT PAPER OPEN ENAUSDT L:Binance S:Bybit qty=1182.307283 lev=3x margin=66.67 edge=0.436%
2026-08-24 08:25:03.560 +04:00 [INF] Opened futures paper hedge (1): ENAUSDT: L Binance@0.17 / S Bybit@0.17 | RT 0.331% fund 0.000% → 0.331%
2026-08-24 08:25:03.561 +04:00 [INF] Paper skip ENAUSDT: Cooldown 8000ms open=0.383% RT=0.283%
2026-08-24 08:25:03.563 +04:00 [INF] Paper skip ENAUSDT: Cooldown 8000ms open=0.368% RT=0.258%
2026-08-24 08:25:04.601 +04:00 [INF] FUT PAPER CLOSE ENAUSDT pnl=0.9173 reason=converge lev=3x
2026-08-24 08:34:36.357 +04:00 [INF] Discovery: public tickers Binance/Bybit/OKX (arb band 8000000–400000000 USDT vol, top 15)
2026-08-24 08:34:36.811 +04:00 [INF] Binance fapi: 692 USDT perps with volume
2026-08-24 08:34:37.432 +04:00 [INF] Bybit linear: 725 USDT perps with volume
2026-08-24 08:34:37.822 +04:00 [INF] OKX SWAP: 434 USDT perps with volume
2026-08-24 08:34:38.220 +04:00 [INF] Bitget USDT-FUTURES: 755 tickers with volume
2026-08-24 08:34:41.161 +04:00 [INF] GateIo USDT futures: 929 tickers with volume
2026-08-24 08:34:42.120 +04:00 [INF] Discovered 15 arb pairs: DOGEUSDT@5ex/242.9M, ENAUSDT@5ex/265.7M, SUIUSDT@5ex/123.5M, HYPEUSDT@5ex/207.4M, ZECUSDT@5ex/243.5M, TRUMPUSDT@5ex/300M, WLDUSDT@5ex/51.9M, SOLUSDT@5ex/371.4M, ADAUSDT@5ex/98.2M, PENGUUSDT@5ex/80.2M, SNDKUSDT@5ex/75.2M, SKHYNIXUSDT@5ex/74M, XPLUSDT@5ex/61.4M, XAUUSDT@5ex/60.5M, ONDOUSDT@5ex/58.9M
2026-08-24 08:34:42.122 +04:00 [INF] Symbol refresh (http-tickers-arb): [DOGEUSDT,ENAUSDT,SUIUSDT,HYPEUSDT,ZECUSDT,TRUMPUSDT,WLDUSDT,SOLUSDT,ADAUSDT,PENGUUSDT,SNDKUSDT,SKHYNIXUSDT,XPLUSDT,XAUUSDT,ONDOUSDT] → [DOGEUSDT,ENAUSDT,SUIUSDT,HYPEUSDT,ZECUSDT,TRUMPUSDT,WLDUSDT,SOLUSDT,ADAUSDT,PENGUUSDT,SNDKUSDT,SKHYNIXUSDT,XPLUSDT,XAUUSDT,ONDOUSDT] | changed=false
2026-08-24 08:39:23.342 +04:00 [INF] Funding cache refresh for 15 symbols × 3 exchanges (TTL 45m)
2026-08-24 08:39:33.749 +04:00 [INF] Funding cache entries: 63
2026-08-24 08:54:43.029 +04:00 [INF] Discovery: public tickers Binance/Bybit/OKX (arb band 8000000–400000000 USDT vol, top 15)
2026-08-24 08:54:43.659 +04:00 [INF] Binance fapi: 692 USDT perps with volume
2026-08-24 08:54:44.782 +04:00 [INF] Bybit linear: 725 USDT perps with volume
2026-08-24 08:54:45.315 +04:00 [INF] OKX SWAP: 434 USDT perps with volume
2026-08-24 08:54:46.186 +04:00 [INF] Bitget USDT-FUTURES: 755 tickers with volume
2026-08-24 08:54:49.415 +04:00 [INF] GateIo USDT futures: 930 tickers with volume
2026-08-24 08:54:50.095 +04:00 [INF] Discovered 15 arb pairs: DOGEUSDT@5ex/235.4M, ENAUSDT@5ex/261.6M, SUIUSDT@5ex/121.8M, HYPEUSDT@5ex/205.3M, ZECUSDT@5ex/242.6M, TRUMPUSDT@5ex/298.2M, SOLUSDT@5ex/358.8M, WLDUSDT@5ex/51.6M, ADAUSDT@5ex/96.7M, PENGUUSDT@5ex/81.2M, SNDKUSDT@5ex/76.5M, SKHYNIXUSDT@5ex/75.3M, XPLUSDT@5ex/61.6M, XAUUSDT@5ex/61.1M, ONDOUSDT@5ex/58.3M
2026-08-24 08:54:50.096 +04:00 [INF] Symbol refresh (http-tickers-arb): [DOGEUSDT,ENAUSDT,SUIUSDT,HYPEUSDT,ZECUSDT,TRUMPUSDT,WLDUSDT,SOLUSDT,ADAUSDT,PENGUUSDT,SNDKUSDT,SKHYNIXUSDT,XPLUSDT,XAUUSDT,ONDOUSDT] → [DOGEUSDT,ENAUSDT,SUIUSDT,HYPEUSDT,ZECUSDT,TRUMPUSDT,SOLUSDT,WLDUSDT,ADAUSDT,PENGUUSDT,SNDKUSDT,SKHYNIXUSDT,XPLUSDT,XAUUSDT,ONDOUSDT] | changed=false
2026-08-24 09:14:50.109 +04:00 [INF] Discovery: public tickers Binance/Bybit/OKX (arb band 8000000–400000000 USDT vol, top 15)
2026-08-24 09:14:50.751 +04:00 [INF] Binance fapi: 692 USDT perps with volume
2026-08-24 09:14:51.232 +04:00 [INF] Bybit linear: 725 USDT perps with volume
2026-08-24 09:14:51.635 +04:00 [INF] OKX SWAP: 434 USDT perps with volume
2026-08-24 09:14:52.062 +04:00 [INF] Bitget USDT-FUTURES: 755 tickers with volume
2026-08-24 09:14:55.124 +04:00 [INF] GateIo USDT futures: 931 tickers with volume
2026-08-24 09:14:55.760 +04:00 [INF] Discovered 15 arb pairs: DOGEUSDT@5ex/231.9M, ENAUSDT@5ex/261.9M, SUIUSDT@5ex/120.6M, HYPEUSDT@5ex/203.5M, ZECUSDT@5ex/242M, TRUMPUSDT@5ex/298M, SOLUSDT@5ex/359.9M, WLDUSDT@5ex/50.4M, ADAUSDT@5ex/95.4M, PENGUUSDT@5ex/82M, SNDKUSDT@5ex/77.4M, SKHYNIXUSDT@5ex/77M, XPLUSDT@5ex/61.6M, XAUUSDT@5ex/61.3M, ONDOUSDT@5ex/58.1M
2026-08-24 09:14:55.760 +04:00 [INF] Symbol refresh (http-tickers-arb): [DOGEUSDT,ENAUSDT,SUIUSDT,HYPEUSDT,ZECUSDT,TRUMPUSDT,SOLUSDT,WLDUSDT,ADAUSDT,PENGUUSDT,SNDKUSDT,SKHYNIXUSDT,XPLUSDT,XAUUSDT,ONDOUSDT] → [DOGEUSDT,ENAUSDT,SUIUSDT,HYPEUSDT,ZECUSDT,TRUMPUSDT,SOLUSDT,WLDUSDT,ADAUSDT,PENGUUSDT,SNDKUSDT,SKHYNIXUSDT,XPLUSDT,XAUUSDT,ONDOUSDT] | changed=false
2026-08-24 09:24:34.227 +04:00 [INF] Funding cache refresh for 15 symbols × 3 exchanges (TTL 45m)
2026-08-24 09:24:45.665 +04:00 [INF] Funding cache entries: 63
2026-08-24 09:34:55.824 +04:00 [INF] Discovery: public tickers Binance/Bybit/OKX (arb band 8000000–400000000 USDT vol, top 15)
2026-08-24 09:34:56.286 +04:00 [INF] Binance fapi: 692 USDT perps with volume
2026-08-24 09:34:56.806 +04:00 [INF] Bybit linear: 725 USDT perps with volume
2026-08-24 09:34:57.175 +04:00 [INF] OKX SWAP: 434 USDT perps with volume
2026-08-24 09:34:57.576 +04:00 [INF] Bitget USDT-FUTURES: 755 tickers with volume
2026-08-24 09:35:00.452 +04:00 [INF] GateIo USDT futures: 931 tickers with volume
2026-08-24 09:35:00.856 +04:00 [INF] Discovered 15 arb pairs: DOGEUSDT@5ex/226.7M, ENAUSDT@5ex/259.1M, SUIUSDT@5ex/117.7M, HYPEUSDT@5ex/201.1M, ZECUSDT@5ex/239.1M, TRUMPUSDT@5ex/291.2M, SOLUSDT@5ex/351.8M, WLDUSDT@5ex/50.3M, ADAUSDT@5ex/93.4M, PENGUUSDT@5ex/81.9M, SNDKUSDT@5ex/78.7M, SKHYNIXUSDT@5ex/78.4M, XAUUSDT@5ex/63.3M, XPLUSDT@5ex/60.3M, ONDOUSDT@5ex/57.3M
2026-08-24 09:35:00.857 +04:00 [INF] Symbol refresh (http-tickers-arb): [DOGEUSDT,ENAUSDT,SUIUSDT,HYPEUSDT,ZECUSDT,TRUMPUSDT,SOLUSDT,WLDUSDT,ADAUSDT,PENGUUSDT,SNDKUSDT,SKHYNIXUSDT,XPLUSDT,XAUUSDT,ONDOUSDT] → [DOGEUSDT,ENAUSDT,SUIUSDT,HYPEUSDT,ZECUSDT,TRUMPUSDT,SOLUSDT,WLDUSDT,ADAUSDT,PENGUUSDT,SNDKUSDT,SKHYNIXUSDT,XAUUSDT,XPLUSDT,ONDOUSDT] | changed=false
2026-08-24 09:55:01.812 +04:00 [INF] Discovery: public tickers Binance/Bybit/OKX (arb band 8000000–400000000 USDT vol, top 15)
2026-08-24 09:55:02.281 +04:00 [INF] Binance fapi: 692 USDT perps with volume
2026-08-24 09:55:02.857 +04:00 [INF] Bybit linear: 725 USDT perps with volume
2026-08-24 09:55:03.243 +04:00 [INF] OKX SWAP: 434 USDT perps with volume
2026-08-24 09:55:03.636 +04:00 [INF] Bitget USDT-FUTURES: 755 tickers with volume
2026-08-24 09:55:06.674 +04:00 [INF] GateIo USDT futures: 931 tickers with volume
2026-08-24 09:55:07.274 +04:00 [INF] Discovered 15 arb pairs: DOGEUSDT@5ex/227.5M, ENAUSDT@5ex/257.3M, SUIUSDT@5ex/117.4M, HYPEUSDT@5ex/201.8M, ZECUSDT@5ex/239.8M, TRUMPUSDT@5ex/290.1M, SOLUSDT@5ex/351.8M, WLDUSDT@5ex/50.7M, ADAUSDT@5ex/92M, PENGUUSDT@5ex/82.2M, SNDKUSDT@5ex/81M, SKHYNIXUSDT@5ex/80.1M, XAUUSDT@5ex/65.3M, XPLUSDT@5ex/60.4M, ONDOUSDT@5ex/57.1M
2026-08-24 09:55:07.275 +04:00 [INF] Symbol refresh (http-tickers-arb): [DOGEUSDT,ENAUSDT,SUIUSDT,HYPEUSDT,ZECUSDT,TRUMPUSDT,SOLUSDT,WLDUSDT,ADAUSDT,PENGUUSDT,SNDKUSDT,SKHYNIXUSDT,XAUUSDT,XPLUSDT,ONDOUSDT] → [DOGEUSDT,ENAUSDT,SUIUSDT,HYPEUSDT,ZECUSDT,TRUMPUSDT,SOLUSDT,WLDUSDT,ADAUSDT,PENGUUSDT,SNDKUSDT,SKHYNIXUSDT,XAUUSDT,XPLUSDT,ONDOUSDT] | changed=false
2026-08-24 10:09:45.814 +04:00 [INF] Funding cache refresh for 15 symbols × 3 exchanges (TTL 45m)
2026-08-24 10:09:56.541 +04:00 [INF] Funding cache entries: 63
2026-08-24 10:12:15.778 +04:00 [INF] Futures scan: 2 candidate(s), best RT=0.163% open=0.263%
2026-08-24 10:12:15.859 +04:00 [INF] FUT PAPER OPEN TRUMPUSDT L:OKX S:Binance qty=80.450523 lev=3x margin=66.67 edge=0.263%
2026-08-24 10:12:15.861 +04:00 [INF] Opened futures paper hedge (1): TRUMPUSDT: L OKX@2.48 / S Binance@2.49 | RT 0.163% fund 0.000% → 0.163%
2026-08-24 10:12:15.862 +04:00 [INF] Paper skip TRUMPUSDT: Cooldown 8000ms open=0.218% RT=0.113%
2026-08-24 10:12:16.898 +04:00 [INF] FUT PAPER CLOSE TRUMPUSDT pnl=0.2446 reason=converge lev=3x
2026-08-24 10:15:07.366 +04:00 [INF] Discovery: public tickers Binance/Bybit/OKX (arb band 8000000–400000000 USDT vol, top 15)
2026-08-24 10:15:07.825 +04:00 [INF] Binance fapi: 692 USDT perps with volume
2026-08-24 10:15:08.851 +04:00 [INF] Bybit linear: 725 USDT perps with volume
2026-08-24 10:15:09.219 +04:00 [INF] OKX SWAP: 434 USDT perps with volume
2026-08-24 10:15:10.010 +04:00 [INF] Bitget USDT-FUTURES: 755 tickers with volume
2026-08-24 10:15:13.213 +04:00 [INF] GateIo USDT futures: 931 tickers with volume
2026-08-24 10:15:13.839 +04:00 [INF] Discovered 15 arb pairs: DOGEUSDT@5ex/226.1M, ENAUSDT@5ex/257.1M, SUIUSDT@5ex/116.9M, HYPEUSDT@5ex/201.9M, ZECUSDT@5ex/238M, TRUMPUSDT@5ex/285.9M, SOLUSDT@5ex/351M, WLDUSDT@5ex/50.9M, ADAUSDT@5ex/90.7M, PENGUUSDT@5ex/82.6M, SKHYNIXUSDT@5ex/82.2M, SNDKUSDT@5ex/81.2M, XAUUSDT@5ex/66.4M, XPLUSDT@5ex/60.5M, ONDOUSDT@5ex/57.2M
2026-08-24 10:15:13.841 +04:00 [INF] Symbol refresh (http-tickers-arb): [DOGEUSDT,ENAUSDT,SUIUSDT,HYPEUSDT,ZECUSDT,TRUMPUSDT,SOLUSDT,WLDUSDT,ADAUSDT,PENGUUSDT,SNDKUSDT,SKHYNIXUSDT,XAUUSDT,XPLUSDT,ONDOUSDT] → [DOGEUSDT,ENAUSDT,SUIUSDT,HYPEUSDT,ZECUSDT,TRUMPUSDT,SOLUSDT,WLDUSDT,ADAUSDT,PENGUUSDT,SKHYNIXUSDT,SNDKUSDT,XAUUSDT,XPLUSDT,ONDOUSDT] | changed=false
2026-08-24 10:19:32.354 +04:00 [WRN] [Sckt 63] Ping response timeout, reconnecting
2026-08-24 10:19:33.361 +04:00 [WRN] Unified order book SKHYNIX-USDT-SWAP connection lost
2026-08-24 10:19:33.362 +04:00 [INF] Unified order book SKHYNIX-USDT-SWAP status changed: "Synced" => "Reconnecting"
2026-08-24 10:19:33.363 +04:00 [WRN] Unified order book ONDO-USDT-SWAP connection lost
2026-08-24 10:19:33.363 +04:00 [INF] Unified order book ONDO-USDT-SWAP status changed: "Synced" => "Reconnecting"
2026-08-24 10:19:33.364 +04:00 [WRN] Unified order book XPL-USDT-SWAP connection lost
2026-08-24 10:19:33.365 +04:00 [INF] Unified order book XPL-USDT-SWAP status changed: "Synced" => "Reconnecting"
2026-08-24 10:19:33.365 +04:00 [WRN] Unified order book SNDK-USDT-SWAP connection lost
2026-08-24 10:19:33.366 +04:00 [INF] Unified order book SNDK-USDT-SWAP status changed: "Synced" => "Reconnecting"
2026-08-24 10:19:33.367 +04:00 [WRN] Unified order book XAU-USDT-SWAP connection lost
2026-08-24 10:19:33.368 +04:00 [INF] Unified order book XAU-USDT-SWAP status changed: "Synced" => "Reconnecting"
2026-08-24 10:19:34.993 +04:00 [INF] Unified order book SKHYNIX-USDT-SWAP status changed: "Reconnecting" => "Syncing"
2026-08-24 10:19:34.994 +04:00 [INF] Unified order book ONDO-USDT-SWAP status changed: "Reconnecting" => "Syncing"
2026-08-24 10:19:34.995 +04:00 [INF] Unified order book XPL-USDT-SWAP status changed: "Reconnecting" => "Syncing"
2026-08-24 10:19:34.998 +04:00 [INF] Unified order book SNDK-USDT-SWAP status changed: "Reconnecting" => "Syncing"
2026-08-24 10:19:34.999 +04:00 [INF] Unified order book XAU-USDT-SWAP status changed: "Reconnecting" => "Syncing"
2026-08-24 10:19:35.356 +04:00 [INF] Unified order book ONDO-USDT-SWAP successfully resynchronized
2026-08-24 10:19:35.357 +04:00 [INF] Unified order book ONDO-USDT-SWAP status changed: "Syncing" => "Synced"
2026-08-24 10:19:35.664 +04:00 [INF] Unified order book XAU-USDT-SWAP successfully resynchronized
2026-08-24 10:19:35.665 +04:00 [INF] Unified order book XAU-USDT-SWAP status changed: "Syncing" => "Synced"
2026-08-24 10:19:35.790 +04:00 [INF] Unified order book SKHYNIX-USDT-SWAP successfully resynchronized
2026-08-24 10:19:35.791 +04:00 [INF] Unified order book SNDK-USDT-SWAP successfully resynchronized
2026-08-24 10:19:35.792 +04:00 [INF] Unified order book SKHYNIX-USDT-SWAP status changed: "Syncing" => "Synced"
2026-08-24 10:19:35.793 +04:00 [INF] Unified order book SNDK-USDT-SWAP status changed: "Syncing" => "Synced"
2026-08-24 10:19:35.976 +04:00 [INF] Unified order book XPL-USDT-SWAP successfully resynchronized
2026-08-24 10:19:35.976 +04:00 [INF] Unified order book XPL-USDT-SWAP status changed: "Syncing" => "Synced"
2026-08-24 10:22:48.997 +04:00 [INF] Futures scan: 3 candidate(s), best RT=0.405% open=0.510%
2026-08-24 10:22:49.041 +04:00 [INF] FUT PAPER OPEN TRUMPUSDT L:Bybit S:Binance qty=81.532817 lev=3x margin=66.67 edge=0.510%
2026-08-24 10:22:49.043 +04:00 [INF] Opened futures paper hedge (1): TRUMPUSDT: L Bybit@2.44 / S Binance@2.45 | RT 0.405% fund 0.000% → 0.405%
2026-08-24 10:22:49.045 +04:00 [INF] Paper skip TRUMPUSDT: Cooldown 8000ms open=0.474% RT=0.374%
2026-08-24 10:22:49.047 +04:00 [INF] Paper skip TRUMPUSDT: Cooldown 8000ms open=0.217% RT=0.107%
2026-08-24 10:22:50.093 +04:00 [INF] FUT PAPER CLOSE TRUMPUSDT pnl=0.7223 reason=converge lev=3x
2026-08-24 10:31:12.366 +04:00 [INF] Futures scan: 3 candidate(s), best RT=0.453% open=0.568%
2026-08-24 10:31:12.371 +04:00 [INF] FUT PAPER OPEN ENAUSDT L:Bybit S:Bitget qty=1214.124408 lev=3x margin=66.67 edge=0.568%
2026-08-24 10:31:12.390 +04:00 [INF] Opened futures paper hedge (1): ENAUSDT: L Bybit@0.16 / S Bitget@0.16 | RT 0.453% fund 0.000% → 0.453%
2026-08-24 10:31:12.392 +04:00 [INF] Paper skip ENAUSDT: Cooldown 8000ms open=0.457% RT=0.352%
2026-08-24 10:31:12.393 +04:00 [INF] Paper skip ENAUSDT: Cooldown 8000ms open=0.249% RT=0.139%
2026-08-24 10:31:13.434 +04:00 [INF] FUT PAPER CLOSE ENAUSDT pnl=0.7891 reason=converge lev=3x
2026-08-24 10:35:14.580 +04:00 [INF] Discovery: public tickers Binance/Bybit/OKX (arb band 8000000–400000000 USDT vol, top 15)
2026-08-24 10:35:15.043 +04:00 [INF] Binance fapi: 692 USDT perps with volume
2026-08-24 10:35:15.509 +04:00 [INF] Bybit linear: 725 USDT perps with volume
2026-08-24 10:35:15.880 +04:00 [INF] OKX SWAP: 434 USDT perps with volume
2026-08-24 10:35:16.747 +04:00 [INF] Bitget USDT-FUTURES: 755 tickers with volume
2026-08-24 10:35:19.631 +04:00 [INF] GateIo USDT futures: 931 tickers with volume
2026-08-24 10:35:20.430 +04:00 [INF] Discovered 15 arb pairs: DOGEUSDT@5ex/221M, ENAUSDT@5ex/255.4M, SUIUSDT@5ex/117.8M, HYPEUSDT@5ex/200.6M, ZECUSDT@5ex/238.5M, TRUMPUSDT@5ex/281.2M, SOLUSDT@5ex/344.8M, WLDUSDT@5ex/51.1M, ADAUSDT@5ex/89.9M, SKHYNIXUSDT@5ex/84.3M, PENGUUSDT@5ex/82.8M, SNDKUSDT@5ex/82.5M, XAUUSDT@5ex/70M, XPLUSDT@5ex/62M, ONDOUSDT@5ex/57M
2026-08-24 10:35:20.431 +04:00 [INF] Symbol refresh (http-tickers-arb): [DOGEUSDT,ENAUSDT,SUIUSDT,HYPEUSDT,ZECUSDT,TRUMPUSDT,SOLUSDT,WLDUSDT,ADAUSDT,PENGUUSDT,SKHYNIXUSDT,SNDKUSDT,XAUUSDT,XPLUSDT,ONDOUSDT] → [DOGEUSDT,ENAUSDT,SUIUSDT,HYPEUSDT,ZECUSDT,TRUMPUSDT,SOLUSDT,WLDUSDT,ADAUSDT,SKHYNIXUSDT,PENGUUSDT,SNDKUSDT,XAUUSDT,XPLUSDT,ONDOUSDT] | changed=false
2026-08-24 10:54:57.353 +04:00 [INF] Funding cache refresh for 15 symbols × 3 exchanges (TTL 45m)
2026-08-24 10:55:08.064 +04:00 [INF] Funding cache entries: 63
2026-08-24 10:55:20.563 +04:00 [INF] Discovery: public tickers Binance/Bybit/OKX (arb band 8000000–400000000 USDT vol, top 15)
2026-08-24 10:55:21.191 +04:00 [INF] Binance fapi: 692 USDT perps with volume
2026-08-24 10:55:22.097 +04:00 [INF] Bybit linear: 725 USDT perps with volume
2026-08-24 10:55:22.468 +04:00 [INF] OKX SWAP: 434 USDT perps with volume
2026-08-24 10:55:22.877 +04:00 [INF] Bitget USDT-FUTURES: 755 tickers with volume
2026-08-24 10:55:26.065 +04:00 [INF] GateIo USDT futures: 931 tickers with volume
2026-08-24 10:55:27.122 +04:00 [INF] Discovered 15 arb pairs: DOGEUSDT@5ex/221.2M, ENAUSDT@5ex/259.8M, SUIUSDT@5ex/117.8M, HYPEUSDT@5ex/201.5M, ZECUSDT@5ex/239M, TRUMPUSDT@5ex/281M, SOLUSDT@5ex/343M, WLDUSDT@5ex/51.1M, ADAUSDT@5ex/90.5M, SKHYNIXUSDT@5ex/85.4M, PENGUUSDT@5ex/83.6M, SNDKUSDT@5ex/83.1M, XAUUSDT@5ex/71M, XPLUSDT@5ex/62.3M, ONDOUSDT@5ex/57.2M
2026-08-24 10:55:27.125 +04:00 [INF] Symbol refresh (http-tickers-arb): [DOGEUSDT,ENAUSDT,SUIUSDT,HYPEUSDT,ZECUSDT,TRUMPUSDT,SOLUSDT,WLDUSDT,ADAUSDT,SKHYNIXUSDT,PENGUUSDT,SNDKUSDT,XAUUSDT,XPLUSDT,ONDOUSDT] → [DOGEUSDT,ENAUSDT,SUIUSDT,HYPEUSDT,ZECUSDT,TRUMPUSDT,SOLUSDT,WLDUSDT,ADAUSDT,SKHYNIXUSDT,PENGUUSDT,SNDKUSDT,XAUUSDT,XPLUSDT,ONDOUSDT] | changed=false
2026-08-24 11:15:28.098 +04:00 [INF] Discovery: public tickers Binance/Bybit/OKX (arb band 8000000–400000000 USDT vol, top 15)
2026-08-24 11:15:28.708 +04:00 [INF] Binance fapi: 692 USDT perps with volume
2026-08-24 11:15:29.503 +04:00 [INF] Bybit linear: 725 USDT perps with volume
2026-08-24 11:15:29.887 +04:00 [INF] OKX SWAP: 434 USDT perps with volume
2026-08-24 11:15:30.310 +04:00 [INF] Bitget USDT-FUTURES: 755 tickers with volume
2026-08-24 11:15:33.382 +04:00 [INF] GateIo USDT futures: 931 tickers with volume
2026-08-24 11:15:33.816 +04:00 [INF] Discovered 15 arb pairs: DOGEUSDT@5ex/220.9M, ENAUSDT@5ex/261M, SUIUSDT@5ex/118.4M, HYPEUSDT@5ex/202.8M, ZECUSDT@5ex/237.8M, TRUMPUSDT@5ex/278.1M, SOLUSDT@5ex/342.5M, WLDUSDT@5ex/51.3M, ADAUSDT@5ex/91.1M, SKHYNIXUSDT@5ex/85.8M, PENGUUSDT@5ex/84.5M, SNDKUSDT@5ex/83.9M, XAUUSDT@5ex/71.7M, XPLUSDT@5ex/62.3M, ONDOUSDT@5ex/57M
2026-08-24 11:15:33.817 +04:00 [INF] Symbol refresh (http-tickers-arb): [DOGEUSDT,ENAUSDT,SUIUSDT,HYPEUSDT,ZECUSDT,TRUMPUSDT,SOLUSDT,WLDUSDT,ADAUSDT,SKHYNIXUSDT,PENGUUSDT,SNDKUSDT,XAUUSDT,XPLUSDT,ONDOUSDT] → [DOGEUSDT,ENAUSDT,SUIUSDT,HYPEUSDT,ZECUSDT,TRUMPUSDT,SOLUSDT,WLDUSDT,ADAUSDT,SKHYNIXUSDT,PENGUUSDT,SNDKUSDT,XAUUSDT,XPLUSDT,ONDOUSDT] | changed=false
2026-08-24 11:16:53.509 +04:00 [INF] Futures scan: 1 candidate(s), best RT=0.340% open=0.445%
2026-08-24 11:16:53.576 +04:00 [INF] FUT PAPER OPEN ENAUSDT L:Bybit S:Binance qty=1229.256300 lev=3x margin=66.67 edge=0.445%
2026-08-24 11:16:53.578 +04:00 [INF] Opened futures paper hedge (1): ENAUSDT: L Bybit@0.16 / S Binance@0.16 | RT 0.340% fund 0.000% → 0.340%
2026-08-24 11:16:54.635 +04:00 [INF] FUT PAPER CLOSE ENAUSDT pnl=0.5402 reason=converge lev=3x
2026-08-24 11:35:34.568 +04:00 [INF] Discovery: public tickers Binance/Bybit/OKX (arb band 8000000–400000000 USDT vol, top 15)
2026-08-24 11:35:35.155 +04:00 [INF] Binance fapi: 692 USDT perps with volume
2026-08-24 11:35:36.184 +04:00 [INF] Bybit linear: 725 USDT perps with volume
2026-08-24 11:35:36.734 +04:00 [INF] OKX SWAP: 434 USDT perps with volume
2026-08-24 11:35:37.260 +04:00 [INF] Bitget USDT-FUTURES: 755 tickers with volume
2026-08-24 11:35:40.314 +04:00 [INF] GateIo USDT futures: 931 tickers with volume
2026-08-24 11:35:41.293 +04:00 [INF] Discovered 15 arb pairs: DOGEUSDT@5ex/221.3M, ENAUSDT@5ex/261.5M, SUIUSDT@5ex/118.4M, HYPEUSDT@5ex/202.4M, ZECUSDT@5ex/239.4M, TRUMPUSDT@5ex/276.3M, SOLUSDT@5ex/347.2M, WLDUSDT@5ex/51.4M, ADAUSDT@5ex/90.5M, SKHYNIXUSDT@5ex/86.2M, SNDKUSDT@5ex/84.9M, PENGUUSDT@5ex/84.9M, XAUUSDT@5ex/73.1M, XPLUSDT@5ex/62.4M, ONDOUSDT@5ex/57.1M
2026-08-24 11:35:41.295 +04:00 [INF] Symbol refresh (http-tickers-arb): [DOGEUSDT,ENAUSDT,SUIUSDT,HYPEUSDT,ZECUSDT,TRUMPUSDT,SOLUSDT,WLDUSDT,ADAUSDT,SKHYNIXUSDT,PENGUUSDT,SNDKUSDT,XAUUSDT,XPLUSDT,ONDOUSDT] → [DOGEUSDT,ENAUSDT,SUIUSDT,HYPEUSDT,ZECUSDT,TRUMPUSDT,SOLUSDT,WLDUSDT,ADAUSDT,SKHYNIXUSDT,SNDKUSDT,PENGUUSDT,XAUUSDT,XPLUSDT,ONDOUSDT] | changed=false
2026-08-24 11:40:08.851 +04:00 [INF] Funding cache refresh for 15 symbols × 3 exchanges (TTL 45m)
2026-08-24 11:40:20.328 +04:00 [INF] Funding cache entries: 63
2026-08-24 11:47:01.564 +04:00 [WRN] [Sckt 59] Ping response timeout, reconnecting
2026-08-24 11:47:02.580 +04:00 [WRN] Unified order book DOGE-USDT-SWAP connection lost
2026-08-24 11:47:02.731 +04:00 [INF] Unified order book DOGE-USDT-SWAP status changed: "Synced" => "Reconnecting"
2026-08-24 11:47:02.802 +04:00 [WRN] Unified order book ENA-USDT-SWAP connection lost
2026-08-24 11:47:02.804 +04:00 [INF] Unified order book ENA-USDT-SWAP status changed: "Synced" => "Reconnecting"
2026-08-24 11:47:02.812 +04:00 [WRN] Unified order book SUI-USDT-SWAP connection lost
2026-08-24 11:47:02.813 +04:00 [INF] Unified order book SUI-USDT-SWAP status changed: "Synced" => "Reconnecting"
2026-08-24 11:47:02.817 +04:00 [WRN] [Sckt 63] Ping response timeout, reconnecting
2026-08-24 11:47:02.822 +04:00 [WRN] Unified order book HYPE-USDT-SWAP connection lost
2026-08-24 11:47:02.824 +04:00 [INF] Unified order book HYPE-USDT-SWAP status changed: "Synced" => "Reconnecting"
2026-08-24 11:47:02.825 +04:00 [WRN] Unified order book ZEC-USDT-SWAP connection lost
2026-08-24 11:47:02.827 +04:00 [INF] Unified order book ZEC-USDT-SWAP status changed: "Synced" => "Reconnecting"
2026-08-24 11:47:02.828 +04:00 [WRN] Unified order book TRUMP-USDT-SWAP connection lost
2026-08-24 11:47:02.828 +04:00 [INF] Unified order book TRUMP-USDT-SWAP status changed: "Synced" => "Reconnecting"
2026-08-24 11:47:02.830 +04:00 [WRN] Unified order book WLD-USDT-SWAP connection lost
2026-08-24 11:47:02.831 +04:00 [INF] Unified order book WLD-USDT-SWAP status changed: "Synced" => "Reconnecting"
2026-08-24 11:47:02.832 +04:00 [WRN] Unified order book SOL-USDT-SWAP connection lost
2026-08-24 11:47:02.840 +04:00 [INF] Unified order book SOL-USDT-SWAP status changed: "Synced" => "Reconnecting"
2026-08-24 11:47:02.851 +04:00 [WRN] Unified order book ADA-USDT-SWAP connection lost
2026-08-24 11:47:02.852 +04:00 [INF] Unified order book ADA-USDT-SWAP status changed: "Synced" => "Reconnecting"
2026-08-24 11:47:02.852 +04:00 [WRN] Unified order book PENGU-USDT-SWAP connection lost
2026-08-24 11:47:02.854 +04:00 [INF] Unified order book PENGU-USDT-SWAP status changed: "Synced" => "Reconnecting"
2026-08-24 11:47:02.990 +04:00 [WRN] Failed to determine message type for identifier pong. Data: pong
2026-08-24 11:47:03.234 +04:00 [WRN] Unified order book SKHYNIX-USDT-SWAP connection lost
2026-08-24 11:47:03.235 +04:00 [INF] Unified order book SKHYNIX-USDT-SWAP status changed: "Synced" => "Reconnecting"
2026-08-24 11:47:03.236 +04:00 [WRN] Unified order book ONDO-USDT-SWAP connection lost
2026-08-24 11:47:03.237 +04:00 [INF] Unified order book ONDO-USDT-SWAP status changed: "Synced" => "Reconnecting"
2026-08-24 11:47:03.237 +04:00 [WRN] Unified order book XPL-USDT-SWAP connection lost
2026-08-24 11:47:03.238 +04:00 [INF] Unified order book XPL-USDT-SWAP status changed: "Synced" => "Reconnecting"
2026-08-24 11:47:03.239 +04:00 [WRN] Unified order book SNDK-USDT-SWAP connection lost
2026-08-24 11:47:03.239 +04:00 [INF] Unified order book SNDK-USDT-SWAP status changed: "Synced" => "Reconnecting"
2026-08-24 11:47:03.240 +04:00 [WRN] Unified order book XAU-USDT-SWAP connection lost
2026-08-24 11:47:03.240 +04:00 [INF] Unified order book XAU-USDT-SWAP status changed: "Synced" => "Reconnecting"
2026-08-24 11:47:04.583 +04:00 [INF] Unified order book SKHYNIX-USDT-SWAP status changed: "Reconnecting" => "Syncing"
2026-08-24 11:47:04.585 +04:00 [INF] Unified order book ONDO-USDT-SWAP status changed: "Reconnecting" => "Syncing"
2026-08-24 11:47:04.587 +04:00 [INF] Unified order book XPL-USDT-SWAP status changed: "Reconnecting" => "Syncing"
2026-08-24 11:47:04.587 +04:00 [INF] Unified order book SNDK-USDT-SWAP status changed: "Reconnecting" => "Syncing"
2026-08-24 11:47:04.588 +04:00 [INF] Unified order book XAU-USDT-SWAP status changed: "Reconnecting" => "Syncing"
2026-08-24 11:47:05.136 +04:00 [INF] Unified order book ONDO-USDT-SWAP successfully resynchronized
2026-08-24 11:47:05.136 +04:00 [INF] Unified order book ONDO-USDT-SWAP status changed: "Syncing" => "Synced"
2026-08-24 11:47:05.169 +04:00 [INF] Unified order book DOGE-USDT-SWAP status changed: "Reconnecting" => "Syncing"
2026-08-24 11:47:05.170 +04:00 [INF] Unified order book DOGE-USDT-SWAP successfully resynchronized
2026-08-24 11:47:05.170 +04:00 [INF] Unified order book DOGE-USDT-SWAP status changed: "Syncing" => "Synced"
2026-08-24 11:47:05.171 +04:00 [INF] Unified order book ENA-USDT-SWAP status changed: "Reconnecting" => "Syncing"
2026-08-24 11:47:05.172 +04:00 [INF] Unified order book ENA-USDT-SWAP successfully resynchronized
2026-08-24 11:47:05.172 +04:00 [INF] Unified order book ENA-USDT-SWAP status changed: "Syncing" => "Synced"
2026-08-24 11:47:05.173 +04:00 [INF] Unified order book SUI-USDT-SWAP status changed: "Reconnecting" => "Syncing"
2026-08-24 11:47:05.173 +04:00 [INF] Unified order book SUI-USDT-SWAP successfully resynchronized
2026-08-24 11:47:05.174 +04:00 [INF] Unified order book SUI-USDT-SWAP status changed: "Syncing" => "Synced"
2026-08-24 11:47:05.174 +04:00 [INF] Unified order book HYPE-USDT-SWAP status changed: "Reconnecting" => "Syncing"
2026-08-24 11:47:05.175 +04:00 [INF] Unified order book HYPE-USDT-SWAP successfully resynchronized
2026-08-24 11:47:05.176 +04:00 [INF] Unified order book HYPE-USDT-SWAP status changed: "Syncing" => "Synced"
2026-08-24 11:47:05.177 +04:00 [INF] Unified order book ZEC-USDT-SWAP status changed: "Reconnecting" => "Syncing"
2026-08-24 11:47:05.177 +04:00 [INF] Unified order book ZEC-USDT-SWAP successfully resynchronized
2026-08-24 11:47:05.178 +04:00 [INF] Unified order book ZEC-USDT-SWAP status changed: "Syncing" => "Synced"
2026-08-24 11:47:05.178 +04:00 [INF] Unified order book TRUMP-USDT-SWAP status changed: "Reconnecting" => "Syncing"
2026-08-24 11:47:05.179 +04:00 [INF] Unified order book WLD-USDT-SWAP status changed: "Reconnecting" => "Syncing"
2026-08-24 11:47:05.180 +04:00 [INF] Unified order book SOL-USDT-SWAP status changed: "Reconnecting" => "Syncing"
2026-08-24 11:47:05.180 +04:00 [INF] Unified order book ADA-USDT-SWAP status changed: "Reconnecting" => "Syncing"
2026-08-24 11:47:05.181 +04:00 [INF] Unified order book PENGU-USDT-SWAP status changed: "Reconnecting" => "Syncing"
2026-08-24 11:47:05.229 +04:00 [INF] Unified order book WLD-USDT-SWAP successfully resynchronized
2026-08-24 11:47:05.230 +04:00 [INF] Unified order book WLD-USDT-SWAP status changed: "Syncing" => "Synced"
2026-08-24 11:47:05.244 +04:00 [INF] Unified order book SOL-USDT-SWAP successfully resynchronized
2026-08-24 11:47:05.245 +04:00 [INF] Unified order book SOL-USDT-SWAP status changed: "Syncing" => "Synced"
2026-08-24 11:47:05.259 +04:00 [INF] Unified order book XAU-USDT-SWAP successfully resynchronized
2026-08-24 11:47:05.260 +04:00 [INF] Unified order book XAU-USDT-SWAP status changed: "Syncing" => "Synced"
2026-08-24 11:47:05.474 +04:00 [INF] Unified order book TRUMP-USDT-SWAP successfully resynchronized
2026-08-24 11:47:05.474 +04:00 [INF] Unified order book TRUMP-USDT-SWAP status changed: "Syncing" => "Synced"
2026-08-24 11:47:05.490 +04:00 [INF] Unified order book PENGU-USDT-SWAP successfully resynchronized
2026-08-24 11:47:05.490 +04:00 [INF] Unified order book ADA-USDT-SWAP successfully resynchronized
2026-08-24 11:47:05.490 +04:00 [INF] Unified order book PENGU-USDT-SWAP status changed: "Syncing" => "Synced"
2026-08-24 11:47:05.491 +04:00 [INF] Unified order book ADA-USDT-SWAP status changed: "Syncing" => "Synced"
2026-08-24 11:47:05.505 +04:00 [INF] Unified order book SNDK-USDT-SWAP successfully resynchronized
2026-08-24 11:47:05.506 +04:00 [INF] Unified order book SNDK-USDT-SWAP status changed: "Syncing" => "Synced"
2026-08-24 11:47:05.507 +04:00 [INF] Unified order book XPL-USDT-SWAP successfully resynchronized
2026-08-24 11:47:05.508 +04:00 [INF] Unified order book XPL-USDT-SWAP status changed: "Syncing" => "Synced"
2026-08-24 11:47:05.567 +04:00 [INF] Unified order book SKHYNIX-USDT-SWAP successfully resynchronized
2026-08-24 11:47:05.568 +04:00 [INF] Unified order book SKHYNIX-USDT-SWAP status changed: "Syncing" => "Synced"
2026-08-24 11:53:06.781 +04:00 [INF] Futures scan: 3 candidate(s), best RT=1.060% open=1.165%
2026-08-24 11:53:06.789 +04:00 [INF] FUT PAPER OPEN TRUMPUSDT L:Bybit S:Binance qty=80.906149 lev=3x margin=66.67 edge=1.165%
2026-08-24 11:53:06.790 +04:00 [INF] Opened futures paper hedge (1): TRUMPUSDT: L Bybit@2.44 / S Binance@2.47 | RT 1.060% fund 0.000% → 1.060%
2026-08-24 11:53:06.790 +04:00 [INF] Paper skip TRUMPUSDT: Cooldown 8000ms open=1.124% RT=1.019%
2026-08-24 11:53:06.792 +04:00 [INF] Paper skip TRUMPUSDT: Cooldown 8000ms open=1.073% RT=0.958%
2026-08-24 11:53:07.843 +04:00 [INF] FUT PAPER CLOSE TRUMPUSDT pnl=1.8485 reason=converge lev=3x
2026-08-24 11:53:20.427 +04:00 [INF] Futures scan: 1 candidate(s), best RT=0.144% open=0.254%
2026-08-24 11:53:20.456 +04:00 [INF] FUT PAPER OPEN SNDKUSDT L:OKX S:Bitget qty=0.131406 lev=3x margin=66.67 edge=0.254%
2026-08-24 11:53:20.458 +04:00 [INF] Opened futures paper hedge (1): SNDKUSDT: L OKX@1516.49 / S Bitget@1522.00 | RT 0.144% fund 0.000% → 0.144%
2026-08-24 11:53:21.504 +04:00 [INF] FUT PAPER CLOSE SNDKUSDT pnl=0.1619 reason=converge lev=3x
2026-08-24 11:55:42.274 +04:00 [INF] Discovery: public tickers Binance/Bybit/OKX (arb band 8000000–400000000 USDT vol, top 15)
2026-08-24 11:55:42.731 +04:00 [INF] Binance fapi: 692 USDT perps with volume
2026-08-24 11:55:43.192 +04:00 [INF] Bybit linear: 725 USDT perps with volume
2026-08-24 11:55:43.572 +04:00 [INF] OKX SWAP: 434 USDT perps with volume
2026-08-24 11:55:43.991 +04:00 [INF] Bitget USDT-FUTURES: 755 tickers with volume
2026-08-24 11:55:47.124 +04:00 [INF] GateIo USDT futures: 931 tickers with volume
2026-08-24 11:55:47.533 +04:00 [INF] Discovered 15 arb pairs: DOGEUSDT@5ex/220.4M, ENAUSDT@5ex/260.7M, SUIUSDT@5ex/120M, HYPEUSDT@5ex/206M, ZECUSDT@5ex/237.9M, TRUMPUSDT@5ex/277.5M, SOLUSDT@5ex/349.8M, WLDUSDT@5ex/51.6M, ADAUSDT@5ex/90.3M, SKHYNIXUSDT@5ex/88.2M, SNDKUSDT@5ex/88.2M, PENGUUSDT@5ex/85.2M, XAUUSDT@5ex/74.7M, XPLUSDT@5ex/62.7M, ONDOUSDT@5ex/57.2M
2026-08-24 11:55:47.534 +04:00 [INF] Symbol refresh (http-tickers-arb): [DOGEUSDT,ENAUSDT,SUIUSDT,HYPEUSDT,ZECUSDT,TRUMPUSDT,SOLUSDT,WLDUSDT,ADAUSDT,SKHYNIXUSDT,SNDKUSDT,PENGUUSDT,XAUUSDT,XPLUSDT,ONDOUSDT] → [DOGEUSDT,ENAUSDT,SUIUSDT,HYPEUSDT,ZECUSDT,TRUMPUSDT,SOLUSDT,WLDUSDT,ADAUSDT,SKHYNIXUSDT,SNDKUSDT,PENGUUSDT,XAUUSDT,XPLUSDT,ONDOUSDT] | changed=false
2026-08-24 12:15:47.837 +04:00 [INF] Discovery: public tickers Binance/Bybit/OKX (arb band 8000000–400000000 USDT vol, top 15)
2026-08-24 12:15:48.676 +04:00 [INF] Binance fapi: 692 USDT perps with volume
2026-08-24 12:15:49.206 +04:00 [INF] Bybit linear: 725 USDT perps with volume
2026-08-24 12:15:49.596 +04:00 [INF] OKX SWAP: 434 USDT perps with volume
2026-08-24 12:15:50.553 +04:00 [INF] Bitget USDT-FUTURES: 755 tickers with volume
2026-08-24 12:15:53.661 +04:00 [INF] GateIo USDT futures: 931 tickers with volume
2026-08-24 12:15:54.104 +04:00 [INF] Discovered 15 arb pairs: DOGEUSDT@5ex/222.7M, ENAUSDT@5ex/260.1M, SUIUSDT@5ex/119M, HYPEUSDT@5ex/211.8M, ZECUSDT@5ex/227.8M, TRUMPUSDT@5ex/277M, SOLUSDT@5ex/348.7M, WLDUSDT@5ex/52.1M, SNDKUSDT@5ex/96.6M, SKHYNIXUSDT@5ex/90.5M, ADAUSDT@5ex/89.2M, PENGUUSDT@5ex/85.8M, XAUUSDT@5ex/76.4M, XPLUSDT@5ex/63M, ONDOUSDT@5ex/57.3M
2026-08-24 12:15:54.105 +04:00 [INF] Symbol refresh (http-tickers-arb): [DOGEUSDT,ENAUSDT,SUIUSDT,HYPEUSDT,ZECUSDT,TRUMPUSDT,SOLUSDT,WLDUSDT,ADAUSDT,SKHYNIXUSDT,SNDKUSDT,PENGUUSDT,XAUUSDT,XPLUSDT,ONDOUSDT] → [DOGEUSDT,ENAUSDT,SUIUSDT,HYPEUSDT,ZECUSDT,TRUMPUSDT,SOLUSDT,WLDUSDT,SNDKUSDT,SKHYNIXUSDT,ADAUSDT,PENGUUSDT,XAUUSDT,XPLUSDT,ONDOUSDT] | changed=false
2026-08-24 12:25:20.456 +04:00 [INF] Funding cache refresh for 15 symbols × 3 exchanges (TTL 45m)
2026-08-24 12:25:31.876 +04:00 [INF] Funding cache entries: 63
2026-08-24 12:35:54.699 +04:00 [INF] Discovery: public tickers Binance/Bybit/OKX (arb band 8000000–400000000 USDT vol, top 15)
2026-08-24 12:35:55.168 +04:00 [INF] Binance fapi: 692 USDT perps with volume
2026-08-24 12:35:55.687 +04:00 [INF] Bybit linear: 725 USDT perps with volume
2026-08-24 12:35:56.064 +04:00 [INF] OKX SWAP: 434 USDT perps with volume
2026-08-24 12:35:56.467 +04:00 [INF] Bitget USDT-FUTURES: 755 tickers with volume
2026-08-24 12:35:59.412 +04:00 [INF] GateIo USDT futures: 931 tickers with volume
2026-08-24 12:35:59.834 +04:00 [INF] Discovered 15 arb pairs: DOGEUSDT@5ex/224M, ENAUSDT@5ex/258.1M, SUIUSDT@5ex/120.7M, HYPEUSDT@5ex/221.5M, ZECUSDT@5ex/225.2M, TRUMPUSDT@5ex/277.5M, SOLUSDT@5ex/352.1M, WLDUSDT@5ex/52.3M, SNDKUSDT@5ex/98.2M, SKHYNIXUSDT@5ex/92.5M, ADAUSDT@5ex/90M, PENGUUSDT@5ex/87M, XAUUSDT@5ex/77M, XPLUSDT@5ex/63.4M, ONDOUSDT@5ex/57.7M
2026-08-24 12:35:59.837 +04:00 [INF] Symbol refresh (http-tickers-arb): [DOGEUSDT,ENAUSDT,SUIUSDT,HYPEUSDT,ZECUSDT,TRUMPUSDT,SOLUSDT,WLDUSDT,SNDKUSDT,SKHYNIXUSDT,ADAUSDT,PENGUUSDT,XAUUSDT,XPLUSDT,ONDOUSDT] → [DOGEUSDT,ENAUSDT,SUIUSDT,HYPEUSDT,ZECUSDT,TRUMPUSDT,SOLUSDT,WLDUSDT,SNDKUSDT,SKHYNIXUSDT,ADAUSDT,PENGUUSDT,XAUUSDT,XPLUSDT,ONDOUSDT] | changed=false
2026-08-24 12:36:10.404 +04:00 [INF] Futures scan: 3 candidate(s), best RT=0.243% open=0.348%
2026-08-24 12:36:10.414 +04:00 [INF] FUT PAPER OPEN ZECUSDT L:Binance S:Bybit qty=0.239116 lev=3x margin=66.67 edge=0.348%
2026-08-24 12:36:10.416 +04:00 [INF] Opened futures paper hedge (1): ZECUSDT: L Binance@832.64 / S Bybit@836.41 | RT 0.243% fund 0.006% → 0.249%
2026-08-24 12:36:10.417 +04:00 [INF] Paper skip ZECUSDT: Cooldown 8000ms open=0.321% RT=0.206%
2026-08-24 12:36:10.418 +04:00 [INF] Paper skip ZECUSDT: Cooldown 8000ms open=0.319% RT=0.214%
2026-08-24 12:36:11.458 +04:00 [INF] FUT PAPER CLOSE ZECUSDT pnl=0.3232 reason=converge lev=3x
2026-08-24 12:56:00.531 +04:00 [INF] Discovery: public tickers Binance/Bybit/OKX (arb band 8000000–400000000 USDT vol, top 15)
2026-08-24 12:56:01.145 +04:00 [INF] Binance fapi: 692 USDT perps with volume
2026-08-24 12:56:01.619 +04:00 [INF] Bybit linear: 725 USDT perps with volume
2026-08-24 12:56:02.034 +04:00 [INF] OKX SWAP: 434 USDT perps with volume
2026-08-24 12:56:02.450 +04:00 [INF] Bitget USDT-FUTURES: 755 tickers with volume
2026-08-24 12:56:05.387 +04:00 [INF] GateIo USDT futures: 931 tickers with volume
2026-08-24 12:56:06.600 +04:00 [INF] Discovered 15 arb pairs: DOGEUSDT@5ex/223M, ENAUSDT@5ex/252M, SUIUSDT@5ex/119.7M, HYPEUSDT@5ex/219.3M, ZECUSDT@5ex/224.5M, TRUMPUSDT@5ex/277.7M, SOLUSDT@5ex/350M, WLDUSDT@5ex/52.2M, SNDKUSDT@5ex/99.8M, SKHYNIXUSDT@5ex/92.6M, ADAUSDT@5ex/89.9M, PENGUUSDT@5ex/87.2M, XAUUSDT@5ex/77.8M, XPLUSDT@5ex/63.5M, ONDOUSDT@5ex/57.6M
2026-08-24 12:56:06.601 +04:00 [INF] Symbol refresh (http-tickers-arb): [DOGEUSDT,ENAUSDT,SUIUSDT,HYPEUSDT,ZECUSDT,TRUMPUSDT,SOLUSDT,WLDUSDT,SNDKUSDT,SKHYNIXUSDT,ADAUSDT,PENGUUSDT,XAUUSDT,XPLUSDT,ONDOUSDT] → [DOGEUSDT,ENAUSDT,SUIUSDT,HYPEUSDT,ZECUSDT,TRUMPUSDT,SOLUSDT,WLDUSDT,SNDKUSDT,SKHYNIXUSDT,ADAUSDT,PENGUUSDT,XAUUSDT,XPLUSDT,ONDOUSDT] | changed=false
2026-08-24 13:10:31.957 +04:00 [INF] Funding cache refresh for 15 symbols × 3 exchanges (TTL 45m)
2026-08-24 13:10:42.599 +04:00 [INF] Funding cache entries: 63
2026-08-24 13:16:06.774 +04:00 [INF] Discovery: public tickers Binance/Bybit/OKX (arb band 8000000–400000000 USDT vol, top 15)
2026-08-24 13:16:07.383 +04:00 [INF] Binance fapi: 692 USDT perps with volume
2026-08-24 13:16:07.905 +04:00 [INF] Bybit linear: 725 USDT perps with volume
2026-08-24 13:16:08.285 +04:00 [INF] OKX SWAP: 434 USDT perps with volume
2026-08-24 13:16:08.983 +04:00 [INF] Bitget USDT-FUTURES: 755 tickers with volume
2026-08-24 13:16:12.026 +04:00 [INF] GateIo USDT futures: 931 tickers with volume
2026-08-24 13:16:12.490 +04:00 [INF] Discovered 15 arb pairs: DOGEUSDT@5ex/221.6M, ENAUSDT@5ex/242.7M, SUIUSDT@5ex/119.6M, HYPEUSDT@5ex/220.5M, ZECUSDT@5ex/225.9M, TRUMPUSDT@5ex/274.5M, SOLUSDT@5ex/352.7M, WLDUSDT@5ex/52.2M, SNDKUSDT@5ex/101.1M, SKHYNIXUSDT@5ex/93.3M, ADAUSDT@5ex/89.4M, PENGUUSDT@5ex/87.9M, XAUUSDT@5ex/77.9M, XPLUSDT@5ex/63.5M, ONDOUSDT@5ex/57.8M
2026-08-24 13:16:12.493 +04:00 [INF] Symbol refresh (http-tickers-arb): [DOGEUSDT,ENAUSDT,SUIUSDT,HYPEUSDT,ZECUSDT,TRUMPUSDT,SOLUSDT,WLDUSDT,SNDKUSDT,SKHYNIXUSDT,ADAUSDT,PENGUUSDT,XAUUSDT,XPLUSDT,ONDOUSDT] → [DOGEUSDT,ENAUSDT,SUIUSDT,HYPEUSDT,ZECUSDT,TRUMPUSDT,SOLUSDT,WLDUSDT,SNDKUSDT,SKHYNIXUSDT,ADAUSDT,PENGUUSDT,XAUUSDT,XPLUSDT,ONDOUSDT] | changed=false
2026-08-24 13:36:12.586 +04:00 [INF] Discovery: public tickers Binance/Bybit/OKX (arb band 8000000–400000000 USDT vol, top 15)
2026-08-24 13:36:13.058 +04:00 [INF] Binance fapi: 692 USDT perps with volume
2026-08-24 13:36:13.561 +04:00 [INF] Bybit linear: 725 USDT perps with volume
2026-08-24 13:36:13.932 +04:00 [INF] OKX SWAP: 434 USDT perps with volume
2026-08-24 13:36:14.374 +04:00 [INF] Bitget USDT-FUTURES: 757 tickers with volume
2026-08-24 13:36:17.475 +04:00 [INF] GateIo USDT futures: 931 tickers with volume
2026-08-24 13:36:17.931 +04:00 [INF] Discovered 15 arb pairs: DOGEUSDT@5ex/220.6M, ENAUSDT@5ex/236M, SUIUSDT@5ex/118.9M, HYPEUSDT@5ex/221M, ZECUSDT@5ex/225M, TRUMPUSDT@5ex/274.7M, SOLUSDT@5ex/351M, WLDUSDT@5ex/52.3M, SNDKUSDT@5ex/102.7M, SKHYNIXUSDT@5ex/93.6M, ADAUSDT@5ex/89.9M, PENGUUSDT@5ex/88.1M, XAUUSDT@5ex/78.7M, XPLUSDT@5ex/63.7M, ONDOUSDT@5ex/58.5M
2026-08-24 13:36:17.932 +04:00 [INF] Symbol refresh (http-tickers-arb): [DOGEUSDT,ENAUSDT,SUIUSDT,HYPEUSDT,ZECUSDT,TRUMPUSDT,SOLUSDT,WLDUSDT,SNDKUSDT,SKHYNIXUSDT,ADAUSDT,PENGUUSDT,XAUUSDT,XPLUSDT,ONDOUSDT] → [DOGEUSDT,ENAUSDT,SUIUSDT,HYPEUSDT,ZECUSDT,TRUMPUSDT,SOLUSDT,WLDUSDT,SNDKUSDT,SKHYNIXUSDT,ADAUSDT,PENGUUSDT,XAUUSDT,XPLUSDT,ONDOUSDT] | changed=false
2026-08-24 13:55:42.981 +04:00 [INF] Funding cache refresh for 15 symbols × 3 exchanges (TTL 45m)
2026-08-24 13:55:53.525 +04:00 [INF] Funding cache entries: 63
2026-08-24 13:56:18.698 +04:00 [INF] Discovery: public tickers Binance/Bybit/OKX (arb band 8000000–400000000 USDT vol, top 15)
2026-08-24 13:56:19.160 +04:00 [INF] Binance fapi: 692 USDT perps with volume
2026-08-24 13:56:19.790 +04:00 [INF] Bybit linear: 725 USDT perps with volume
2026-08-24 13:56:20.216 +04:00 [INF] OKX SWAP: 434 USDT perps with volume
2026-08-24 13:56:20.590 +04:00 [INF] Bitget USDT-FUTURES: 757 tickers with volume
2026-08-24 13:56:23.696 +04:00 [INF] GateIo USDT futures: 931 tickers with volume
2026-08-24 13:56:24.056 +04:00 [INF] Discovered 15 arb pairs: DOGEUSDT@5ex/219.3M, ENAUSDT@5ex/230.7M, SUIUSDT@5ex/118.8M, HYPEUSDT@5ex/221.2M, ZECUSDT@5ex/225.6M, TRUMPUSDT@5ex/274.4M, SOLUSDT@5ex/348.4M, WLDUSDT@5ex/52.2M, SNDKUSDT@5ex/103.9M, SKHYNIXUSDT@5ex/93.8M, ADAUSDT@5ex/89.5M, PENGUUSDT@5ex/88.5M, XAUUSDT@5ex/79M, XPLUSDT@5ex/63.7M, ONDOUSDT@5ex/58.7M
2026-08-24 13:56:24.057 +04:00 [INF] Symbol refresh (http-tickers-arb): [DOGEUSDT,ENAUSDT,SUIUSDT,HYPEUSDT,ZECUSDT,TRUMPUSDT,SOLUSDT,WLDUSDT,SNDKUSDT,SKHYNIXUSDT,ADAUSDT,PENGUUSDT,XAUUSDT,XPLUSDT,ONDOUSDT] → [DOGEUSDT,ENAUSDT,SUIUSDT,HYPEUSDT,ZECUSDT,TRUMPUSDT,SOLUSDT,WLDUSDT,SNDKUSDT,SKHYNIXUSDT,ADAUSDT,PENGUUSDT,XAUUSDT,XPLUSDT,ONDOUSDT] | changed=false
2026-08-24 14:16:24.727 +04:00 [INF] Discovery: public tickers Binance/Bybit/OKX (arb band 8000000–400000000 USDT vol, top 15)
2026-08-24 14:16:25.626 +04:00 [INF] Binance fapi: 692 USDT perps with volume
2026-08-24 14:16:26.130 +04:00 [INF] Bybit linear: 725 USDT perps with volume
2026-08-24 14:16:26.516 +04:00 [INF] OKX SWAP: 434 USDT perps with volume
2026-08-24 14:16:26.947 +04:00 [INF] Bitget USDT-FUTURES: 757 tickers with volume
2026-08-24 14:16:30.123 +04:00 [INF] GateIo USDT futures: 931 tickers with volume
2026-08-24 14:16:30.629 +04:00 [INF] Discovered 15 arb pairs: DOGEUSDT@5ex/219.1M, ENAUSDT@5ex/221.4M, SUIUSDT@5ex/119.1M, HYPEUSDT@5ex/224M, ZECUSDT@5ex/224.3M, TRUMPUSDT@5ex/275.4M, SOLUSDT@5ex/346.4M, WLDUSDT@5ex/52M, SNDKUSDT@5ex/107.5M, SKHYNIXUSDT@5ex/93.6M, ADAUSDT@5ex/90M, PENGUUSDT@5ex/88.8M, XAUUSDT@5ex/79.7M, XPLUSDT@5ex/63.9M, ONDOUSDT@5ex/58.9M
2026-08-24 14:16:30.630 +04:00 [INF] Symbol refresh (http-tickers-arb): [DOGEUSDT,ENAUSDT,SUIUSDT,HYPEUSDT,ZECUSDT,TRUMPUSDT,SOLUSDT,WLDUSDT,SNDKUSDT,SKHYNIXUSDT,ADAUSDT,PENGUUSDT,XAUUSDT,XPLUSDT,ONDOUSDT] → [DOGEUSDT,ENAUSDT,SUIUSDT,HYPEUSDT,ZECUSDT,TRUMPUSDT,SOLUSDT,WLDUSDT,SNDKUSDT,SKHYNIXUSDT,ADAUSDT,PENGUUSDT,XAUUSDT,XPLUSDT,ONDOUSDT] | changed=false
2026-08-24 14:36:31.069 +04:00 [INF] Discovery: public tickers Binance/Bybit/OKX (arb band 8000000–400000000 USDT vol, top 15)
2026-08-24 14:36:31.565 +04:00 [INF] Binance fapi: 692 USDT perps with volume
2026-08-24 14:36:32.104 +04:00 [INF] Bybit linear: 725 USDT perps with volume
2026-08-24 14:36:32.482 +04:00 [INF] OKX SWAP: 434 USDT perps with volume
2026-08-24 14:36:33.290 +04:00 [INF] Bitget USDT-FUTURES: 757 tickers with volume
2026-08-24 14:36:36.198 +04:00 [INF] GateIo USDT futures: 931 tickers with volume
2026-08-24 14:36:36.635 +04:00 [INF] Discovered 15 arb pairs: DOGEUSDT@5ex/203.5M, ENAUSDT@5ex/215.9M, SUIUSDT@5ex/116.9M, ZECUSDT@5ex/223.1M, HYPEUSDT@5ex/223.9M, TRUMPUSDT@5ex/278.3M, SOLUSDT@5ex/345.1M, WLDUSDT@5ex/51.5M, SNDKUSDT@5ex/109.7M, SKHYNIXUSDT@5ex/93.7M, ADAUSDT@5ex/88.9M, PENGUUSDT@5ex/88.8M, XAUUSDT@5ex/80.5M, XPLUSDT@5ex/64M, SOXLUSDT@5ex/58.7M
2026-08-24 14:36:36.636 +04:00 [INF] Symbol refresh (http-tickers-arb): [DOGEUSDT,ENAUSDT,SUIUSDT,HYPEUSDT,ZECUSDT,TRUMPUSDT,SOLUSDT,WLDUSDT,SNDKUSDT,SKHYNIXUSDT,ADAUSDT,PENGUUSDT,XAUUSDT,XPLUSDT,ONDOUSDT] → [DOGEUSDT,ENAUSDT,SUIUSDT,ZECUSDT,HYPEUSDT,TRUMPUSDT,SOLUSDT,WLDUSDT,SNDKUSDT,SKHYNIXUSDT,ADAUSDT,PENGUUSDT,XAUUSDT,XPLUSDT,SOXLUSDT] | changed=true
2026-08-24 14:36:36.638 +04:00 [INF] Restarting futures books for new symbol set…
2026-08-24 14:36:37.014 +04:00 [INF] [Sckt 57] subscription 16959 unsubscribed
2026-08-24 14:36:37.016 +04:00 [INF] UsdFutures order book SUIUSDT status changed: "Synced" => "Disconnected"
2026-08-24 14:36:37.232 +04:00 [INF] [Sckt 62] subscription 17054 unsubscribed
2026-08-24 14:36:37.234 +04:00 [INF] V5 order book SKHYNIXUSDT status changed: "Synced" => "Disconnected"
2026-08-24 14:36:37.561 +04:00 [INF] [Sckt 63] subscription 17057 unsubscribed
2026-08-24 14:36:37.562 +04:00 [INF] Unified order book SKHYNIX-USDT-SWAP status changed: "Synced" => "Disconnected"
2026-08-24 14:36:37.761 +04:00 [INF] [Sckt 58] subscription 17029 unsubscribed
2026-08-24 14:36:37.762 +04:00 [INF] V5 order book ADAUSDT status changed: "Synced" => "Disconnected"
2026-08-24 14:36:38.092 +04:00 [INF] [Sckt 59] subscription 16944 unsubscribed
2026-08-24 14:36:38.094 +04:00 [INF] Unified order book DOGE-USDT-SWAP status changed: "Synced" => "Disconnected"
2026-08-24 14:36:38.360 +04:00 [INF] [Sckt 60] subscription 17001 unsubscribed
2026-08-24 14:36:38.361 +04:00 [INF] Futures order book TRUMPUSDT status changed: "Synced" => "Disconnected"
2026-08-24 14:36:38.627 +04:00 [INF] [Sckt 60] subscription 17034 unsubscribed
2026-08-24 14:36:38.628 +04:00 [INF] Futures order book ADAUSDT status changed: "Synced" => "Disconnected"
2026-08-24 14:36:38.971 +04:00 [INF] [Sckt 59] subscription 16966 unsubscribed
2026-08-24 14:36:38.972 +04:00 [INF] Unified order book SUI-USDT-SWAP status changed: "Synced" => "Disconnected"
2026-08-24 14:36:39.240 +04:00 [INF] [Sckt 60] subscription 17023 unsubscribed
2026-08-24 14:36:39.241 +04:00 [INF] Futures order book SOLUSDT status changed: "Synced" => "Disconnected"
2026-08-24 14:36:39.561 +04:00 [INF] [Sckt 61] subscription 17094 unsubscribed
2026-08-24 14:36:39.569 +04:00 [INF] UsdFutures order book XAUUSDT status changed: "Synced" => "Disconnected"
2026-08-24 14:36:39.858 +04:00 [INF] [Sckt 60] subscription 17048 unsubscribed
2026-08-24 14:36:39.860 +04:00 [INF] Futures order book PENGUUSDT status changed: "Synced" => "Disconnected"
2026-08-24 14:36:40.189 +04:00 [INF] [Sckt 59] subscription 16955 unsubscribed
2026-08-24 14:36:40.190 +04:00 [INF] Unified order book ENA-USDT-SWAP status changed: "Synced" => "Disconnected"
2026-08-24 14:36:40.519 +04:00 [INF] [Sckt 59] subscription 17045 unsubscribed
2026-08-24 14:36:40.521 +04:00 [INF] Unified order book PENGU-USDT-SWAP status changed: "Synced" => "Disconnected"
2026-08-24 14:36:40.790 +04:00 [INF] [Sckt 64] subscription 17081 unsubscribed
2026-08-24 14:36:40.791 +04:00 [INF] Futures order book XPLUSDT status changed: "Synced" => "Disconnected"
2026-08-24 14:36:41.217 +04:00 [INF] [Sckt 57] subscription 17003 unsubscribed
2026-08-24 14:36:41.219 +04:00 [INF] UsdFutures order book WLDUSDT status changed: "Synced" => "Disconnected"
2026-08-24 14:36:41.417 +04:00 [INF] [Sckt 58] subscription 16963 unsubscribed
2026-08-24 14:36:41.422 +04:00 [INF] V5 order book SUIUSDT status changed: "Synced" => "Disconnected"
2026-08-24 14:36:41.831 +04:00 [INF] [Sckt 57] subscription 17025 unsubscribed
2026-08-24 14:36:42.024 +04:00 [INF] UsdFutures order book ADAUSDT status changed: "Synced" => "Disconnected"
2026-08-24 14:36:42.287 +04:00 [INF] [Sckt 58] subscription 16952 unsubscribed
2026-08-24 14:36:42.289 +04:00 [INF] V5 order book ENAUSDT status changed: "Synced" => "Disconnected"
2026-08-24 14:36:42.669 +04:00 [INF] [Sckt 61] subscription 17072 unsubscribed
2026-08-24 14:36:42.669 +04:00 [INF] UsdFutures order book XPLUSDT status changed: "Synced" => "Disconnected"
2026-08-24 14:36:42.936 +04:00 [INF] [Sckt 64] subscription 17070 unsubscribed
2026-08-24 14:36:42.937 +04:00 [INF] Futures order book ONDOUSDT status changed: "Synced" => "Disconnected"
2026-08-24 14:36:43.206 +04:00 [INF] [Sckt 64] subscription 17059 unsubscribed
2026-08-24 14:36:43.207 +04:00 [INF] Futures order book SKHYNIXUSDT status changed: "Synced" => "Disconnected"
2026-08-24 14:36:43.537 +04:00 [INF] [Sckt 59] subscription 17021 unsubscribed
2026-08-24 14:36:43.538 +04:00 [INF] Unified order book SOL-USDT-SWAP status changed: "Synced" => "Disconnected"
2026-08-24 14:36:43.867 +04:00 [INF] [Sckt 59] subscription 16988 unsubscribed
2026-08-24 14:36:43.868 +04:00 [INF] Unified order book ZEC-USDT-SWAP status changed: "Synced" => "Disconnected"
2026-08-24 14:36:44.086 +04:00 [INF] [Sckt 58] subscription 16941 unsubscribed
2026-08-24 14:36:44.087 +04:00 [INF] V5 order book DOGEUSDT status changed: "Synced" => "Disconnected"
2026-08-24 14:36:44.362 +04:00 [INF] [Sckt 60] subscription 16968 unsubscribed
2026-08-24 14:36:44.363 +04:00 [INF] Futures order book SUIUSDT status changed: "Synced" => "Disconnected"
2026-08-24 14:36:44.628 +04:00 [INF] [Sckt 60] subscription 16946 unsubscribed
2026-08-24 14:36:44.630 +04:00 [INF] Futures order book DOGEUSDT status changed: "Synced" => "Disconnected"
2026-08-24 14:36:44.955 +04:00 [INF] [Sckt 63] subscription 17068 unsubscribed
2026-08-24 14:36:44.958 +04:00 [INF] Unified order book ONDO-USDT-SWAP status changed: "Synced" => "Disconnected"
2026-08-24 14:36:45.157 +04:00 [INF] [Sckt 58] subscription 16985 unsubscribed
2026-08-24 14:36:45.159 +04:00 [INF] V5 order book ZECUSDT status changed: "Synced" => "Disconnected"
2026-08-24 14:36:45.525 +04:00 [INF] [Sckt 57] subscription 17014 unsubscribed
2026-08-24 14:36:45.527 +04:00 [INF] UsdFutures order book SOLUSDT status changed: "Synced" => "Disconnected"
2026-08-24 14:36:45.854 +04:00 [INF] [Sckt 63] subscription 17079 unsubscribed
2026-08-24 14:36:45.855 +04:00 [INF] Unified order book XPL-USDT-SWAP status changed: "Synced" => "Disconnected"
2026-08-24 14:36:46.185 +04:00 [INF] [Sckt 59] subscription 16977 unsubscribed
2026-08-24 14:36:46.186 +04:00 [INF] Unified order book HYPE-USDT-SWAP status changed: "Synced" => "Disconnected"
2026-08-24 14:36:46.525 +04:00 [INF] [Sckt 57] subscription 16937 unsubscribed
2026-08-24 14:36:46.527 +04:00 [INF] UsdFutures order book DOGEUSDT status changed: "Synced" => "Disconnected"
2026-08-24 14:36:46.927 +04:00 [INF] [Sckt 57] subscription 16981 unsubscribed
2026-08-24 14:36:46.927 +04:00 [INF] UsdFutures order book ZECUSDT status changed: "Synced" => "Disconnected"
2026-08-24 14:36:47.272 +04:00 [INF] [Sckt 61] subscription 17050 unsubscribed
2026-08-24 14:36:47.278 +04:00 [INF] UsdFutures order book SKHYNIXUSDT status changed: "Synced" => "Disconnected"
2026-08-24 14:36:47.611 +04:00 [INF] [Sckt 59] subscription 17010 unsubscribed
2026-08-24 14:36:47.612 +04:00 [INF] Unified order book WLD-USDT-SWAP status changed: "Synced" => "Disconnected"
2026-08-24 14:36:47.829 +04:00 [INF] [Sckt 62] subscription 17099 unsubscribed
2026-08-24 14:36:47.832 +04:00 [INF] V5 order book XAUUSDT status changed: "Synced" => "Disconnected"
2026-08-24 14:36:48.072 +04:00 [INF] [Sckt 58] subscription 16974 unsubscribed
2026-08-24 14:36:48.073 +04:00 [INF] V5 order book HYPEUSDT status changed: "Synced" => "Disconnected"
2026-08-24 14:36:48.289 +04:00 [INF] [Sckt 62] subscription 17076 unsubscribed
2026-08-24 14:36:48.290 +04:00 [INF] V5 order book XPLUSDT status changed: "Synced" => "Disconnected"
2026-08-24 14:36:48.564 +04:00 [INF] [Sckt 64] subscription 17092 unsubscribed
2026-08-24 14:36:48.565 +04:00 [INF] Futures order book SNDKUSDT status changed: "Synced" => "Disconnected"
2026-08-24 14:36:48.880 +04:00 [INF] Futures order book XAUUSDT status changed: "Synced" => "Disconnected"
2026-08-24 14:36:49.229 +04:00 [INF] [Sckt 57] subscription 16970 unsubscribed
2026-08-24 14:36:49.229 +04:00 [INF] UsdFutures order book HYPEUSDT status changed: "Synced" => "Disconnected"
2026-08-24 14:36:49.428 +04:00 [INF] [Sckt 58] subscription 16996 unsubscribed
2026-08-24 14:36:49.430 +04:00 [INF] V5 order book TRUMPUSDT status changed: "Synced" => "Disconnected"
2026-08-24 14:36:49.646 +04:00 [INF] [Sckt 62] subscription 17087 unsubscribed
2026-08-24 14:36:49.647 +04:00 [INF] V5 order book SNDKUSDT status changed: "Synced" => "Disconnected"
2026-08-24 14:36:49.972 +04:00 [INF] [Sckt 63] subscription 17102 unsubscribed
2026-08-24 14:36:49.972 +04:00 [INF] Unified order book XAU-USDT-SWAP status changed: "Synced" => "Disconnected"
2026-08-24 14:36:50.374 +04:00 [INF] [Sckt 61] subscription 17061 unsubscribed
2026-08-24 14:36:50.375 +04:00 [INF] UsdFutures order book ONDOUSDT status changed: "Synced" => "Disconnected"
2026-08-24 14:36:50.662 +04:00 [INF] [Sckt 60] subscription 17012 unsubscribed
2026-08-24 14:36:50.669 +04:00 [INF] Futures order book WLDUSDT status changed: "Synced" => "Disconnected"
2026-08-24 14:36:50.935 +04:00 [INF] [Sckt 60] subscription 16979 unsubscribed
2026-08-24 14:36:50.937 +04:00 [INF] Futures order book HYPEUSDT status changed: "Synced" => "Disconnected"
2026-08-24 14:36:51.330 +04:00 [INF] [Sckt 57] subscription 16992 unsubscribed
2026-08-24 14:36:51.330 +04:00 [INF] UsdFutures order book TRUMPUSDT status changed: "Synced" => "Disconnected"
2026-08-24 14:36:51.575 +04:00 [INF] V5 order book ONDOUSDT status changed: "Synced" => "Disconnected"
2026-08-24 14:36:51.777 +04:00 [INF] [Sckt 58] subscription 17018 unsubscribed
2026-08-24 14:36:51.778 +04:00 [INF] V5 order book SOLUSDT status changed: "Synced" => "Disconnected"
2026-08-24 14:36:52.112 +04:00 [INF] [Sckt 59] subscription 17032 unsubscribed
2026-08-24 14:36:52.113 +04:00 [INF] Unified order book ADA-USDT-SWAP status changed: "Synced" => "Disconnected"
2026-08-24 14:36:52.501 +04:00 [INF] UsdFutures order book SNDKUSDT status changed: "Synced" => "Disconnected"
2026-08-24 14:36:52.781 +04:00 [INF] [Sckt 60] subscription 16990 unsubscribed
2026-08-24 14:36:52.795 +04:00 [INF] Futures order book ZECUSDT status changed: "Synced" => "Disconnected"
2026-08-24 14:36:53.135 +04:00 [INF] [Sckt 57] subscription 17036 unsubscribed
2026-08-24 14:36:53.137 +04:00 [INF] UsdFutures order book PENGUUSDT status changed: "Synced" => "Disconnected"
2026-08-24 14:36:53.569 +04:00 [INF] UsdFutures order book ENAUSDT status changed: "Synced" => "Disconnected"
2026-08-24 14:36:53.917 +04:00 [INF] Unified order book SNDK-USDT-SWAP status changed: "Synced" => "Disconnected"
2026-08-24 14:36:54.123 +04:00 [INF] [Sckt 58] subscription 17007 unsubscribed
2026-08-24 14:36:54.141 +04:00 [INF] V5 order book WLDUSDT status changed: "Synced" => "Disconnected"
2026-08-24 14:36:54.368 +04:00 [INF] V5 order book PENGUUSDT status changed: "Synced" => "Disconnected"
2026-08-24 14:36:54.661 +04:00 [INF] Futures order book ENAUSDT status changed: "Synced" => "Disconnected"
2026-08-24 14:36:55.015 +04:00 [INF] Unified order book TRUMP-USDT-SWAP status changed: "Synced" => "Disconnected"
2026-08-24 14:36:55.018 +04:00 [INF] UsdFutures order book DOGEUSDT status changed: "Disconnected" => "Connecting"
2026-08-24 14:36:56.763 +04:00 [INF] [Sckt 65] subscription 27809 completed successfully
2026-08-24 14:36:56.763 +04:00 [INF] UsdFutures order book DOGEUSDT status changed: "Connecting" => "Syncing"
2026-08-24 14:36:57.155 +04:00 [INF] UsdFutures order book DOGEUSDT status changed: "Syncing" => "Synced"
2026-08-24 14:36:57.158 +04:00 [INF] Futures book Binance:DOGEUSDT "Synced"
2026-08-24 14:36:57.158 +04:00 [INF] V5 order book DOGEUSDT status changed: "Disconnected" => "Connecting"
2026-08-24 14:36:57.971 +04:00 [INF] [Sckt 66] subscription 27813 completed successfully
2026-08-24 14:36:57.972 +04:00 [INF] V5 order book DOGEUSDT status changed: "Connecting" => "Syncing"
2026-08-24 14:36:57.973 +04:00 [INF] V5 order book DOGEUSDT status changed: "Syncing" => "Synced"
2026-08-24 14:36:57.974 +04:00 [INF] Futures book Bybit:DOGEUSDT "Synced"
2026-08-24 14:36:57.974 +04:00 [INF] Unified order book DOGE-USDT-SWAP status changed: "Disconnected" => "Connecting"
2026-08-24 14:36:59.369 +04:00 [INF] [Sckt 67] subscription 27816 completed successfully
2026-08-24 14:36:59.370 +04:00 [INF] Unified order book DOGE-USDT-SWAP status changed: "Connecting" => "Syncing"
2026-08-24 14:37:00.036 +04:00 [INF] Unified order book DOGE-USDT-SWAP status changed: "Syncing" => "Synced"
2026-08-24 14:37:00.038 +04:00 [INF] Futures book OKX:DOGEUSDT "Synced"
2026-08-24 14:37:00.038 +04:00 [INF] Futures order book DOGEUSDT status changed: "Disconnected" => "Connecting"
2026-08-24 14:37:01.472 +04:00 [INF] [Sckt 68] subscription 27818 completed successfully
2026-08-24 14:37:01.473 +04:00 [INF] Futures order book DOGEUSDT status changed: "Connecting" => "Syncing"
2026-08-24 14:37:01.474 +04:00 [INF] Futures order book DOGEUSDT status changed: "Syncing" => "Synced"
2026-08-24 14:37:01.475 +04:00 [INF] Futures book Bitget:DOGEUSDT "Synced"
2026-08-24 14:37:01.476 +04:00 [INF] UsdFutures order book ENAUSDT status changed: "Disconnected" => "Connecting"
2026-08-24 14:37:01.871 +04:00 [INF] [Sckt 65] subscription 27820 completed successfully
2026-08-24 14:37:01.873 +04:00 [INF] UsdFutures order book ENAUSDT status changed: "Connecting" => "Syncing"
2026-08-24 14:37:02.262 +04:00 [INF] UsdFutures order book ENAUSDT status changed: "Syncing" => "Synced"
2026-08-24 14:37:02.264 +04:00 [INF] Futures book Binance:ENAUSDT "Synced"
2026-08-24 14:37:02.266 +04:00 [INF] V5 order book ENAUSDT status changed: "Disconnected" => "Connecting"
2026-08-24 14:37:02.664 +04:00 [INF] [Sckt 66] subscription 27824 completed successfully
2026-08-24 14:37:02.666 +04:00 [INF] V5 order book ENAUSDT status changed: "Connecting" => "Syncing"
2026-08-24 14:37:02.667 +04:00 [INF] V5 order book ENAUSDT status changed: "Syncing" => "Synced"
2026-08-24 14:37:02.667 +04:00 [INF] Futures book Bybit:ENAUSDT "Synced"
2026-08-24 14:37:02.668 +04:00 [INF] Unified order book ENA-USDT-SWAP status changed: "Disconnected" => "Connecting"
2026-08-24 14:37:03.006 +04:00 [INF] [Sckt 67] subscription 27827 completed successfully
2026-08-24 14:37:03.008 +04:00 [INF] Unified order book ENA-USDT-SWAP status changed: "Connecting" => "Syncing"
2026-08-24 14:37:03.309 +04:00 [INF] Unified order book ENA-USDT-SWAP status changed: "Syncing" => "Synced"
2026-08-24 14:37:03.310 +04:00 [INF] Futures book OKX:ENAUSDT "Synced"
2026-08-24 14:37:03.311 +04:00 [INF] Futures order book ENAUSDT status changed: "Disconnected" => "Connecting"
2026-08-24 14:37:03.602 +04:00 [INF] [Sckt 68] subscription 27829 completed successfully
2026-08-24 14:37:03.603 +04:00 [INF] Futures order book ENAUSDT status changed: "Connecting" => "Syncing"
2026-08-24 14:37:03.604 +04:00 [INF] Futures order book ENAUSDT status changed: "Syncing" => "Synced"
2026-08-24 14:37:03.604 +04:00 [INF] Futures book Bitget:ENAUSDT "Synced"
2026-08-24 14:37:03.605 +04:00 [INF] UsdFutures order book SUIUSDT status changed: "Disconnected" => "Connecting"
2026-08-24 14:37:03.972 +04:00 [INF] [Sckt 65] subscription 27831 completed successfully
2026-08-24 14:37:03.974 +04:00 [INF] UsdFutures order book SUIUSDT status changed: "Connecting" => "Syncing"
2026-08-24 14:37:04.370 +04:00 [INF] UsdFutures order book SUIUSDT status changed: "Syncing" => "Synced"
2026-08-24 14:37:04.375 +04:00 [INF] Futures book Binance:SUIUSDT "Synced"
2026-08-24 14:37:04.375 +04:00 [INF] V5 order book SUIUSDT status changed: "Disconnected" => "Connecting"
2026-08-24 14:37:04.582 +04:00 [INF] [Sckt 66] subscription 27835 completed successfully
2026-08-24 14:37:04.584 +04:00 [INF] V5 order book SUIUSDT status changed: "Connecting" => "Syncing"
2026-08-24 14:37:04.584 +04:00 [INF] V5 order book SUIUSDT status changed: "Syncing" => "Synced"
2026-08-24 14:37:04.586 +04:00 [INF] Futures book Bybit:SUIUSDT "Synced"
2026-08-24 14:37:04.587 +04:00 [INF] Unified order book SUI-USDT-SWAP status changed: "Disconnected" => "Connecting"
2026-08-24 14:37:04.925 +04:00 [INF] [Sckt 67] subscription 27838 completed successfully
2026-08-24 14:37:04.927 +04:00 [INF] Unified order book SUI-USDT-SWAP status changed: "Connecting" => "Syncing"
2026-08-24 14:37:05.104 +04:00 [INF] Unified order book SUI-USDT-SWAP status changed: "Syncing" => "Synced"
2026-08-24 14:37:05.105 +04:00 [INF] Futures book OKX:SUIUSDT "Synced"
2026-08-24 14:37:05.108 +04:00 [INF] Futures order book SUIUSDT status changed: "Disconnected" => "Connecting"
2026-08-24 14:37:05.397 +04:00 [INF] [Sckt 68] subscription 27840 completed successfully
2026-08-24 14:37:05.399 +04:00 [INF] Futures order book SUIUSDT status changed: "Connecting" => "Syncing"
2026-08-24 14:37:05.400 +04:00 [INF] Futures order book SUIUSDT status changed: "Syncing" => "Synced"
2026-08-24 14:37:05.400 +04:00 [INF] Futures book Bitget:SUIUSDT "Synced"
2026-08-24 14:37:05.401 +04:00 [INF] UsdFutures order book ZECUSDT status changed: "Disconnected" => "Connecting"
2026-08-24 14:37:05.774 +04:00 [INF] [Sckt 65] subscription 27842 completed successfully
2026-08-24 14:37:05.776 +04:00 [INF] UsdFutures order book ZECUSDT status changed: "Connecting" => "Syncing"
2026-08-24 14:37:06.185 +04:00 [INF] UsdFutures order book ZECUSDT status changed: "Syncing" => "Synced"
2026-08-24 14:37:06.187 +04:00 [INF] Futures book Binance:ZECUSDT "Synced"
2026-08-24 14:37:06.188 +04:00 [INF] V5 order book ZECUSDT status changed: "Disconnected" => "Connecting"
2026-08-24 14:37:06.390 +04:00 [INF] [Sckt 66] subscription 27846 completed successfully
2026-08-24 14:37:06.391 +04:00 [INF] V5 order book ZECUSDT status changed: "Connecting" => "Syncing"
2026-08-24 14:37:06.393 +04:00 [INF] V5 order book ZECUSDT status changed: "Syncing" => "Synced"
2026-08-24 14:37:06.393 +04:00 [INF] Futures book Bybit:ZECUSDT "Synced"
2026-08-24 14:37:06.394 +04:00 [INF] Unified order book ZEC-USDT-SWAP status changed: "Disconnected" => "Connecting"
2026-08-24 14:37:06.732 +04:00 [INF] [Sckt 67] subscription 27849 completed successfully
2026-08-24 14:37:06.743 +04:00 [INF] Unified order book ZEC-USDT-SWAP status changed: "Connecting" => "Syncing"
2026-08-24 14:37:06.865 +04:00 [INF] Unified order book ZEC-USDT-SWAP status changed: "Syncing" => "Synced"
2026-08-24 14:37:06.867 +04:00 [INF] Futures book OKX:ZECUSDT "Synced"
2026-08-24 14:37:06.868 +04:00 [INF] Futures order book ZECUSDT status changed: "Disconnected" => "Connecting"
2026-08-24 14:37:07.167 +04:00 [INF] [Sckt 68] subscription 27851 completed successfully
2026-08-24 14:37:07.169 +04:00 [INF] Futures order book ZECUSDT status changed: "Connecting" => "Syncing"
2026-08-24 14:37:07.171 +04:00 [INF] Futures order book ZECUSDT status changed: "Syncing" => "Synced"
2026-08-24 14:37:07.172 +04:00 [INF] Futures book Bitget:ZECUSDT "Synced"
2026-08-24 14:37:07.173 +04:00 [INF] UsdFutures order book HYPEUSDT status changed: "Disconnected" => "Connecting"
2026-08-24 14:37:07.576 +04:00 [INF] [Sckt 65] subscription 27853 completed successfully
2026-08-24 14:37:07.578 +04:00 [INF] UsdFutures order book HYPEUSDT status changed: "Connecting" => "Syncing"
2026-08-24 14:37:07.998 +04:00 [INF] UsdFutures order book HYPEUSDT status changed: "Syncing" => "Synced"
2026-08-24 14:37:08.000 +04:00 [INF] Futures book Binance:HYPEUSDT "Synced"
2026-08-24 14:37:08.001 +04:00 [INF] V5 order book HYPEUSDT status changed: "Disconnected" => "Connecting"
2026-08-24 14:37:08.206 +04:00 [INF] [Sckt 66] subscription 27857 completed successfully
2026-08-24 14:37:08.208 +04:00 [INF] V5 order book HYPEUSDT status changed: "Connecting" => "Syncing"
2026-08-24 14:37:08.209 +04:00 [INF] V5 order book HYPEUSDT status changed: "Syncing" => "Synced"
2026-08-24 14:37:08.210 +04:00 [INF] Futures book Bybit:HYPEUSDT "Synced"
2026-08-24 14:37:08.211 +04:00 [INF] Unified order book HYPE-USDT-SWAP status changed: "Disconnected" => "Connecting"
2026-08-24 14:37:08.560 +04:00 [INF] [Sckt 67] subscription 27860 completed successfully
2026-08-24 14:37:08.562 +04:00 [INF] Unified order book HYPE-USDT-SWAP status changed: "Connecting" => "Syncing"
2026-08-24 14:37:08.688 +04:00 [INF] Unified order book HYPE-USDT-SWAP status changed: "Syncing" => "Synced"
2026-08-24 14:37:08.690 +04:00 [INF] Futures book OKX:HYPEUSDT "Synced"
2026-08-24 14:37:08.691 +04:00 [INF] Futures order book HYPEUSDT status changed: "Disconnected" => "Connecting"
2026-08-24 14:37:08.997 +04:00 [INF] [Sckt 68] subscription 27862 completed successfully
2026-08-24 14:37:08.998 +04:00 [INF] Futures order book HYPEUSDT status changed: "Connecting" => "Syncing"
2026-08-24 14:37:08.999 +04:00 [INF] Futures order book HYPEUSDT status changed: "Syncing" => "Synced"
2026-08-24 14:37:09.001 +04:00 [INF] Futures book Bitget:HYPEUSDT "Synced"
2026-08-24 14:37:09.001 +04:00 [INF] UsdFutures order book TRUMPUSDT status changed: "Disconnected" => "Connecting"
2026-08-24 14:37:09.382 +04:00 [INF] [Sckt 65] subscription 27864 completed successfully
2026-08-24 14:37:09.383 +04:00 [INF] UsdFutures order book TRUMPUSDT status changed: "Connecting" => "Syncing"
2026-08-24 14:37:09.815 +04:00 [INF] UsdFutures order book TRUMPUSDT status changed: "Syncing" => "Synced"
2026-08-24 14:37:09.817 +04:00 [INF] Futures book Binance:TRUMPUSDT "Synced"
2026-08-24 14:37:09.817 +04:00 [INF] V5 order book TRUMPUSDT status changed: "Disconnected" => "Connecting"
2026-08-24 14:37:10.083 +04:00 [INF] [Sckt 66] subscription 27868 completed successfully
2026-08-24 14:37:10.084 +04:00 [INF] V5 order book TRUMPUSDT status changed: "Connecting" => "Syncing"
2026-08-24 14:37:10.086 +04:00 [INF] V5 order book TRUMPUSDT status changed: "Syncing" => "Synced"
2026-08-24 14:37:10.087 +04:00 [INF] Futures book Bybit:TRUMPUSDT "Synced"
2026-08-24 14:37:10.088 +04:00 [INF] Unified order book TRUMP-USDT-SWAP status changed: "Disconnected" => "Connecting"
2026-08-24 14:37:10.428 +04:00 [INF] [Sckt 67] subscription 27871 completed successfully
2026-08-24 14:37:10.429 +04:00 [INF] Unified order book TRUMP-USDT-SWAP status changed: "Connecting" => "Syncing"
2026-08-24 14:37:10.480 +04:00 [INF] Unified order book TRUMP-USDT-SWAP status changed: "Syncing" => "Synced"
2026-08-24 14:37:10.482 +04:00 [INF] Futures book OKX:TRUMPUSDT "Synced"
2026-08-24 14:37:10.482 +04:00 [INF] Futures order book TRUMPUSDT status changed: "Disconnected" => "Connecting"
2026-08-24 14:37:10.773 +04:00 [INF] [Sckt 68] subscription 27873 completed successfully
2026-08-24 14:37:10.774 +04:00 [INF] Futures order book TRUMPUSDT status changed: "Connecting" => "Syncing"
2026-08-24 14:37:10.837 +04:00 [INF] Futures order book TRUMPUSDT status changed: "Syncing" => "Synced"
2026-08-24 14:37:10.846 +04:00 [INF] Futures book Bitget:TRUMPUSDT "Synced"
2026-08-24 14:37:10.847 +04:00 [INF] UsdFutures order book SOLUSDT status changed: "Disconnected" => "Connecting"
2026-08-24 14:37:11.183 +04:00 [INF] [Sckt 65] subscription 27875 completed successfully
2026-08-24 14:37:11.184 +04:00 [INF] UsdFutures order book SOLUSDT status changed: "Connecting" => "Syncing"
2026-08-24 14:37:11.569 +04:00 [INF] UsdFutures order book SOLUSDT status changed: "Syncing" => "Synced"
2026-08-24 14:37:11.573 +04:00 [INF] Futures book Binance:SOLUSDT "Synced"
2026-08-24 14:37:11.573 +04:00 [INF] V5 order book SOLUSDT status changed: "Disconnected" => "Connecting"
2026-08-24 14:37:11.773 +04:00 [INF] [Sckt 66] subscription 27879 completed successfully
2026-08-24 14:37:11.773 +04:00 [INF] V5 order book SOLUSDT status changed: "Connecting" => "Syncing"
2026-08-24 14:37:11.774 +04:00 [INF] V5 order book SOLUSDT status changed: "Syncing" => "Synced"
2026-08-24 14:37:11.775 +04:00 [INF] Futures book Bybit:SOLUSDT "Synced"
2026-08-24 14:37:11.775 +04:00 [INF] Unified order book SOL-USDT-SWAP status changed: "Disconnected" => "Connecting"
2026-08-24 14:37:12.114 +04:00 [INF] [Sckt 67] subscription 27882 completed successfully
2026-08-24 14:37:12.114 +04:00 [INF] Unified order book SOL-USDT-SWAP status changed: "Connecting" => "Syncing"
2026-08-24 14:37:12.288 +04:00 [INF] Unified order book SOL-USDT-SWAP status changed: "Syncing" => "Synced"
2026-08-24 14:37:12.289 +04:00 [INF] Futures book OKX:SOLUSDT "Synced"
2026-08-24 14:37:12.292 +04:00 [INF] Futures order book SOLUSDT status changed: "Disconnected" => "Connecting"
2026-08-24 14:37:12.581 +04:00 [INF] [Sckt 68] subscription 27884 completed successfully
2026-08-24 14:37:12.584 +04:00 [INF] Futures order book SOLUSDT status changed: "Connecting" => "Syncing"
2026-08-24 14:37:12.584 +04:00 [INF] Futures order book SOLUSDT status changed: "Syncing" => "Synced"
2026-08-24 14:37:12.585 +04:00 [INF] Futures book Bitget:SOLUSDT "Synced"
2026-08-24 14:37:12.587 +04:00 [INF] UsdFutures order book WLDUSDT status changed: "Disconnected" => "Connecting"
2026-08-24 14:37:12.985 +04:00 [INF] [Sckt 65] subscription 27886 completed successfully
2026-08-24 14:37:12.985 +04:00 [INF] UsdFutures order book WLDUSDT status changed: "Connecting" => "Syncing"
2026-08-24 14:37:13.374 +04:00 [INF] UsdFutures order book WLDUSDT status changed: "Syncing" => "Synced"
2026-08-24 14:37:13.375 +04:00 [INF] Futures book Binance:WLDUSDT "Synced"
2026-08-24 14:37:13.375 +04:00 [INF] V5 order book WLDUSDT status changed: "Disconnected" => "Connecting"
2026-08-24 14:37:13.574 +04:00 [INF] [Sckt 66] subscription 27890 completed successfully
2026-08-24 14:37:13.575 +04:00 [INF] V5 order book WLDUSDT status changed: "Connecting" => "Syncing"
2026-08-24 14:37:13.576 +04:00 [INF] V5 order book WLDUSDT status changed: "Syncing" => "Synced"
2026-08-24 14:37:13.578 +04:00 [INF] Futures book Bybit:WLDUSDT "Synced"
2026-08-24 14:37:13.579 +04:00 [INF] Unified order book WLD-USDT-SWAP status changed: "Disconnected" => "Connecting"
2026-08-24 14:37:13.917 +04:00 [INF] [Sckt 67] subscription 27893 completed successfully
2026-08-24 14:37:13.918 +04:00 [INF] Unified order book WLD-USDT-SWAP status changed: "Connecting" => "Syncing"
2026-08-24 14:37:14.096 +04:00 [INF] Unified order book WLD-USDT-SWAP status changed: "Syncing" => "Synced"
2026-08-24 14:37:14.097 +04:00 [INF] Futures book OKX:WLDUSDT "Synced"
2026-08-24 14:37:14.098 +04:00 [INF] Futures order book WLDUSDT status changed: "Disconnected" => "Connecting"
2026-08-24 14:37:14.388 +04:00 [INF] [Sckt 68] subscription 27895 completed successfully
2026-08-24 14:37:14.389 +04:00 [INF] Futures order book WLDUSDT status changed: "Connecting" => "Syncing"
2026-08-24 14:37:14.454 +04:00 [INF] Futures order book WLDUSDT status changed: "Syncing" => "Synced"
2026-08-24 14:37:14.455 +04:00 [INF] Futures book Bitget:WLDUSDT "Synced"
2026-08-24 14:37:14.456 +04:00 [INF] UsdFutures order book SNDKUSDT status changed: "Disconnected" => "Connecting"
2026-08-24 14:37:14.785 +04:00 [INF] [Sckt 65] subscription 27897 completed successfully
2026-08-24 14:37:14.789 +04:00 [INF] UsdFutures order book SNDKUSDT status changed: "Connecting" => "Syncing"
2026-08-24 14:37:15.238 +04:00 [INF] UsdFutures order book SNDKUSDT status changed: "Syncing" => "Synced"
2026-08-24 14:37:15.243 +04:00 [INF] Futures book Binance:SNDKUSDT "Synced"
2026-08-24 14:37:15.244 +04:00 [INF] V5 order book SNDKUSDT status changed: "Disconnected" => "Connecting"
2026-08-24 14:37:15.443 +04:00 [INF] [Sckt 66] subscription 27901 completed successfully
2026-08-24 14:37:15.444 +04:00 [INF] V5 order book SNDKUSDT status changed: "Connecting" => "Syncing"
2026-08-24 14:37:15.445 +04:00 [INF] V5 order book SNDKUSDT status changed: "Syncing" => "Synced"
2026-08-24 14:37:15.447 +04:00 [INF] Futures book Bybit:SNDKUSDT "Synced"
2026-08-24 14:37:15.449 +04:00 [INF] Unified order book SNDK-USDT-SWAP status changed: "Disconnected" => "Connecting"
2026-08-24 14:37:15.788 +04:00 [INF] [Sckt 67] subscription 27904 completed successfully
2026-08-24 14:37:15.789 +04:00 [INF] Unified order book SNDK-USDT-SWAP status changed: "Connecting" => "Syncing"
2026-08-24 14:37:15.902 +04:00 [INF] Unified order book SNDK-USDT-SWAP status changed: "Syncing" => "Synced"
2026-08-24 14:37:15.903 +04:00 [INF] Futures book OKX:SNDKUSDT "Synced"
2026-08-24 14:37:15.904 +04:00 [INF] Futures order book SNDKUSDT status changed: "Disconnected" => "Connecting"
2026-08-24 14:37:16.192 +04:00 [INF] [Sckt 68] subscription 27906 completed successfully
2026-08-24 14:37:16.192 +04:00 [INF] Futures order book SNDKUSDT status changed: "Connecting" => "Syncing"
2026-08-24 14:37:16.250 +04:00 [INF] Futures order book SNDKUSDT status changed: "Syncing" => "Synced"
2026-08-24 14:37:16.252 +04:00 [INF] Futures book Bitget:SNDKUSDT "Synced"
2026-08-24 14:37:16.253 +04:00 [INF] UsdFutures order book SKHYNIXUSDT status changed: "Disconnected" => "Connecting"
2026-08-24 14:37:16.587 +04:00 [INF] [Sckt 65] subscription 27908 completed successfully
2026-08-24 14:37:16.590 +04:00 [INF] UsdFutures order book SKHYNIXUSDT status changed: "Connecting" => "Syncing"
2026-08-24 14:37:17.083 +04:00 [INF] UsdFutures order book SKHYNIXUSDT status changed: "Syncing" => "Synced"
2026-08-24 14:37:17.084 +04:00 [INF] Futures book Binance:SKHYNIXUSDT "Synced"
2026-08-24 14:37:17.085 +04:00 [INF] V5 order book SKHYNIXUSDT status changed: "Disconnected" => "Connecting"
2026-08-24 14:37:17.283 +04:00 [INF] [Sckt 66] subscription 27912 completed successfully
2026-08-24 14:37:17.283 +04:00 [INF] V5 order book SKHYNIXUSDT status changed: "Connecting" => "Syncing"
2026-08-24 14:37:17.284 +04:00 [INF] V5 order book SKHYNIXUSDT status changed: "Syncing" => "Synced"
2026-08-24 14:37:17.285 +04:00 [INF] Futures book Bybit:SKHYNIXUSDT "Synced"
2026-08-24 14:37:17.285 +04:00 [INF] Unified order book SKHYNIX-USDT-SWAP status changed: "Disconnected" => "Connecting"
2026-08-24 14:37:17.625 +04:00 [INF] [Sckt 67] subscription 27917 completed successfully
2026-08-24 14:37:17.626 +04:00 [INF] Unified order book SKHYNIX-USDT-SWAP status changed: "Connecting" => "Syncing"
2026-08-24 14:37:17.687 +04:00 [INF] Unified order book SKHYNIX-USDT-SWAP status changed: "Syncing" => "Synced"
2026-08-24 14:37:17.687 +04:00 [INF] Futures book OKX:SKHYNIXUSDT "Synced"
2026-08-24 14:37:17.688 +04:00 [INF] Futures order book SKHYNIXUSDT status changed: "Disconnected" => "Connecting"
2026-08-24 14:37:17.988 +04:00 [INF] [Sckt 68] subscription 27919 completed successfully
2026-08-24 14:37:17.989 +04:00 [INF] Futures order book SKHYNIXUSDT status changed: "Connecting" => "Syncing"
2026-08-24 14:37:18.044 +04:00 [INF] Futures order book SKHYNIXUSDT status changed: "Syncing" => "Synced"
2026-08-24 14:37:18.045 +04:00 [INF] Futures book Bitget:SKHYNIXUSDT "Synced"
2026-08-24 14:37:18.045 +04:00 [INF] UsdFutures order book ADAUSDT status changed: "Disconnected" => "Connecting"
2026-08-24 14:37:19.753 +04:00 [INF] [Sckt 69] subscription 27922 completed successfully
2026-08-24 14:37:19.756 +04:00 [INF] UsdFutures order book ADAUSDT status changed: "Connecting" => "Syncing"
2026-08-24 14:37:20.146 +04:00 [INF] UsdFutures order book ADAUSDT status changed: "Syncing" => "Synced"
2026-08-24 14:37:20.147 +04:00 [INF] Futures book Binance:ADAUSDT "Synced"
2026-08-24 14:37:20.148 +04:00 [INF] V5 order book ADAUSDT status changed: "Disconnected" => "Connecting"
2026-08-24 14:37:21.136 +04:00 [INF] [Sckt 70] subscription 27926 completed successfully
2026-08-24 14:37:21.137 +04:00 [INF] V5 order book ADAUSDT status changed: "Connecting" => "Syncing"
2026-08-24 14:37:21.138 +04:00 [INF] V5 order book ADAUSDT status changed: "Syncing" => "Synced"
2026-08-24 14:37:21.141 +04:00 [INF] Futures book Bybit:ADAUSDT "Synced"
2026-08-24 14:37:21.142 +04:00 [INF] Unified order book ADA-USDT-SWAP status changed: "Disconnected" => "Connecting"
2026-08-24 14:37:22.523 +04:00 [INF] [Sckt 71] subscription 27929 completed successfully
2026-08-24 14:37:22.525 +04:00 [INF] Unified order book ADA-USDT-SWAP status changed: "Connecting" => "Syncing"
2026-08-24 14:37:23.078 +04:00 [INF] Unified order book ADA-USDT-SWAP status changed: "Syncing" => "Synced"
2026-08-24 14:37:23.079 +04:00 [INF] Futures book OKX:ADAUSDT "Synced"
2026-08-24 14:37:23.080 +04:00 [INF] Futures order book ADAUSDT status changed: "Disconnected" => "Connecting"
2026-08-24 14:37:24.259 +04:00 [INF] [Sckt 72] subscription 27931 completed successfully
2026-08-24 14:37:24.260 +04:00 [INF] Futures order book ADAUSDT status changed: "Connecting" => "Syncing"
2026-08-24 14:37:24.261 +04:00 [INF] Futures order book ADAUSDT status changed: "Syncing" => "Synced"
2026-08-24 14:37:24.262 +04:00 [INF] Futures book Bitget:ADAUSDT "Synced"
2026-08-24 14:37:24.263 +04:00 [INF] UsdFutures order book PENGUUSDT status changed: "Disconnected" => "Connecting"
2026-08-24 14:37:24.656 +04:00 [INF] [Sckt 69] subscription 27933 completed successfully
2026-08-24 14:37:24.657 +04:00 [INF] UsdFutures order book PENGUUSDT status changed: "Connecting" => "Syncing"
2026-08-24 14:37:25.043 +04:00 [INF] UsdFutures order book PENGUUSDT status changed: "Syncing" => "Synced"
2026-08-24 14:37:25.044 +04:00 [INF] Futures book Binance:PENGUUSDT "Synced"
2026-08-24 14:37:25.045 +04:00 [INF] V5 order book PENGUUSDT status changed: "Disconnected" => "Connecting"
2026-08-24 14:37:25.246 +04:00 [INF] [Sckt 70] subscription 27937 completed successfully
2026-08-24 14:37:25.247 +04:00 [INF] V5 order book PENGUUSDT status changed: "Connecting" => "Syncing"
2026-08-24 14:37:25.248 +04:00 [INF] V5 order book PENGUUSDT status changed: "Syncing" => "Synced"
2026-08-24 14:37:25.249 +04:00 [INF] Futures book Bybit:PENGUUSDT "Synced"
2026-08-24 14:37:25.249 +04:00 [INF] Unified order book PENGU-USDT-SWAP status changed: "Disconnected" => "Connecting"
2026-08-24 14:37:25.576 +04:00 [INF] [Sckt 71] subscription 27940 completed successfully
2026-08-24 14:37:25.578 +04:00 [INF] Unified order book PENGU-USDT-SWAP status changed: "Connecting" => "Syncing"
2026-08-24 14:37:25.763 +04:00 [INF] Unified order book PENGU-USDT-SWAP status changed: "Syncing" => "Synced"
2026-08-24 14:37:25.764 +04:00 [INF] Futures book OKX:PENGUUSDT "Synced"
2026-08-24 14:37:25.764 +04:00 [INF] Futures order book PENGUUSDT status changed: "Disconnected" => "Connecting"
2026-08-24 14:37:26.032 +04:00 [INF] [Sckt 72] subscription 27942 completed successfully
2026-08-24 14:37:26.033 +04:00 [INF] Futures order book PENGUUSDT status changed: "Connecting" => "Syncing"
2026-08-24 14:37:26.035 +04:00 [INF] Futures order book PENGUUSDT status changed: "Syncing" => "Synced"
2026-08-24 14:37:26.036 +04:00 [INF] Futures book Bitget:PENGUUSDT "Synced"
2026-08-24 14:37:26.036 +04:00 [INF] UsdFutures order book XAUUSDT status changed: "Disconnected" => "Connecting"
2026-08-24 14:37:26.362 +04:00 [INF] [Sckt 69] subscription 27944 completed successfully
2026-08-24 14:37:26.364 +04:00 [INF] UsdFutures order book XAUUSDT status changed: "Connecting" => "Syncing"
2026-08-24 14:37:26.868 +04:00 [INF] UsdFutures order book XAUUSDT status changed: "Syncing" => "Synced"
2026-08-24 14:37:26.869 +04:00 [INF] Futures book Binance:XAUUSDT "Synced"
2026-08-24 14:37:26.870 +04:00 [INF] V5 order book XAUUSDT status changed: "Disconnected" => "Connecting"
2026-08-24 14:37:27.067 +04:00 [INF] [Sckt 70] subscription 27948 completed successfully
2026-08-24 14:37:27.069 +04:00 [INF] V5 order book XAUUSDT status changed: "Connecting" => "Syncing"
2026-08-24 14:37:27.070 +04:00 [INF] V5 order book XAUUSDT status changed: "Syncing" => "Synced"
2026-08-24 14:37:27.071 +04:00 [INF] Futures book Bybit:XAUUSDT "Synced"
2026-08-24 14:37:27.071 +04:00 [INF] Unified order book XAU-USDT-SWAP status changed: "Disconnected" => "Connecting"
2026-08-24 14:37:27.393 +04:00 [INF] [Sckt 71] subscription 27951 completed successfully
2026-08-24 14:37:27.394 +04:00 [INF] Unified order book XAU-USDT-SWAP status changed: "Connecting" => "Syncing"
2026-08-24 14:37:27.568 +04:00 [INF] Unified order book XAU-USDT-SWAP status changed: "Syncing" => "Synced"
2026-08-24 14:37:27.569 +04:00 [INF] Futures book OKX:XAUUSDT "Synced"
2026-08-24 14:37:27.570 +04:00 [INF] Futures order book XAUUSDT status changed: "Disconnected" => "Connecting"
2026-08-24 14:37:27.961 +04:00 [INF] [Sckt 72] subscription 27953 completed successfully
2026-08-24 14:37:27.962 +04:00 [INF] Futures order book XAUUSDT status changed: "Connecting" => "Syncing"
2026-08-24 14:37:27.963 +04:00 [INF] Futures order book XAUUSDT status changed: "Syncing" => "Synced"
2026-08-24 14:37:27.964 +04:00 [INF] Futures book Bitget:XAUUSDT "Synced"
2026-08-24 14:37:27.965 +04:00 [INF] UsdFutures order book XPLUSDT status changed: "Disconnected" => "Connecting"
2026-08-24 14:37:28.363 +04:00 [INF] [Sckt 69] subscription 27955 completed successfully
2026-08-24 14:37:28.364 +04:00 [INF] UsdFutures order book XPLUSDT status changed: "Connecting" => "Syncing"
2026-08-24 14:37:28.773 +04:00 [INF] UsdFutures order book XPLUSDT status changed: "Syncing" => "Synced"
2026-08-24 14:37:28.774 +04:00 [INF] Futures book Binance:XPLUSDT "Synced"
2026-08-24 14:37:28.775 +04:00 [INF] V5 order book XPLUSDT status changed: "Disconnected" => "Connecting"
2026-08-24 14:37:28.981 +04:00 [INF] [Sckt 70] subscription 27959 completed successfully
2026-08-24 14:37:28.983 +04:00 [INF] V5 order book XPLUSDT status changed: "Connecting" => "Syncing"
2026-08-24 14:37:28.984 +04:00 [INF] V5 order book XPLUSDT status changed: "Syncing" => "Synced"
2026-08-24 14:37:28.985 +04:00 [INF] Futures book Bybit:XPLUSDT "Synced"
2026-08-24 14:37:28.985 +04:00 [INF] Unified order book XPL-USDT-SWAP status changed: "Disconnected" => "Connecting"
2026-08-24 14:37:29.304 +04:00 [INF] [Sckt 71] subscription 27962 completed successfully
2026-08-24 14:37:29.305 +04:00 [INF] Unified order book XPL-USDT-SWAP status changed: "Connecting" => "Syncing"
2026-08-24 14:37:29.370 +04:00 [INF] Unified order book XPL-USDT-SWAP status changed: "Syncing" => "Synced"
2026-08-24 14:37:29.371 +04:00 [INF] Futures book OKX:XPLUSDT "Synced"
2026-08-24 14:37:29.372 +04:00 [INF] Futures order book XPLUSDT status changed: "Disconnected" => "Connecting"
2026-08-24 14:37:29.744 +04:00 [INF] [Sckt 72] subscription 27964 completed successfully
2026-08-24 14:37:29.745 +04:00 [INF] Futures order book XPLUSDT status changed: "Connecting" => "Syncing"
2026-08-24 14:37:29.746 +04:00 [INF] Futures order book XPLUSDT status changed: "Syncing" => "Synced"
2026-08-24 14:37:29.747 +04:00 [INF] Futures book Bitget:XPLUSDT "Synced"
2026-08-24 14:37:29.748 +04:00 [INF] UsdFutures order book SOXLUSDT status changed: "Disconnected" => "Connecting"
2026-08-24 14:37:30.165 +04:00 [INF] [Sckt 69] subscription 27966 completed successfully
2026-08-24 14:37:30.166 +04:00 [INF] UsdFutures order book SOXLUSDT status changed: "Connecting" => "Syncing"
2026-08-24 14:37:30.568 +04:00 [INF] UsdFutures order book SOXLUSDT status changed: "Syncing" => "Synced"
2026-08-24 14:37:30.568 +04:00 [INF] Futures book Binance:SOXLUSDT "Synced"
2026-08-24 14:37:30.569 +04:00 [INF] V5 order book SOXLUSDT status changed: "Disconnected" => "Connecting"
2026-08-24 14:37:30.767 +04:00 [INF] [Sckt 70] subscription 27971 completed successfully
2026-08-24 14:37:30.768 +04:00 [INF] V5 order book SOXLUSDT status changed: "Connecting" => "Syncing"
2026-08-24 14:37:30.769 +04:00 [INF] V5 order book SOXLUSDT status changed: "Syncing" => "Synced"
2026-08-24 14:37:30.769 +04:00 [INF] Futures book Bybit:SOXLUSDT "Synced"
2026-08-24 14:37:30.770 +04:00 [INF] Unified order book SOXL-USDT-SWAP status changed: "Disconnected" => "Connecting"
2026-08-24 14:37:31.089 +04:00 [INF] [Sckt 71] subscription 27974 completed successfully
2026-08-24 14:37:31.091 +04:00 [INF] Unified order book SOXL-USDT-SWAP status changed: "Connecting" => "Syncing"
2026-08-24 14:37:31.151 +04:00 [INF] Unified order book SOXL-USDT-SWAP status changed: "Syncing" => "Synced"
2026-08-24 14:37:31.152 +04:00 [INF] Futures book OKX:SOXLUSDT "Synced"
2026-08-24 14:37:31.153 +04:00 [INF] Futures order book SOXLUSDT status changed: "Disconnected" => "Connecting"
2026-08-24 14:37:31.429 +04:00 [INF] [Sckt 72] subscription 27976 completed successfully
2026-08-24 14:37:31.430 +04:00 [INF] Futures order book SOXLUSDT status changed: "Connecting" => "Syncing"
2026-08-24 14:37:31.430 +04:00 [INF] Futures order book SOXLUSDT status changed: "Syncing" => "Synced"
2026-08-24 14:37:31.431 +04:00 [INF] Futures book Bitget:SOXLUSDT "Synced"
2026-08-24 14:37:31.432 +04:00 [INF] Exchange Binance: 15/15 streams live
2026-08-24 14:37:31.432 +04:00 [INF] Exchange Bybit: 15/15 streams live
2026-08-24 14:37:31.433 +04:00 [INF] Exchange OKX: 15/15 streams live
2026-08-24 14:37:31.436 +04:00 [INF] Exchange Bitget: 15/15 streams live
2026-08-24 14:40:53.633 +04:00 [INF] Funding cache refresh for 15 symbols × 3 exchanges (TTL 45m)
2026-08-24 14:41:04.963 +04:00 [INF] Funding cache entries: 66
2026-08-24 14:56:37.147 +04:00 [INF] Discovery: public tickers Binance/Bybit/OKX (arb band 8000000–400000000 USDT vol, top 15)
2026-08-24 14:56:37.830 +04:00 [INF] Binance fapi: 692 USDT perps with volume
2026-08-24 14:56:38.331 +04:00 [INF] Bybit linear: 725 USDT perps with volume
2026-08-24 14:56:38.827 +04:00 [INF] OKX SWAP: 434 USDT perps with volume
2026-08-24 14:56:39.449 +04:00 [INF] Bitget USDT-FUTURES: 757 tickers with volume
2026-08-24 14:56:42.524 +04:00 [INF] GateIo USDT futures: 931 tickers with volume
2026-08-24 14:56:42.970 +04:00 [INF] Discovered 15 arb pairs: DOGEUSDT@5ex/202.7M, ENAUSDT@5ex/206M, SUIUSDT@5ex/117.2M, ZECUSDT@5ex/222.5M, HYPEUSDT@5ex/225.1M, TRUMPUSDT@5ex/280.3M, SOLUSDT@5ex/346.5M, WLDUSDT@5ex/51.9M, SNDKUSDT@5ex/111.7M, SKHYNIXUSDT@5ex/94.1M, ADAUSDT@5ex/89.7M, PENGUUSDT@5ex/88.8M, XAUUSDT@5ex/81M, XPLUSDT@5ex/63.3M, SOXLUSDT@5ex/59.4M
2026-08-24 14:56:42.972 +04:00 [INF] Symbol refresh (http-tickers-arb): [DOGEUSDT,ENAUSDT,SUIUSDT,ZECUSDT,HYPEUSDT,TRUMPUSDT,SOLUSDT,WLDUSDT,SNDKUSDT,SKHYNIXUSDT,ADAUSDT,PENGUUSDT,XAUUSDT,XPLUSDT,SOXLUSDT] → [DOGEUSDT,ENAUSDT,SUIUSDT,ZECUSDT,HYPEUSDT,TRUMPUSDT,SOLUSDT,WLDUSDT,SNDKUSDT,SKHYNIXUSDT,ADAUSDT,PENGUUSDT,XAUUSDT,XPLUSDT,SOXLUSDT] | changed=false
2026-08-24 15:16:43.802 +04:00 [INF] Discovery: public tickers Binance/Bybit/OKX (arb band 8000000–400000000 USDT vol, top 15)
2026-08-24 15:16:44.357 +04:00 [INF] Binance fapi: 692 USDT perps with volume
2026-08-24 15:16:45.012 +04:00 [INF] Bybit linear: 725 USDT perps with volume
2026-08-24 15:16:45.392 +04:00 [INF] OKX SWAP: 434 USDT perps with volume
2026-08-24 15:16:46.238 +04:00 [INF] Bitget USDT-FUTURES: 757 tickers with volume
2026-08-24 15:16:49.215 +04:00 [INF] GateIo USDT futures: 931 tickers with volume
2026-08-24 15:16:49.695 +04:00 [INF] Discovered 15 arb pairs: ENAUSDT@5ex/204.2M, DOGEUSDT@5ex/202.8M, SUIUSDT@5ex/118.1M, ZECUSDT@5ex/222.1M, HYPEUSDT@5ex/227.1M, TRUMPUSDT@5ex/281.7M, SOLUSDT@5ex/350.1M, WLDUSDT@5ex/51.5M, SNDKUSDT@5ex/118M, SKHYNIXUSDT@5ex/94.6M, ADAUSDT@5ex/90.5M, PENGUUSDT@5ex/89.9M, XAUUSDT@5ex/81.4M, XPLUSDT@5ex/63.1M, SOXLUSDT@5ex/61.3M
2026-08-24 15:16:49.695 +04:00 [INF] Symbol refresh (http-tickers-arb): [DOGEUSDT,ENAUSDT,SUIUSDT,ZECUSDT,HYPEUSDT,TRUMPUSDT,SOLUSDT,WLDUSDT,SNDKUSDT,SKHYNIXUSDT,ADAUSDT,PENGUUSDT,XAUUSDT,XPLUSDT,SOXLUSDT] → [ENAUSDT,DOGEUSDT,SUIUSDT,ZECUSDT,HYPEUSDT,TRUMPUSDT,SOLUSDT,WLDUSDT,SNDKUSDT,SKHYNIXUSDT,ADAUSDT,PENGUUSDT,XAUUSDT,XPLUSDT,SOXLUSDT] | changed=false
2026-08-24 15:26:05.889 +04:00 [INF] Funding cache refresh for 15 symbols × 3 exchanges (TTL 45m)
2026-08-24 15:26:16.875 +04:00 [INF] Funding cache entries: 66
2026-08-24 15:36:49.965 +04:00 [INF] Discovery: public tickers Binance/Bybit/OKX (arb band 8000000–400000000 USDT vol, top 15)
2026-08-24 15:36:50.442 +04:00 [INF] Binance fapi: 692 USDT perps with volume
2026-08-24 15:36:51.061 +04:00 [INF] Bybit linear: 725 USDT perps with volume
2026-08-24 15:36:51.442 +04:00 [INF] OKX SWAP: 434 USDT perps with volume
2026-08-24 15:36:51.858 +04:00 [INF] Bitget USDT-FUTURES: 757 tickers with volume
2026-08-24 15:36:54.766 +04:00 [INF] GateIo USDT futures: 931 tickers with volume
2026-08-24 15:36:55.480 +04:00 [INF] Discovered 15 arb pairs: DOGEUSDT@5ex/201M, ENAUSDT@5ex/199.7M, SUIUSDT@5ex/118M, ZECUSDT@5ex/216.6M, HYPEUSDT@5ex/226.4M, TRUMPUSDT@5ex/274.6M, SOLUSDT@5ex/349.9M, WLDUSDT@5ex/51.1M, SNDKUSDT@5ex/119.9M, SKHYNIXUSDT@5ex/95.1M, PENGUUSDT@5ex/89.9M, ADAUSDT@5ex/89.7M, XAUUSDT@5ex/83.3M, SOXLUSDT@5ex/63M, XPLUSDT@5ex/59.6M
2026-08-24 15:36:55.483 +04:00 [INF] Symbol refresh (http-tickers-arb): [ENAUSDT,DOGEUSDT,SUIUSDT,ZECUSDT,HYPEUSDT,TRUMPUSDT,SOLUSDT,WLDUSDT,SNDKUSDT,SKHYNIXUSDT,ADAUSDT,PENGUUSDT,XAUUSDT,XPLUSDT,SOXLUSDT] → [DOGEUSDT,ENAUSDT,SUIUSDT,ZECUSDT,HYPEUSDT,TRUMPUSDT,SOLUSDT,WLDUSDT,SNDKUSDT,SKHYNIXUSDT,PENGUUSDT,ADAUSDT,XAUUSDT,SOXLUSDT,XPLUSDT] | changed=false
2026-08-24 15:51:45.243 +04:00 [WRN] [Sckt 67] error: Websocket error code "ConnectionClosedPrematurely", details: The remote party closed the WebSocket connection without completing the close handshake.
System.Net.WebSockets.WebSocketException (0x80004005): The remote party closed the WebSocket connection without completing the close handshake.
   at System.Net.WebSockets.ManagedWebSocket.ThrowEOFUnexpected()
   at System.Net.WebSockets.ManagedWebSocket.EnsureBufferContainsAsync(Int32 minimumRequiredBytes, CancellationToken cancellationToken)
   at System.Runtime.CompilerServices.PoolingAsyncValueTaskMethodBuilder`1.StateMachineBox`1.System.Threading.Tasks.Sources.IValueTaskSource.GetResult(Int16 token)
   at System.Net.WebSockets.ManagedWebSocket.ReceiveAsyncPrivate[TResult](Memory`1 payloadBuffer, CancellationToken cancellationToken)
   at CryptoExchange.Net.Sockets.Default.CryptoExchangeWebSocketClient.ReceiveLoopNewAsync()
2026-08-24 15:51:45.253 +04:00 [WRN] Unified order book DOGE-USDT-SWAP connection lost
2026-08-24 15:51:45.254 +04:00 [INF] Unified order book DOGE-USDT-SWAP status changed: "Synced" => "Reconnecting"
2026-08-24 15:51:45.255 +04:00 [WRN] Unified order book ENA-USDT-SWAP connection lost
2026-08-24 15:51:45.256 +04:00 [INF] Unified order book ENA-USDT-SWAP status changed: "Synced" => "Reconnecting"
2026-08-24 15:51:45.257 +04:00 [WRN] Unified order book SUI-USDT-SWAP connection lost
2026-08-24 15:51:45.257 +04:00 [INF] Unified order book SUI-USDT-SWAP status changed: "Synced" => "Reconnecting"
2026-08-24 15:51:45.258 +04:00 [WRN] Unified order book ZEC-USDT-SWAP connection lost
2026-08-24 15:51:45.259 +04:00 [INF] Unified order book ZEC-USDT-SWAP status changed: "Synced" => "Reconnecting"
2026-08-24 15:51:45.260 +04:00 [WRN] Unified order book HYPE-USDT-SWAP connection lost
2026-08-24 15:51:45.261 +04:00 [INF] Unified order book HYPE-USDT-SWAP status changed: "Synced" => "Reconnecting"
2026-08-24 15:51:45.262 +04:00 [WRN] Unified order book TRUMP-USDT-SWAP connection lost
2026-08-24 15:51:45.262 +04:00 [INF] Unified order book TRUMP-USDT-SWAP status changed: "Synced" => "Reconnecting"
2026-08-24 15:51:45.263 +04:00 [WRN] Unified order book SOL-USDT-SWAP connection lost
2026-08-24 15:51:45.264 +04:00 [INF] Unified order book SOL-USDT-SWAP status changed: "Synced" => "Reconnecting"
2026-08-24 15:51:45.264 +04:00 [WRN] Unified order book WLD-USDT-SWAP connection lost
2026-08-24 15:51:45.267 +04:00 [INF] Unified order book WLD-USDT-SWAP status changed: "Synced" => "Reconnecting"
2026-08-24 15:51:45.284 +04:00 [WRN] Unified order book SNDK-USDT-SWAP connection lost
2026-08-24 15:51:45.287 +04:00 [INF] Unified order book SNDK-USDT-SWAP status changed: "Synced" => "Reconnecting"
2026-08-24 15:51:45.288 +04:00 [WRN] Unified order book SKHYNIX-USDT-SWAP connection lost
2026-08-24 15:51:45.289 +04:00 [INF] Unified order book SKHYNIX-USDT-SWAP status changed: "Synced" => "Reconnecting"
2026-08-24 15:51:45.431 +04:00 [WRN] [Sckt 71] error: Websocket error code "ConnectionClosedPrematurely", details: The remote party closed the WebSocket connection without completing the close handshake.
System.Net.WebSockets.WebSocketException (0x80004005): The remote party closed the WebSocket connection without completing the close handshake.
   at System.Net.WebSockets.ManagedWebSocket.ThrowEOFUnexpected()
   at System.Net.WebSockets.ManagedWebSocket.EnsureBufferContainsAsync(Int32 minimumRequiredBytes, CancellationToken cancellationToken)
   at System.Runtime.CompilerServices.PoolingAsyncValueTaskMethodBuilder`1.StateMachineBox`1.System.Threading.Tasks.Sources.IValueTaskSource.GetResult(Int16 token)
   at System.Net.WebSockets.ManagedWebSocket.ReceiveAsyncPrivate[TResult](Memory`1 payloadBuffer, CancellationToken cancellationToken)
   at CryptoExchange.Net.Sockets.Default.CryptoExchangeWebSocketClient.ReceiveLoopNewAsync()
2026-08-24 15:51:45.434 +04:00 [WRN] Unified order book ADA-USDT-SWAP connection lost
2026-08-24 15:51:45.436 +04:00 [INF] Unified order book ADA-USDT-SWAP status changed: "Synced" => "Reconnecting"
2026-08-24 15:51:45.437 +04:00 [WRN] Unified order book PENGU-USDT-SWAP connection lost
2026-08-24 15:51:45.438 +04:00 [INF] Unified order book PENGU-USDT-SWAP status changed: "Synced" => "Reconnecting"
2026-08-24 15:51:45.439 +04:00 [WRN] Unified order book XAU-USDT-SWAP connection lost
2026-08-24 15:51:45.441 +04:00 [INF] Unified order book XAU-USDT-SWAP status changed: "Synced" => "Reconnecting"
2026-08-24 15:51:45.442 +04:00 [WRN] Unified order book XPL-USDT-SWAP connection lost
2026-08-24 15:51:45.443 +04:00 [INF] Unified order book XPL-USDT-SWAP status changed: "Synced" => "Reconnecting"
2026-08-24 15:51:45.444 +04:00 [WRN] Unified order book SOXL-USDT-SWAP connection lost
2026-08-24 15:51:45.446 +04:00 [INF] Unified order book SOXL-USDT-SWAP status changed: "Synced" => "Reconnecting"
2026-08-24 15:51:46.757 +04:00 [INF] Unified order book ADA-USDT-SWAP status changed: "Reconnecting" => "Syncing"
2026-08-24 15:51:46.759 +04:00 [INF] Unified order book PENGU-USDT-SWAP status changed: "Reconnecting" => "Syncing"
2026-08-24 15:51:46.759 +04:00 [INF] Unified order book XAU-USDT-SWAP status changed: "Reconnecting" => "Syncing"
2026-08-24 15:51:46.760 +04:00 [INF] Unified order book XPL-USDT-SWAP status changed: "Reconnecting" => "Syncing"
2026-08-24 15:51:46.761 +04:00 [INF] Unified order book SOXL-USDT-SWAP status changed: "Reconnecting" => "Syncing"
2026-08-24 15:51:47.369 +04:00 [INF] Unified order book ADA-USDT-SWAP successfully resynchronized
2026-08-24 15:51:47.370 +04:00 [INF] Unified order book ADA-USDT-SWAP status changed: "Syncing" => "Synced"
2026-08-24 15:51:47.430 +04:00 [INF] Unified order book XAU-USDT-SWAP successfully resynchronized
2026-08-24 15:51:47.431 +04:00 [INF] Unified order book XAU-USDT-SWAP status changed: "Syncing" => "Synced"
2026-08-24 15:51:47.667 +04:00 [INF] Unified order book DOGE-USDT-SWAP status changed: "Reconnecting" => "Syncing"
2026-08-24 15:51:47.668 +04:00 [INF] Unified order book DOGE-USDT-SWAP successfully resynchronized
2026-08-24 15:51:47.669 +04:00 [INF] Unified order book DOGE-USDT-SWAP status changed: "Syncing" => "Synced"
2026-08-24 15:51:47.669 +04:00 [INF] Unified order book ENA-USDT-SWAP status changed: "Reconnecting" => "Syncing"
2026-08-24 15:51:47.670 +04:00 [INF] Unified order book ENA-USDT-SWAP successfully resynchronized
2026-08-24 15:51:47.671 +04:00 [INF] Unified order book ENA-USDT-SWAP status changed: "Syncing" => "Synced"
2026-08-24 15:51:47.671 +04:00 [INF] Unified order book SUI-USDT-SWAP status changed: "Reconnecting" => "Syncing"
2026-08-24 15:51:47.672 +04:00 [INF] Unified order book SUI-USDT-SWAP successfully resynchronized
2026-08-24 15:51:47.672 +04:00 [INF] Unified order book SUI-USDT-SWAP status changed: "Syncing" => "Synced"
2026-08-24 15:51:47.679 +04:00 [INF] Unified order book ZEC-USDT-SWAP status changed: "Reconnecting" => "Syncing"
2026-08-24 15:51:47.680 +04:00 [INF] Unified order book ZEC-USDT-SWAP successfully resynchronized
2026-08-24 15:51:47.681 +04:00 [INF] Unified order book ZEC-USDT-SWAP status changed: "Syncing" => "Synced"
2026-08-24 15:51:47.681 +04:00 [INF] Unified order book HYPE-USDT-SWAP status changed: "Reconnecting" => "Syncing"
2026-08-24 15:51:47.682 +04:00 [INF] Unified order book HYPE-USDT-SWAP successfully resynchronized
2026-08-24 15:51:47.683 +04:00 [INF] Unified order book HYPE-USDT-SWAP status changed: "Syncing" => "Synced"
2026-08-24 15:51:47.684 +04:00 [INF] Unified order book TRUMP-USDT-SWAP status changed: "Reconnecting" => "Syncing"
2026-08-24 15:51:47.685 +04:00 [INF] Unified order book SOL-USDT-SWAP status changed: "Reconnecting" => "Syncing"
2026-08-24 15:51:47.687 +04:00 [INF] Unified order book WLD-USDT-SWAP status changed: "Reconnecting" => "Syncing"
2026-08-24 15:51:47.688 +04:00 [INF] Unified order book SNDK-USDT-SWAP status changed: "Reconnecting" => "Syncing"
2026-08-24 15:51:47.689 +04:00 [INF] Unified order book SKHYNIX-USDT-SWAP status changed: "Reconnecting" => "Syncing"
2026-08-24 15:51:47.743 +04:00 [INF] Unified order book SNDK-USDT-SWAP successfully resynchronized
2026-08-24 15:51:47.743 +04:00 [INF] Unified order book PENGU-USDT-SWAP successfully resynchronized
2026-08-24 15:51:47.743 +04:00 [INF] Unified order book TRUMP-USDT-SWAP successfully resynchronized
2026-08-24 15:51:47.749 +04:00 [INF] Unified order book TRUMP-USDT-SWAP status changed: "Syncing" => "Synced"
2026-08-24 15:51:47.743 +04:00 [INF] Unified order book XPL-USDT-SWAP successfully resynchronized
2026-08-24 15:51:47.743 +04:00 [INF] Unified order book WLD-USDT-SWAP successfully resynchronized
2026-08-24 15:51:47.747 +04:00 [INF] Unified order book SNDK-USDT-SWAP status changed: "Syncing" => "Synced"
2026-08-24 15:51:47.748 +04:00 [INF] Unified order book PENGU-USDT-SWAP status changed: "Syncing" => "Synced"
2026-08-24 15:51:47.743 +04:00 [INF] Unified order book SOXL-USDT-SWAP successfully resynchronized
2026-08-24 15:51:47.752 +04:00 [INF] Unified order book XPL-USDT-SWAP status changed: "Syncing" => "Synced"
2026-08-24 15:51:47.753 +04:00 [INF] Unified order book WLD-USDT-SWAP status changed: "Syncing" => "Synced"
2026-08-24 15:51:47.755 +04:00 [INF] Unified order book SOXL-USDT-SWAP status changed: "Syncing" => "Synced"
2026-08-24 15:51:47.990 +04:00 [INF] Unified order book SOL-USDT-SWAP successfully resynchronized
2026-08-24 15:51:47.990 +04:00 [INF] Unified order book SKHYNIX-USDT-SWAP successfully resynchronized
2026-08-24 15:51:47.991 +04:00 [INF] Unified order book SOL-USDT-SWAP status changed: "Syncing" => "Synced"
2026-08-24 15:51:47.991 +04:00 [INF] Unified order book SKHYNIX-USDT-SWAP status changed: "Syncing" => "Synced"
2026-08-24 15:56:55.836 +04:00 [INF] Discovery: public tickers Binance/Bybit/OKX (arb band 8000000–400000000 USDT vol, top 15)
2026-08-24 15:56:57.435 +04:00 [INF] Binance fapi: 692 USDT perps with volume
2026-08-24 15:56:58.017 +04:00 [INF] Bybit linear: 725 USDT perps with volume
2026-08-24 15:56:58.483 +04:00 [INF] OKX SWAP: 434 USDT perps with volume
2026-08-24 15:56:59.316 +04:00 [INF] Bitget USDT-FUTURES: 757 tickers with volume
2026-08-24 15:57:02.707 +04:00 [INF] GateIo USDT futures: 931 tickers with volume
2026-08-24 15:57:03.335 +04:00 [INF] Discovered 15 arb pairs: DOGEUSDT@5ex/202.1M, ENAUSDT@5ex/201.9M, SUIUSDT@5ex/118.7M, ZECUSDT@5ex/215.4M, HYPEUSDT@5ex/226.4M, TRUMPUSDT@5ex/275.6M, SOLUSDT@5ex/358.7M, WLDUSDT@5ex/50.9M, SNDKUSDT@5ex/122.3M, SKHYNIXUSDT@5ex/96.1M, ADAUSDT@5ex/91.1M, PENGUUSDT@5ex/90.6M, XAUUSDT@5ex/86M, SOXLUSDT@5ex/65.4M, XPLUSDT@5ex/58.2M
2026-08-24 15:57:03.345 +04:00 [INF] Symbol refresh (http-tickers-arb): [DOGEUSDT,ENAUSDT,SUIUSDT,ZECUSDT,HYPEUSDT,TRUMPUSDT,SOLUSDT,WLDUSDT,SNDKUSDT,SKHYNIXUSDT,PENGUUSDT,ADAUSDT,XAUUSDT,SOXLUSDT,XPLUSDT] → [DOGEUSDT,ENAUSDT,SUIUSDT,ZECUSDT,HYPEUSDT,TRUMPUSDT,SOLUSDT,WLDUSDT,SNDKUSDT,SKHYNIXUSDT,ADAUSDT,PENGUUSDT,XAUUSDT,SOXLUSDT,XPLUSDT] | changed=false
2026-08-24 16:06:56.819 +04:00 [WRN] [Sckt 67] error: Websocket error code "ConnectionClosedPrematurely", details: The remote party closed the WebSocket connection without completing the close handshake.
System.Net.WebSockets.WebSocketException (0x80004005): The remote party closed the WebSocket connection without completing the close handshake.
   at System.Net.WebSockets.ManagedWebSocket.ThrowEOFUnexpected()
   at System.Net.WebSockets.ManagedWebSocket.EnsureBufferContainsAsync(Int32 minimumRequiredBytes, CancellationToken cancellationToken)
   at System.Runtime.CompilerServices.PoolingAsyncValueTaskMethodBuilder`1.StateMachineBox`1.System.Threading.Tasks.Sources.IValueTaskSource.GetResult(Int16 token)
   at System.Net.WebSockets.ManagedWebSocket.ReceiveAsyncPrivate[TResult](Memory`1 payloadBuffer, CancellationToken cancellationToken)
   at CryptoExchange.Net.Sockets.Default.CryptoExchangeWebSocketClient.ReceiveLoopNewAsync()
2026-08-24 16:06:56.848 +04:00 [WRN] Unified order book DOGE-USDT-SWAP connection lost
2026-08-24 16:06:56.848 +04:00 [INF] Unified order book DOGE-USDT-SWAP status changed: "Synced" => "Reconnecting"
2026-08-24 16:06:56.849 +04:00 [WRN] Unified order book ENA-USDT-SWAP connection lost
2026-08-24 16:06:56.850 +04:00 [INF] Unified order book ENA-USDT-SWAP status changed: "Synced" => "Reconnecting"
2026-08-24 16:06:56.851 +04:00 [WRN] Unified order book SUI-USDT-SWAP connection lost
2026-08-24 16:06:56.851 +04:00 [INF] Unified order book SUI-USDT-SWAP status changed: "Synced" => "Reconnecting"
2026-08-24 16:06:56.853 +04:00 [WRN] Unified order book ZEC-USDT-SWAP connection lost
2026-08-24 16:06:56.853 +04:00 [INF] Unified order book ZEC-USDT-SWAP status changed: "Synced" => "Reconnecting"
2026-08-24 16:06:56.854 +04:00 [WRN] Unified order book HYPE-USDT-SWAP connection lost
2026-08-24 16:06:56.854 +04:00 [INF] Unified order book HYPE-USDT-SWAP status changed: "Synced" => "Reconnecting"
2026-08-24 16:06:56.855 +04:00 [WRN] Unified order book TRUMP-USDT-SWAP connection lost
2026-08-24 16:06:56.856 +04:00 [INF] Unified order book TRUMP-USDT-SWAP status changed: "Synced" => "Reconnecting"
2026-08-24 16:06:56.857 +04:00 [WRN] Unified order book SOL-USDT-SWAP connection lost
2026-08-24 16:06:56.857 +04:00 [INF] Unified order book SOL-USDT-SWAP status changed: "Synced" => "Reconnecting"
2026-08-24 16:06:56.858 +04:00 [WRN] Unified order book WLD-USDT-SWAP connection lost
2026-08-24 16:06:56.859 +04:00 [INF] Unified order book WLD-USDT-SWAP status changed: "Synced" => "Reconnecting"
2026-08-24 16:06:56.859 +04:00 [WRN] Unified order book SNDK-USDT-SWAP connection lost
2026-08-24 16:06:56.860 +04:00 [INF] Unified order book SNDK-USDT-SWAP status changed: "Synced" => "Reconnecting"
2026-08-24 16:06:56.861 +04:00 [WRN] Unified order book SKHYNIX-USDT-SWAP connection lost
2026-08-24 16:06:56.861 +04:00 [INF] Unified order book SKHYNIX-USDT-SWAP status changed: "Synced" => "Reconnecting"
2026-08-24 16:06:59.482 +04:00 [INF] Unified order book DOGE-USDT-SWAP status changed: "Reconnecting" => "Syncing"
2026-08-24 16:06:59.483 +04:00 [INF] Unified order book DOGE-USDT-SWAP successfully resynchronized
2026-08-24 16:06:59.484 +04:00 [INF] Unified order book DOGE-USDT-SWAP status changed: "Syncing" => "Synced"
2026-08-24 16:06:59.484 +04:00 [INF] Unified order book ENA-USDT-SWAP status changed: "Reconnecting" => "Syncing"
2026-08-24 16:06:59.485 +04:00 [INF] Unified order book ENA-USDT-SWAP successfully resynchronized
2026-08-24 16:06:59.485 +04:00 [INF] Unified order book ENA-USDT-SWAP status changed: "Syncing" => "Synced"
2026-08-24 16:06:59.486 +04:00 [INF] Unified order book SUI-USDT-SWAP status changed: "Reconnecting" => "Syncing"
2026-08-24 16:06:59.486 +04:00 [INF] Unified order book SUI-USDT-SWAP successfully resynchronized
2026-08-24 16:06:59.487 +04:00 [INF] Unified order book SUI-USDT-SWAP status changed: "Syncing" => "Synced"
2026-08-24 16:06:59.488 +04:00 [INF] Unified order book ZEC-USDT-SWAP status changed: "Reconnecting" => "Syncing"
2026-08-24 16:06:59.488 +04:00 [INF] Unified order book ZEC-USDT-SWAP successfully resynchronized
2026-08-24 16:06:59.489 +04:00 [INF] Unified order book ZEC-USDT-SWAP status changed: "Syncing" => "Synced"
2026-08-24 16:06:59.489 +04:00 [INF] Unified order book HYPE-USDT-SWAP status changed: "Reconnecting" => "Syncing"
2026-08-24 16:06:59.490 +04:00 [INF] Unified order book HYPE-USDT-SWAP successfully resynchronized
2026-08-24 16:06:59.490 +04:00 [INF] Unified order book HYPE-USDT-SWAP status changed: "Syncing" => "Synced"
2026-08-24 16:06:59.491 +04:00 [INF] Unified order book TRUMP-USDT-SWAP status changed: "Reconnecting" => "Syncing"
2026-08-24 16:06:59.492 +04:00 [INF] Unified order book SOL-USDT-SWAP status changed: "Reconnecting" => "Syncing"
2026-08-24 16:06:59.492 +04:00 [INF] Unified order book WLD-USDT-SWAP status changed: "Reconnecting" => "Syncing"
2026-08-24 16:06:59.493 +04:00 [INF] Unified order book SNDK-USDT-SWAP status changed: "Reconnecting" => "Syncing"
2026-08-24 16:06:59.494 +04:00 [INF] Unified order book SKHYNIX-USDT-SWAP status changed: "Reconnecting" => "Syncing"
2026-08-24 16:06:59.746 +04:00 [INF] Unified order book TRUMP-USDT-SWAP successfully resynchronized
2026-08-24 16:06:59.747 +04:00 [INF] Unified order book SNDK-USDT-SWAP successfully resynchronized
2026-08-24 16:06:59.747 +04:00 [INF] Unified order book WLD-USDT-SWAP successfully resynchronized
2026-08-24 16:06:59.747 +04:00 [INF] Unified order book TRUMP-USDT-SWAP status changed: "Syncing" => "Synced"
2026-08-24 16:06:59.748 +04:00 [INF] Unified order book SNDK-USDT-SWAP status changed: "Syncing" => "Synced"
2026-08-24 16:06:59.749 +04:00 [INF] Unified order book WLD-USDT-SWAP status changed: "Syncing" => "Synced"
2026-08-24 16:06:59.864 +04:00 [INF] Unified order book SKHYNIX-USDT-SWAP successfully resynchronized
2026-08-24 16:06:59.864 +04:00 [INF] Unified order book SOL-USDT-SWAP successfully resynchronized
2026-08-24 16:06:59.866 +04:00 [INF] Unified order book SOL-USDT-SWAP status changed: "Syncing" => "Synced"
2026-08-24 16:06:59.865 +04:00 [INF] Unified order book SKHYNIX-USDT-SWAP status changed: "Syncing" => "Synced"
2026-08-24 16:11:17.197 +04:00 [INF] Funding cache refresh for 15 symbols × 3 exchanges (TTL 45m)
2026-08-24 16:11:29.107 +04:00 [INF] Funding cache entries: 66
2026-08-24 16:16:55.659 +04:00 [INF] Futures scan: 4 candidate(s), best RT=0.248% open=0.363%
2026-08-24 16:16:55.664 +04:00 [INF] FUT PAPER OPEN TRUMPUSDT L:Bybit S:Bitget qty=79.365079 lev=3x margin=66.67 edge=0.363%
2026-08-24 16:16:55.666 +04:00 [INF] Opened futures paper hedge (1): TRUMPUSDT: L Bybit@2.51 / S Bitget@2.52 | RT 0.248% fund 0.000% → 0.248%
2026-08-24 16:16:55.667 +04:00 [INF] Paper skip SOLUSDT: Cooldown 8000ms open=0.262% RT=0.162%
2026-08-24 16:16:55.669 +04:00 [INF] Paper skip TRUMPUSDT: Cooldown 8000ms open=0.248% RT=0.138%
2026-08-24 16:16:55.670 +04:00 [INF] Paper skip SOLUSDT: Cooldown 8000ms open=0.214% RT=0.109%
2026-08-24 16:16:56.732 +04:00 [INF] FUT PAPER CLOSE TRUMPUSDT pnl=0.3350 reason=converge lev=3x
2026-08-24 16:17:03.910 +04:00 [INF] Discovery: public tickers Binance/Bybit/OKX (arb band 8000000–400000000 USDT vol, top 15)
2026-08-24 16:17:04.583 +04:00 [INF] Binance fapi: 692 USDT perps with volume
2026-08-24 16:17:05.118 +04:00 [INF] Bybit linear: 725 USDT perps with volume
2026-08-24 16:17:05.500 +04:00 [INF] OKX SWAP: 434 USDT perps with volume
2026-08-24 16:17:06.333 +04:00 [INF] Bitget USDT-FUTURES: 757 tickers with volume
2026-08-24 16:17:09.591 +04:00 [INF] GateIo USDT futures: 931 tickers with volume
2026-08-24 16:17:10.118 +04:00 [INF] Discovered 15 arb pairs: DOGEUSDT@5ex/201.4M, ENAUSDT@5ex/198.6M, SUIUSDT@5ex/119.4M, ZECUSDT@5ex/212.8M, HYPEUSDT@5ex/227.5M, TRUMPUSDT@5ex/274.4M, SOLUSDT@5ex/360M, SNDKUSDT@5ex/125.9M, WLDUSDT@5ex/50.7M, SKHYNIXUSDT@5ex/96.3M, ADAUSDT@5ex/92.1M, PENGUUSDT@5ex/90.8M, XAUUSDT@5ex/86.5M, SOXLUSDT@5ex/66.6M, ONDOUSDT@5ex/58.7M
2026-08-24 16:17:10.119 +04:00 [INF] Symbol refresh (http-tickers-arb): [DOGEUSDT,ENAUSDT,SUIUSDT,ZECUSDT,HYPEUSDT,TRUMPUSDT,SOLUSDT,WLDUSDT,SNDKUSDT,SKHYNIXUSDT,ADAUSDT,PENGUUSDT,XAUUSDT,SOXLUSDT,XPLUSDT] → [DOGEUSDT,ENAUSDT,SUIUSDT,ZECUSDT,HYPEUSDT,TRUMPUSDT,SOLUSDT,SNDKUSDT,WLDUSDT,SKHYNIXUSDT,ADAUSDT,PENGUUSDT,XAUUSDT,SOXLUSDT,ONDOUSDT] | changed=true
2026-08-24 16:17:10.121 +04:00 [INF] Restarting futures books for new symbol set…
2026-08-24 16:17:10.424 +04:00 [INF] [Sckt 72] subscription 27964 unsubscribed
2026-08-24 16:17:10.425 +04:00 [INF] Futures order book XPLUSDT status changed: "Synced" => "Disconnected"
2026-08-24 16:17:10.713 +04:00 [INF] [Sckt 68] subscription 27906 unsubscribed
2026-08-24 16:17:10.714 +04:00 [INF] Futures order book SNDKUSDT status changed: "Synced" => "Disconnected"
2026-08-24 16:17:10.997 +04:00 [INF] [Sckt 72] subscription 27976 unsubscribed
2026-08-24 16:17:10.998 +04:00 [INF] Futures order book SOXLUSDT status changed: "Synced" => "Disconnected"
2026-08-24 16:17:11.197 +04:00 [INF] [Sckt 70] subscription 27971 unsubscribed
2026-08-24 16:17:11.198 +04:00 [INF] V5 order book SOXLUSDT status changed: "Synced" => "Disconnected"
2026-08-24 16:17:11.479 +04:00 [INF] [Sckt 68] subscription 27851 unsubscribed
2026-08-24 16:17:11.480 +04:00 [INF] Futures order book ZECUSDT status changed: "Synced" => "Disconnected"
2026-08-24 16:17:11.806 +04:00 [INF] [Sckt 67] subscription 27882 unsubscribed
2026-08-24 16:17:11.807 +04:00 [INF] Unified order book SOL-USDT-SWAP status changed: "Synced" => "Disconnected"
2026-08-24 16:17:12.105 +04:00 [INF] [Sckt 66] subscription 27890 unsubscribed
2026-08-24 16:17:12.107 +04:00 [INF] V5 order book WLDUSDT status changed: "Synced" => "Disconnected"
2026-08-24 16:17:12.379 +04:00 [INF] [Sckt 66] subscription 27868 unsubscribed
2026-08-24 16:17:12.381 +04:00 [INF] V5 order book TRUMPUSDT status changed: "Synced" => "Disconnected"
2026-08-24 16:17:12.771 +04:00 [INF] [Sckt 65] subscription 27875 unsubscribed
2026-08-24 16:17:12.771 +04:00 [INF] UsdFutures order book SOLUSDT status changed: "Synced" => "Disconnected"
2026-08-24 16:17:13.171 +04:00 [INF] [Sckt 65] subscription 27831 unsubscribed
2026-08-24 16:17:13.172 +04:00 [INF] UsdFutures order book SUIUSDT status changed: "Synced" => "Disconnected"
2026-08-24 16:17:13.500 +04:00 [INF] [Sckt 71] subscription 27940 unsubscribed
2026-08-24 16:17:13.501 +04:00 [INF] Unified order book PENGU-USDT-SWAP status changed: "Synced" => "Disconnected"
2026-08-24 16:17:13.872 +04:00 [INF] [Sckt 65] subscription 27842 unsubscribed
2026-08-24 16:17:13.873 +04:00 [INF] UsdFutures order book ZECUSDT status changed: "Synced" => "Disconnected"
2026-08-24 16:17:14.272 +04:00 [INF] [Sckt 65] subscription 27897 unsubscribed
2026-08-24 16:17:14.273 +04:00 [INF] UsdFutures order book SNDKUSDT status changed: "Synced" => "Disconnected"
2026-08-24 16:17:14.556 +04:00 [INF] [Sckt 68] subscription 27873 unsubscribed
2026-08-24 16:17:14.556 +04:00 [INF] Futures order book TRUMPUSDT status changed: "Synced" => "Disconnected"
2026-08-24 16:17:14.902 +04:00 [INF] [Sckt 71] subscription 27974 unsubscribed
2026-08-24 16:17:14.904 +04:00 [INF] Unified order book SOXL-USDT-SWAP status changed: "Synced" => "Disconnected"
2026-08-24 16:17:15.177 +04:00 [INF] [Sckt 66] subscription 27835 unsubscribed
2026-08-24 16:17:15.178 +04:00 [INF] V5 order book SUIUSDT status changed: "Synced" => "Disconnected"
2026-08-24 16:17:15.454 +04:00 [INF] [Sckt 68] subscription 27862 unsubscribed
2026-08-24 16:17:15.456 +04:00 [INF] Futures order book HYPEUSDT status changed: "Synced" => "Disconnected"
2026-08-24 16:17:15.770 +04:00 [INF] [Sckt 66] subscription 27813 unsubscribed
2026-08-24 16:17:15.771 +04:00 [INF] V5 order book DOGEUSDT status changed: "Synced" => "Disconnected"
2026-08-24 16:17:16.174 +04:00 [INF] [Sckt 65] subscription 27864 unsubscribed
2026-08-24 16:17:16.176 +04:00 [INF] UsdFutures order book TRUMPUSDT status changed: "Synced" => "Disconnected"
2026-08-24 16:17:16.574 +04:00 [INF] [Sckt 65] subscription 27886 unsubscribed
2026-08-24 16:17:16.575 +04:00 [INF] UsdFutures order book WLDUSDT status changed: "Synced" => "Disconnected"
2026-08-24 16:17:16.901 +04:00 [INF] [Sckt 71] subscription 27962 unsubscribed
2026-08-24 16:17:16.902 +04:00 [INF] Unified order book XPL-USDT-SWAP status changed: "Synced" => "Disconnected"
2026-08-24 16:17:17.320 +04:00 [INF] [Sckt 69] subscription 27944 unsubscribed
2026-08-24 16:17:17.323 +04:00 [INF] UsdFutures order book XAUUSDT status changed: "Synced" => "Disconnected"
2026-08-24 16:17:17.676 +04:00 [INF] [Sckt 65] subscription 27809 unsubscribed
2026-08-24 16:17:17.680 +04:00 [INF] UsdFutures order book DOGEUSDT status changed: "Synced" => "Disconnected"
2026-08-24 16:17:17.955 +04:00 [INF] [Sckt 68] subscription 27818 unsubscribed
2026-08-24 16:17:17.956 +04:00 [INF] Futures order book DOGEUSDT status changed: "Synced" => "Disconnected"
2026-08-24 16:17:18.283 +04:00 [INF] [Sckt 67] subscription 27816 unsubscribed
2026-08-24 16:17:18.283 +04:00 [INF] Unified order book DOGE-USDT-SWAP status changed: "Synced" => "Disconnected"
2026-08-24 16:17:18.568 +04:00 [INF] [Sckt 66] subscription 27901 unsubscribed
2026-08-24 16:17:18.569 +04:00 [INF] V5 order book SNDKUSDT status changed: "Synced" => "Disconnected"
2026-08-24 16:17:18.927 +04:00 [INF] [Sckt 69] subscription 27922 unsubscribed
2026-08-24 16:17:18.928 +04:00 [INF] UsdFutures order book ADAUSDT status changed: "Synced" => "Disconnected"
2026-08-24 16:17:19.128 +04:00 [INF] [Sckt 66] subscription 27824 unsubscribed
2026-08-24 16:17:19.130 +04:00 [INF] V5 order book ENAUSDT status changed: "Synced" => "Disconnected"
2026-08-24 16:17:19.458 +04:00 [INF] [Sckt 72] subscription 27942 unsubscribed
2026-08-24 16:17:19.459 +04:00 [INF] Futures order book PENGUUSDT status changed: "Synced" => "Disconnected"
2026-08-24 16:17:19.809 +04:00 [INF] [Sckt 71] subscription 27929 unsubscribed
2026-08-24 16:17:19.810 +04:00 [INF] Unified order book ADA-USDT-SWAP status changed: "Synced" => "Disconnected"
2026-08-24 16:17:20.185 +04:00 [INF] [Sckt 67] subscription 27904 unsubscribed
2026-08-24 16:17:20.185 +04:00 [INF] Unified order book SNDK-USDT-SWAP status changed: "Synced" => "Disconnected"
2026-08-24 16:17:20.584 +04:00 [INF] [Sckt 65] subscription 27820 unsubscribed
2026-08-24 16:17:20.586 +04:00 [INF] UsdFutures order book ENAUSDT status changed: "Synced" => "Disconnected"
2026-08-24 16:17:20.913 +04:00 [INF] [Sckt 67] subscription 27838 unsubscribed
2026-08-24 16:17:20.914 +04:00 [INF] Unified order book SUI-USDT-SWAP status changed: "Synced" => "Disconnected"
2026-08-24 16:17:21.140 +04:00 [INF] [Sckt 66] subscription 27846 unsubscribed
2026-08-24 16:17:21.141 +04:00 [INF] V5 order book ZECUSDT status changed: "Synced" => "Disconnected"
2026-08-24 16:17:21.339 +04:00 [INF] [Sckt 70] subscription 27948 unsubscribed
2026-08-24 16:17:21.340 +04:00 [INF] V5 order book XAUUSDT status changed: "Synced" => "Disconnected"
2026-08-24 16:17:21.666 +04:00 [INF] [Sckt 67] subscription 27827 unsubscribed
2026-08-24 16:17:21.667 +04:00 [INF] Unified order book ENA-USDT-SWAP status changed: "Synced" => "Disconnected"
2026-08-24 16:17:22.029 +04:00 [INF] [Sckt 69] subscription 27933 unsubscribed
2026-08-24 16:17:22.030 +04:00 [INF] UsdFutures order book PENGUUSDT status changed: "Synced" => "Disconnected"
2026-08-24 16:17:22.371 +04:00 [INF] Unified order book XAU-USDT-SWAP status changed: "Synced" => "Disconnected"
2026-08-24 16:17:22.696 +04:00 [INF] [Sckt 67] subscription 27893 unsubscribed
2026-08-24 16:17:22.697 +04:00 [INF] Unified order book WLD-USDT-SWAP status changed: "Synced" => "Disconnected"
2026-08-24 16:17:23.035 +04:00 [INF] [Sckt 69] subscription 27966 unsubscribed
2026-08-24 16:17:23.039 +04:00 [INF] UsdFutures order book SOXLUSDT status changed: "Synced" => "Disconnected"
2026-08-24 16:17:23.386 +04:00 [INF] [Sckt 65] subscription 27853 unsubscribed
2026-08-24 16:17:23.394 +04:00 [INF] UsdFutures order book HYPEUSDT status changed: "Synced" => "Disconnected"
2026-08-24 16:17:23.594 +04:00 [INF] [Sckt 66] subscription 27857 unsubscribed
2026-08-24 16:17:23.594 +04:00 [INF] V5 order book HYPEUSDT status changed: "Synced" => "Disconnected"
2026-08-24 16:17:23.865 +04:00 [INF] [Sckt 68] subscription 27884 unsubscribed
2026-08-24 16:17:23.866 +04:00 [INF] Futures order book SOLUSDT status changed: "Synced" => "Disconnected"
2026-08-24 16:17:24.066 +04:00 [INF] [Sckt 70] subscription 27926 unsubscribed
2026-08-24 16:17:24.069 +04:00 [INF] V5 order book ADAUSDT status changed: "Synced" => "Disconnected"
2026-08-24 16:17:24.352 +04:00 [INF] [Sckt 68] subscription 27919 unsubscribed
2026-08-24 16:17:24.354 +04:00 [INF] Futures order book SKHYNIXUSDT status changed: "Synced" => "Disconnected"
2026-08-24 16:17:24.679 +04:00 [INF] [Sckt 67] subscription 27849 unsubscribed
2026-08-24 16:17:24.680 +04:00 [INF] Unified order book ZEC-USDT-SWAP status changed: "Synced" => "Disconnected"
2026-08-24 16:17:24.879 +04:00 [INF] [Sckt 70] subscription 27937 unsubscribed
2026-08-24 16:17:24.880 +04:00 [INF] V5 order book PENGUUSDT status changed: "Synced" => "Disconnected"
2026-08-24 16:17:25.078 +04:00 [INF] [Sckt 66] subscription 27912 unsubscribed
2026-08-24 16:17:25.079 +04:00 [INF] V5 order book SKHYNIXUSDT status changed: "Synced" => "Disconnected"
2026-08-24 16:17:25.406 +04:00 [INF] [Sckt 67] subscription 27860 unsubscribed
2026-08-24 16:17:25.419 +04:00 [INF] Unified order book HYPE-USDT-SWAP status changed: "Synced" => "Disconnected"
2026-08-24 16:17:25.745 +04:00 [INF] [Sckt 67] subscription 27917 unsubscribed
2026-08-24 16:17:25.746 +04:00 [INF] Unified order book SKHYNIX-USDT-SWAP status changed: "Synced" => "Disconnected"
2026-08-24 16:17:26.027 +04:00 [INF] [Sckt 68] subscription 27840 unsubscribed
2026-08-24 16:17:26.029 +04:00 [INF] Futures order book SUIUSDT status changed: "Synced" => "Disconnected"
2026-08-24 16:17:26.442 +04:00 [INF] UsdFutures order book XPLUSDT status changed: "Synced" => "Disconnected"
2026-08-24 16:17:26.739 +04:00 [INF] [Sckt 72] subscription 27953 unsubscribed
2026-08-24 16:17:26.741 +04:00 [INF] Futures order book XAUUSDT status changed: "Synced" => "Disconnected"
2026-08-24 16:17:27.032 +04:00 [INF] Futures order book ADAUSDT status changed: "Synced" => "Disconnected"
2026-08-24 16:17:27.328 +04:00 [INF] [Sckt 68] subscription 27895 unsubscribed
2026-08-24 16:17:27.329 +04:00 [INF] Futures order book WLDUSDT status changed: "Synced" => "Disconnected"
2026-08-24 16:17:27.702 +04:00 [INF] UsdFutures order book SKHYNIXUSDT status changed: "Synced" => "Disconnected"
2026-08-24 16:17:28.077 +04:00 [INF] Futures order book ENAUSDT status changed: "Synced" => "Disconnected"
2026-08-24 16:17:28.308 +04:00 [INF] V5 order book SOLUSDT status changed: "Synced" => "Disconnected"
2026-08-24 16:17:28.647 +04:00 [INF] Unified order book TRUMP-USDT-SWAP status changed: "Synced" => "Disconnected"
2026-08-24 16:17:28.862 +04:00 [INF] V5 order book XPLUSDT status changed: "Synced" => "Disconnected"
2026-08-24 16:17:28.863 +04:00 [INF] UsdFutures order book DOGEUSDT status changed: "Disconnected" => "Connecting"
2026-08-24 16:17:30.510 +04:00 [INF] [Sckt 73] subscription 30414 completed successfully
2026-08-24 16:17:30.511 +04:00 [INF] UsdFutures order book DOGEUSDT status changed: "Connecting" => "Syncing"
2026-08-24 16:17:30.905 +04:00 [INF] UsdFutures order book DOGEUSDT status changed: "Syncing" => "Synced"
2026-08-24 16:17:30.907 +04:00 [INF] Futures book Binance:DOGEUSDT "Synced"
2026-08-24 16:17:30.908 +04:00 [INF] V5 order book DOGEUSDT status changed: "Disconnected" => "Connecting"
2026-08-24 16:17:31.754 +04:00 [INF] [Sckt 74] subscription 30418 completed successfully
2026-08-24 16:17:31.754 +04:00 [INF] V5 order book DOGEUSDT status changed: "Connecting" => "Syncing"
2026-08-24 16:17:31.755 +04:00 [INF] V5 order book DOGEUSDT status changed: "Syncing" => "Synced"
2026-08-24 16:17:31.756 +04:00 [INF] Futures book Bybit:DOGEUSDT "Synced"
2026-08-24 16:17:31.756 +04:00 [INF] Unified order book DOGE-USDT-SWAP status changed: "Disconnected" => "Connecting"
2026-08-24 16:17:33.265 +04:00 [INF] [Sckt 75] subscription 30421 completed successfully
2026-08-24 16:17:33.266 +04:00 [INF] Unified order book DOGE-USDT-SWAP status changed: "Connecting" => "Syncing"
2026-08-24 16:17:33.642 +04:00 [INF] Unified order book DOGE-USDT-SWAP status changed: "Syncing" => "Synced"
2026-08-24 16:17:33.642 +04:00 [INF] Futures book OKX:DOGEUSDT "Synced"
2026-08-24 16:17:33.643 +04:00 [INF] Futures order book DOGEUSDT status changed: "Disconnected" => "Connecting"
2026-08-24 16:17:35.089 +04:00 [INF] [Sckt 76] subscription 30423 completed successfully
2026-08-24 16:17:35.091 +04:00 [INF] Futures order book DOGEUSDT status changed: "Connecting" => "Syncing"
2026-08-24 16:17:35.092 +04:00 [INF] Futures order book DOGEUSDT status changed: "Syncing" => "Synced"
2026-08-24 16:17:35.093 +04:00 [INF] Futures book Bitget:DOGEUSDT "Synced"
2026-08-24 16:17:35.093 +04:00 [INF] UsdFutures order book ENAUSDT status changed: "Disconnected" => "Connecting"
2026-08-24 16:17:35.414 +04:00 [INF] [Sckt 73] subscription 30425 completed successfully
2026-08-24 16:17:35.416 +04:00 [INF] UsdFutures order book ENAUSDT status changed: "Connecting" => "Syncing"
2026-08-24 16:17:35.790 +04:00 [INF] UsdFutures order book ENAUSDT status changed: "Syncing" => "Synced"
2026-08-24 16:17:35.791 +04:00 [INF] Futures book Binance:ENAUSDT "Synced"
2026-08-24 16:17:35.792 +04:00 [INF] V5 order book ENAUSDT status changed: "Disconnected" => "Connecting"
2026-08-24 16:17:35.993 +04:00 [INF] [Sckt 74] subscription 30429 completed successfully
2026-08-24 16:17:35.994 +04:00 [INF] V5 order book ENAUSDT status changed: "Connecting" => "Syncing"
2026-08-24 16:17:35.995 +04:00 [INF] V5 order book ENAUSDT status changed: "Syncing" => "Synced"
2026-08-24 16:17:35.995 +04:00 [INF] Futures book Bybit:ENAUSDT "Synced"
2026-08-24 16:17:35.996 +04:00 [INF] Unified order book ENA-USDT-SWAP status changed: "Disconnected" => "Connecting"
2026-08-24 16:17:36.335 +04:00 [INF] [Sckt 75] subscription 30432 completed successfully
2026-08-24 16:17:36.337 +04:00 [INF] Unified order book ENA-USDT-SWAP status changed: "Connecting" => "Syncing"
2026-08-24 16:17:36.603 +04:00 [INF] Unified order book ENA-USDT-SWAP status changed: "Syncing" => "Synced"
2026-08-24 16:17:36.605 +04:00 [INF] Futures book OKX:ENAUSDT "Synced"
2026-08-24 16:17:36.605 +04:00 [INF] Futures order book ENAUSDT status changed: "Disconnected" => "Connecting"
2026-08-24 16:17:36.973 +04:00 [INF] [Sckt 76] subscription 30434 completed successfully
2026-08-24 16:17:36.975 +04:00 [INF] Futures order book ENAUSDT status changed: "Connecting" => "Syncing"
2026-08-24 16:17:36.976 +04:00 [INF] Futures order book ENAUSDT status changed: "Syncing" => "Synced"
2026-08-24 16:17:36.977 +04:00 [INF] Futures book Bitget:ENAUSDT "Synced"
2026-08-24 16:17:36.977 +04:00 [INF] UsdFutures order book SUIUSDT status changed: "Disconnected" => "Connecting"
2026-08-24 16:17:37.318 +04:00 [INF] [Sckt 73] subscription 30436 completed successfully
2026-08-24 16:17:37.319 +04:00 [INF] UsdFutures order book SUIUSDT status changed: "Connecting" => "Syncing"
2026-08-24 16:17:37.700 +04:00 [INF] UsdFutures order book SUIUSDT status changed: "Syncing" => "Synced"
2026-08-24 16:17:37.702 +04:00 [INF] Futures book Binance:SUIUSDT "Synced"
2026-08-24 16:17:37.703 +04:00 [INF] V5 order book SUIUSDT status changed: "Disconnected" => "Connecting"
2026-08-24 16:17:37.901 +04:00 [INF] [Sckt 74] subscription 30440 completed successfully
2026-08-24 16:17:37.902 +04:00 [INF] V5 order book SUIUSDT status changed: "Connecting" => "Syncing"
2026-08-24 16:17:37.903 +04:00 [INF] V5 order book SUIUSDT status changed: "Syncing" => "Synced"
2026-08-24 16:17:37.904 +04:00 [INF] Futures book Bybit:SUIUSDT "Synced"
2026-08-24 16:17:37.904 +04:00 [INF] Unified order book SUI-USDT-SWAP status changed: "Disconnected" => "Connecting"
2026-08-24 16:17:38.242 +04:00 [INF] [Sckt 75] subscription 30443 completed successfully
2026-08-24 16:17:38.243 +04:00 [INF] Unified order book SUI-USDT-SWAP status changed: "Connecting" => "Syncing"
2026-08-24 16:17:38.392 +04:00 [INF] Unified order book SUI-USDT-SWAP status changed: "Syncing" => "Synced"
2026-08-24 16:17:38.394 +04:00 [INF] Futures book OKX:SUIUSDT "Synced"
2026-08-24 16:17:38.395 +04:00 [INF] Futures order book SUIUSDT status changed: "Disconnected" => "Connecting"
2026-08-24 16:17:38.687 +04:00 [INF] [Sckt 76] subscription 30445 completed successfully
2026-08-24 16:17:38.688 +04:00 [INF] Futures order book SUIUSDT status changed: "Connecting" => "Syncing"
2026-08-24 16:17:38.689 +04:00 [INF] Futures order book SUIUSDT status changed: "Syncing" => "Synced"
2026-08-24 16:17:38.690 +04:00 [INF] Futures book Bitget:SUIUSDT "Synced"
2026-08-24 16:17:38.690 +04:00 [INF] UsdFutures order book ZECUSDT status changed: "Disconnected" => "Connecting"
2026-08-24 16:17:39.019 +04:00 [INF] [Sckt 73] subscription 30447 completed successfully
2026-08-24 16:17:39.020 +04:00 [INF] UsdFutures order book ZECUSDT status changed: "Connecting" => "Syncing"
2026-08-24 16:17:39.396 +04:00 [INF] UsdFutures order book ZECUSDT status changed: "Syncing" => "Synced"
2026-08-24 16:17:39.397 +04:00 [INF] Futures book Binance:ZECUSDT "Synced"
2026-08-24 16:17:39.398 +04:00 [INF] V5 order book ZECUSDT status changed: "Disconnected" => "Connecting"
2026-08-24 16:17:39.597 +04:00 [INF] [Sckt 74] subscription 30451 completed successfully
2026-08-24 16:17:39.599 +04:00 [INF] V5 order book ZECUSDT status changed: "Connecting" => "Syncing"
2026-08-24 16:17:39.599 +04:00 [INF] V5 order book ZECUSDT status changed: "Syncing" => "Synced"
2026-08-24 16:17:39.600 +04:00 [INF] Futures book Bybit:ZECUSDT "Synced"
2026-08-24 16:17:39.601 +04:00 [INF] Unified order book ZEC-USDT-SWAP status changed: "Disconnected" => "Connecting"
2026-08-24 16:17:39.964 +04:00 [INF] [Sckt 75] subscription 30454 completed successfully
2026-08-24 16:17:39.965 +04:00 [INF] Unified order book ZEC-USDT-SWAP status changed: "Connecting" => "Syncing"
2026-08-24 16:17:40.182 +04:00 [INF] Unified order book ZEC-USDT-SWAP status changed: "Syncing" => "Synced"
2026-08-24 16:17:40.184 +04:00 [INF] Futures book OKX:ZECUSDT "Synced"
2026-08-24 16:17:40.184 +04:00 [INF] Futures order book ZECUSDT status changed: "Disconnected" => "Connecting"
2026-08-24 16:17:40.459 +04:00 [INF] [Sckt 76] subscription 30456 completed successfully
2026-08-24 16:17:40.460 +04:00 [INF] Futures order book ZECUSDT status changed: "Connecting" => "Syncing"
2026-08-24 16:17:40.512 +04:00 [INF] Futures order book ZECUSDT status changed: "Syncing" => "Synced"
2026-08-24 16:17:40.513 +04:00 [INF] Futures book Bitget:ZECUSDT "Synced"
2026-08-24 16:17:40.514 +04:00 [INF] UsdFutures order book HYPEUSDT status changed: "Disconnected" => "Connecting"
2026-08-24 16:17:40.920 +04:00 [INF] [Sckt 73] subscription 30458 completed successfully
2026-08-24 16:17:40.921 +04:00 [INF] UsdFutures order book HYPEUSDT status changed: "Connecting" => "Syncing"
2026-08-24 16:17:41.316 +04:00 [INF] UsdFutures order book HYPEUSDT status changed: "Syncing" => "Synced"
2026-08-24 16:17:41.318 +04:00 [INF] Futures book Binance:HYPEUSDT "Synced"
2026-08-24 16:17:41.319 +04:00 [INF] V5 order book HYPEUSDT status changed: "Disconnected" => "Connecting"
2026-08-24 16:17:41.526 +04:00 [INF] [Sckt 74] subscription 30462 completed successfully
2026-08-24 16:17:41.527 +04:00 [INF] V5 order book HYPEUSDT status changed: "Connecting" => "Syncing"
2026-08-24 16:17:41.528 +04:00 [INF] V5 order book HYPEUSDT status changed: "Syncing" => "Synced"
2026-08-24 16:17:41.529 +04:00 [INF] Futures book Bybit:HYPEUSDT "Synced"
2026-08-24 16:17:41.530 +04:00 [INF] Unified order book HYPE-USDT-SWAP status changed: "Disconnected" => "Connecting"
2026-08-24 16:17:41.868 +04:00 [INF] [Sckt 75] subscription 30465 completed successfully
2026-08-24 16:17:41.869 +04:00 [INF] Unified order book HYPE-USDT-SWAP status changed: "Connecting" => "Syncing"
2026-08-24 16:17:42.021 +04:00 [INF] Unified order book HYPE-USDT-SWAP status changed: "Syncing" => "Synced"
2026-08-24 16:17:42.022 +04:00 [INF] Futures book OKX:HYPEUSDT "Synced"
2026-08-24 16:17:42.023 +04:00 [INF] Futures order book HYPEUSDT status changed: "Disconnected" => "Connecting"
2026-08-24 16:17:42.291 +04:00 [INF] [Sckt 76] subscription 30467 completed successfully
2026-08-24 16:17:42.292 +04:00 [INF] Futures order book HYPEUSDT status changed: "Connecting" => "Syncing"
2026-08-24 16:17:42.293 +04:00 [INF] Futures order book HYPEUSDT status changed: "Syncing" => "Synced"
2026-08-24 16:17:42.293 +04:00 [INF] Futures book Bitget:HYPEUSDT "Synced"
2026-08-24 16:17:42.294 +04:00 [INF] UsdFutures order book TRUMPUSDT status changed: "Disconnected" => "Connecting"
2026-08-24 16:17:42.621 +04:00 [INF] [Sckt 73] subscription 30469 completed successfully
2026-08-24 16:17:42.622 +04:00 [INF] UsdFutures order book TRUMPUSDT status changed: "Connecting" => "Syncing"
2026-08-24 16:17:43.039 +04:00 [INF] UsdFutures order book TRUMPUSDT status changed: "Syncing" => "Synced"
2026-08-24 16:17:43.041 +04:00 [INF] Futures book Binance:TRUMPUSDT "Synced"
2026-08-24 16:17:43.041 +04:00 [INF] V5 order book TRUMPUSDT status changed: "Disconnected" => "Connecting"
2026-08-24 16:17:43.242 +04:00 [INF] [Sckt 74] subscription 30473 completed successfully
2026-08-24 16:17:43.243 +04:00 [INF] V5 order book TRUMPUSDT status changed: "Connecting" => "Syncing"
2026-08-24 16:17:43.244 +04:00 [INF] V5 order book TRUMPUSDT status changed: "Syncing" => "Synced"
2026-08-24 16:17:43.245 +04:00 [INF] Futures book Bybit:TRUMPUSDT "Synced"
2026-08-24 16:17:43.245 +04:00 [INF] Unified order book TRUMP-USDT-SWAP status changed: "Disconnected" => "Connecting"
2026-08-24 16:17:43.582 +04:00 [INF] [Sckt 75] subscription 30476 completed successfully
2026-08-24 16:17:43.583 +04:00 [INF] Unified order book TRUMP-USDT-SWAP status changed: "Connecting" => "Syncing"
2026-08-24 16:17:43.792 +04:00 [INF] Unified order book TRUMP-USDT-SWAP status changed: "Syncing" => "Synced"
2026-08-24 16:17:43.793 +04:00 [INF] Futures book OKX:TRUMPUSDT "Synced"
2026-08-24 16:17:43.794 +04:00 [INF] Futures order book TRUMPUSDT status changed: "Disconnected" => "Connecting"
2026-08-24 16:17:44.063 +04:00 [INF] [Sckt 76] subscription 30478 completed successfully
2026-08-24 16:17:44.064 +04:00 [INF] Futures order book TRUMPUSDT status changed: "Connecting" => "Syncing"
2026-08-24 16:17:44.112 +04:00 [INF] Futures order book TRUMPUSDT status changed: "Syncing" => "Synced"
2026-08-24 16:17:44.113 +04:00 [INF] Futures book Bitget:TRUMPUSDT "Synced"
2026-08-24 16:17:44.114 +04:00 [INF] UsdFutures order book SOLUSDT status changed: "Disconnected" => "Connecting"
2026-08-24 16:17:44.523 +04:00 [INF] [Sckt 73] subscription 30480 completed successfully
2026-08-24 16:17:44.523 +04:00 [INF] UsdFutures order book SOLUSDT status changed: "Connecting" => "Syncing"
2026-08-24 16:17:44.906 +04:00 [INF] UsdFutures order book SOLUSDT status changed: "Syncing" => "Synced"
2026-08-24 16:17:44.907 +04:00 [INF] Futures book Binance:SOLUSDT "Synced"
2026-08-24 16:17:44.908 +04:00 [INF] V5 order book SOLUSDT status changed: "Disconnected" => "Connecting"
2026-08-24 16:17:45.108 +04:00 [INF] [Sckt 74] subscription 30484 completed successfully
2026-08-24 16:17:45.109 +04:00 [INF] V5 order book SOLUSDT status changed: "Connecting" => "Syncing"
2026-08-24 16:17:45.110 +04:00 [INF] V5 order book SOLUSDT status changed: "Syncing" => "Synced"
2026-08-24 16:17:45.110 +04:00 [INF] Futures book Bybit:SOLUSDT "Synced"
2026-08-24 16:17:45.111 +04:00 [INF] Unified order book SOL-USDT-SWAP status changed: "Disconnected" => "Connecting"
2026-08-24 16:17:45.450 +04:00 [INF] [Sckt 75] subscription 30487 completed successfully
2026-08-24 16:17:45.451 +04:00 [INF] Unified order book SOL-USDT-SWAP status changed: "Connecting" => "Syncing"
2026-08-24 16:17:45.617 +04:00 [INF] Unified order book SOL-USDT-SWAP status changed: "Syncing" => "Synced"
2026-08-24 16:17:45.618 +04:00 [INF] Futures book OKX:SOLUSDT "Synced"
2026-08-24 16:17:45.619 +04:00 [INF] Futures order book SOLUSDT status changed: "Disconnected" => "Connecting"
2026-08-24 16:17:45.892 +04:00 [INF] [Sckt 76] subscription 30489 completed successfully
2026-08-24 16:17:45.894 +04:00 [INF] Futures order book SOLUSDT status changed: "Connecting" => "Syncing"
2026-08-24 16:17:45.895 +04:00 [INF] Futures order book SOLUSDT status changed: "Syncing" => "Synced"
2026-08-24 16:17:45.896 +04:00 [INF] Futures book Bitget:SOLUSDT "Synced"
2026-08-24 16:17:45.899 +04:00 [INF] UsdFutures order book SNDKUSDT status changed: "Disconnected" => "Connecting"
2026-08-24 16:17:46.226 +04:00 [INF] [Sckt 73] subscription 30491 completed successfully
2026-08-24 16:17:46.227 +04:00 [INF] UsdFutures order book SNDKUSDT status changed: "Connecting" => "Syncing"
2026-08-24 16:17:46.619 +04:00 [INF] UsdFutures order book SNDKUSDT status changed: "Syncing" => "Synced"
2026-08-24 16:17:46.620 +04:00 [INF] Futures book Binance:SNDKUSDT "Synced"
2026-08-24 16:17:46.621 +04:00 [INF] V5 order book SNDKUSDT status changed: "Disconnected" => "Connecting"
2026-08-24 16:17:46.827 +04:00 [INF] [Sckt 74] subscription 30495 completed successfully
2026-08-24 16:17:46.829 +04:00 [INF] V5 order book SNDKUSDT status changed: "Connecting" => "Syncing"
2026-08-24 16:17:46.830 +04:00 [INF] V5 order book SNDKUSDT status changed: "Syncing" => "Synced"
2026-08-24 16:17:46.831 +04:00 [INF] Futures book Bybit:SNDKUSDT "Synced"
2026-08-24 16:17:46.831 +04:00 [INF] Unified order book SNDK-USDT-SWAP status changed: "Disconnected" => "Connecting"
2026-08-24 16:17:47.170 +04:00 [INF] [Sckt 75] subscription 30498 completed successfully
2026-08-24 16:17:47.171 +04:00 [INF] Unified order book SNDK-USDT-SWAP status changed: "Connecting" => "Syncing"
2026-08-24 16:17:47.427 +04:00 [INF] Unified order book SNDK-USDT-SWAP status changed: "Syncing" => "Synced"
2026-08-24 16:17:47.428 +04:00 [INF] Futures book OKX:SNDKUSDT "Synced"
2026-08-24 16:17:47.430 +04:00 [INF] Futures order book SNDKUSDT status changed: "Disconnected" => "Connecting"
2026-08-24 16:17:47.699 +04:00 [INF] [Sckt 76] subscription 30500 completed successfully
2026-08-24 16:17:47.701 +04:00 [INF] Futures order book SNDKUSDT status changed: "Connecting" => "Syncing"
2026-08-24 16:17:47.702 +04:00 [INF] Futures order book SNDKUSDT status changed: "Syncing" => "Synced"
2026-08-24 16:17:47.703 +04:00 [INF] Futures book Bitget:SNDKUSDT "Synced"
2026-08-24 16:17:47.704 +04:00 [INF] UsdFutures order book WLDUSDT status changed: "Disconnected" => "Connecting"
2026-08-24 16:17:48.029 +04:00 [INF] [Sckt 73] subscription 30502 completed successfully
2026-08-24 16:17:48.029 +04:00 [INF] UsdFutures order book WLDUSDT status changed: "Connecting" => "Syncing"
2026-08-24 16:17:48.882 +04:00 [INF] UsdFutures order book WLDUSDT status changed: "Syncing" => "Synced"
2026-08-24 16:17:48.883 +04:00 [INF] Futures book Binance:WLDUSDT "Synced"
2026-08-24 16:17:48.884 +04:00 [INF] V5 order book WLDUSDT status changed: "Disconnected" => "Connecting"
2026-08-24 16:17:49.084 +04:00 [INF] [Sckt 74] subscription 30506 completed successfully
2026-08-24 16:17:49.084 +04:00 [INF] V5 order book WLDUSDT status changed: "Connecting" => "Syncing"
2026-08-24 16:17:49.085 +04:00 [INF] V5 order book WLDUSDT status changed: "Syncing" => "Synced"
2026-08-24 16:17:49.086 +04:00 [INF] Futures book Bybit:WLDUSDT "Synced"
2026-08-24 16:17:49.086 +04:00 [INF] Unified order book WLD-USDT-SWAP status changed: "Disconnected" => "Connecting"
2026-08-24 16:17:49.428 +04:00 [INF] [Sckt 75] subscription 30509 completed successfully
2026-08-24 16:17:49.429 +04:00 [INF] Unified order book WLD-USDT-SWAP status changed: "Connecting" => "Syncing"
2026-08-24 16:17:49.484 +04:00 [INF] Unified order book WLD-USDT-SWAP status changed: "Syncing" => "Synced"
2026-08-24 16:17:49.485 +04:00 [INF] Futures book OKX:WLDUSDT "Synced"
2026-08-24 16:17:49.486 +04:00 [INF] Futures order book WLDUSDT status changed: "Disconnected" => "Connecting"
2026-08-24 16:17:49.766 +04:00 [INF] [Sckt 76] subscription 30511 completed successfully
2026-08-24 16:17:49.767 +04:00 [INF] Futures order book WLDUSDT status changed: "Connecting" => "Syncing"
2026-08-24 16:17:49.768 +04:00 [INF] Futures order book WLDUSDT status changed: "Syncing" => "Synced"
2026-08-24 16:17:49.768 +04:00 [INF] Futures book Bitget:WLDUSDT "Synced"
2026-08-24 16:17:49.769 +04:00 [INF] UsdFutures order book SKHYNIXUSDT status changed: "Disconnected" => "Connecting"
2026-08-24 16:17:50.129 +04:00 [INF] [Sckt 73] subscription 30513 completed successfully
2026-08-24 16:17:50.130 +04:00 [INF] UsdFutures order book SKHYNIXUSDT status changed: "Connecting" => "Syncing"
2026-08-24 16:17:50.528 +04:00 [INF] UsdFutures order book SKHYNIXUSDT status changed: "Syncing" => "Synced"
2026-08-24 16:17:50.531 +04:00 [INF] Futures book Binance:SKHYNIXUSDT "Synced"
2026-08-24 16:17:50.532 +04:00 [INF] V5 order book SKHYNIXUSDT status changed: "Disconnected" => "Connecting"
2026-08-24 16:17:50.731 +04:00 [INF] [Sckt 74] subscription 30517 completed successfully
2026-08-24 16:17:50.735 +04:00 [INF] V5 order book SKHYNIXUSDT status changed: "Connecting" => "Syncing"
2026-08-24 16:17:50.736 +04:00 [INF] V5 order book SKHYNIXUSDT status changed: "Syncing" => "Synced"
2026-08-24 16:17:50.737 +04:00 [INF] Futures book Bybit:SKHYNIXUSDT "Synced"
2026-08-24 16:17:50.737 +04:00 [INF] Unified order book SKHYNIX-USDT-SWAP status changed: "Disconnected" => "Connecting"
2026-08-24 16:17:51.078 +04:00 [INF] [Sckt 75] subscription 30520 completed successfully
2026-08-24 16:17:51.081 +04:00 [INF] Unified order book SKHYNIX-USDT-SWAP status changed: "Connecting" => "Syncing"
2026-08-24 16:17:51.298 +04:00 [INF] Unified order book SKHYNIX-USDT-SWAP status changed: "Syncing" => "Synced"
2026-08-24 16:17:51.299 +04:00 [INF] Futures book OKX:SKHYNIXUSDT "Synced"
2026-08-24 16:17:51.300 +04:00 [INF] Futures order book SKHYNIXUSDT status changed: "Disconnected" => "Connecting"
2026-08-24 16:17:51.618 +04:00 [INF] [Sckt 76] subscription 30524 completed successfully
2026-08-24 16:17:51.619 +04:00 [INF] Futures order book SKHYNIXUSDT status changed: "Connecting" => "Syncing"
2026-08-24 16:17:51.620 +04:00 [INF] Futures order book SKHYNIXUSDT status changed: "Syncing" => "Synced"
2026-08-24 16:17:51.621 +04:00 [INF] Futures book Bitget:SKHYNIXUSDT "Synced"
2026-08-24 16:17:51.622 +04:00 [INF] UsdFutures order book ADAUSDT status changed: "Disconnected" => "Connecting"
2026-08-24 16:17:52.946 +04:00 [INF] [Sckt 77] subscription 30526 completed successfully
2026-08-24 16:17:52.947 +04:00 [INF] UsdFutures order book ADAUSDT status changed: "Connecting" => "Syncing"
2026-08-24 16:17:53.336 +04:00 [INF] UsdFutures order book ADAUSDT status changed: "Syncing" => "Synced"
2026-08-24 16:17:53.337 +04:00 [INF] Futures book Binance:ADAUSDT "Synced"
2026-08-24 16:17:53.338 +04:00 [INF] V5 order book ADAUSDT status changed: "Disconnected" => "Connecting"
2026-08-24 16:17:54.270 +04:00 [INF] [Sckt 78] subscription 30531 completed successfully
2026-08-24 16:17:54.271 +04:00 [INF] V5 order book ADAUSDT status changed: "Connecting" => "Syncing"
2026-08-24 16:17:54.271 +04:00 [INF] V5 order book ADAUSDT status changed: "Syncing" => "Synced"
2026-08-24 16:17:54.273 +04:00 [INF] Futures book Bybit:ADAUSDT "Synced"
2026-08-24 16:17:54.273 +04:00 [INF] Unified order book ADA-USDT-SWAP status changed: "Disconnected" => "Connecting"
2026-08-24 16:17:55.603 +04:00 [INF] [Sckt 79] subscription 30534 completed successfully
2026-08-24 16:17:55.604 +04:00 [INF] Unified order book ADA-USDT-SWAP status changed: "Connecting" => "Syncing"
2026-08-24 16:17:56.148 +04:00 [INF] Unified order book ADA-USDT-SWAP status changed: "Syncing" => "Synced"
2026-08-24 16:17:56.149 +04:00 [INF] Futures book OKX:ADAUSDT "Synced"
2026-08-24 16:17:56.150 +04:00 [INF] Futures order book ADAUSDT status changed: "Disconnected" => "Connecting"
2026-08-24 16:17:57.337 +04:00 [INF] [Sckt 80] subscription 30536 completed successfully
2026-08-24 16:17:57.339 +04:00 [INF] Futures order book ADAUSDT status changed: "Connecting" => "Syncing"
2026-08-24 16:17:57.340 +04:00 [INF] Futures order book ADAUSDT status changed: "Syncing" => "Synced"
2026-08-24 16:17:57.341 +04:00 [INF] Futures book Bitget:ADAUSDT "Synced"
2026-08-24 16:17:57.342 +04:00 [INF] UsdFutures order book PENGUUSDT status changed: "Disconnected" => "Connecting"
2026-08-24 16:17:57.750 +04:00 [INF] [Sckt 77] subscription 30538 completed successfully
2026-08-24 16:17:57.750 +04:00 [INF] UsdFutures order book PENGUUSDT status changed: "Connecting" => "Syncing"
2026-08-24 16:17:58.131 +04:00 [INF] UsdFutures order book PENGUUSDT status changed: "Syncing" => "Synced"
2026-08-24 16:17:58.132 +04:00 [INF] Futures book Binance:PENGUUSDT "Synced"
2026-08-24 16:17:58.133 +04:00 [INF] V5 order book PENGUUSDT status changed: "Disconnected" => "Connecting"
2026-08-24 16:17:58.332 +04:00 [INF] [Sckt 78] subscription 30542 completed successfully
2026-08-24 16:17:58.333 +04:00 [INF] V5 order book PENGUUSDT status changed: "Connecting" => "Syncing"
2026-08-24 16:17:58.334 +04:00 [INF] V5 order book PENGUUSDT status changed: "Syncing" => "Synced"
2026-08-24 16:17:58.335 +04:00 [INF] Futures book Bybit:PENGUUSDT "Synced"
2026-08-24 16:17:58.335 +04:00 [INF] Unified order book PENGU-USDT-SWAP status changed: "Disconnected" => "Connecting"
2026-08-24 16:17:58.663 +04:00 [INF] [Sckt 79] subscription 30545 completed successfully
2026-08-24 16:17:58.664 +04:00 [INF] Unified order book PENGU-USDT-SWAP status changed: "Connecting" => "Syncing"
2026-08-24 16:17:58.768 +04:00 [INF] Unified order book PENGU-USDT-SWAP status changed: "Syncing" => "Synced"
2026-08-24 16:17:58.770 +04:00 [INF] Futures book OKX:PENGUUSDT "Synced"
2026-08-24 16:17:58.771 +04:00 [INF] Futures order book PENGUUSDT status changed: "Disconnected" => "Connecting"
2026-08-24 16:17:59.061 +04:00 [INF] [Sckt 80] subscription 30547 completed successfully
2026-08-24 16:17:59.061 +04:00 [INF] Futures order book PENGUUSDT status changed: "Connecting" => "Syncing"
2026-08-24 16:17:59.062 +04:00 [INF] Futures order book PENGUUSDT status changed: "Syncing" => "Synced"
2026-08-24 16:17:59.063 +04:00 [INF] Futures book Bitget:PENGUUSDT "Synced"
2026-08-24 16:17:59.064 +04:00 [INF] UsdFutures order book XAUUSDT status changed: "Disconnected" => "Connecting"
2026-08-24 16:17:59.454 +04:00 [INF] [Sckt 77] subscription 30549 completed successfully
2026-08-24 16:17:59.455 +04:00 [INF] UsdFutures order book XAUUSDT status changed: "Connecting" => "Syncing"
2026-08-24 16:17:59.888 +04:00 [INF] UsdFutures order book XAUUSDT status changed: "Syncing" => "Synced"
2026-08-24 16:17:59.890 +04:00 [INF] Futures book Binance:XAUUSDT "Synced"
2026-08-24 16:17:59.891 +04:00 [INF] V5 order book XAUUSDT status changed: "Disconnected" => "Connecting"
2026-08-24 16:18:00.094 +04:00 [INF] [Sckt 78] subscription 30553 completed successfully
2026-08-24 16:18:00.095 +04:00 [INF] V5 order book XAUUSDT status changed: "Connecting" => "Syncing"
2026-08-24 16:18:00.096 +04:00 [INF] V5 order book XAUUSDT status changed: "Syncing" => "Synced"
2026-08-24 16:18:00.096 +04:00 [INF] Futures book Bybit:XAUUSDT "Synced"
2026-08-24 16:18:00.097 +04:00 [INF] Unified order book XAU-USDT-SWAP status changed: "Disconnected" => "Connecting"
2026-08-24 16:18:00.425 +04:00 [INF] [Sckt 79] subscription 30556 completed successfully
2026-08-24 16:18:00.425 +04:00 [INF] Unified order book XAU-USDT-SWAP status changed: "Connecting" => "Syncing"
2026-08-24 16:18:00.578 +04:00 [INF] Unified order book XAU-USDT-SWAP status changed: "Syncing" => "Synced"
2026-08-24 16:18:00.580 +04:00 [INF] Futures book OKX:XAUUSDT "Synced"
2026-08-24 16:18:00.580 +04:00 [INF] Futures order book XAUUSDT status changed: "Disconnected" => "Connecting"
2026-08-24 16:18:00.959 +04:00 [INF] [Sckt 80] subscription 30558 completed successfully
2026-08-24 16:18:00.960 +04:00 [INF] Futures order book XAUUSDT status changed: "Connecting" => "Syncing"
2026-08-24 16:18:00.961 +04:00 [INF] Futures order book XAUUSDT status changed: "Syncing" => "Synced"
2026-08-24 16:18:00.963 +04:00 [INF] Futures book Bitget:XAUUSDT "Synced"
2026-08-24 16:18:00.963 +04:00 [INF] UsdFutures order book SOXLUSDT status changed: "Disconnected" => "Connecting"
2026-08-24 16:18:01.355 +04:00 [INF] [Sckt 77] subscription 30560 completed successfully
2026-08-24 16:18:01.356 +04:00 [INF] UsdFutures order book SOXLUSDT status changed: "Connecting" => "Syncing"
2026-08-24 16:18:01.732 +04:00 [INF] UsdFutures order book SOXLUSDT status changed: "Syncing" => "Synced"
2026-08-24 16:18:01.733 +04:00 [INF] Futures book Binance:SOXLUSDT "Synced"
2026-08-24 16:18:01.734 +04:00 [INF] V5 order book SOXLUSDT status changed: "Disconnected" => "Connecting"
2026-08-24 16:18:01.932 +04:00 [INF] [Sckt 78] subscription 30564 completed successfully
2026-08-24 16:18:01.933 +04:00 [INF] V5 order book SOXLUSDT status changed: "Connecting" => "Syncing"
2026-08-24 16:18:01.935 +04:00 [INF] V5 order book SOXLUSDT status changed: "Syncing" => "Synced"
2026-08-24 16:18:01.936 +04:00 [INF] Futures book Bybit:SOXLUSDT "Synced"
2026-08-24 16:18:01.936 +04:00 [INF] Unified order book SOXL-USDT-SWAP status changed: "Disconnected" => "Connecting"
2026-08-24 16:18:02.264 +04:00 [INF] [Sckt 79] subscription 30567 completed successfully
2026-08-24 16:18:02.265 +04:00 [INF] Unified order book SOXL-USDT-SWAP status changed: "Connecting" => "Syncing"
2026-08-24 16:18:02.418 +04:00 [INF] Unified order book SOXL-USDT-SWAP status changed: "Syncing" => "Synced"
2026-08-24 16:18:02.420 +04:00 [INF] Futures book OKX:SOXLUSDT "Synced"
2026-08-24 16:18:02.420 +04:00 [INF] Futures order book SOXLUSDT status changed: "Disconnected" => "Connecting"
2026-08-24 16:18:02.752 +04:00 [INF] [Sckt 80] subscription 30569 completed successfully
2026-08-24 16:18:02.753 +04:00 [INF] Futures order book SOXLUSDT status changed: "Connecting" => "Syncing"
2026-08-24 16:18:02.754 +04:00 [INF] Futures order book SOXLUSDT status changed: "Syncing" => "Synced"
2026-08-24 16:18:02.754 +04:00 [INF] Futures book Bitget:SOXLUSDT "Synced"
2026-08-24 16:18:02.755 +04:00 [INF] UsdFutures order book ONDOUSDT status changed: "Disconnected" => "Connecting"
2026-08-24 16:18:03.157 +04:00 [INF] [Sckt 77] subscription 30571 completed successfully
2026-08-24 16:18:03.159 +04:00 [INF] UsdFutures order book ONDOUSDT status changed: "Connecting" => "Syncing"
2026-08-24 16:18:03.544 +04:00 [INF] UsdFutures order book ONDOUSDT status changed: "Syncing" => "Synced"
2026-08-24 16:18:03.545 +04:00 [INF] Futures book Binance:ONDOUSDT "Synced"
2026-08-24 16:18:03.546 +04:00 [INF] V5 order book ONDOUSDT status changed: "Disconnected" => "Connecting"
2026-08-24 16:18:03.746 +04:00 [INF] [Sckt 78] subscription 30575 completed successfully
2026-08-24 16:18:03.747 +04:00 [INF] V5 order book ONDOUSDT status changed: "Connecting" => "Syncing"
2026-08-24 16:18:03.748 +04:00 [INF] V5 order book ONDOUSDT status changed: "Syncing" => "Synced"
2026-08-24 16:18:03.750 +04:00 [INF] Futures book Bybit:ONDOUSDT "Synced"
2026-08-24 16:18:03.750 +04:00 [INF] Unified order book ONDO-USDT-SWAP status changed: "Disconnected" => "Connecting"
2026-08-24 16:18:04.079 +04:00 [INF] [Sckt 79] subscription 30579 completed successfully
2026-08-24 16:18:04.080 +04:00 [INF] Unified order book ONDO-USDT-SWAP status changed: "Connecting" => "Syncing"
2026-08-24 16:18:04.188 +04:00 [INF] Unified order book ONDO-USDT-SWAP status changed: "Syncing" => "Synced"
2026-08-24 16:18:04.190 +04:00 [INF] Futures book OKX:ONDOUSDT "Synced"
2026-08-24 16:18:04.190 +04:00 [INF] Futures order book ONDOUSDT status changed: "Disconnected" => "Connecting"
2026-08-24 16:18:04.496 +04:00 [INF] [Sckt 80] subscription 30581 completed successfully
2026-08-24 16:18:04.498 +04:00 [INF] Futures order book ONDOUSDT status changed: "Connecting" => "Syncing"
2026-08-24 16:18:04.499 +04:00 [INF] Futures order book ONDOUSDT status changed: "Syncing" => "Synced"
2026-08-24 16:18:04.500 +04:00 [INF] Futures book Bitget:ONDOUSDT "Synced"
2026-08-24 16:18:04.500 +04:00 [INF] Exchange Binance: 15/15 streams live
2026-08-24 16:18:04.501 +04:00 [INF] Exchange Bybit: 15/15 streams live
2026-08-24 16:18:04.501 +04:00 [INF] Exchange OKX: 15/15 streams live
2026-08-24 16:18:04.502 +04:00 [INF] Exchange Bitget: 15/15 streams live
2026-08-24 16:37:11.054 +04:00 [INF] Discovery: public tickers Binance/Bybit/OKX (arb band 8000000–400000000 USDT vol, top 15)
2026-08-24 16:37:12.019 +04:00 [INF] Binance fapi: 692 USDT perps with volume
2026-08-24 16:37:12.546 +04:00 [INF] Bybit linear: 725 USDT perps with volume
2026-08-24 16:37:12.952 +04:00 [INF] OKX SWAP: 434 USDT perps with volume
2026-08-24 16:37:13.388 +04:00 [INF] Bitget USDT-FUTURES: 757 tickers with volume
2026-08-24 16:37:16.390 +04:00 [INF] GateIo USDT futures: 931 tickers with volume
2026-08-24 16:37:16.809 +04:00 [INF] Discovered 15 arb pairs: DOGEUSDT@5ex/203.8M, ENAUSDT@5ex/197.5M, SUIUSDT@5ex/120.9M, ZECUSDT@5ex/215M, HYPEUSDT@5ex/227.4M, TRUMPUSDT@5ex/273.3M, SNDKUSDT@5ex/128.8M, SOLUSDT@5ex/367.3M, WLDUSDT@5ex/51.1M, SKHYNIXUSDT@5ex/96.6M, ADAUSDT@5ex/93.4M, PENGUUSDT@5ex/91.4M, XAUUSDT@5ex/89.2M, SOXLUSDT@5ex/69.1M, ONDOUSDT@5ex/60.2M
2026-08-24 16:37:16.811 +04:00 [INF] Symbol refresh (http-tickers-arb): [DOGEUSDT,ENAUSDT,SUIUSDT,ZECUSDT,HYPEUSDT,TRUMPUSDT,SOLUSDT,SNDKUSDT,WLDUSDT,SKHYNIXUSDT,ADAUSDT,PENGUUSDT,XAUUSDT,SOXLUSDT,ONDOUSDT] → [DOGEUSDT,ENAUSDT,SUIUSDT,ZECUSDT,HYPEUSDT,TRUMPUSDT,SNDKUSDT,SOLUSDT,WLDUSDT,SKHYNIXUSDT,ADAUSDT,PENGUUSDT,XAUUSDT,SOXLUSDT,ONDOUSDT] | changed=false
2026-08-24 16:56:29.301 +04:00 [INF] Funding cache refresh for 15 symbols × 3 exchanges (TTL 45m)
2026-08-24 16:56:39.991 +04:00 [INF] Funding cache entries: 66
2026-08-24 16:57:16.849 +04:00 [INF] Discovery: public tickers Binance/Bybit/OKX (arb band 8000000–400000000 USDT vol, top 15)
2026-08-24 16:57:17.735 +04:00 [INF] Binance fapi: 692 USDT perps with volume
2026-08-24 16:57:18.217 +04:00 [INF] Bybit linear: 725 USDT perps with volume
2026-08-24 16:57:18.602 +04:00 [INF] OKX SWAP: 434 USDT perps with volume
2026-08-24 16:57:19.082 +04:00 [INF] Bitget USDT-FUTURES: 757 tickers with volume
2026-08-24 16:57:22.231 +04:00 [INF] GateIo USDT futures: 931 tickers with volume
2026-08-24 16:57:22.634 +04:00 [INF] Discovered 15 arb pairs: DOGEUSDT@5ex/207.9M, ENAUSDT@5ex/199M, SUIUSDT@5ex/122.1M, ZECUSDT@5ex/218M, HYPEUSDT@5ex/229.4M, TRUMPUSDT@5ex/273.7M, SNDKUSDT@5ex/131.8M, WLDUSDT@5ex/51M, SOLUSDT@5ex/374.5M, SKHYNIXUSDT@5ex/97.3M, ADAUSDT@5ex/94.8M, PENGUUSDT@5ex/92.4M, XAUUSDT@5ex/91.8M, SOXLUSDT@5ex/72.8M, ONDOUSDT@5ex/61.1M
2026-08-24 16:57:22.635 +04:00 [INF] Symbol refresh (http-tickers-arb): [DOGEUSDT,ENAUSDT,SUIUSDT,ZECUSDT,HYPEUSDT,TRUMPUSDT,SNDKUSDT,SOLUSDT,WLDUSDT,SKHYNIXUSDT,ADAUSDT,PENGUUSDT,XAUUSDT,SOXLUSDT,ONDOUSDT] → [DOGEUSDT,ENAUSDT,SUIUSDT,ZECUSDT,HYPEUSDT,TRUMPUSDT,SNDKUSDT,WLDUSDT,SOLUSDT,SKHYNIXUSDT,ADAUSDT,PENGUUSDT,XAUUSDT,SOXLUSDT,ONDOUSDT] | changed=false
2026-08-24 17:14:27.521 +04:00 [INF] Futures scan: 1 candidate(s), best RT=0.153% open=0.258%
2026-08-24 17:14:27.535 +04:00 [INF] FUT PAPER OPEN ZECUSDT L:OKX S:Bybit qty=0.232520 lev=3x margin=66.67 edge=0.258%
2026-08-24 17:14:27.549 +04:00 [INF] Opened futures paper hedge (1): ZECUSDT: L OKX@857.03 / S Bybit@860.14 | RT 0.153% fund 0.006% → 0.159%
2026-08-24 17:14:28.576 +04:00 [INF] FUT PAPER CLOSE ZECUSDT pnl=0.0460 reason=converge lev=3x
2026-08-24 17:17:23.322 +04:00 [INF] Discovery: public tickers Binance/Bybit/OKX (arb band 8000000–400000000 USDT vol, top 15)
2026-08-24 17:17:24.174 +04:00 [INF] Binance fapi: 692 USDT perps with volume
2026-08-24 17:17:24.665 +04:00 [INF] Bybit linear: 725 USDT perps with volume
2026-08-24 17:17:25.075 +04:00 [INF] OKX SWAP: 434 USDT perps with volume
2026-08-24 17:17:25.499 +04:00 [INF] Bitget USDT-FUTURES: 757 tickers with volume
2026-08-24 17:17:28.706 +04:00 [INF] GateIo USDT futures: 931 tickers with volume
2026-08-24 17:17:29.146 +04:00 [INF] Discovered 15 arb pairs: DOGEUSDT@5ex/211M, ENAUSDT@5ex/197.1M, SUIUSDT@5ex/123.4M, ZECUSDT@5ex/221.7M, HYPEUSDT@5ex/230.5M, TRUMPUSDT@5ex/272.9M, SNDKUSDT@5ex/137.9M, WLDUSDT@5ex/51.6M, SOLUSDT@5ex/377.2M, SKHYNIXUSDT@5ex/97.5M, ADAUSDT@5ex/96.5M, XAUUSDT@5ex/95M, PENGUUSDT@5ex/93.3M, SOXLUSDT@5ex/73.7M, ONDOUSDT@5ex/62M
2026-08-24 17:17:29.147 +04:00 [INF] Symbol refresh (http-tickers-arb): [DOGEUSDT,ENAUSDT,SUIUSDT,ZECUSDT,HYPEUSDT,TRUMPUSDT,SNDKUSDT,WLDUSDT,SOLUSDT,SKHYNIXUSDT,ADAUSDT,PENGUUSDT,XAUUSDT,SOXLUSDT,ONDOUSDT] → [DOGEUSDT,ENAUSDT,SUIUSDT,ZECUSDT,HYPEUSDT,TRUMPUSDT,SNDKUSDT,WLDUSDT,SOLUSDT,SKHYNIXUSDT,ADAUSDT,XAUUSDT,PENGUUSDT,SOXLUSDT,ONDOUSDT] | changed=false
2026-08-24 17:30:03.745 +04:00 [INF] Futures scan: 1 candidate(s), best RT=0.111% open=0.226%
2026-08-24 17:30:03.751 +04:00 [INF] FUT PAPER OPEN SNDKUSDT L:Bybit S:Bitget qty=0.133773 lev=3x margin=66.67 edge=0.226%
2026-08-24 17:30:03.753 +04:00 [INF] Opened futures paper hedge (1): SNDKUSDT: L Bybit@1489.98 / S Bitget@1495.07 | RT 0.111% fund 0.000% → 0.111%
2026-08-24 17:30:04.822 +04:00 [INF] FUT PAPER CLOSE SNDKUSDT pnl=0.0671 reason=converge lev=3x
2026-08-24 17:37:29.199 +04:00 [INF] Discovery: public tickers Binance/Bybit/OKX (arb band 8000000–400000000 USDT vol, top 15)
2026-08-24 17:37:29.650 +04:00 [INF] Binance fapi: 692 USDT perps with volume
2026-08-24 17:37:30.840 +04:00 [INF] Bybit linear: 725 USDT perps with volume
2026-08-24 17:37:31.269 +04:00 [INF] OKX SWAP: 434 USDT perps with volume
2026-08-24 17:37:31.758 +04:00 [INF] Bitget USDT-FUTURES: 757 tickers with volume
2026-08-24 17:37:34.734 +04:00 [INF] GateIo USDT futures: 931 tickers with volume
2026-08-24 17:37:35.335 +04:00 [INF] Discovered 15 arb pairs: DOGEUSDT@5ex/202.7M, ENAUSDT@5ex/194.8M, SUIUSDT@5ex/123.4M, ZECUSDT@5ex/219.9M, HYPEUSDT@5ex/230.4M, SNDKUSDT@5ex/170.1M, TRUMPUSDT@5ex/266.4M, WLDUSDT@5ex/51.9M, SOLUSDT@5ex/372.9M, SKHYNIXUSDT@5ex/102.5M, XAUUSDT@5ex/99.2M, ADAUSDT@5ex/96.6M, PENGUUSDT@5ex/94M, SOXLUSDT@5ex/83.6M, ONDOUSDT@5ex/62.5M
2026-08-24 17:37:35.337 +04:00 [INF] Symbol refresh (http-tickers-arb): [DOGEUSDT,ENAUSDT,SUIUSDT,ZECUSDT,HYPEUSDT,TRUMPUSDT,SNDKUSDT,WLDUSDT,SOLUSDT,SKHYNIXUSDT,ADAUSDT,XAUUSDT,PENGUUSDT,SOXLUSDT,ONDOUSDT] → [DOGEUSDT,ENAUSDT,SUIUSDT,ZECUSDT,HYPEUSDT,SNDKUSDT,TRUMPUSDT,WLDUSDT,SOLUSDT,SKHYNIXUSDT,XAUUSDT,ADAUSDT,PENGUUSDT,SOXLUSDT,ONDOUSDT] | changed=false
2026-08-24 17:41:40.144 +04:00 [INF] Funding cache refresh for 15 symbols × 3 exchanges (TTL 45m)
2026-08-24 17:41:50.840 +04:00 [INF] Funding cache entries: 66
2026-08-24 17:57:35.460 +04:00 [INF] Discovery: public tickers Binance/Bybit/OKX (arb band 8000000–400000000 USDT vol, top 15)
2026-08-24 17:57:36.058 +04:00 [INF] Binance fapi: 692 USDT perps with volume
2026-08-24 17:57:36.543 +04:00 [INF] Bybit linear: 725 USDT perps with volume
2026-08-24 17:57:36.939 +04:00 [INF] OKX SWAP: 434 USDT perps with volume
2026-08-24 17:57:37.429 +04:00 [INF] Bitget USDT-FUTURES: 757 tickers with volume
2026-08-24 17:57:40.721 +04:00 [INF] GateIo USDT futures: 931 tickers with volume
2026-08-24 17:57:41.202 +04:00 [INF] Discovered 15 arb pairs: DOGEUSDT@5ex/211.9M, ENAUSDT@5ex/195M, SUIUSDT@5ex/124M, ZECUSDT@5ex/209M, SNDKUSDT@5ex/194.9M, HYPEUSDT@5ex/237.3M, TRUMPUSDT@5ex/265.9M, WLDUSDT@5ex/51.9M, SOLUSDT@5ex/381.6M, SKHYNIXUSDT@5ex/106.1M, XAUUSDT@5ex/103.5M, ADAUSDT@5ex/99.8M, SOXLUSDT@5ex/97.7M, PENGUUSDT@5ex/94.8M, SPCXUSDT@5ex/65.8M
2026-08-24 17:57:41.203 +04:00 [INF] Symbol refresh (http-tickers-arb): [DOGEUSDT,ENAUSDT,SUIUSDT,ZECUSDT,HYPEUSDT,SNDKUSDT,TRUMPUSDT,WLDUSDT,SOLUSDT,SKHYNIXUSDT,XAUUSDT,ADAUSDT,PENGUUSDT,SOXLUSDT,ONDOUSDT] → [DOGEUSDT,ENAUSDT,SUIUSDT,ZECUSDT,SNDKUSDT,HYPEUSDT,TRUMPUSDT,WLDUSDT,SOLUSDT,SKHYNIXUSDT,XAUUSDT,ADAUSDT,SOXLUSDT,PENGUUSDT,SPCXUSDT] | changed=true
2026-08-24 17:57:41.204 +04:00 [INF] Restarting futures books for new symbol set…
2026-08-24 17:57:41.490 +04:00 [INF] [Sckt 76] subscription 30500 unsubscribed
2026-08-24 17:57:41.491 +04:00 [INF] Futures order book SNDKUSDT status changed: "Synced" => "Disconnected"
2026-08-24 17:57:41.791 +04:00 [INF] [Sckt 80] subscription 30569 unsubscribed
2026-08-24 17:57:41.795 +04:00 [INF] Futures order book SOXLUSDT status changed: "Synced" => "Disconnected"
2026-08-24 17:57:42.027 +04:00 [INF] [Sckt 78] subscription 30564 unsubscribed
2026-08-24 17:57:42.029 +04:00 [INF] V5 order book SOXLUSDT status changed: "Synced" => "Disconnected"
2026-08-24 17:57:42.336 +04:00 [INF] [Sckt 76] subscription 30456 unsubscribed
2026-08-24 17:57:42.345 +04:00 [INF] Futures order book ZECUSDT status changed: "Synced" => "Disconnected"
2026-08-24 17:57:42.700 +04:00 [INF] [Sckt 75] subscription 30487 unsubscribed
2026-08-24 17:57:42.701 +04:00 [INF] Unified order book SOL-USDT-SWAP status changed: "Synced" => "Disconnected"
2026-08-24 17:57:43.060 +04:00 [INF] [Sckt 77] subscription 30571 unsubscribed
2026-08-24 17:57:43.061 +04:00 [INF] UsdFutures order book ONDOUSDT status changed: "Synced" => "Disconnected"
2026-08-24 17:57:43.273 +04:00 [INF] [Sckt 74] subscription 30506 unsubscribed
2026-08-24 17:57:43.273 +04:00 [INF] V5 order book WLDUSDT status changed: "Synced" => "Disconnected"
2026-08-24 17:57:43.472 +04:00 [INF] [Sckt 74] subscription 30473 unsubscribed
2026-08-24 17:57:43.472 +04:00 [INF] V5 order book TRUMPUSDT status changed: "Synced" => "Disconnected"
2026-08-24 17:57:43.813 +04:00 [INF] [Sckt 73] subscription 30480 unsubscribed
2026-08-24 17:57:43.813 +04:00 [INF] UsdFutures order book SOLUSDT status changed: "Synced" => "Disconnected"
2026-08-24 17:57:44.213 +04:00 [INF] [Sckt 73] subscription 30436 unsubscribed
2026-08-24 17:57:44.214 +04:00 [INF] UsdFutures order book SUIUSDT status changed: "Synced" => "Disconnected"
2026-08-24 17:57:44.542 +04:00 [INF] [Sckt 79] subscription 30545 unsubscribed
2026-08-24 17:57:44.544 +04:00 [INF] Unified order book PENGU-USDT-SWAP status changed: "Synced" => "Disconnected"
2026-08-24 17:57:44.758 +04:00 [INF] [Sckt 78] subscription 30575 unsubscribed
2026-08-24 17:57:44.761 +04:00 [INF] V5 order book ONDOUSDT status changed: "Synced" => "Disconnected"
2026-08-24 17:57:45.114 +04:00 [INF] [Sckt 73] subscription 30447 unsubscribed
2026-08-24 17:57:45.115 +04:00 [INF] UsdFutures order book ZECUSDT status changed: "Synced" => "Disconnected"
2026-08-24 17:57:45.517 +04:00 [INF] [Sckt 73] subscription 30491 unsubscribed
2026-08-24 17:57:45.518 +04:00 [INF] UsdFutures order book SNDKUSDT status changed: "Synced" => "Disconnected"
2026-08-24 17:57:45.833 +04:00 [INF] [Sckt 76] subscription 30478 unsubscribed
2026-08-24 17:57:45.834 +04:00 [INF] Futures order book TRUMPUSDT status changed: "Synced" => "Disconnected"
2026-08-24 17:57:46.162 +04:00 [INF] [Sckt 79] subscription 30567 unsubscribed
2026-08-24 17:57:46.163 +04:00 [INF] Unified order book SOXL-USDT-SWAP status changed: "Synced" => "Disconnected"
2026-08-24 17:57:46.367 +04:00 [INF] [Sckt 74] subscription 30440 unsubscribed
2026-08-24 17:57:46.391 +04:00 [INF] V5 order book SUIUSDT status changed: "Synced" => "Disconnected"
2026-08-24 17:57:46.936 +04:00 [INF] [Sckt 76] subscription 30467 unsubscribed
2026-08-24 17:57:46.937 +04:00 [INF] Futures order book HYPEUSDT status changed: "Synced" => "Disconnected"
2026-08-24 17:57:47.136 +04:00 [INF] [Sckt 74] subscription 30418 unsubscribed
2026-08-24 17:57:47.137 +04:00 [INF] V5 order book DOGEUSDT status changed: "Synced" => "Disconnected"
2026-08-24 17:57:47.519 +04:00 [INF] [Sckt 73] subscription 30469 unsubscribed
2026-08-24 17:57:47.521 +04:00 [INF] UsdFutures order book TRUMPUSDT status changed: "Synced" => "Disconnected"
2026-08-24 17:57:47.919 +04:00 [INF] [Sckt 73] subscription 30502 unsubscribed
2026-08-24 17:57:47.921 +04:00 [INF] UsdFutures order book WLDUSDT status changed: "Synced" => "Disconnected"
2026-08-24 17:57:48.266 +04:00 [INF] [Sckt 77] subscription 30549 unsubscribed
2026-08-24 17:57:48.268 +04:00 [INF] UsdFutures order book XAUUSDT status changed: "Synced" => "Disconnected"
2026-08-24 17:57:48.619 +04:00 [INF] [Sckt 73] subscription 30414 unsubscribed
2026-08-24 17:57:48.620 +04:00 [INF] UsdFutures order book DOGEUSDT status changed: "Synced" => "Disconnected"
2026-08-24 17:57:48.936 +04:00 [INF] [Sckt 76] subscription 30423 unsubscribed
2026-08-24 17:57:48.937 +04:00 [INF] Futures order book DOGEUSDT status changed: "Synced" => "Disconnected"
2026-08-24 17:57:49.275 +04:00 [INF] [Sckt 75] subscription 30421 unsubscribed
2026-08-24 17:57:49.276 +04:00 [INF] Unified order book DOGE-USDT-SWAP status changed: "Synced" => "Disconnected"
2026-08-24 17:57:49.474 +04:00 [INF] [Sckt 74] subscription 30495 unsubscribed
2026-08-24 17:57:49.476 +04:00 [INF] V5 order book SNDKUSDT status changed: "Synced" => "Disconnected"
2026-08-24 17:57:49.867 +04:00 [INF] [Sckt 77] subscription 30526 unsubscribed
2026-08-24 17:57:49.869 +04:00 [INF] UsdFutures order book ADAUSDT status changed: "Synced" => "Disconnected"
2026-08-24 17:57:50.070 +04:00 [INF] [Sckt 74] subscription 30429 unsubscribed
2026-08-24 17:57:50.072 +04:00 [INF] V5 order book ENAUSDT status changed: "Synced" => "Disconnected"
2026-08-24 17:57:50.340 +04:00 [INF] [Sckt 80] subscription 30547 unsubscribed
2026-08-24 17:57:50.341 +04:00 [INF] Futures order book PENGUUSDT status changed: "Synced" => "Disconnected"
2026-08-24 17:57:50.668 +04:00 [INF] [Sckt 79] subscription 30534 unsubscribed
2026-08-24 17:57:50.670 +04:00 [INF] Unified order book ADA-USDT-SWAP status changed: "Synced" => "Disconnected"
2026-08-24 17:57:51.020 +04:00 [INF] [Sckt 75] subscription 30498 unsubscribed
2026-08-24 17:57:51.022 +04:00 [INF] Unified order book SNDK-USDT-SWAP status changed: "Synced" => "Disconnected"
2026-08-24 17:57:51.422 +04:00 [INF] [Sckt 73] subscription 30425 unsubscribed
2026-08-24 17:57:51.423 +04:00 [INF] UsdFutures order book ENAUSDT status changed: "Synced" => "Disconnected"
2026-08-24 17:57:51.759 +04:00 [INF] [Sckt 75] subscription 30443 unsubscribed
2026-08-24 17:57:51.761 +04:00 [INF] Unified order book SUI-USDT-SWAP status changed: "Synced" => "Disconnected"
2026-08-24 17:57:52.032 +04:00 [INF] [Sckt 80] subscription 30581 unsubscribed
2026-08-24 17:57:52.033 +04:00 [INF] Futures order book ONDOUSDT status changed: "Synced" => "Disconnected"
2026-08-24 17:57:52.231 +04:00 [INF] [Sckt 74] subscription 30451 unsubscribed
2026-08-24 17:57:52.233 +04:00 [INF] V5 order book ZECUSDT status changed: "Synced" => "Disconnected"
2026-08-24 17:57:52.461 +04:00 [INF] [Sckt 78] subscription 30553 unsubscribed
2026-08-24 17:57:52.462 +04:00 [INF] V5 order book XAUUSDT status changed: "Synced" => "Disconnected"
2026-08-24 17:57:52.799 +04:00 [INF] [Sckt 75] subscription 30432 unsubscribed
2026-08-24 17:57:52.800 +04:00 [INF] Unified order book ENA-USDT-SWAP status changed: "Synced" => "Disconnected"
2026-08-24 17:57:53.127 +04:00 [INF] [Sckt 79] subscription 30579 unsubscribed
2026-08-24 17:57:53.128 +04:00 [INF] Unified order book ONDO-USDT-SWAP status changed: "Synced" => "Disconnected"
2026-08-24 17:57:53.473 +04:00 [INF] [Sckt 77] subscription 30538 unsubscribed
2026-08-24 17:57:53.474 +04:00 [INF] UsdFutures order book PENGUUSDT status changed: "Synced" => "Disconnected"
2026-08-24 17:57:53.817 +04:00 [INF] Unified order book XAU-USDT-SWAP status changed: "Synced" => "Disconnected"
2026-08-24 17:57:54.156 +04:00 [INF] [Sckt 75] subscription 30509 unsubscribed
2026-08-24 17:57:54.157 +04:00 [INF] Unified order book WLD-USDT-SWAP status changed: "Synced" => "Disconnected"
2026-08-24 17:57:54.590 +04:00 [INF] UsdFutures order book SOXLUSDT status changed: "Synced" => "Disconnected"
2026-08-24 17:57:54.927 +04:00 [INF] [Sckt 73] subscription 30458 unsubscribed
2026-08-24 17:57:54.928 +04:00 [INF] UsdFutures order book HYPEUSDT status changed: "Synced" => "Disconnected"
2026-08-24 17:57:55.127 +04:00 [INF] [Sckt 74] subscription 30462 unsubscribed
2026-08-24 17:57:55.129 +04:00 [INF] V5 order book HYPEUSDT status changed: "Synced" => "Disconnected"
2026-08-24 17:57:55.429 +04:00 [INF] [Sckt 76] subscription 30489 unsubscribed
2026-08-24 17:57:55.431 +04:00 [INF] Futures order book SOLUSDT status changed: "Synced" => "Disconnected"
2026-08-24 17:57:55.646 +04:00 [INF] [Sckt 78] subscription 30531 unsubscribed
2026-08-24 17:57:55.647 +04:00 [INF] V5 order book ADAUSDT status changed: "Synced" => "Disconnected"
2026-08-24 17:57:55.930 +04:00 [INF] [Sckt 76] subscription 30524 unsubscribed
2026-08-24 17:57:55.932 +04:00 [INF] Futures order book SKHYNIXUSDT status changed: "Synced" => "Disconnected"
2026-08-24 17:57:56.269 +04:00 [INF] [Sckt 75] subscription 30454 unsubscribed
2026-08-24 17:57:56.271 +04:00 [INF] Unified order book ZEC-USDT-SWAP status changed: "Synced" => "Disconnected"
2026-08-24 17:57:56.513 +04:00 [INF] V5 order book PENGUUSDT status changed: "Synced" => "Disconnected"
2026-08-24 17:57:56.716 +04:00 [INF] [Sckt 74] subscription 30517 unsubscribed
2026-08-24 17:57:56.718 +04:00 [INF] V5 order book SKHYNIXUSDT status changed: "Synced" => "Disconnected"
2026-08-24 17:57:57.056 +04:00 [INF] [Sckt 75] subscription 30465 unsubscribed
2026-08-24 17:57:57.057 +04:00 [INF] Unified order book HYPE-USDT-SWAP status changed: "Synced" => "Disconnected"
2026-08-24 17:57:57.397 +04:00 [INF] [Sckt 75] subscription 30520 unsubscribed
2026-08-24 17:57:57.399 +04:00 [INF] Unified order book SKHYNIX-USDT-SWAP status changed: "Synced" => "Disconnected"
2026-08-24 17:57:57.693 +04:00 [INF] [Sckt 76] subscription 30445 unsubscribed
2026-08-24 17:57:57.694 +04:00 [INF] Futures order book SUIUSDT status changed: "Synced" => "Disconnected"
2026-08-24 17:57:58.026 +04:00 [INF] [Sckt 80] subscription 30558 unsubscribed
2026-08-24 17:57:58.027 +04:00 [INF] Futures order book XAUUSDT status changed: "Synced" => "Disconnected"
2026-08-24 17:57:58.335 +04:00 [INF] Futures order book ADAUSDT status changed: "Synced" => "Disconnected"
2026-08-24 17:57:58.618 +04:00 [INF] [Sckt 76] subscription 30511 unsubscribed
2026-08-24 17:57:58.619 +04:00 [INF] Futures order book WLDUSDT status changed: "Synced" => "Disconnected"
2026-08-24 17:57:59.050 +04:00 [INF] UsdFutures order book SKHYNIXUSDT status changed: "Synced" => "Disconnected"
2026-08-24 17:57:59.387 +04:00 [INF] Futures order book ENAUSDT status changed: "Synced" => "Disconnected"
2026-08-24 17:57:59.617 +04:00 [INF] V5 order book SOLUSDT status changed: "Synced" => "Disconnected"
2026-08-24 17:57:59.970 +04:00 [INF] Unified order book TRUMP-USDT-SWAP status changed: "Synced" => "Disconnected"
2026-08-24 17:57:59.972 +04:00 [INF] UsdFutures order book DOGEUSDT status changed: "Disconnected" => "Connecting"
2026-08-24 17:58:01.725 +04:00 [INF] [Sckt 81] subscription 32948 completed successfully
2026-08-24 17:58:01.726 +04:00 [INF] UsdFutures order book DOGEUSDT status changed: "Connecting" => "Syncing"
2026-08-24 17:58:02.112 +04:00 [INF] UsdFutures order book DOGEUSDT status changed: "Syncing" => "Synced"
2026-08-24 17:58:02.114 +04:00 [INF] Futures book Binance:DOGEUSDT "Synced"
2026-08-24 17:58:02.115 +04:00 [INF] V5 order book DOGEUSDT status changed: "Disconnected" => "Connecting"
2026-08-24 17:58:03.128 +04:00 [INF] [Sckt 82] subscription 32952 completed successfully
2026-08-24 17:58:03.130 +04:00 [INF] V5 order book DOGEUSDT status changed: "Connecting" => "Syncing"
2026-08-24 17:58:03.131 +04:00 [INF] V5 order book DOGEUSDT status changed: "Syncing" => "Synced"
2026-08-24 17:58:03.132 +04:00 [INF] Futures book Bybit:DOGEUSDT "Synced"
2026-08-24 17:58:03.133 +04:00 [INF] Unified order book DOGE-USDT-SWAP status changed: "Disconnected" => "Connecting"
2026-08-24 17:58:04.510 +04:00 [INF] [Sckt 83] subscription 32955 completed successfully
2026-08-24 17:58:04.511 +04:00 [INF] Unified order book DOGE-USDT-SWAP status changed: "Connecting" => "Syncing"
2026-08-24 17:58:05.131 +04:00 [INF] Unified order book DOGE-USDT-SWAP status changed: "Syncing" => "Synced"
2026-08-24 17:58:05.133 +04:00 [INF] Futures book OKX:DOGEUSDT "Synced"
2026-08-24 17:58:05.136 +04:00 [INF] Futures order book DOGEUSDT status changed: "Disconnected" => "Connecting"
2026-08-24 17:58:07.093 +04:00 [INF] [Sckt 84] subscription 32957 completed successfully
2026-08-24 17:58:07.095 +04:00 [INF] Futures order book DOGEUSDT status changed: "Connecting" => "Syncing"
2026-08-24 17:58:07.097 +04:00 [INF] Futures order book DOGEUSDT status changed: "Syncing" => "Synced"
2026-08-24 17:58:07.099 +04:00 [INF] Futures book Bitget:DOGEUSDT "Synced"
2026-08-24 17:58:07.101 +04:00 [INF] UsdFutures order book ENAUSDT status changed: "Disconnected" => "Connecting"
2026-08-24 17:58:07.534 +04:00 [INF] [Sckt 81] subscription 32959 completed successfully
2026-08-24 17:58:07.535 +04:00 [INF] UsdFutures order book ENAUSDT status changed: "Connecting" => "Syncing"
2026-08-24 17:58:07.922 +04:00 [INF] UsdFutures order book ENAUSDT status changed: "Syncing" => "Synced"
2026-08-24 17:58:07.924 +04:00 [INF] Futures book Binance:ENAUSDT "Synced"
2026-08-24 17:58:07.924 +04:00 [INF] V5 order book ENAUSDT status changed: "Disconnected" => "Connecting"
2026-08-24 17:58:08.157 +04:00 [INF] [Sckt 82] subscription 32963 completed successfully
2026-08-24 17:58:08.158 +04:00 [INF] V5 order book ENAUSDT status changed: "Connecting" => "Syncing"
2026-08-24 17:58:08.159 +04:00 [INF] V5 order book ENAUSDT status changed: "Syncing" => "Synced"
2026-08-24 17:58:08.160 +04:00 [INF] Futures book Bybit:ENAUSDT "Synced"
2026-08-24 17:58:08.161 +04:00 [INF] Unified order book ENA-USDT-SWAP status changed: "Disconnected" => "Connecting"
2026-08-24 17:58:08.492 +04:00 [INF] [Sckt 83] subscription 32966 completed successfully
2026-08-24 17:58:08.493 +04:00 [INF] Unified order book ENA-USDT-SWAP status changed: "Connecting" => "Syncing"
2026-08-24 17:58:08.733 +04:00 [INF] Unified order book ENA-USDT-SWAP status changed: "Syncing" => "Synced"
2026-08-24 17:58:08.746 +04:00 [INF] Futures book OKX:ENAUSDT "Synced"
2026-08-24 17:58:08.747 +04:00 [INF] Futures order book ENAUSDT status changed: "Disconnected" => "Connecting"
2026-08-24 17:58:09.028 +04:00 [INF] [Sckt 84] subscription 32968 completed successfully
2026-08-24 17:58:09.029 +04:00 [INF] Futures order book ENAUSDT status changed: "Connecting" => "Syncing"
2026-08-24 17:58:09.031 +04:00 [INF] Futures order book ENAUSDT status changed: "Syncing" => "Synced"
2026-08-24 17:58:09.031 +04:00 [INF] Futures book Bitget:ENAUSDT "Synced"
2026-08-24 17:58:09.032 +04:00 [INF] UsdFutures order book SUIUSDT status changed: "Disconnected" => "Connecting"
2026-08-24 17:58:09.435 +04:00 [INF] [Sckt 81] subscription 32970 completed successfully
2026-08-24 17:58:09.437 +04:00 [INF] UsdFutures order book SUIUSDT status changed: "Connecting" => "Syncing"
2026-08-24 17:58:09.832 +04:00 [INF] UsdFutures order book SUIUSDT status changed: "Syncing" => "Synced"
2026-08-24 17:58:09.833 +04:00 [INF] Futures book Binance:SUIUSDT "Synced"
2026-08-24 17:58:09.834 +04:00 [INF] V5 order book SUIUSDT status changed: "Disconnected" => "Connecting"
2026-08-24 17:58:10.051 +04:00 [INF] [Sckt 82] subscription 32974 completed successfully
2026-08-24 17:58:10.052 +04:00 [INF] V5 order book SUIUSDT status changed: "Connecting" => "Syncing"
2026-08-24 17:58:10.052 +04:00 [INF] V5 order book SUIUSDT status changed: "Syncing" => "Synced"
2026-08-24 17:58:10.053 +04:00 [INF] Futures book Bybit:SUIUSDT "Synced"
2026-08-24 17:58:10.054 +04:00 [INF] Unified order book SUI-USDT-SWAP status changed: "Disconnected" => "Connecting"
2026-08-24 17:58:10.384 +04:00 [INF] [Sckt 83] subscription 32977 completed successfully
2026-08-24 17:58:10.389 +04:00 [INF] Unified order book SUI-USDT-SWAP status changed: "Connecting" => "Syncing"
2026-08-24 17:58:10.514 +04:00 [INF] Unified order book SUI-USDT-SWAP status changed: "Syncing" => "Synced"
2026-08-24 17:58:10.515 +04:00 [INF] Futures book OKX:SUIUSDT "Synced"
2026-08-24 17:58:10.516 +04:00 [INF] Futures order book SUIUSDT status changed: "Disconnected" => "Connecting"
2026-08-24 17:58:10.836 +04:00 [INF] [Sckt 84] subscription 32979 completed successfully
2026-08-24 17:58:10.837 +04:00 [INF] Futures order book SUIUSDT status changed: "Connecting" => "Syncing"
2026-08-24 17:58:10.839 +04:00 [INF] Futures order book SUIUSDT status changed: "Syncing" => "Synced"
2026-08-24 17:58:10.840 +04:00 [INF] Futures book Bitget:SUIUSDT "Synced"
2026-08-24 17:58:10.841 +04:00 [INF] UsdFutures order book ZECUSDT status changed: "Disconnected" => "Connecting"
2026-08-24 17:58:11.238 +04:00 [INF] [Sckt 81] subscription 32981 completed successfully
2026-08-24 17:58:11.240 +04:00 [INF] UsdFutures order book ZECUSDT status changed: "Connecting" => "Syncing"
2026-08-24 17:58:11.618 +04:00 [INF] UsdFutures order book ZECUSDT status changed: "Syncing" => "Synced"
2026-08-24 17:58:11.619 +04:00 [INF] Futures book Binance:ZECUSDT "Synced"
2026-08-24 17:58:11.621 +04:00 [INF] V5 order book ZECUSDT status changed: "Disconnected" => "Connecting"
2026-08-24 17:58:11.836 +04:00 [INF] [Sckt 82] subscription 32985 completed successfully
2026-08-24 17:58:11.837 +04:00 [INF] V5 order book ZECUSDT status changed: "Connecting" => "Syncing"
2026-08-24 17:58:11.837 +04:00 [INF] V5 order book ZECUSDT status changed: "Syncing" => "Synced"
2026-08-24 17:58:11.838 +04:00 [INF] Futures book Bybit:ZECUSDT "Synced"
2026-08-24 17:58:11.839 +04:00 [INF] Unified order book ZEC-USDT-SWAP status changed: "Disconnected" => "Connecting"
2026-08-24 17:58:12.168 +04:00 [INF] [Sckt 83] subscription 32988 completed successfully
2026-08-24 17:58:12.168 +04:00 [INF] Unified order book ZEC-USDT-SWAP status changed: "Connecting" => "Syncing"
2026-08-24 17:58:12.349 +04:00 [INF] Unified order book ZEC-USDT-SWAP status changed: "Syncing" => "Synced"
2026-08-24 17:58:12.350 +04:00 [INF] Futures book OKX:ZECUSDT "Synced"
2026-08-24 17:58:12.351 +04:00 [INF] Futures order book ZECUSDT status changed: "Disconnected" => "Connecting"
2026-08-24 17:58:12.628 +04:00 [INF] [Sckt 84] subscription 32990 completed successfully
2026-08-24 17:58:12.628 +04:00 [INF] Futures order book ZECUSDT status changed: "Connecting" => "Syncing"
2026-08-24 17:58:12.629 +04:00 [INF] Futures order book ZECUSDT status changed: "Syncing" => "Synced"
2026-08-24 17:58:12.630 +04:00 [INF] Futures book Bitget:ZECUSDT "Synced"
2026-08-24 17:58:12.631 +04:00 [INF] UsdFutures order book SNDKUSDT status changed: "Disconnected" => "Connecting"
2026-08-24 17:58:13.044 +04:00 [INF] [Sckt 81] subscription 32992 completed successfully
2026-08-24 17:58:13.045 +04:00 [INF] UsdFutures order book SNDKUSDT status changed: "Connecting" => "Syncing"
2026-08-24 17:58:13.433 +04:00 [INF] UsdFutures order book SNDKUSDT status changed: "Syncing" => "Synced"
2026-08-24 17:58:13.434 +04:00 [INF] Futures book Binance:SNDKUSDT "Synced"
2026-08-24 17:58:13.435 +04:00 [INF] V5 order book SNDKUSDT status changed: "Disconnected" => "Connecting"
2026-08-24 17:58:13.652 +04:00 [INF] [Sckt 82] subscription 32996 completed successfully
2026-08-24 17:58:13.654 +04:00 [INF] V5 order book SNDKUSDT status changed: "Connecting" => "Syncing"
2026-08-24 17:58:13.654 +04:00 [INF] V5 order book SNDKUSDT status changed: "Syncing" => "Synced"
2026-08-24 17:58:13.655 +04:00 [INF] Futures book Bybit:SNDKUSDT "Synced"
2026-08-24 17:58:13.656 +04:00 [INF] Unified order book SNDK-USDT-SWAP status changed: "Disconnected" => "Connecting"
2026-08-24 17:58:13.984 +04:00 [INF] [Sckt 83] subscription 32999 completed successfully
2026-08-24 17:58:13.986 +04:00 [INF] Unified order book SNDK-USDT-SWAP status changed: "Connecting" => "Syncing"
2026-08-24 17:58:14.161 +04:00 [INF] Unified order book SNDK-USDT-SWAP status changed: "Syncing" => "Synced"
2026-08-24 17:58:14.162 +04:00 [INF] Futures book OKX:SNDKUSDT "Synced"
2026-08-24 17:58:14.163 +04:00 [INF] Futures order book SNDKUSDT status changed: "Disconnected" => "Connecting"
2026-08-24 17:58:14.435 +04:00 [INF] [Sckt 84] subscription 33001 completed successfully
2026-08-24 17:58:14.436 +04:00 [INF] Futures order book SNDKUSDT status changed: "Connecting" => "Syncing"
2026-08-24 17:58:14.437 +04:00 [INF] Futures order book SNDKUSDT status changed: "Syncing" => "Synced"
2026-08-24 17:58:14.438 +04:00 [INF] Futures book Bitget:SNDKUSDT "Synced"
2026-08-24 17:58:14.439 +04:00 [INF] UsdFutures order book HYPEUSDT status changed: "Disconnected" => "Connecting"
2026-08-24 17:58:14.846 +04:00 [INF] [Sckt 81] subscription 33003 completed successfully
2026-08-24 17:58:14.847 +04:00 [INF] UsdFutures order book HYPEUSDT status changed: "Connecting" => "Syncing"
2026-08-24 17:58:15.239 +04:00 [INF] UsdFutures order book HYPEUSDT status changed: "Syncing" => "Synced"
2026-08-24 17:58:15.241 +04:00 [INF] Futures book Binance:HYPEUSDT "Synced"
2026-08-24 17:58:15.242 +04:00 [INF] V5 order book HYPEUSDT status changed: "Disconnected" => "Connecting"
2026-08-24 17:58:15.458 +04:00 [INF] [Sckt 82] subscription 33007 completed successfully
2026-08-24 17:58:15.460 +04:00 [INF] V5 order book HYPEUSDT status changed: "Connecting" => "Syncing"
2026-08-24 17:58:15.461 +04:00 [INF] V5 order book HYPEUSDT status changed: "Syncing" => "Synced"
2026-08-24 17:58:15.462 +04:00 [INF] Futures book Bybit:HYPEUSDT "Synced"
2026-08-24 17:58:15.462 +04:00 [INF] Unified order book HYPE-USDT-SWAP status changed: "Disconnected" => "Connecting"
2026-08-24 17:58:15.792 +04:00 [INF] [Sckt 83] subscription 33010 completed successfully
2026-08-24 17:58:15.793 +04:00 [INF] Unified order book HYPE-USDT-SWAP status changed: "Connecting" => "Syncing"
2026-08-24 17:58:15.909 +04:00 [INF] Unified order book HYPE-USDT-SWAP status changed: "Syncing" => "Synced"
2026-08-24 17:58:15.911 +04:00 [INF] Futures book OKX:HYPEUSDT "Synced"
2026-08-24 17:58:15.912 +04:00 [INF] Futures order book HYPEUSDT status changed: "Disconnected" => "Connecting"
2026-08-24 17:58:16.180 +04:00 [INF] [Sckt 84] subscription 33012 completed successfully
2026-08-24 17:58:16.182 +04:00 [INF] Futures order book HYPEUSDT status changed: "Connecting" => "Syncing"
2026-08-24 17:58:16.183 +04:00 [INF] Futures order book HYPEUSDT status changed: "Syncing" => "Synced"
2026-08-24 17:58:16.183 +04:00 [INF] Futures book Bitget:HYPEUSDT "Synced"
2026-08-24 17:58:16.184 +04:00 [INF] UsdFutures order book TRUMPUSDT status changed: "Disconnected" => "Connecting"
2026-08-24 17:58:16.547 +04:00 [INF] [Sckt 81] subscription 33014 completed successfully
2026-08-24 17:58:16.548 +04:00 [INF] UsdFutures order book TRUMPUSDT status changed: "Connecting" => "Syncing"
2026-08-24 17:58:16.933 +04:00 [INF] UsdFutures order book TRUMPUSDT status changed: "Syncing" => "Synced"
2026-08-24 17:58:16.934 +04:00 [INF] Futures book Binance:TRUMPUSDT "Synced"
2026-08-24 17:58:16.935 +04:00 [INF] V5 order book TRUMPUSDT status changed: "Disconnected" => "Connecting"
2026-08-24 17:58:17.151 +04:00 [INF] [Sckt 82] subscription 33018 completed successfully
2026-08-24 17:58:17.152 +04:00 [INF] V5 order book TRUMPUSDT status changed: "Connecting" => "Syncing"
2026-08-24 17:58:17.153 +04:00 [INF] V5 order book TRUMPUSDT status changed: "Syncing" => "Synced"
2026-08-24 17:58:17.154 +04:00 [INF] Futures book Bybit:TRUMPUSDT "Synced"
2026-08-24 17:58:17.155 +04:00 [INF] Unified order book TRUMP-USDT-SWAP status changed: "Disconnected" => "Connecting"
2026-08-24 17:58:17.484 +04:00 [INF] [Sckt 83] subscription 33021 completed successfully
2026-08-24 17:58:17.486 +04:00 [INF] Unified order book TRUMP-USDT-SWAP status changed: "Connecting" => "Syncing"
2026-08-24 17:58:17.724 +04:00 [INF] Unified order book TRUMP-USDT-SWAP status changed: "Syncing" => "Synced"
2026-08-24 17:58:17.725 +04:00 [INF] Futures book OKX:TRUMPUSDT "Synced"
2026-08-24 17:58:17.726 +04:00 [INF] Futures order book TRUMPUSDT status changed: "Disconnected" => "Connecting"
2026-08-24 17:58:18.009 +04:00 [INF] [Sckt 84] subscription 33023 completed successfully
2026-08-24 17:58:18.010 +04:00 [INF] Futures order book TRUMPUSDT status changed: "Connecting" => "Syncing"
2026-08-24 17:58:18.012 +04:00 [INF] Futures order book TRUMPUSDT status changed: "Syncing" => "Synced"
2026-08-24 17:58:18.013 +04:00 [INF] Futures book Bitget:TRUMPUSDT "Synced"
2026-08-24 17:58:18.013 +04:00 [INF] UsdFutures order book WLDUSDT status changed: "Disconnected" => "Connecting"
2026-08-24 17:58:18.351 +04:00 [INF] [Sckt 81] subscription 33025 completed successfully
2026-08-24 17:58:18.353 +04:00 [INF] UsdFutures order book WLDUSDT status changed: "Connecting" => "Syncing"
2026-08-24 17:58:18.750 +04:00 [INF] UsdFutures order book WLDUSDT status changed: "Syncing" => "Synced"
2026-08-24 17:58:18.752 +04:00 [INF] Futures book Binance:WLDUSDT "Synced"
2026-08-24 17:58:18.753 +04:00 [INF] V5 order book WLDUSDT status changed: "Disconnected" => "Connecting"
2026-08-24 17:58:18.993 +04:00 [INF] [Sckt 82] subscription 33029 completed successfully
2026-08-24 17:58:18.994 +04:00 [INF] V5 order book WLDUSDT status changed: "Connecting" => "Syncing"
2026-08-24 17:58:18.995 +04:00 [INF] V5 order book WLDUSDT status changed: "Syncing" => "Synced"
2026-08-24 17:58:18.996 +04:00 [INF] Futures book Bybit:WLDUSDT "Synced"
2026-08-24 17:58:18.997 +04:00 [INF] Unified order book WLD-USDT-SWAP status changed: "Disconnected" => "Connecting"
2026-08-24 17:58:19.326 +04:00 [INF] [Sckt 83] subscription 33032 completed successfully
2026-08-24 17:58:19.327 +04:00 [INF] Unified order book WLD-USDT-SWAP status changed: "Connecting" => "Syncing"
2026-08-24 17:58:19.508 +04:00 [INF] Unified order book WLD-USDT-SWAP status changed: "Syncing" => "Synced"
2026-08-24 17:58:19.511 +04:00 [INF] Futures book OKX:WLDUSDT "Synced"
2026-08-24 17:58:19.512 +04:00 [INF] Futures order book WLDUSDT status changed: "Disconnected" => "Connecting"
2026-08-24 17:58:19.786 +04:00 [INF] [Sckt 84] subscription 33034 completed successfully
2026-08-24 17:58:19.787 +04:00 [INF] Futures order book WLDUSDT status changed: "Connecting" => "Syncing"
2026-08-24 17:58:19.838 +04:00 [INF] Futures order book WLDUSDT status changed: "Syncing" => "Synced"
2026-08-24 17:58:19.839 +04:00 [INF] Futures book Bitget:WLDUSDT "Synced"
2026-08-24 17:58:19.841 +04:00 [INF] UsdFutures order book SOLUSDT status changed: "Disconnected" => "Connecting"
2026-08-24 17:58:20.256 +04:00 [INF] [Sckt 81] subscription 33036 completed successfully
2026-08-24 17:58:20.257 +04:00 [INF] UsdFutures order book SOLUSDT status changed: "Connecting" => "Syncing"
2026-08-24 17:58:20.662 +04:00 [INF] UsdFutures order book SOLUSDT status changed: "Syncing" => "Synced"
2026-08-24 17:58:20.663 +04:00 [INF] Futures book Binance:SOLUSDT "Synced"
2026-08-24 17:58:20.664 +04:00 [INF] V5 order book SOLUSDT status changed: "Disconnected" => "Connecting"
2026-08-24 17:58:20.913 +04:00 [INF] [Sckt 82] subscription 33040 completed successfully
2026-08-24 17:58:20.915 +04:00 [INF] V5 order book SOLUSDT status changed: "Connecting" => "Syncing"
2026-08-24 17:58:20.916 +04:00 [INF] V5 order book SOLUSDT status changed: "Syncing" => "Synced"
2026-08-24 17:58:20.918 +04:00 [INF] Futures book Bybit:SOLUSDT "Synced"
2026-08-24 17:58:20.920 +04:00 [INF] Unified order book SOL-USDT-SWAP status changed: "Disconnected" => "Connecting"
2026-08-24 17:58:21.261 +04:00 [INF] [Sckt 83] subscription 33043 completed successfully
2026-08-24 17:58:21.262 +04:00 [INF] Unified order book SOL-USDT-SWAP status changed: "Connecting" => "Syncing"
2026-08-24 17:58:21.322 +04:00 [INF] Unified order book SOL-USDT-SWAP status changed: "Syncing" => "Synced"
2026-08-24 17:58:21.330 +04:00 [INF] Futures book OKX:SOLUSDT "Synced"
2026-08-24 17:58:21.331 +04:00 [INF] Futures order book SOLUSDT status changed: "Disconnected" => "Connecting"
2026-08-24 17:58:21.609 +04:00 [INF] [Sckt 84] subscription 33045 completed successfully
2026-08-24 17:58:21.611 +04:00 [INF] Futures order book SOLUSDT status changed: "Connecting" => "Syncing"
2026-08-24 17:58:21.612 +04:00 [INF] Futures order book SOLUSDT status changed: "Syncing" => "Synced"
2026-08-24 17:58:21.613 +04:00 [INF] Futures book Bitget:SOLUSDT "Synced"
2026-08-24 17:58:21.613 +04:00 [INF] UsdFutures order book SKHYNIXUSDT status changed: "Disconnected" => "Connecting"
2026-08-24 17:58:21.962 +04:00 [INF] [Sckt 81] subscription 33047 completed successfully
2026-08-24 17:58:21.963 +04:00 [INF] UsdFutures order book SKHYNIXUSDT status changed: "Connecting" => "Syncing"
2026-08-24 17:58:22.344 +04:00 [INF] UsdFutures order book SKHYNIXUSDT status changed: "Syncing" => "Synced"
2026-08-24 17:58:22.344 +04:00 [INF] Futures book Binance:SKHYNIXUSDT "Synced"
2026-08-24 17:58:22.345 +04:00 [INF] V5 order book SKHYNIXUSDT status changed: "Disconnected" => "Connecting"
2026-08-24 17:58:22.602 +04:00 [INF] [Sckt 82] subscription 33053 completed successfully
2026-08-24 17:58:22.603 +04:00 [INF] V5 order book SKHYNIXUSDT status changed: "Connecting" => "Syncing"
2026-08-24 17:58:22.605 +04:00 [INF] V5 order book SKHYNIXUSDT status changed: "Syncing" => "Synced"
2026-08-24 17:58:22.605 +04:00 [INF] Futures book Bybit:SKHYNIXUSDT "Synced"
2026-08-24 17:58:22.606 +04:00 [INF] Unified order book SKHYNIX-USDT-SWAP status changed: "Disconnected" => "Connecting"
2026-08-24 17:58:22.937 +04:00 [INF] [Sckt 83] subscription 33056 completed successfully
2026-08-24 17:58:22.938 +04:00 [INF] Unified order book SKHYNIX-USDT-SWAP status changed: "Connecting" => "Syncing"
2026-08-24 17:58:23.119 +04:00 [INF] Unified order book SKHYNIX-USDT-SWAP status changed: "Syncing" => "Synced"
2026-08-24 17:58:23.121 +04:00 [INF] Futures book OKX:SKHYNIXUSDT "Synced"
2026-08-24 17:58:23.122 +04:00 [INF] Futures order book SKHYNIXUSDT status changed: "Disconnected" => "Connecting"
2026-08-24 17:58:23.392 +04:00 [INF] [Sckt 84] subscription 33058 completed successfully
2026-08-24 17:58:23.393 +04:00 [INF] Futures order book SKHYNIXUSDT status changed: "Connecting" => "Syncing"
2026-08-24 17:58:23.446 +04:00 [INF] Futures order book SKHYNIXUSDT status changed: "Syncing" => "Synced"
2026-08-24 17:58:23.447 +04:00 [INF] Futures book Bitget:SKHYNIXUSDT "Synced"
2026-08-24 17:58:23.449 +04:00 [INF] UsdFutures order book XAUUSDT status changed: "Disconnected" => "Connecting"
2026-08-24 17:58:25.117 +04:00 [INF] [Sckt 85] subscription 33061 completed successfully
2026-08-24 17:58:25.118 +04:00 [INF] UsdFutures order book XAUUSDT status changed: "Connecting" => "Syncing"
2026-08-24 17:58:25.512 +04:00 [INF] UsdFutures order book XAUUSDT status changed: "Syncing" => "Synced"
2026-08-24 17:58:25.514 +04:00 [INF] Futures book Binance:XAUUSDT "Synced"
2026-08-24 17:58:25.514 +04:00 [INF] V5 order book XAUUSDT status changed: "Disconnected" => "Connecting"
2026-08-24 17:58:26.414 +04:00 [INF] [Sckt 86] subscription 33065 completed successfully
2026-08-24 17:58:26.415 +04:00 [INF] V5 order book XAUUSDT status changed: "Connecting" => "Syncing"
2026-08-24 17:58:26.416 +04:00 [INF] V5 order book XAUUSDT status changed: "Syncing" => "Synced"
2026-08-24 17:58:26.416 +04:00 [INF] Futures book Bybit:XAUUSDT "Synced"
2026-08-24 17:58:26.417 +04:00 [INF] Unified order book XAU-USDT-SWAP status changed: "Disconnected" => "Connecting"
2026-08-24 17:58:27.838 +04:00 [INF] [Sckt 87] subscription 33068 completed successfully
2026-08-24 17:58:27.839 +04:00 [INF] Unified order book XAU-USDT-SWAP status changed: "Connecting" => "Syncing"
2026-08-24 17:58:28.266 +04:00 [INF] Unified order book XAU-USDT-SWAP status changed: "Syncing" => "Synced"
2026-08-24 17:58:28.267 +04:00 [INF] Futures book OKX:XAUUSDT "Synced"
2026-08-24 17:58:28.268 +04:00 [INF] Futures order book XAUUSDT status changed: "Disconnected" => "Connecting"
2026-08-24 17:58:29.378 +04:00 [INF] [Sckt 88] subscription 33070 completed successfully
2026-08-24 17:58:29.378 +04:00 [INF] Futures order book XAUUSDT status changed: "Connecting" => "Syncing"
2026-08-24 17:58:29.379 +04:00 [INF] Futures order book XAUUSDT status changed: "Syncing" => "Synced"
2026-08-24 17:58:29.380 +04:00 [INF] Futures book Bitget:XAUUSDT "Synced"
2026-08-24 17:58:29.381 +04:00 [INF] UsdFutures order book ADAUSDT status changed: "Disconnected" => "Connecting"
2026-08-24 17:58:29.723 +04:00 [INF] [Sckt 85] subscription 33072 completed successfully
2026-08-24 17:58:29.724 +04:00 [INF] UsdFutures order book ADAUSDT status changed: "Connecting" => "Syncing"
2026-08-24 17:58:30.104 +04:00 [INF] UsdFutures order book ADAUSDT status changed: "Syncing" => "Synced"
2026-08-24 17:58:30.104 +04:00 [INF] Futures book Binance:ADAUSDT "Synced"
2026-08-24 17:58:30.105 +04:00 [INF] V5 order book ADAUSDT status changed: "Disconnected" => "Connecting"
2026-08-24 17:58:30.305 +04:00 [INF] [Sckt 86] subscription 33076 completed successfully
2026-08-24 17:58:30.306 +04:00 [INF] V5 order book ADAUSDT status changed: "Connecting" => "Syncing"
2026-08-24 17:58:30.306 +04:00 [INF] V5 order book ADAUSDT status changed: "Syncing" => "Synced"
2026-08-24 17:58:30.307 +04:00 [INF] Futures book Bybit:ADAUSDT "Synced"
2026-08-24 17:58:30.308 +04:00 [INF] Unified order book ADA-USDT-SWAP status changed: "Disconnected" => "Connecting"
2026-08-24 17:58:30.630 +04:00 [INF] [Sckt 87] subscription 33079 completed successfully
2026-08-24 17:58:30.631 +04:00 [INF] Unified order book ADA-USDT-SWAP status changed: "Connecting" => "Syncing"
2026-08-24 17:58:30.939 +04:00 [INF] Unified order book ADA-USDT-SWAP status changed: "Syncing" => "Synced"
2026-08-24 17:58:30.941 +04:00 [INF] Futures book OKX:ADAUSDT "Synced"
2026-08-24 17:58:30.942 +04:00 [INF] Futures order book ADAUSDT status changed: "Disconnected" => "Connecting"
2026-08-24 17:58:31.242 +04:00 [INF] [Sckt 88] subscription 33081 completed successfully
2026-08-24 17:58:31.243 +04:00 [INF] Futures order book ADAUSDT status changed: "Connecting" => "Syncing"
2026-08-24 17:58:31.243 +04:00 [INF] Futures order book ADAUSDT status changed: "Syncing" => "Synced"
2026-08-24 17:58:31.244 +04:00 [INF] Futures book Bitget:ADAUSDT "Synced"
2026-08-24 17:58:31.245 +04:00 [INF] UsdFutures order book SOXLUSDT status changed: "Disconnected" => "Connecting"
2026-08-24 17:58:31.629 +04:00 [INF] [Sckt 85] subscription 33083 completed successfully
2026-08-24 17:58:31.630 +04:00 [INF] UsdFutures order book SOXLUSDT status changed: "Connecting" => "Syncing"
2026-08-24 17:58:32.012 +04:00 [INF] UsdFutures order book SOXLUSDT status changed: "Syncing" => "Synced"
2026-08-24 17:58:32.022 +04:00 [INF] Futures book Binance:SOXLUSDT "Synced"
2026-08-24 17:58:32.022 +04:00 [INF] V5 order book SOXLUSDT status changed: "Disconnected" => "Connecting"
2026-08-24 17:58:32.224 +04:00 [INF] [Sckt 86] subscription 33087 completed successfully
2026-08-24 17:58:32.225 +04:00 [INF] V5 order book SOXLUSDT status changed: "Connecting" => "Syncing"
2026-08-24 17:58:32.226 +04:00 [INF] V5 order book SOXLUSDT status changed: "Syncing" => "Synced"
2026-08-24 17:58:32.228 +04:00 [INF] Futures book Bybit:SOXLUSDT "Synced"
2026-08-24 17:58:32.228 +04:00 [INF] Unified order book SOXL-USDT-SWAP status changed: "Disconnected" => "Connecting"
2026-08-24 17:58:32.558 +04:00 [INF] [Sckt 87] subscription 33090 completed successfully
2026-08-24 17:58:32.559 +04:00 [INF] Unified order book SOXL-USDT-SWAP status changed: "Connecting" => "Syncing"
2026-08-24 17:58:32.749 +04:00 [INF] Unified order book SOXL-USDT-SWAP status changed: "Syncing" => "Synced"
2026-08-24 17:58:32.751 +04:00 [INF] Futures book OKX:SOXLUSDT "Synced"
2026-08-24 17:58:32.752 +04:00 [INF] Futures order book SOXLUSDT status changed: "Disconnected" => "Connecting"
2026-08-24 17:58:33.039 +04:00 [INF] [Sckt 88] subscription 33092 completed successfully
2026-08-24 17:58:33.040 +04:00 [INF] Futures order book SOXLUSDT status changed: "Connecting" => "Syncing"
2026-08-24 17:58:33.042 +04:00 [INF] Futures order book SOXLUSDT status changed: "Syncing" => "Synced"
2026-08-24 17:58:33.043 +04:00 [INF] Futures book Bitget:SOXLUSDT "Synced"
2026-08-24 17:58:33.044 +04:00 [INF] UsdFutures order book PENGUUSDT status changed: "Disconnected" => "Connecting"
2026-08-24 17:58:33.430 +04:00 [INF] [Sckt 85] subscription 33094 completed successfully
2026-08-24 17:58:33.431 +04:00 [INF] UsdFutures order book PENGUUSDT status changed: "Connecting" => "Syncing"
2026-08-24 17:58:33.825 +04:00 [INF] UsdFutures order book PENGUUSDT status changed: "Syncing" => "Synced"
2026-08-24 17:58:33.826 +04:00 [INF] Futures book Binance:PENGUUSDT "Synced"
2026-08-24 17:58:33.827 +04:00 [INF] V5 order book PENGUUSDT status changed: "Disconnected" => "Connecting"
2026-08-24 17:58:34.032 +04:00 [INF] [Sckt 86] subscription 33098 completed successfully
2026-08-24 17:58:34.034 +04:00 [INF] V5 order book PENGUUSDT status changed: "Connecting" => "Syncing"
2026-08-24 17:58:34.035 +04:00 [INF] V5 order book PENGUUSDT status changed: "Syncing" => "Synced"
2026-08-24 17:58:34.035 +04:00 [INF] Futures book Bybit:PENGUUSDT "Synced"
2026-08-24 17:58:34.036 +04:00 [INF] Unified order book PENGU-USDT-SWAP status changed: "Disconnected" => "Connecting"
2026-08-24 17:58:34.358 +04:00 [INF] [Sckt 87] subscription 33101 completed successfully
2026-08-24 17:58:34.366 +04:00 [INF] Unified order book PENGU-USDT-SWAP status changed: "Connecting" => "Syncing"
2026-08-24 17:58:34.549 +04:00 [INF] Unified order book PENGU-USDT-SWAP status changed: "Syncing" => "Synced"
2026-08-24 17:58:34.552 +04:00 [INF] Futures book OKX:PENGUUSDT "Synced"
2026-08-24 17:58:34.553 +04:00 [INF] Futures order book PENGUUSDT status changed: "Disconnected" => "Connecting"
2026-08-24 17:58:34.827 +04:00 [INF] [Sckt 88] subscription 33103 completed successfully
2026-08-24 17:58:34.828 +04:00 [INF] Futures order book PENGUUSDT status changed: "Connecting" => "Syncing"
2026-08-24 17:58:34.893 +04:00 [INF] Futures order book PENGUUSDT status changed: "Syncing" => "Synced"
2026-08-24 17:58:34.894 +04:00 [INF] Futures book Bitget:PENGUUSDT "Synced"
2026-08-24 17:58:34.895 +04:00 [INF] UsdFutures order book SPCXUSDT status changed: "Disconnected" => "Connecting"
2026-08-24 17:58:35.231 +04:00 [INF] [Sckt 85] subscription 33105 completed successfully
2026-08-24 17:58:35.232 +04:00 [INF] UsdFutures order book SPCXUSDT status changed: "Connecting" => "Syncing"
2026-08-24 17:58:35.633 +04:00 [INF] UsdFutures order book SPCXUSDT status changed: "Syncing" => "Synced"
2026-08-24 17:58:35.634 +04:00 [INF] Futures book Binance:SPCXUSDT "Synced"
2026-08-24 17:58:35.634 +04:00 [INF] V5 order book SPCXUSDT status changed: "Disconnected" => "Connecting"
2026-08-24 17:58:35.834 +04:00 [INF] [Sckt 86] subscription 33110 completed successfully
2026-08-24 17:58:35.835 +04:00 [INF] V5 order book SPCXUSDT status changed: "Connecting" => "Syncing"
2026-08-24 17:58:35.836 +04:00 [INF] V5 order book SPCXUSDT status changed: "Syncing" => "Synced"
2026-08-24 17:58:35.837 +04:00 [INF] Futures book Bybit:SPCXUSDT "Synced"
2026-08-24 17:58:35.838 +04:00 [INF] Unified order book SPCX-USDT-SWAP status changed: "Disconnected" => "Connecting"
2026-08-24 17:58:36.162 +04:00 [INF] [Sckt 87] subscription 33113 completed successfully
2026-08-24 17:58:36.163 +04:00 [INF] Unified order book SPCX-USDT-SWAP status changed: "Connecting" => "Syncing"
2026-08-24 17:58:36.342 +04:00 [INF] Unified order book SPCX-USDT-SWAP status changed: "Syncing" => "Synced"
2026-08-24 17:58:36.367 +04:00 [INF] Futures book OKX:SPCXUSDT "Synced"
2026-08-24 17:58:36.369 +04:00 [INF] Futures order book SPCXUSDT status changed: "Disconnected" => "Connecting"
2026-08-24 17:58:36.650 +04:00 [INF] [Sckt 88] subscription 33115 completed successfully
2026-08-24 17:58:36.652 +04:00 [INF] Futures order book SPCXUSDT status changed: "Connecting" => "Syncing"
2026-08-24 17:58:36.654 +04:00 [INF] Futures order book SPCXUSDT status changed: "Syncing" => "Synced"
2026-08-24 17:58:36.656 +04:00 [INF] Futures book Bitget:SPCXUSDT "Synced"
2026-08-24 17:58:36.656 +04:00 [INF] Exchange Binance: 15/15 streams live
2026-08-24 17:58:36.657 +04:00 [INF] Exchange Bybit: 15/15 streams live
2026-08-24 17:58:36.658 +04:00 [INF] Exchange OKX: 15/15 streams live
2026-08-24 17:58:36.659 +04:00 [INF] Exchange Bitget: 15/15 streams live
2026-08-24 18:17:41.356 +04:00 [INF] Discovery: public tickers Binance/Bybit/OKX (arb band 8000000–400000000 USDT vol, top 15)
2026-08-24 18:17:41.986 +04:00 [INF] Binance fapi: 692 USDT perps with volume
2026-08-24 18:17:42.590 +04:00 [INF] Bybit linear: 725 USDT perps with volume
2026-08-24 18:17:42.964 +04:00 [INF] OKX SWAP: 434 USDT perps with volume
2026-08-24 18:17:43.586 +04:00 [INF] Bitget USDT-FUTURES: 757 tickers with volume
2026-08-24 18:17:46.547 +04:00 [INF] GateIo USDT futures: 931 tickers with volume
2026-08-24 18:17:46.980 +04:00 [INF] Discovered 15 arb pairs: DOGEUSDT@5ex/210.2M, ENAUSDT@5ex/192.8M, SUIUSDT@5ex/123.4M, SNDKUSDT@5ex/207.9M, ZECUSDT@5ex/200.4M, HYPEUSDT@5ex/240.5M, TRUMPUSDT@5ex/261.5M, WLDUSDT@5ex/51.9M, SOLUSDT@5ex/382.4M, SKHYNIXUSDT@5ex/107.6M, XAUUSDT@5ex/107.4M, SOXLUSDT@5ex/106M, ADAUSDT@5ex/99.7M, PENGUUSDT@5ex/96.1M, SPCXUSDT@5ex/74.9M
2026-08-24 18:17:46.982 +04:00 [INF] Symbol refresh (http-tickers-arb): [DOGEUSDT,ENAUSDT,SUIUSDT,ZECUSDT,SNDKUSDT,HYPEUSDT,TRUMPUSDT,WLDUSDT,SOLUSDT,SKHYNIXUSDT,XAUUSDT,ADAUSDT,SOXLUSDT,PENGUUSDT,SPCXUSDT] → [DOGEUSDT,ENAUSDT,SUIUSDT,SNDKUSDT,ZECUSDT,HYPEUSDT,TRUMPUSDT,WLDUSDT,SOLUSDT,SKHYNIXUSDT,XAUUSDT,SOXLUSDT,ADAUSDT,PENGUUSDT,SPCXUSDT] | changed=false
2026-08-24 18:26:51.409 +04:00 [INF] Funding cache refresh for 15 symbols × 3 exchanges (TTL 45m)
2026-08-24 18:27:02.069 +04:00 [INF] Funding cache entries: 69
2026-08-24 18:32:41.786 +04:00 [INF] Futures scan: 3 candidate(s), best RT=0.149% open=0.254%
2026-08-24 18:32:41.792 +04:00 [INF] FUT PAPER OPEN ZECUSDT L:Binance S:Bybit qty=0.230218 lev=3x margin=66.67 edge=0.254%
2026-08-24 18:32:41.794 +04:00 [INF] Opened futures paper hedge (1): ZECUSDT: L Binance@865.63 / S Bybit@868.74 | RT 0.149% fund 0.006% → 0.155%
2026-08-24 18:32:41.796 +04:00 [INF] Paper skip ZECUSDT: Cooldown 8000ms open=0.242% RT=0.127%
2026-08-24 18:32:41.798 +04:00 [INF] Paper skip ZECUSDT: Cooldown 8000ms open=0.211% RT=0.106%
2026-08-24 18:32:42.839 +04:00 [INF] FUT PAPER CLOSE ZECUSDT pnl=0.1678 reason=converge lev=3x
2026-08-24 18:37:47.418 +04:00 [INF] Discovery: public tickers Binance/Bybit/OKX (arb band 8000000–400000000 USDT vol, top 15)
2026-08-24 18:37:47.963 +04:00 [INF] Binance fapi: 692 USDT perps with volume
2026-08-24 18:37:48.415 +04:00 [INF] Bybit linear: 725 USDT perps with volume
2026-08-24 18:37:48.821 +04:00 [INF] OKX SWAP: 434 USDT perps with volume
2026-08-24 18:37:49.254 +04:00 [INF] Bitget USDT-FUTURES: 757 tickers with volume
2026-08-24 18:37:52.267 +04:00 [INF] GateIo USDT futures: 931 tickers with volume
2026-08-24 18:37:53.398 +04:00 [INF] Discovered 15 arb pairs: DOGEUSDT@5ex/211.7M, ENAUSDT@5ex/193.2M, SUIUSDT@5ex/123.2M, ZECUSDT@5ex/203.7M, SNDKUSDT@5ex/216.1M, HYPEUSDT@5ex/242.5M, TRUMPUSDT@5ex/245.9M, WLDUSDT@5ex/51.6M, SOLUSDT@5ex/386.1M, XAUUSDT@5ex/109.9M, SOXLUSDT@5ex/109.6M, SKHYNIXUSDT@5ex/109M, ADAUSDT@5ex/99.9M, PENGUUSDT@5ex/97.2M, SPCXUSDT@5ex/77.6M
2026-08-24 18:37:53.399 +04:00 [INF] Symbol refresh (http-tickers-arb): [DOGEUSDT,ENAUSDT,SUIUSDT,SNDKUSDT,ZECUSDT,HYPEUSDT,TRUMPUSDT,WLDUSDT,SOLUSDT,SKHYNIXUSDT,XAUUSDT,SOXLUSDT,ADAUSDT,PENGUUSDT,SPCXUSDT] → [DOGEUSDT,ENAUSDT,SUIUSDT,ZECUSDT,SNDKUSDT,HYPEUSDT,TRUMPUSDT,WLDUSDT,SOLUSDT,XAUUSDT,SOXLUSDT,SKHYNIXUSDT,ADAUSDT,PENGUUSDT,SPCXUSDT] | changed=false
2026-08-24 18:49:57.178 +04:00 [INF] Paper analytics store: D:\Users\karap\source\repos\ArbitrageBot\ArbitrageBot\data\paper
2026-08-24 18:49:57.207 +04:00 [WRN] LiveTradingGuard boot: enabled=false readOnly=true maxOpen=3 maxNotional=200 dayLimit=-60
2026-08-24 18:49:57.240 +04:00 [INF] Realtime broadcast started (in-memory WS books → SignalR every 900ms; no REST in this loop)
2026-08-24 18:49:57.243 +04:00 [INF] Discovery: public tickers Binance/Bybit/OKX (arb band 8000000–400000000 USDT vol, top 15)
2026-08-24 18:49:57.917 +04:00 [INF] Binance fapi: 692 USDT perps with volume
2026-08-24 18:49:58.967 +04:00 [INF] Bybit linear: 725 USDT perps with volume
2026-08-24 18:49:59.407 +04:00 [INF] OKX SWAP: 434 USDT perps with volume
2026-08-24 18:49:59.872 +04:00 [INF] Bitget USDT-FUTURES: 757 tickers with volume
2026-08-24 18:50:06.655 +04:00 [INF] GateIo USDT futures: 931 tickers with volume
2026-08-24 18:50:07.609 +04:00 [INF] Discovered 15 arb pairs: DOGEUSDT@5ex/197.9M, ENAUSDT@5ex/191.2M, SUIUSDT@5ex/115.2M, ZECUSDT@5ex/200.4M, SNDKUSDT@5ex/219.5M, TRUMPUSDT@5ex/227.8M, HYPEUSDT@5ex/236.7M, SOLUSDT@5ex/367.7M, WLDUSDT@5ex/48.8M, SOXLUSDT@5ex/110.5M, XAUUSDT@5ex/109.9M, SKHYNIXUSDT@5ex/109.2M, PENGUUSDT@5ex/95.6M, ADAUSDT@5ex/93.7M, SPCXUSDT@5ex/79M
2026-08-24 18:50:07.620 +04:00 [INF] Start | Strategy=FuturesCross | Mode=PAPER | Symbols=DOGEUSDT,ENAUSDT,SUIUSDT,ZECUSDT,SNDKUSDT,TRUMPUSDT,HYPEUSDT,SOLUSDT,WLDUSDT,SOXLUSDT,XAUUSDT,SKHYNIXUSDT,PENGUUSDT,ADAUSDT,SPCXUSDT | Ex=Binance,Bybit,OKX,Bitget
2026-08-24 18:50:07.746 +04:00 [INF] Paper state restored: 0 open, 200 trades in memory, realized=4282.64 from D:\Users\karap\source\repos\ArbitrageBot\ArbitrageBot\data\paper\open-state.json
2026-08-24 18:50:07.823 +04:00 [INF] UsdFutures order book DOGEUSDT status changed: "Disconnected" => "Connecting"
2026-08-24 18:50:09.678 +04:00 [INF] [Sckt 1] subscription 6 completed successfully
2026-08-24 18:50:09.683 +04:00 [INF] UsdFutures order book DOGEUSDT status changed: "Connecting" => "Syncing"
2026-08-24 18:50:10.083 +04:00 [INF] UsdFutures order book DOGEUSDT status changed: "Syncing" => "Synced"
2026-08-24 18:50:10.090 +04:00 [INF] Futures book Binance:DOGEUSDT "Synced"
2026-08-24 18:50:10.110 +04:00 [INF] V5 order book DOGEUSDT status changed: "Disconnected" => "Connecting"
2026-08-24 18:50:11.292 +04:00 [INF] [Sckt 2] subscription 10 completed successfully
2026-08-24 18:50:11.294 +04:00 [INF] V5 order book DOGEUSDT status changed: "Connecting" => "Syncing"
2026-08-24 18:50:11.297 +04:00 [INF] V5 order book DOGEUSDT status changed: "Syncing" => "Synced"
2026-08-24 18:50:11.297 +04:00 [INF] Futures book Bybit:DOGEUSDT "Synced"
2026-08-24 18:50:11.323 +04:00 [INF] Unified order book DOGE-USDT-SWAP status changed: "Disconnected" => "Connecting"
2026-08-24 18:50:12.816 +04:00 [INF] [Sckt 3] subscription 14 completed successfully
2026-08-24 18:50:12.818 +04:00 [INF] Unified order book DOGE-USDT-SWAP status changed: "Connecting" => "Syncing"
2026-08-24 18:50:13.268 +04:00 [INF] Unified order book DOGE-USDT-SWAP status changed: "Syncing" => "Synced"
2026-08-24 18:50:13.270 +04:00 [INF] Futures book OKX:DOGEUSDT "Synced"
2026-08-24 18:50:13.338 +04:00 [INF] Futures order book DOGEUSDT status changed: "Disconnected" => "Connecting"
2026-08-24 18:50:14.931 +04:00 [INF] [Sckt 4] subscription 16 completed successfully
2026-08-24 18:50:14.933 +04:00 [INF] Futures order book DOGEUSDT status changed: "Connecting" => "Syncing"
2026-08-24 18:50:14.976 +04:00 [INF] Futures order book DOGEUSDT status changed: "Syncing" => "Synced"
2026-08-24 18:50:14.977 +04:00 [INF] Futures book Bitget:DOGEUSDT "Synced"
2026-08-24 18:50:14.978 +04:00 [INF] UsdFutures order book ENAUSDT status changed: "Disconnected" => "Connecting"
2026-08-24 18:50:15.329 +04:00 [INF] [Sckt 1] subscription 18 completed successfully
2026-08-24 18:50:15.331 +04:00 [INF] UsdFutures order book ENAUSDT status changed: "Connecting" => "Syncing"
2026-08-24 18:50:15.784 +04:00 [INF] UsdFutures order book ENAUSDT status changed: "Syncing" => "Synced"
2026-08-24 18:50:15.786 +04:00 [INF] Futures book Binance:ENAUSDT "Synced"
2026-08-24 18:50:15.787 +04:00 [INF] V5 order book ENAUSDT status changed: "Disconnected" => "Connecting"
2026-08-24 18:50:15.998 +04:00 [INF] [Sckt 2] subscription 22 completed successfully
2026-08-24 18:50:16.000 +04:00 [INF] V5 order book ENAUSDT status changed: "Connecting" => "Syncing"
2026-08-24 18:50:16.001 +04:00 [INF] V5 order book ENAUSDT status changed: "Syncing" => "Synced"
2026-08-24 18:50:16.002 +04:00 [INF] Futures book Bybit:ENAUSDT "Synced"
2026-08-24 18:50:16.002 +04:00 [INF] Unified order book ENA-USDT-SWAP status changed: "Disconnected" => "Connecting"
2026-08-24 18:50:16.328 +04:00 [INF] [Sckt 3] subscription 25 completed successfully
2026-08-24 18:50:16.329 +04:00 [INF] Unified order book ENA-USDT-SWAP status changed: "Connecting" => "Syncing"
2026-08-24 18:50:16.555 +04:00 [INF] Unified order book ENA-USDT-SWAP status changed: "Syncing" => "Synced"
2026-08-24 18:50:16.557 +04:00 [INF] Futures book OKX:ENAUSDT "Synced"
2026-08-24 18:50:16.558 +04:00 [INF] Futures order book ENAUSDT status changed: "Disconnected" => "Connecting"
2026-08-24 18:50:16.868 +04:00 [INF] [Sckt 4] subscription 27 completed successfully
2026-08-24 18:50:16.870 +04:00 [INF] Futures order book ENAUSDT status changed: "Connecting" => "Syncing"
2026-08-24 18:50:16.870 +04:00 [INF] Futures order book ENAUSDT status changed: "Syncing" => "Synced"
2026-08-24 18:50:16.871 +04:00 [INF] Futures book Bitget:ENAUSDT "Synced"
2026-08-24 18:50:16.874 +04:00 [INF] UsdFutures order book SUIUSDT status changed: "Disconnected" => "Connecting"
2026-08-24 18:50:17.231 +04:00 [INF] [Sckt 1] subscription 29 completed successfully
2026-08-24 18:50:17.232 +04:00 [INF] UsdFutures order book SUIUSDT status changed: "Connecting" => "Syncing"
2026-08-24 18:50:17.650 +04:00 [INF] UsdFutures order book SUIUSDT status changed: "Syncing" => "Synced"
2026-08-24 18:50:17.654 +04:00 [INF] Futures book Binance:SUIUSDT "Synced"
2026-08-24 18:50:17.659 +04:00 [INF] V5 order book SUIUSDT status changed: "Disconnected" => "Connecting"
2026-08-24 18:50:17.866 +04:00 [INF] [Sckt 2] subscription 33 completed successfully
2026-08-24 18:50:17.870 +04:00 [INF] V5 order book SUIUSDT status changed: "Connecting" => "Syncing"
2026-08-24 18:50:17.872 +04:00 [INF] V5 order book SUIUSDT status changed: "Syncing" => "Synced"
2026-08-24 18:50:17.873 +04:00 [INF] Futures book Bybit:SUIUSDT "Synced"
2026-08-24 18:50:17.876 +04:00 [INF] Unified order book SUI-USDT-SWAP status changed: "Disconnected" => "Connecting"
2026-08-24 18:50:18.203 +04:00 [INF] [Sckt 3] subscription 36 completed successfully
2026-08-24 18:50:18.220 +04:00 [INF] Unified order book SUI-USDT-SWAP status changed: "Connecting" => "Syncing"
2026-08-24 18:50:18.340 +04:00 [INF] Unified order book SUI-USDT-SWAP status changed: "Syncing" => "Synced"
2026-08-24 18:50:18.341 +04:00 [INF] Futures book OKX:SUIUSDT "Synced"
2026-08-24 18:50:18.342 +04:00 [INF] Futures order book SUIUSDT status changed: "Disconnected" => "Connecting"
2026-08-24 18:50:18.646 +04:00 [INF] [Sckt 4] subscription 38 completed successfully
2026-08-24 18:50:18.647 +04:00 [INF] Futures order book SUIUSDT status changed: "Connecting" => "Syncing"
2026-08-24 18:50:18.648 +04:00 [INF] Futures order book SUIUSDT status changed: "Syncing" => "Synced"
2026-08-24 18:50:18.649 +04:00 [INF] Futures book Bitget:SUIUSDT "Synced"
2026-08-24 18:50:18.650 +04:00 [INF] UsdFutures order book ZECUSDT status changed: "Disconnected" => "Connecting"
2026-08-24 18:50:19.032 +04:00 [INF] [Sckt 1] subscription 40 completed successfully
2026-08-24 18:50:19.033 +04:00 [INF] UsdFutures order book ZECUSDT status changed: "Connecting" => "Syncing"
2026-08-24 18:50:19.431 +04:00 [INF] UsdFutures order book ZECUSDT status changed: "Syncing" => "Synced"
2026-08-24 18:50:19.432 +04:00 [INF] Futures book Binance:ZECUSDT "Synced"
2026-08-24 18:50:19.432 +04:00 [INF] V5 order book ZECUSDT status changed: "Disconnected" => "Connecting"
2026-08-24 18:50:19.634 +04:00 [INF] [Sckt 2] subscription 44 completed successfully
2026-08-24 18:50:19.636 +04:00 [INF] V5 order book ZECUSDT status changed: "Connecting" => "Syncing"
2026-08-24 18:50:19.637 +04:00 [INF] V5 order book ZECUSDT status changed: "Syncing" => "Synced"
2026-08-24 18:50:19.638 +04:00 [INF] Futures book Bybit:ZECUSDT "Synced"
2026-08-24 18:50:19.639 +04:00 [INF] Unified order book ZEC-USDT-SWAP status changed: "Disconnected" => "Connecting"
2026-08-24 18:50:19.965 +04:00 [INF] [Sckt 3] subscription 47 completed successfully
2026-08-24 18:50:19.969 +04:00 [INF] Unified order book ZEC-USDT-SWAP status changed: "Connecting" => "Syncing"
2026-08-24 18:50:20.155 +04:00 [INF] Unified order book ZEC-USDT-SWAP status changed: "Syncing" => "Synced"
2026-08-24 18:50:20.157 +04:00 [INF] Futures book OKX:ZECUSDT "Synced"
2026-08-24 18:50:20.157 +04:00 [INF] Futures order book ZECUSDT status changed: "Disconnected" => "Connecting"
2026-08-24 18:50:20.439 +04:00 [INF] [Sckt 4] subscription 49 completed successfully
2026-08-24 18:50:20.440 +04:00 [INF] Futures order book ZECUSDT status changed: "Connecting" => "Syncing"
2026-08-24 18:50:20.441 +04:00 [INF] Futures order book ZECUSDT status changed: "Syncing" => "Synced"
2026-08-24 18:50:20.442 +04:00 [INF] Futures book Bitget:ZECUSDT "Synced"
2026-08-24 18:50:20.444 +04:00 [INF] UsdFutures order book SNDKUSDT status changed: "Disconnected" => "Connecting"
2026-08-24 18:50:20.846 +04:00 [INF] [Sckt 1] subscription 51 completed successfully
2026-08-24 18:50:20.853 +04:00 [INF] UsdFutures order book SNDKUSDT status changed: "Connecting" => "Syncing"
2026-08-24 18:50:21.490 +04:00 [INF] UsdFutures order book SNDKUSDT status changed: "Syncing" => "Synced"
2026-08-24 18:50:21.492 +04:00 [INF] Futures book Binance:SNDKUSDT "Synced"
2026-08-24 18:50:21.493 +04:00 [INF] V5 order book SNDKUSDT status changed: "Disconnected" => "Connecting"
2026-08-24 18:50:21.745 +04:00 [INF] [Sckt 2] subscription 55 completed successfully
2026-08-24 18:50:21.747 +04:00 [INF] V5 order book SNDKUSDT status changed: "Connecting" => "Syncing"
2026-08-24 18:50:21.748 +04:00 [INF] V5 order book SNDKUSDT status changed: "Syncing" => "Synced"
2026-08-24 18:50:21.749 +04:00 [INF] Futures book Bybit:SNDKUSDT "Synced"
2026-08-24 18:50:21.750 +04:00 [INF] Unified order book SNDK-USDT-SWAP status changed: "Disconnected" => "Connecting"
2026-08-24 18:50:22.079 +04:00 [INF] [Sckt 3] subscription 58 completed successfully
2026-08-24 18:50:22.080 +04:00 [INF] Unified order book SNDK-USDT-SWAP status changed: "Connecting" => "Syncing"
2026-08-24 18:50:22.241 +04:00 [INF] Unified order book SNDK-USDT-SWAP status changed: "Syncing" => "Synced"
2026-08-24 18:50:22.243 +04:00 [INF] Futures book OKX:SNDKUSDT "Synced"
2026-08-24 18:50:22.244 +04:00 [INF] Futures order book SNDKUSDT status changed: "Disconnected" => "Connecting"
2026-08-24 18:50:22.516 +04:00 [INF] [Sckt 4] subscription 60 completed successfully
2026-08-24 18:50:22.517 +04:00 [INF] Futures order book SNDKUSDT status changed: "Connecting" => "Syncing"
2026-08-24 18:50:22.518 +04:00 [INF] Futures order book SNDKUSDT status changed: "Syncing" => "Synced"
2026-08-24 18:50:22.519 +04:00 [INF] Futures book Bitget:SNDKUSDT "Synced"
2026-08-24 18:50:22.520 +04:00 [INF] UsdFutures order book TRUMPUSDT status changed: "Disconnected" => "Connecting"
2026-08-24 18:50:22.935 +04:00 [INF] [Sckt 1] subscription 62 completed successfully
2026-08-24 18:50:22.937 +04:00 [INF] UsdFutures order book TRUMPUSDT status changed: "Connecting" => "Syncing"
2026-08-24 18:50:23.323 +04:00 [INF] UsdFutures order book TRUMPUSDT status changed: "Syncing" => "Synced"
2026-08-24 18:50:23.325 +04:00 [INF] Futures book Binance:TRUMPUSDT "Synced"
2026-08-24 18:50:23.327 +04:00 [INF] V5 order book TRUMPUSDT status changed: "Disconnected" => "Connecting"
2026-08-24 18:50:23.528 +04:00 [INF] [Sckt 2] subscription 66 completed successfully
2026-08-24 18:50:23.539 +04:00 [INF] V5 order book TRUMPUSDT status changed: "Connecting" => "Syncing"
2026-08-24 18:50:23.542 +04:00 [INF] V5 order book TRUMPUSDT status changed: "Syncing" => "Synced"
2026-08-24 18:50:23.543 +04:00 [INF] Futures book Bybit:TRUMPUSDT "Synced"
2026-08-24 18:50:23.546 +04:00 [INF] Unified order book TRUMP-USDT-SWAP status changed: "Disconnected" => "Connecting"
2026-08-24 18:50:23.873 +04:00 [INF] [Sckt 3] subscription 69 completed successfully
2026-08-24 18:50:23.874 +04:00 [INF] Unified order book TRUMP-USDT-SWAP status changed: "Connecting" => "Syncing"
2026-08-24 18:50:24.045 +04:00 [INF] Unified order book TRUMP-USDT-SWAP status changed: "Syncing" => "Synced"
2026-08-24 18:50:24.046 +04:00 [INF] Futures book OKX:TRUMPUSDT "Synced"
2026-08-24 18:50:24.047 +04:00 [INF] Futures order book TRUMPUSDT status changed: "Disconnected" => "Connecting"
2026-08-24 18:50:24.322 +04:00 [INF] [Sckt 4] subscription 71 completed successfully
2026-08-24 18:50:24.323 +04:00 [INF] Futures order book TRUMPUSDT status changed: "Connecting" => "Syncing"
2026-08-24 18:50:24.324 +04:00 [INF] Futures order book TRUMPUSDT status changed: "Syncing" => "Synced"
2026-08-24 18:50:24.326 +04:00 [INF] Futures book Bitget:TRUMPUSDT "Synced"
2026-08-24 18:50:24.327 +04:00 [INF] UsdFutures order book HYPEUSDT status changed: "Disconnected" => "Connecting"
2026-08-24 18:50:24.739 +04:00 [INF] [Sckt 1] subscription 73 completed successfully
2026-08-24 18:50:24.740 +04:00 [INF] UsdFutures order book HYPEUSDT status changed: "Connecting" => "Syncing"
2026-08-24 18:50:25.118 +04:00 [INF] UsdFutures order book HYPEUSDT status changed: "Syncing" => "Synced"
2026-08-24 18:50:25.119 +04:00 [INF] Futures book Binance:HYPEUSDT "Synced"
2026-08-24 18:50:25.120 +04:00 [INF] V5 order book HYPEUSDT status changed: "Disconnected" => "Connecting"
2026-08-24 18:50:25.323 +04:00 [INF] [Sckt 2] subscription 77 completed successfully
2026-08-24 18:50:25.325 +04:00 [INF] V5 order book HYPEUSDT status changed: "Connecting" => "Syncing"
2026-08-24 18:50:25.326 +04:00 [INF] V5 order book HYPEUSDT status changed: "Syncing" => "Synced"
2026-08-24 18:50:25.328 +04:00 [INF] Futures book Bybit:HYPEUSDT "Synced"
2026-08-24 18:50:25.329 +04:00 [INF] Unified order book HYPE-USDT-SWAP status changed: "Disconnected" => "Connecting"
2026-08-24 18:50:25.653 +04:00 [INF] [Sckt 3] subscription 80 completed successfully
2026-08-24 18:50:25.655 +04:00 [INF] Unified order book HYPE-USDT-SWAP status changed: "Connecting" => "Syncing"
2026-08-24 18:50:25.830 +04:00 [INF] Unified order book HYPE-USDT-SWAP status changed: "Syncing" => "Synced"
2026-08-24 18:50:25.831 +04:00 [INF] Futures book OKX:HYPEUSDT "Synced"
2026-08-24 18:50:25.832 +04:00 [INF] Futures order book HYPEUSDT status changed: "Disconnected" => "Connecting"
2026-08-24 18:50:26.106 +04:00 [INF] [Sckt 4] subscription 82 completed successfully
2026-08-24 18:50:26.108 +04:00 [INF] Futures order book HYPEUSDT status changed: "Connecting" => "Syncing"
2026-08-24 18:50:26.110 +04:00 [INF] Futures order book HYPEUSDT status changed: "Syncing" => "Synced"
2026-08-24 18:50:26.111 +04:00 [INF] Futures book Bitget:HYPEUSDT "Synced"
2026-08-24 18:50:26.112 +04:00 [INF] UsdFutures order book SOLUSDT status changed: "Disconnected" => "Connecting"
2026-08-24 18:50:26.546 +04:00 [INF] [Sckt 1] subscription 84 completed successfully
2026-08-24 18:50:26.547 +04:00 [INF] UsdFutures order book SOLUSDT status changed: "Connecting" => "Syncing"
2026-08-24 18:50:26.939 +04:00 [INF] UsdFutures order book SOLUSDT status changed: "Syncing" => "Synced"
2026-08-24 18:50:26.941 +04:00 [INF] Futures book Binance:SOLUSDT "Synced"
2026-08-24 18:50:26.941 +04:00 [INF] V5 order book SOLUSDT status changed: "Disconnected" => "Connecting"
2026-08-24 18:50:27.143 +04:00 [INF] [Sckt 2] subscription 88 completed successfully
2026-08-24 18:50:27.144 +04:00 [INF] V5 order book SOLUSDT status changed: "Connecting" => "Syncing"
2026-08-24 18:50:27.146 +04:00 [INF] V5 order book SOLUSDT status changed: "Syncing" => "Synced"
2026-08-24 18:50:27.147 +04:00 [INF] Futures book Bybit:SOLUSDT "Synced"
2026-08-24 18:50:27.147 +04:00 [INF] Unified order book SOL-USDT-SWAP status changed: "Disconnected" => "Connecting"
2026-08-24 18:50:27.472 +04:00 [INF] [Sckt 3] subscription 91 completed successfully
2026-08-24 18:50:27.473 +04:00 [INF] Unified order book SOL-USDT-SWAP status changed: "Connecting" => "Syncing"
2026-08-24 18:50:27.636 +04:00 [INF] Unified order book SOL-USDT-SWAP status changed: "Syncing" => "Synced"
2026-08-24 18:50:27.638 +04:00 [INF] Futures book OKX:SOLUSDT "Synced"
2026-08-24 18:50:27.638 +04:00 [INF] Futures order book SOLUSDT status changed: "Disconnected" => "Connecting"
2026-08-24 18:50:27.914 +04:00 [INF] [Sckt 4] subscription 93 completed successfully
2026-08-24 18:50:27.916 +04:00 [INF] Futures order book SOLUSDT status changed: "Connecting" => "Syncing"
2026-08-24 18:50:27.917 +04:00 [INF] Futures order book SOLUSDT status changed: "Syncing" => "Synced"
2026-08-24 18:50:27.918 +04:00 [INF] Futures book Bitget:SOLUSDT "Synced"
2026-08-24 18:50:27.918 +04:00 [INF] UsdFutures order book WLDUSDT status changed: "Disconnected" => "Connecting"
2026-08-24 18:50:28.343 +04:00 [INF] [Sckt 1] subscription 95 completed successfully
2026-08-24 18:50:28.346 +04:00 [INF] UsdFutures order book WLDUSDT status changed: "Connecting" => "Syncing"
2026-08-24 18:50:28.778 +04:00 [INF] UsdFutures order book WLDUSDT status changed: "Syncing" => "Synced"
2026-08-24 18:50:28.780 +04:00 [INF] Futures book Binance:WLDUSDT "Synced"
2026-08-24 18:50:28.781 +04:00 [INF] V5 order book WLDUSDT status changed: "Disconnected" => "Connecting"
2026-08-24 18:50:28.980 +04:00 [INF] [Sckt 2] subscription 99 completed successfully
2026-08-24 18:50:28.981 +04:00 [INF] V5 order book WLDUSDT status changed: "Connecting" => "Syncing"
2026-08-24 18:50:28.982 +04:00 [INF] V5 order book WLDUSDT status changed: "Syncing" => "Synced"
2026-08-24 18:50:28.983 +04:00 [INF] Futures book Bybit:WLDUSDT "Synced"
2026-08-24 18:50:28.983 +04:00 [INF] Unified order book WLD-USDT-SWAP status changed: "Disconnected" => "Connecting"
2026-08-24 18:50:29.308 +04:00 [INF] [Sckt 3] subscription 102 completed successfully
2026-08-24 18:50:29.309 +04:00 [INF] Unified order book WLD-USDT-SWAP status changed: "Connecting" => "Syncing"
2026-08-24 18:50:29.475 +04:00 [INF] Unified order book WLD-USDT-SWAP status changed: "Syncing" => "Synced"
2026-08-24 18:50:29.477 +04:00 [INF] Futures book OKX:WLDUSDT "Synced"
2026-08-24 18:50:29.477 +04:00 [INF] Futures order book WLDUSDT status changed: "Disconnected" => "Connecting"
2026-08-24 18:50:29.751 +04:00 [INF] [Sckt 4] subscription 104 completed successfully
2026-08-24 18:50:29.752 +04:00 [INF] Futures order book WLDUSDT status changed: "Connecting" => "Syncing"
2026-08-24 18:50:29.753 +04:00 [INF] Futures order book WLDUSDT status changed: "Syncing" => "Synced"
2026-08-24 18:50:29.754 +04:00 [INF] Futures book Bitget:WLDUSDT "Synced"
2026-08-24 18:50:29.755 +04:00 [INF] UsdFutures order book SOXLUSDT status changed: "Disconnected" => "Connecting"
2026-08-24 18:50:30.145 +04:00 [INF] [Sckt 1] subscription 106 completed successfully
2026-08-24 18:50:30.147 +04:00 [INF] UsdFutures order book SOXLUSDT status changed: "Connecting" => "Syncing"
2026-08-24 18:50:30.522 +04:00 [INF] UsdFutures order book SOXLUSDT status changed: "Syncing" => "Synced"
2026-08-24 18:50:30.524 +04:00 [INF] Futures book Binance:SOXLUSDT "Synced"
2026-08-24 18:50:30.525 +04:00 [INF] V5 order book SOXLUSDT status changed: "Disconnected" => "Connecting"
2026-08-24 18:50:30.728 +04:00 [INF] [Sckt 2] subscription 112 completed successfully
2026-08-24 18:50:30.729 +04:00 [INF] V5 order book SOXLUSDT status changed: "Connecting" => "Syncing"
2026-08-24 18:50:30.730 +04:00 [INF] V5 order book SOXLUSDT status changed: "Syncing" => "Synced"
2026-08-24 18:50:30.731 +04:00 [INF] Futures book Bybit:SOXLUSDT "Synced"
2026-08-24 18:50:30.732 +04:00 [INF] Unified order book SOXL-USDT-SWAP status changed: "Disconnected" => "Connecting"
2026-08-24 18:50:31.057 +04:00 [INF] [Sckt 3] subscription 115 completed successfully
2026-08-24 18:50:31.058 +04:00 [INF] Unified order book SOXL-USDT-SWAP status changed: "Connecting" => "Syncing"
2026-08-24 18:50:31.286 +04:00 [INF] Unified order book SOXL-USDT-SWAP status changed: "Syncing" => "Synced"
2026-08-24 18:50:31.287 +04:00 [INF] Futures book OKX:SOXLUSDT "Synced"
2026-08-24 18:50:31.288 +04:00 [INF] Futures order book SOXLUSDT status changed: "Disconnected" => "Connecting"
2026-08-24 18:50:31.608 +04:00 [INF] [Sckt 4] subscription 117 completed successfully
2026-08-24 18:50:31.610 +04:00 [INF] Futures order book SOXLUSDT status changed: "Connecting" => "Syncing"
2026-08-24 18:50:31.611 +04:00 [INF] Futures order book SOXLUSDT status changed: "Syncing" => "Synced"
2026-08-24 18:50:31.612 +04:00 [INF] Futures book Bitget:SOXLUSDT "Synced"
2026-08-24 18:50:31.612 +04:00 [INF] UsdFutures order book XAUUSDT status changed: "Disconnected" => "Connecting"
2026-08-24 18:50:33.490 +04:00 [INF] [Sckt 5] subscription 120 completed successfully
2026-08-24 18:50:33.492 +04:00 [INF] UsdFutures order book XAUUSDT status changed: "Connecting" => "Syncing"
2026-08-24 18:50:33.882 +04:00 [INF] UsdFutures order book XAUUSDT status changed: "Syncing" => "Synced"
2026-08-24 18:50:33.884 +04:00 [INF] Futures book Binance:XAUUSDT "Synced"
2026-08-24 18:50:33.885 +04:00 [INF] V5 order book XAUUSDT status changed: "Disconnected" => "Connecting"
2026-08-24 18:50:34.722 +04:00 [INF] [Sckt 6] subscription 124 completed successfully
2026-08-24 18:50:34.723 +04:00 [INF] V5 order book XAUUSDT status changed: "Connecting" => "Syncing"
2026-08-24 18:50:34.724 +04:00 [INF] V5 order book XAUUSDT status changed: "Syncing" => "Synced"
2026-08-24 18:50:34.726 +04:00 [INF] Futures book Bybit:XAUUSDT "Synced"
2026-08-24 18:50:34.728 +04:00 [INF] Unified order book XAU-USDT-SWAP status changed: "Disconnected" => "Connecting"
2026-08-24 18:50:36.075 +04:00 [INF] [Sckt 7] subscription 127 completed successfully
2026-08-24 18:50:36.077 +04:00 [INF] Unified order book XAU-USDT-SWAP status changed: "Connecting" => "Syncing"
2026-08-24 18:50:36.676 +04:00 [INF] Unified order book XAU-USDT-SWAP status changed: "Syncing" => "Synced"
2026-08-24 18:50:36.678 +04:00 [INF] Futures book OKX:XAUUSDT "Synced"
2026-08-24 18:50:36.680 +04:00 [INF] Futures order book XAUUSDT status changed: "Disconnected" => "Connecting"
2026-08-24 18:50:38.069 +04:00 [INF] [Sckt 8] subscription 129 completed successfully
2026-08-24 18:50:38.080 +04:00 [INF] Futures order book XAUUSDT status changed: "Connecting" => "Syncing"
2026-08-24 18:50:38.081 +04:00 [INF] Futures order book XAUUSDT status changed: "Syncing" => "Synced"
2026-08-24 18:50:38.083 +04:00 [INF] Futures book Bitget:XAUUSDT "Synced"
2026-08-24 18:50:38.084 +04:00 [INF] UsdFutures order book SKHYNIXUSDT status changed: "Disconnected" => "Connecting"
2026-08-24 18:50:38.496 +04:00 [INF] [Sckt 5] subscription 131 completed successfully
2026-08-24 18:50:38.497 +04:00 [INF] UsdFutures order book SKHYNIXUSDT status changed: "Connecting" => "Syncing"
2026-08-24 18:50:38.881 +04:00 [INF] UsdFutures order book SKHYNIXUSDT status changed: "Syncing" => "Synced"
2026-08-24 18:50:38.883 +04:00 [INF] Futures book Binance:SKHYNIXUSDT "Synced"
2026-08-24 18:50:38.884 +04:00 [INF] V5 order book SKHYNIXUSDT status changed: "Disconnected" => "Connecting"
2026-08-24 18:50:39.090 +04:00 [INF] [Sckt 6] subscription 135 completed successfully
2026-08-24 18:50:39.091 +04:00 [INF] V5 order book SKHYNIXUSDT status changed: "Connecting" => "Syncing"
2026-08-24 18:50:39.092 +04:00 [INF] V5 order book SKHYNIXUSDT status changed: "Syncing" => "Synced"
2026-08-24 18:50:39.093 +04:00 [INF] Futures book Bybit:SKHYNIXUSDT "Synced"
2026-08-24 18:50:39.093 +04:00 [INF] Unified order book SKHYNIX-USDT-SWAP status changed: "Disconnected" => "Connecting"
2026-08-24 18:50:39.424 +04:00 [INF] [Sckt 7] subscription 138 completed successfully
2026-08-24 18:50:39.426 +04:00 [INF] Unified order book SKHYNIX-USDT-SWAP status changed: "Connecting" => "Syncing"
2026-08-24 18:50:39.645 +04:00 [INF] Unified order book SKHYNIX-USDT-SWAP status changed: "Syncing" => "Synced"
2026-08-24 18:50:39.647 +04:00 [INF] Futures book OKX:SKHYNIXUSDT "Synced"
2026-08-24 18:50:39.648 +04:00 [INF] Futures order book SKHYNIXUSDT status changed: "Disconnected" => "Connecting"
2026-08-24 18:50:39.917 +04:00 [INF] [Sckt 8] subscription 140 completed successfully
2026-08-24 18:50:39.918 +04:00 [INF] Futures order book SKHYNIXUSDT status changed: "Connecting" => "Syncing"
2026-08-24 18:50:39.970 +04:00 [INF] Futures order book SKHYNIXUSDT status changed: "Syncing" => "Synced"
2026-08-24 18:50:39.971 +04:00 [INF] Futures book Bitget:SKHYNIXUSDT "Synced"
2026-08-24 18:50:39.972 +04:00 [INF] UsdFutures order book PENGUUSDT status changed: "Disconnected" => "Connecting"
2026-08-24 18:50:40.398 +04:00 [INF] [Sckt 5] subscription 142 completed successfully
2026-08-24 18:50:40.399 +04:00 [INF] UsdFutures order book PENGUUSDT status changed: "Connecting" => "Syncing"
2026-08-24 18:50:40.794 +04:00 [INF] UsdFutures order book PENGUUSDT status changed: "Syncing" => "Synced"
2026-08-24 18:50:40.806 +04:00 [INF] Futures book Binance:PENGUUSDT "Synced"
2026-08-24 18:50:40.837 +04:00 [INF] V5 order book PENGUUSDT status changed: "Disconnected" => "Connecting"
2026-08-24 18:50:41.040 +04:00 [INF] [Sckt 6] subscription 146 completed successfully
2026-08-24 18:50:41.041 +04:00 [INF] V5 order book PENGUUSDT status changed: "Connecting" => "Syncing"
2026-08-24 18:50:41.042 +04:00 [INF] V5 order book PENGUUSDT status changed: "Syncing" => "Synced"
2026-08-24 18:50:41.043 +04:00 [INF] Futures book Bybit:PENGUUSDT "Synced"
2026-08-24 18:50:41.044 +04:00 [INF] Unified order book PENGU-USDT-SWAP status changed: "Disconnected" => "Connecting"
2026-08-24 18:50:41.375 +04:00 [INF] [Sckt 7] subscription 149 completed successfully
2026-08-24 18:50:41.380 +04:00 [INF] Unified order book PENGU-USDT-SWAP status changed: "Connecting" => "Syncing"
2026-08-24 18:50:41.486 +04:00 [INF] Unified order book PENGU-USDT-SWAP status changed: "Syncing" => "Synced"
2026-08-24 18:50:41.487 +04:00 [INF] Futures book OKX:PENGUUSDT "Synced"
2026-08-24 18:50:41.488 +04:00 [INF] Futures order book PENGUUSDT status changed: "Disconnected" => "Connecting"
2026-08-24 18:50:41.822 +04:00 [INF] [Sckt 8] subscription 151 completed successfully
2026-08-24 18:50:41.823 +04:00 [INF] Futures order book PENGUUSDT status changed: "Connecting" => "Syncing"
2026-08-24 18:50:41.867 +04:00 [INF] Futures order book PENGUUSDT status changed: "Syncing" => "Synced"
2026-08-24 18:50:41.868 +04:00 [INF] Futures book Bitget:PENGUUSDT "Synced"
2026-08-24 18:50:41.869 +04:00 [INF] UsdFutures order book ADAUSDT status changed: "Disconnected" => "Connecting"
2026-08-24 18:50:42.300 +04:00 [INF] [Sckt 5] subscription 153 completed successfully
2026-08-24 18:50:42.301 +04:00 [INF] UsdFutures order book ADAUSDT status changed: "Connecting" => "Syncing"
2026-08-24 18:50:42.726 +04:00 [INF] UsdFutures order book ADAUSDT status changed: "Syncing" => "Synced"
2026-08-24 18:50:42.734 +04:00 [INF] Futures book Binance:ADAUSDT "Synced"
2026-08-24 18:50:42.734 +04:00 [INF] V5 order book ADAUSDT status changed: "Disconnected" => "Connecting"
2026-08-24 18:50:42.937 +04:00 [INF] [Sckt 6] subscription 157 completed successfully
2026-08-24 18:50:42.941 +04:00 [INF] V5 order book ADAUSDT status changed: "Connecting" => "Syncing"
2026-08-24 18:50:42.942 +04:00 [INF] V5 order book ADAUSDT status changed: "Syncing" => "Synced"
2026-08-24 18:50:42.943 +04:00 [INF] Futures book Bybit:ADAUSDT "Synced"
2026-08-24 18:50:42.944 +04:00 [INF] Unified order book ADA-USDT-SWAP status changed: "Disconnected" => "Connecting"
2026-08-24 18:50:43.283 +04:00 [INF] [Sckt 7] subscription 160 completed successfully
2026-08-24 18:50:43.284 +04:00 [INF] Unified order book ADA-USDT-SWAP status changed: "Connecting" => "Syncing"
2026-08-24 18:50:43.573 +04:00 [INF] Unified order book ADA-USDT-SWAP status changed: "Syncing" => "Synced"
2026-08-24 18:50:43.575 +04:00 [INF] Futures book OKX:ADAUSDT "Synced"
2026-08-24 18:50:43.579 +04:00 [INF] Futures order book ADAUSDT status changed: "Disconnected" => "Connecting"
2026-08-24 18:50:43.881 +04:00 [INF] [Sckt 8] subscription 163 completed successfully
2026-08-24 18:50:43.883 +04:00 [INF] Futures order book ADAUSDT status changed: "Connecting" => "Syncing"
2026-08-24 18:50:43.884 +04:00 [INF] Futures order book ADAUSDT status changed: "Syncing" => "Synced"
2026-08-24 18:50:43.884 +04:00 [INF] Futures book Bitget:ADAUSDT "Synced"
2026-08-24 18:50:43.887 +04:00 [INF] UsdFutures order book SPCXUSDT status changed: "Disconnected" => "Connecting"
2026-08-24 18:50:44.304 +04:00 [INF] [Sckt 5] subscription 165 completed successfully
2026-08-24 18:50:44.305 +04:00 [INF] UsdFutures order book SPCXUSDT status changed: "Connecting" => "Syncing"
2026-08-24 18:50:44.701 +04:00 [INF] UsdFutures order book SPCXUSDT status changed: "Syncing" => "Synced"
2026-08-24 18:50:44.702 +04:00 [INF] Futures book Binance:SPCXUSDT "Synced"
2026-08-24 18:50:44.703 +04:00 [INF] V5 order book SPCXUSDT status changed: "Disconnected" => "Connecting"
2026-08-24 18:50:44.906 +04:00 [INF] [Sckt 6] subscription 169 completed successfully
2026-08-24 18:50:44.907 +04:00 [INF] V5 order book SPCXUSDT status changed: "Connecting" => "Syncing"
2026-08-24 18:50:44.908 +04:00 [INF] V5 order book SPCXUSDT status changed: "Syncing" => "Synced"
2026-08-24 18:50:44.909 +04:00 [INF] Futures book Bybit:SPCXUSDT "Synced"
2026-08-24 18:50:44.910 +04:00 [INF] Unified order book SPCX-USDT-SWAP status changed: "Disconnected" => "Connecting"
2026-08-24 18:50:45.242 +04:00 [INF] [Sckt 7] subscription 172 completed successfully
2026-08-24 18:50:45.243 +04:00 [INF] Unified order book SPCX-USDT-SWAP status changed: "Connecting" => "Syncing"
2026-08-24 18:50:45.360 +04:00 [INF] Unified order book SPCX-USDT-SWAP status changed: "Syncing" => "Synced"
2026-08-24 18:50:45.364 +04:00 [INF] Futures book OKX:SPCXUSDT "Synced"
2026-08-24 18:50:45.365 +04:00 [INF] Futures order book SPCXUSDT status changed: "Disconnected" => "Connecting"
2026-08-24 18:50:45.663 +04:00 [INF] [Sckt 8] subscription 174 completed successfully
2026-08-24 18:50:45.664 +04:00 [INF] Futures order book SPCXUSDT status changed: "Connecting" => "Syncing"
2026-08-24 18:50:45.665 +04:00 [INF] Futures order book SPCXUSDT status changed: "Syncing" => "Synced"
2026-08-24 18:50:45.666 +04:00 [INF] Futures book Bitget:SPCXUSDT "Synced"
2026-08-24 18:50:45.670 +04:00 [INF] Exchange Binance: 15/15 streams live
2026-08-24 18:50:45.670 +04:00 [INF] Exchange Bybit: 15/15 streams live
2026-08-24 18:50:45.671 +04:00 [INF] Exchange OKX: 15/15 streams live
2026-08-24 18:50:45.672 +04:00 [INF] Exchange Bitget: 15/15 streams live
2026-08-24 18:50:45.674 +04:00 [INF] Futures books: Bitget:SNDKUSDT=Synced; Bybit:SOXLUSDT=Synced; Bitget:SOXLUSDT=Synced; Bitget:ZECUSDT=Synced; OKX:SPCXUSDT=Synced; OKX:SOLUSDT=Synced; Bybit:SPCXUSDT=Synced; Bybit:WLDUSDT=Synced; Bybit:TRUMPUSDT=Synced; Binance:SOLUSDT=Synced; Binance:SUIUSDT=Synced; OKX:PENGUUSDT=Synced; Binance:ZECUSDT=Synced; Binance:SNDKUSDT=Synced; Bitget:TRUMPUSDT=Synced; OKX:SOXLUSDT=Synced; Bybit:SUIUSDT=Synced; Bitget:HYPEUSDT=Synced; Bybit:DOGEUSDT=Synced; Binance:TRUMPUSDT=Synced; Binance:WLDUSDT=Synced; Binance:XAUUSDT=Synced; Binance:DOGEUSDT=Synced; Binance:SPCXUSDT=Synced; Bitget:DOGEUSDT=Synced; OKX:DOGEUSDT=Synced; Bybit:SNDKUSDT=Synced; Binance:ADAUSDT=Synced; Bybit:ENAUSDT=Synced; Bitget:PENGUUSDT=Synced; OKX:ADAUSDT=Synced; Binance:ENAUSDT=Synced; OKX:SNDKUSDT=Synced; OKX:SUIUSDT=Synced; Bitget:SPCXUSDT=Synced; Bybit:ZECUSDT=Synced; Bybit:XAUUSDT=Synced; OKX:ENAUSDT=Synced; Binance:PENGUUSDT=Synced; OKX:XAUUSDT=Synced; OKX:WLDUSDT=Synced; Binance:SOXLUSDT=Synced; Binance:HYPEUSDT=Synced; Bybit:HYPEUSDT=Synced; Bitget:SOLUSDT=Synced; Bybit:ADAUSDT=Synced; Bitget:SKHYNIXUSDT=Synced; OKX:ZECUSDT=Synced; Bybit:PENGUUSDT=Synced; Bybit:SKHYNIXUSDT=Synced; OKX:HYPEUSDT=Synced; OKX:SKHYNIXUSDT=Synced; Bitget:SUIUSDT=Synced; Bitget:ADAUSDT=Synced; Bitget:XAUUSDT=Synced; Bitget:WLDUSDT=Synced; Binance:SKHYNIXUSDT=Synced; Bitget:ENAUSDT=Synced; OKX:TRUMPUSDT=Synced; Bybit:SOLUSDT=Synced
2026-08-24 18:50:48.194 +04:00 [INF] Funding cache refresh for 15 symbols × 3 exchanges (TTL 45m)
2026-08-24 18:50:58.917 +04:00 [INF] Funding cache entries: 45
2026-08-24 18:59:15.536 +04:00 [INF] Paper analytics store: D:\Users\karap\source\repos\ArbitrageBot\ArbitrageBot\data\paper
2026-08-24 18:59:15.563 +04:00 [WRN] LiveTradingGuard boot: enabled=false readOnly=true maxOpen=3 maxNotional=200 dayLimit=-60
2026-08-24 18:59:15.587 +04:00 [INF] Realtime broadcast started (in-memory WS books → SignalR every 900ms; no REST in this loop)
2026-08-24 18:59:15.590 +04:00 [INF] Discovery: public tickers Binance/Bybit/OKX (arb band 8000000–400000000 USDT vol, top 15)
2026-08-24 18:59:16.208 +04:00 [INF] Binance fapi: 692 USDT perps with volume
2026-08-24 18:59:16.775 +04:00 [INF] Bybit linear: 725 USDT perps with volume
2026-08-24 18:59:17.163 +04:00 [INF] OKX SWAP: 434 USDT perps with volume
2026-08-24 18:59:17.797 +04:00 [INF] Bitget USDT-FUTURES: 757 tickers with volume
2026-08-24 18:59:20.753 +04:00 [INF] GateIo USDT futures: 931 tickers with volume
2026-08-24 18:59:21.386 +04:00 [INF] Discovered 15 arb pairs: DOGEUSDT@5ex/197M, ENAUSDT@5ex/190.9M, SUIUSDT@5ex/114.6M, ZECUSDT@5ex/199.4M, TRUMPUSDT@5ex/223.9M, SNDKUSDT@5ex/226.2M, HYPEUSDT@5ex/237.8M, SOLUSDT@5ex/367.8M, WLDUSDT@5ex/48.5M, XAUUSDT@5ex/111.3M, SOXLUSDT@5ex/111.2M, SKHYNIXUSDT@5ex/109.5M, PENGUUSDT@5ex/96M, ADAUSDT@5ex/92.5M, SPCXUSDT@5ex/80.2M
2026-08-24 18:59:21.388 +04:00 [INF] Start | Strategy=FuturesCross | Mode=PAPER | Symbols=DOGEUSDT,ENAUSDT,SUIUSDT,ZECUSDT,TRUMPUSDT,SNDKUSDT,HYPEUSDT,SOLUSDT,WLDUSDT,XAUUSDT,SOXLUSDT,SKHYNIXUSDT,PENGUUSDT,ADAUSDT,SPCXUSDT | Ex=Binance,Bybit,OKX,Bitget
2026-08-24 18:59:21.436 +04:00 [INF] Paper state restored: 0 open, 200 trades in memory, realized=4282.64 from D:\Users\karap\source\repos\ArbitrageBot\ArbitrageBot\data\paper\open-state.json
2026-08-24 18:59:21.480 +04:00 [INF] UsdFutures order book DOGEUSDT status changed: "Disconnected" => "Connecting"
2026-08-24 18:59:23.246 +04:00 [INF] [Sckt 1] subscription 6 completed successfully
2026-08-24 18:59:23.250 +04:00 [INF] UsdFutures order book DOGEUSDT status changed: "Connecting" => "Syncing"
2026-08-24 18:59:23.653 +04:00 [INF] UsdFutures order book DOGEUSDT status changed: "Syncing" => "Synced"
2026-08-24 18:59:23.660 +04:00 [INF] Futures book Binance:DOGEUSDT "Synced"
2026-08-24 18:59:23.666 +04:00 [INF] V5 order book DOGEUSDT status changed: "Disconnected" => "Connecting"
2026-08-24 18:59:24.619 +04:00 [INF] [Sckt 2] subscription 10 completed successfully
2026-08-24 18:59:24.621 +04:00 [INF] V5 order book DOGEUSDT status changed: "Connecting" => "Syncing"
2026-08-24 18:59:24.622 +04:00 [INF] V5 order book DOGEUSDT status changed: "Syncing" => "Synced"
2026-08-24 18:59:24.623 +04:00 [INF] Futures book Bybit:DOGEUSDT "Synced"
2026-08-24 18:59:24.627 +04:00 [INF] Unified order book DOGE-USDT-SWAP status changed: "Disconnected" => "Connecting"
2026-08-24 18:59:26.039 +04:00 [INF] [Sckt 3] subscription 14 completed successfully
2026-08-24 18:59:26.041 +04:00 [INF] Unified order book DOGE-USDT-SWAP status changed: "Connecting" => "Syncing"
2026-08-24 18:59:26.528 +04:00 [INF] Unified order book DOGE-USDT-SWAP status changed: "Syncing" => "Synced"
2026-08-24 18:59:26.530 +04:00 [INF] Futures book OKX:DOGEUSDT "Synced"
2026-08-24 18:59:26.542 +04:00 [INF] Futures order book DOGEUSDT status changed: "Disconnected" => "Connecting"
2026-08-24 18:59:28.050 +04:00 [INF] [Sckt 4] subscription 16 completed successfully
2026-08-24 18:59:28.052 +04:00 [INF] Futures order book DOGEUSDT status changed: "Connecting" => "Syncing"
2026-08-24 18:59:28.115 +04:00 [INF] Futures order book DOGEUSDT status changed: "Syncing" => "Synced"
2026-08-24 18:59:28.116 +04:00 [INF] Futures book Bitget:DOGEUSDT "Synced"
2026-08-24 18:59:28.117 +04:00 [INF] UsdFutures order book ENAUSDT status changed: "Disconnected" => "Connecting"
2026-08-24 18:59:28.537 +04:00 [INF] [Sckt 1] subscription 18 completed successfully
2026-08-24 18:59:28.539 +04:00 [INF] UsdFutures order book ENAUSDT status changed: "Connecting" => "Syncing"
2026-08-24 18:59:28.930 +04:00 [INF] UsdFutures order book ENAUSDT status changed: "Syncing" => "Synced"
2026-08-24 18:59:28.931 +04:00 [INF] Futures book Binance:ENAUSDT "Synced"
2026-08-24 18:59:28.932 +04:00 [INF] V5 order book ENAUSDT status changed: "Disconnected" => "Connecting"
2026-08-24 18:59:29.134 +04:00 [INF] [Sckt 2] subscription 22 completed successfully
2026-08-24 18:59:29.135 +04:00 [INF] V5 order book ENAUSDT status changed: "Connecting" => "Syncing"
2026-08-24 18:59:29.136 +04:00 [INF] V5 order book ENAUSDT status changed: "Syncing" => "Synced"
2026-08-24 18:59:29.137 +04:00 [INF] Futures book Bybit:ENAUSDT "Synced"
2026-08-24 18:59:29.138 +04:00 [INF] Unified order book ENA-USDT-SWAP status changed: "Disconnected" => "Connecting"
2026-08-24 18:59:29.477 +04:00 [INF] [Sckt 3] subscription 25 completed successfully
2026-08-24 18:59:29.478 +04:00 [INF] Unified order book ENA-USDT-SWAP status changed: "Connecting" => "Syncing"
2026-08-24 18:59:29.786 +04:00 [INF] Unified order book ENA-USDT-SWAP status changed: "Syncing" => "Synced"
2026-08-24 18:59:29.787 +04:00 [INF] Futures book OKX:ENAUSDT "Synced"
2026-08-24 18:59:29.788 +04:00 [INF] Futures order book ENAUSDT status changed: "Disconnected" => "Connecting"
2026-08-24 18:59:30.062 +04:00 [INF] [Sckt 4] subscription 27 completed successfully
2026-08-24 18:59:30.064 +04:00 [INF] Futures order book ENAUSDT status changed: "Connecting" => "Syncing"
2026-08-24 18:59:30.065 +04:00 [INF] Futures order book ENAUSDT status changed: "Syncing" => "Synced"
2026-08-24 18:59:30.065 +04:00 [INF] Futures book Bitget:ENAUSDT "Synced"
2026-08-24 18:59:30.066 +04:00 [INF] UsdFutures order book SUIUSDT status changed: "Disconnected" => "Connecting"
2026-08-24 18:59:30.439 +04:00 [INF] [Sckt 1] subscription 29 completed successfully
2026-08-24 18:59:30.440 +04:00 [INF] UsdFutures order book SUIUSDT status changed: "Connecting" => "Syncing"
2026-08-24 18:59:30.823 +04:00 [INF] UsdFutures order book SUIUSDT status changed: "Syncing" => "Synced"
2026-08-24 18:59:30.825 +04:00 [INF] Futures book Binance:SUIUSDT "Synced"
2026-08-24 18:59:30.826 +04:00 [INF] V5 order book SUIUSDT status changed: "Disconnected" => "Connecting"
2026-08-24 18:59:31.026 +04:00 [INF] [Sckt 2] subscription 33 completed successfully
2026-08-24 18:59:31.028 +04:00 [INF] V5 order book SUIUSDT status changed: "Connecting" => "Syncing"
2026-08-24 18:59:31.029 +04:00 [INF] V5 order book SUIUSDT status changed: "Syncing" => "Synced"
2026-08-24 18:59:31.030 +04:00 [INF] Futures book Bybit:SUIUSDT "Synced"
2026-08-24 18:59:31.031 +04:00 [INF] Unified order book SUI-USDT-SWAP status changed: "Disconnected" => "Connecting"
2026-08-24 18:59:31.370 +04:00 [INF] [Sckt 3] subscription 36 completed successfully
2026-08-24 18:59:31.372 +04:00 [INF] Unified order book SUI-USDT-SWAP status changed: "Connecting" => "Syncing"
2026-08-24 18:59:31.608 +04:00 [INF] Unified order book SUI-USDT-SWAP status changed: "Syncing" => "Synced"
2026-08-24 18:59:31.610 +04:00 [INF] Futures book OKX:SUIUSDT "Synced"
2026-08-24 18:59:31.611 +04:00 [INF] Futures order book SUIUSDT status changed: "Disconnected" => "Connecting"
2026-08-24 18:59:31.920 +04:00 [INF] [Sckt 4] subscription 38 completed successfully
2026-08-24 18:59:31.922 +04:00 [INF] Futures order book SUIUSDT status changed: "Connecting" => "Syncing"
2026-08-24 18:59:31.925 +04:00 [INF] Futures order book SUIUSDT status changed: "Syncing" => "Synced"
2026-08-24 18:59:31.927 +04:00 [INF] Futures book Bitget:SUIUSDT "Synced"
2026-08-24 18:59:31.928 +04:00 [INF] UsdFutures order book ZECUSDT status changed: "Disconnected" => "Connecting"
2026-08-24 18:59:32.340 +04:00 [INF] [Sckt 1] subscription 40 completed successfully
2026-08-24 18:59:32.342 +04:00 [INF] UsdFutures order book ZECUSDT status changed: "Connecting" => "Syncing"
2026-08-24 18:59:32.733 +04:00 [INF] UsdFutures order book ZECUSDT status changed: "Syncing" => "Synced"
2026-08-24 18:59:32.734 +04:00 [INF] Futures book Binance:ZECUSDT "Synced"
2026-08-24 18:59:32.735 +04:00 [INF] V5 order book ZECUSDT status changed: "Disconnected" => "Connecting"
2026-08-24 18:59:32.940 +04:00 [INF] [Sckt 2] subscription 44 completed successfully
2026-08-24 18:59:32.941 +04:00 [INF] V5 order book ZECUSDT status changed: "Connecting" => "Syncing"
2026-08-24 18:59:32.942 +04:00 [INF] V5 order book ZECUSDT status changed: "Syncing" => "Synced"
2026-08-24 18:59:32.943 +04:00 [INF] Futures book Bybit:ZECUSDT "Synced"
2026-08-24 18:59:32.943 +04:00 [INF] Unified order book ZEC-USDT-SWAP status changed: "Disconnected" => "Connecting"
2026-08-24 18:59:33.282 +04:00 [INF] [Sckt 3] subscription 47 completed successfully
2026-08-24 18:59:33.284 +04:00 [INF] Unified order book ZEC-USDT-SWAP status changed: "Connecting" => "Syncing"
2026-08-24 18:59:33.347 +04:00 [INF] Unified order book ZEC-USDT-SWAP status changed: "Syncing" => "Synced"
2026-08-24 18:59:33.348 +04:00 [INF] Futures book OKX:ZECUSDT "Synced"
2026-08-24 18:59:33.349 +04:00 [INF] Futures order book ZECUSDT status changed: "Disconnected" => "Connecting"
2026-08-24 18:59:33.634 +04:00 [INF] [Sckt 4] subscription 49 completed successfully
2026-08-24 18:59:33.635 +04:00 [INF] Futures order book ZECUSDT status changed: "Connecting" => "Syncing"
2026-08-24 18:59:33.636 +04:00 [INF] Futures order book ZECUSDT status changed: "Syncing" => "Synced"
2026-08-24 18:59:33.637 +04:00 [INF] Futures book Bitget:ZECUSDT "Synced"
2026-08-24 18:59:33.638 +04:00 [INF] UsdFutures order book TRUMPUSDT status changed: "Disconnected" => "Connecting"
2026-08-24 18:59:34.041 +04:00 [INF] [Sckt 1] subscription 51 completed successfully
2026-08-24 18:59:34.042 +04:00 [INF] UsdFutures order book TRUMPUSDT status changed: "Connecting" => "Syncing"
2026-08-24 18:59:34.511 +04:00 [INF] UsdFutures order book TRUMPUSDT status changed: "Syncing" => "Synced"
2026-08-24 18:59:34.512 +04:00 [INF] Futures book Binance:TRUMPUSDT "Synced"
2026-08-24 18:59:34.513 +04:00 [INF] V5 order book TRUMPUSDT status changed: "Disconnected" => "Connecting"
2026-08-24 18:59:34.719 +04:00 [INF] [Sckt 2] subscription 55 completed successfully
2026-08-24 18:59:34.720 +04:00 [INF] V5 order book TRUMPUSDT status changed: "Connecting" => "Syncing"
2026-08-24 18:59:34.721 +04:00 [INF] V5 order book TRUMPUSDT status changed: "Syncing" => "Synced"
2026-08-24 18:59:34.722 +04:00 [INF] Futures book Bybit:TRUMPUSDT "Synced"
2026-08-24 18:59:34.723 +04:00 [INF] Unified order book TRUMP-USDT-SWAP status changed: "Disconnected" => "Connecting"
2026-08-24 18:59:35.064 +04:00 [INF] [Sckt 3] subscription 58 completed successfully
2026-08-24 18:59:35.065 +04:00 [INF] Unified order book TRUMP-USDT-SWAP status changed: "Connecting" => "Syncing"
2026-08-24 18:59:35.179 +04:00 [INF] Unified order book TRUMP-USDT-SWAP status changed: "Syncing" => "Synced"
2026-08-24 18:59:35.180 +04:00 [INF] Futures book OKX:TRUMPUSDT "Synced"
2026-08-24 18:59:35.181 +04:00 [INF] Futures order book TRUMPUSDT status changed: "Disconnected" => "Connecting"
2026-08-24 18:59:35.449 +04:00 [INF] [Sckt 4] subscription 60 completed successfully
2026-08-24 18:59:35.450 +04:00 [INF] Futures order book TRUMPUSDT status changed: "Connecting" => "Syncing"
2026-08-24 18:59:35.451 +04:00 [INF] Futures order book TRUMPUSDT status changed: "Syncing" => "Synced"
2026-08-24 18:59:35.451 +04:00 [INF] Futures book Bitget:TRUMPUSDT "Synced"
2026-08-24 18:59:35.452 +04:00 [INF] UsdFutures order book SNDKUSDT status changed: "Disconnected" => "Connecting"
2026-08-24 18:59:35.842 +04:00 [INF] [Sckt 1] subscription 62 completed successfully
2026-08-24 18:59:35.843 +04:00 [INF] UsdFutures order book SNDKUSDT status changed: "Connecting" => "Syncing"
2026-08-24 18:59:36.233 +04:00 [INF] UsdFutures order book SNDKUSDT status changed: "Syncing" => "Synced"
2026-08-24 18:59:36.234 +04:00 [INF] Futures book Binance:SNDKUSDT "Synced"
2026-08-24 18:59:36.235 +04:00 [INF] V5 order book SNDKUSDT status changed: "Disconnected" => "Connecting"
2026-08-24 18:59:36.434 +04:00 [INF] [Sckt 2] subscription 66 completed successfully
2026-08-24 18:59:36.435 +04:00 [INF] V5 order book SNDKUSDT status changed: "Connecting" => "Syncing"
2026-08-24 18:59:36.436 +04:00 [INF] V5 order book SNDKUSDT status changed: "Syncing" => "Synced"
2026-08-24 18:59:36.436 +04:00 [INF] Futures book Bybit:SNDKUSDT "Synced"
2026-08-24 18:59:36.437 +04:00 [INF] Unified order book SNDK-USDT-SWAP status changed: "Disconnected" => "Connecting"
2026-08-24 18:59:36.776 +04:00 [INF] [Sckt 3] subscription 69 completed successfully
2026-08-24 18:59:36.796 +04:00 [INF] Unified order book SNDK-USDT-SWAP status changed: "Connecting" => "Syncing"
2026-08-24 18:59:36.940 +04:00 [INF] Unified order book SNDK-USDT-SWAP status changed: "Syncing" => "Synced"
2026-08-24 18:59:36.941 +04:00 [INF] Futures book OKX:SNDKUSDT "Synced"
2026-08-24 18:59:36.943 +04:00 [INF] Futures order book SNDKUSDT status changed: "Disconnected" => "Connecting"
2026-08-24 18:59:37.224 +04:00 [INF] [Sckt 4] subscription 71 completed successfully
2026-08-24 18:59:37.224 +04:00 [INF] Futures order book SNDKUSDT status changed: "Connecting" => "Syncing"
2026-08-24 18:59:37.225 +04:00 [INF] Futures order book SNDKUSDT status changed: "Syncing" => "Synced"
2026-08-24 18:59:37.226 +04:00 [INF] Futures book Bitget:SNDKUSDT "Synced"
2026-08-24 18:59:37.226 +04:00 [INF] UsdFutures order book HYPEUSDT status changed: "Disconnected" => "Connecting"
2026-08-24 18:59:37.648 +04:00 [INF] [Sckt 1] subscription 73 completed successfully
2026-08-24 18:59:37.649 +04:00 [INF] UsdFutures order book HYPEUSDT status changed: "Connecting" => "Syncing"
2026-08-24 18:59:38.038 +04:00 [INF] UsdFutures order book HYPEUSDT status changed: "Syncing" => "Synced"
2026-08-24 18:59:38.039 +04:00 [INF] Futures book Binance:HYPEUSDT "Synced"
2026-08-24 18:59:38.040 +04:00 [INF] V5 order book HYPEUSDT status changed: "Disconnected" => "Connecting"
2026-08-24 18:59:38.240 +04:00 [INF] [Sckt 2] subscription 77 completed successfully
2026-08-24 18:59:38.241 +04:00 [INF] V5 order book HYPEUSDT status changed: "Connecting" => "Syncing"
2026-08-24 18:59:38.242 +04:00 [INF] V5 order book HYPEUSDT status changed: "Syncing" => "Synced"
2026-08-24 18:59:38.243 +04:00 [INF] Futures book Bybit:HYPEUSDT "Synced"
2026-08-24 18:59:38.244 +04:00 [INF] Unified order book HYPE-USDT-SWAP status changed: "Disconnected" => "Connecting"
2026-08-24 18:59:38.583 +04:00 [INF] [Sckt 3] subscription 80 completed successfully
2026-08-24 18:59:38.584 +04:00 [INF] Unified order book HYPE-USDT-SWAP status changed: "Connecting" => "Syncing"
2026-08-24 18:59:38.769 +04:00 [INF] Unified order book HYPE-USDT-SWAP status changed: "Syncing" => "Synced"
2026-08-24 18:59:38.770 +04:00 [INF] Futures book OKX:HYPEUSDT "Synced"
2026-08-24 18:59:38.771 +04:00 [INF] Futures order book HYPEUSDT status changed: "Disconnected" => "Connecting"
2026-08-24 18:59:39.040 +04:00 [INF] [Sckt 4] subscription 82 completed successfully
2026-08-24 18:59:39.041 +04:00 [INF] Futures order book HYPEUSDT status changed: "Connecting" => "Syncing"
2026-08-24 18:59:39.097 +04:00 [INF] Futures order book HYPEUSDT status changed: "Syncing" => "Synced"
2026-08-24 18:59:39.098 +04:00 [INF] Futures book Bitget:HYPEUSDT "Synced"
2026-08-24 18:59:39.099 +04:00 [INF] UsdFutures order book SOLUSDT status changed: "Disconnected" => "Connecting"
2026-08-24 18:59:39.450 +04:00 [INF] [Sckt 1] subscription 84 completed successfully
2026-08-24 18:59:39.452 +04:00 [INF] UsdFutures order book SOLUSDT status changed: "Connecting" => "Syncing"
2026-08-24 18:59:39.835 +04:00 [INF] UsdFutures order book SOLUSDT status changed: "Syncing" => "Synced"
2026-08-24 18:59:39.836 +04:00 [INF] Futures book Binance:SOLUSDT "Synced"
2026-08-24 18:59:39.837 +04:00 [INF] V5 order book SOLUSDT status changed: "Disconnected" => "Connecting"
2026-08-24 18:59:40.037 +04:00 [INF] [Sckt 2] subscription 88 completed successfully
2026-08-24 18:59:40.038 +04:00 [INF] V5 order book SOLUSDT status changed: "Connecting" => "Syncing"
2026-08-24 18:59:40.039 +04:00 [INF] V5 order book SOLUSDT status changed: "Syncing" => "Synced"
2026-08-24 18:59:40.040 +04:00 [INF] Futures book Bybit:SOLUSDT "Synced"
2026-08-24 18:59:40.041 +04:00 [INF] Unified order book SOL-USDT-SWAP status changed: "Disconnected" => "Connecting"
2026-08-24 18:59:40.380 +04:00 [INF] [Sckt 3] subscription 91 completed successfully
2026-08-24 18:59:40.380 +04:00 [INF] Unified order book SOL-USDT-SWAP status changed: "Connecting" => "Syncing"
2026-08-24 18:59:40.553 +04:00 [INF] Unified order book SOL-USDT-SWAP status changed: "Syncing" => "Synced"
2026-08-24 18:59:40.554 +04:00 [INF] Futures book OKX:SOLUSDT "Synced"
2026-08-24 18:59:40.555 +04:00 [INF] Futures order book SOLUSDT status changed: "Disconnected" => "Connecting"
2026-08-24 18:59:40.862 +04:00 [INF] [Sckt 4] subscription 93 completed successfully
2026-08-24 18:59:40.863 +04:00 [INF] Futures order book SOLUSDT status changed: "Connecting" => "Syncing"
2026-08-24 18:59:40.864 +04:00 [INF] Futures order book SOLUSDT status changed: "Syncing" => "Synced"
2026-08-24 18:59:40.865 +04:00 [INF] Futures book Bitget:SOLUSDT "Synced"
2026-08-24 18:59:40.866 +04:00 [INF] UsdFutures order book WLDUSDT status changed: "Disconnected" => "Connecting"
2026-08-24 18:59:41.250 +04:00 [INF] [Sckt 1] subscription 95 completed successfully
2026-08-24 18:59:41.251 +04:00 [INF] UsdFutures order book WLDUSDT status changed: "Connecting" => "Syncing"
2026-08-24 18:59:41.646 +04:00 [INF] UsdFutures order book WLDUSDT status changed: "Syncing" => "Synced"
2026-08-24 18:59:41.648 +04:00 [INF] Futures book Binance:WLDUSDT "Synced"
2026-08-24 18:59:41.649 +04:00 [INF] V5 order book WLDUSDT status changed: "Disconnected" => "Connecting"
2026-08-24 18:59:41.850 +04:00 [INF] [Sckt 2] subscription 99 completed successfully
2026-08-24 18:59:41.851 +04:00 [INF] V5 order book WLDUSDT status changed: "Connecting" => "Syncing"
2026-08-24 18:59:41.852 +04:00 [INF] V5 order book WLDUSDT status changed: "Syncing" => "Synced"
2026-08-24 18:59:41.853 +04:00 [INF] Futures book Bybit:WLDUSDT "Synced"
2026-08-24 18:59:41.854 +04:00 [INF] Unified order book WLD-USDT-SWAP status changed: "Disconnected" => "Connecting"
2026-08-24 18:59:42.200 +04:00 [INF] [Sckt 3] subscription 102 completed successfully
2026-08-24 18:59:42.201 +04:00 [INF] Unified order book WLD-USDT-SWAP status changed: "Connecting" => "Syncing"
2026-08-24 18:59:42.389 +04:00 [INF] Unified order book WLD-USDT-SWAP status changed: "Syncing" => "Synced"
2026-08-24 18:59:42.392 +04:00 [INF] Futures book OKX:WLDUSDT "Synced"
2026-08-24 18:59:42.393 +04:00 [INF] Futures order book WLDUSDT status changed: "Disconnected" => "Connecting"
2026-08-24 18:59:42.662 +04:00 [INF] [Sckt 4] subscription 104 completed successfully
2026-08-24 18:59:42.663 +04:00 [INF] Futures order book WLDUSDT status changed: "Connecting" => "Syncing"
2026-08-24 18:59:42.664 +04:00 [INF] Futures order book WLDUSDT status changed: "Syncing" => "Synced"
2026-08-24 18:59:42.665 +04:00 [INF] Futures book Bitget:WLDUSDT "Synced"
2026-08-24 18:59:42.666 +04:00 [INF] UsdFutures order book XAUUSDT status changed: "Disconnected" => "Connecting"
2026-08-24 18:59:43.052 +04:00 [INF] [Sckt 1] subscription 106 completed successfully
2026-08-24 18:59:43.053 +04:00 [INF] UsdFutures order book XAUUSDT status changed: "Connecting" => "Syncing"
2026-08-24 18:59:43.435 +04:00 [INF] UsdFutures order book XAUUSDT status changed: "Syncing" => "Synced"
2026-08-24 18:59:43.436 +04:00 [INF] Futures book Binance:XAUUSDT "Synced"
2026-08-24 18:59:43.438 +04:00 [INF] V5 order book XAUUSDT status changed: "Disconnected" => "Connecting"
2026-08-24 18:59:43.639 +04:00 [INF] [Sckt 2] subscription 110 completed successfully
2026-08-24 18:59:43.640 +04:00 [INF] V5 order book XAUUSDT status changed: "Connecting" => "Syncing"
2026-08-24 18:59:43.641 +04:00 [INF] V5 order book XAUUSDT status changed: "Syncing" => "Synced"
2026-08-24 18:59:43.642 +04:00 [INF] Futures book Bybit:XAUUSDT "Synced"
2026-08-24 18:59:43.643 +04:00 [INF] Unified order book XAU-USDT-SWAP status changed: "Disconnected" => "Connecting"
2026-08-24 18:59:43.985 +04:00 [INF] [Sckt 3] subscription 113 completed successfully
2026-08-24 19:00:34.673 +04:00 [INF] OKX balances OK via Live, assets=2
2026-08-24 19:00:53.369 +04:00 [INF] OKX balances OK via Live, assets=2
2026-08-24 19:02:07.525 +04:00 [INF] Unified order book XAU-USDT-SWAP status changed: "Connecting" => "Syncing"
2026-08-24 19:02:07.530 +04:00 [INF] Unified order book XAU-USDT-SWAP status changed: "Syncing" => "Synced"
2026-08-24 19:02:07.531 +04:00 [INF] Futures book OKX:XAUUSDT "Synced"
2026-08-24 19:02:07.532 +04:00 [INF] Futures order book XAUUSDT status changed: "Disconnected" => "Connecting"
2026-08-24 19:02:07.829 +04:00 [INF] [Sckt 4] subscription 160 completed successfully
2026-08-24 19:02:07.830 +04:00 [INF] Futures order book XAUUSDT status changed: "Connecting" => "Syncing"
2026-08-24 19:02:07.874 +04:00 [INF] Futures order book XAUUSDT status changed: "Syncing" => "Synced"
2026-08-24 19:02:07.876 +04:00 [INF] Futures book Bitget:XAUUSDT "Synced"
2026-08-24 19:02:07.877 +04:00 [INF] UsdFutures order book SOXLUSDT status changed: "Disconnected" => "Connecting"
2026-08-24 19:02:09.530 +04:00 [INF] [Sckt 5] subscription 170 completed successfully
2026-08-24 19:02:09.531 +04:00 [INF] UsdFutures order book SOXLUSDT status changed: "Connecting" => "Syncing"
2026-08-24 19:02:09.992 +04:00 [INF] UsdFutures order book SOXLUSDT status changed: "Syncing" => "Synced"
2026-08-24 19:02:09.993 +04:00 [INF] Futures book Binance:SOXLUSDT "Synced"
2026-08-24 19:02:09.995 +04:00 [INF] V5 order book SOXLUSDT status changed: "Disconnected" => "Connecting"
2026-08-24 19:02:11.039 +04:00 [INF] [Sckt 6] subscription 174 completed successfully
2026-08-24 19:02:11.040 +04:00 [INF] V5 order book SOXLUSDT status changed: "Connecting" => "Syncing"
2026-08-24 19:02:11.041 +04:00 [INF] V5 order book SOXLUSDT status changed: "Syncing" => "Synced"
2026-08-24 19:02:11.042 +04:00 [INF] Futures book Bybit:SOXLUSDT "Synced"
2026-08-24 19:02:11.043 +04:00 [INF] Unified order book SOXL-USDT-SWAP status changed: "Disconnected" => "Connecting"
2026-08-24 19:02:12.352 +04:00 [INF] [Sckt 7] subscription 177 completed successfully
2026-08-24 19:02:12.353 +04:00 [INF] Unified order book SOXL-USDT-SWAP status changed: "Connecting" => "Syncing"
2026-08-24 19:02:12.954 +04:00 [INF] Unified order book SOXL-USDT-SWAP status changed: "Syncing" => "Synced"
2026-08-24 19:02:12.955 +04:00 [INF] Futures book OKX:SOXLUSDT "Synced"
2026-08-24 19:02:12.957 +04:00 [INF] Futures order book SOXLUSDT status changed: "Disconnected" => "Connecting"
2026-08-24 19:02:14.375 +04:00 [INF] [Sckt 8] subscription 179 completed successfully
2026-08-24 19:02:14.376 +04:00 [INF] Futures order book SOXLUSDT status changed: "Connecting" => "Syncing"
2026-08-24 19:02:14.377 +04:00 [INF] Futures order book SOXLUSDT status changed: "Syncing" => "Synced"
2026-08-24 19:02:14.378 +04:00 [INF] Futures book Bitget:SOXLUSDT "Synced"
2026-08-24 19:02:14.379 +04:00 [INF] UsdFutures order book SKHYNIXUSDT status changed: "Disconnected" => "Connecting"
2026-08-24 19:02:14.736 +04:00 [INF] [Sckt 5] subscription 181 completed successfully
2026-08-24 19:02:14.737 +04:00 [INF] UsdFutures order book SKHYNIXUSDT status changed: "Connecting" => "Syncing"
2026-08-24 19:02:15.119 +04:00 [INF] UsdFutures order book SKHYNIXUSDT status changed: "Syncing" => "Synced"
2026-08-24 19:02:15.120 +04:00 [INF] Futures book Binance:SKHYNIXUSDT "Synced"
2026-08-24 19:02:15.121 +04:00 [INF] V5 order book SKHYNIXUSDT status changed: "Disconnected" => "Connecting"
2026-08-24 19:02:15.361 +04:00 [INF] [Sckt 6] subscription 185 completed successfully
2026-08-24 19:02:15.362 +04:00 [INF] V5 order book SKHYNIXUSDT status changed: "Connecting" => "Syncing"
2026-08-24 19:02:15.363 +04:00 [INF] V5 order book SKHYNIXUSDT status changed: "Syncing" => "Synced"
2026-08-24 19:02:15.364 +04:00 [INF] Futures book Bybit:SKHYNIXUSDT "Synced"
2026-08-24 19:02:15.365 +04:00 [INF] Unified order book SKHYNIX-USDT-SWAP status changed: "Disconnected" => "Connecting"
2026-08-24 19:02:15.686 +04:00 [INF] [Sckt 7] subscription 188 completed successfully
2026-08-24 19:02:15.688 +04:00 [INF] Unified order book SKHYNIX-USDT-SWAP status changed: "Connecting" => "Syncing"
2026-08-24 19:02:15.944 +04:00 [INF] Unified order book SKHYNIX-USDT-SWAP status changed: "Syncing" => "Synced"
2026-08-24 19:02:15.945 +04:00 [INF] Futures book OKX:SKHYNIXUSDT "Synced"
2026-08-24 19:02:15.947 +04:00 [INF] Futures order book SKHYNIXUSDT status changed: "Disconnected" => "Connecting"
2026-08-24 19:02:16.231 +04:00 [INF] [Sckt 8] subscription 190 completed successfully
2026-08-24 19:02:16.232 +04:00 [INF] Futures order book SKHYNIXUSDT status changed: "Connecting" => "Syncing"
2026-08-24 19:02:16.284 +04:00 [INF] Futures order book SKHYNIXUSDT status changed: "Syncing" => "Synced"
2026-08-24 19:02:16.286 +04:00 [INF] Futures book Bitget:SKHYNIXUSDT "Synced"
2026-08-24 19:02:16.287 +04:00 [INF] UsdFutures order book PENGUUSDT status changed: "Disconnected" => "Connecting"
2026-08-24 19:02:16.639 +04:00 [INF] [Sckt 5] subscription 192 completed successfully
2026-08-24 19:02:16.640 +04:00 [INF] UsdFutures order book PENGUUSDT status changed: "Connecting" => "Syncing"
2026-08-24 19:02:17.020 +04:00 [INF] UsdFutures order book PENGUUSDT status changed: "Syncing" => "Synced"
2026-08-24 19:02:17.022 +04:00 [INF] Futures book Binance:PENGUUSDT "Synced"
2026-08-24 19:02:17.023 +04:00 [INF] V5 order book PENGUUSDT status changed: "Disconnected" => "Connecting"
2026-08-24 19:02:17.269 +04:00 [INF] [Sckt 6] subscription 196 completed successfully
2026-08-24 19:02:17.287 +04:00 [INF] V5 order book PENGUUSDT status changed: "Connecting" => "Syncing"
2026-08-24 19:02:17.288 +04:00 [INF] V5 order book PENGUUSDT status changed: "Syncing" => "Synced"
2026-08-24 19:02:17.290 +04:00 [INF] Futures book Bybit:PENGUUSDT "Synced"
2026-08-24 19:02:17.291 +04:00 [INF] Unified order book PENGU-USDT-SWAP status changed: "Disconnected" => "Connecting"
2026-08-24 19:02:17.625 +04:00 [INF] [Sckt 7] subscription 199 completed successfully
2026-08-24 19:02:17.627 +04:00 [INF] Unified order book PENGU-USDT-SWAP status changed: "Connecting" => "Syncing"
2026-08-24 19:02:17.732 +04:00 [INF] Unified order book PENGU-USDT-SWAP status changed: "Syncing" => "Synced"
2026-08-24 19:02:17.737 +04:00 [INF] Futures book OKX:PENGUUSDT "Synced"
2026-08-24 19:02:17.738 +04:00 [INF] Futures order book PENGUUSDT status changed: "Disconnected" => "Connecting"
2026-08-24 19:02:18.021 +04:00 [INF] [Sckt 8] subscription 201 completed successfully
2026-08-24 19:02:18.022 +04:00 [INF] Futures order book PENGUUSDT status changed: "Connecting" => "Syncing"
2026-08-24 19:02:18.024 +04:00 [INF] Futures order book PENGUUSDT status changed: "Syncing" => "Synced"
2026-08-24 19:02:18.026 +04:00 [INF] Futures book Bitget:PENGUUSDT "Synced"
2026-08-24 19:02:18.027 +04:00 [INF] UsdFutures order book ADAUSDT status changed: "Disconnected" => "Connecting"
2026-08-24 19:02:18.441 +04:00 [INF] [Sckt 5] subscription 203 completed successfully
2026-08-24 19:02:18.442 +04:00 [INF] UsdFutures order book ADAUSDT status changed: "Connecting" => "Syncing"
2026-08-24 19:02:18.825 +04:00 [INF] UsdFutures order book ADAUSDT status changed: "Syncing" => "Synced"
2026-08-24 19:02:18.827 +04:00 [INF] Futures book Binance:ADAUSDT "Synced"
2026-08-24 19:02:18.829 +04:00 [INF] V5 order book ADAUSDT status changed: "Disconnected" => "Connecting"
2026-08-24 19:02:19.069 +04:00 [INF] [Sckt 6] subscription 207 completed successfully
2026-08-24 19:02:19.070 +04:00 [INF] V5 order book ADAUSDT status changed: "Connecting" => "Syncing"
2026-08-24 19:02:19.071 +04:00 [INF] V5 order book ADAUSDT status changed: "Syncing" => "Synced"
2026-08-24 19:02:19.073 +04:00 [INF] Futures book Bybit:ADAUSDT "Synced"
2026-08-24 19:02:19.074 +04:00 [INF] Unified order book ADA-USDT-SWAP status changed: "Disconnected" => "Connecting"
2026-08-24 19:02:19.399 +04:00 [INF] [Sckt 7] subscription 210 completed successfully
2026-08-24 19:02:19.400 +04:00 [INF] Unified order book ADA-USDT-SWAP status changed: "Connecting" => "Syncing"
2026-08-24 19:02:19.574 +04:00 [INF] Unified order book ADA-USDT-SWAP status changed: "Syncing" => "Synced"
2026-08-24 19:02:19.576 +04:00 [INF] Futures book OKX:ADAUSDT "Synced"
2026-08-24 19:02:19.576 +04:00 [INF] Futures order book ADAUSDT status changed: "Disconnected" => "Connecting"
2026-08-24 19:02:19.859 +04:00 [INF] [Sckt 8] subscription 212 completed successfully
2026-08-24 19:02:19.866 +04:00 [INF] Futures order book ADAUSDT status changed: "Connecting" => "Syncing"
2026-08-24 19:02:19.870 +04:00 [INF] Futures order book ADAUSDT status changed: "Syncing" => "Synced"
2026-08-24 19:02:19.871 +04:00 [INF] Futures book Bitget:ADAUSDT "Synced"
2026-08-24 19:02:20.070 +04:00 [INF] UsdFutures order book SPCXUSDT status changed: "Disconnected" => "Connecting"
2026-08-24 19:02:20.653 +04:00 [INF] [Sckt 5] subscription 214 completed successfully
2026-08-24 19:02:20.681 +04:00 [INF] UsdFutures order book SPCXUSDT status changed: "Connecting" => "Syncing"
2026-08-24 19:02:21.445 +04:00 [INF] UsdFutures order book SPCXUSDT status changed: "Syncing" => "Synced"
2026-08-24 19:02:21.447 +04:00 [INF] Futures book Binance:SPCXUSDT "Synced"
2026-08-24 19:02:21.447 +04:00 [INF] V5 order book SPCXUSDT status changed: "Disconnected" => "Connecting"
2026-08-24 19:02:21.721 +04:00 [INF] [Sckt 6] subscription 218 completed successfully
2026-08-24 19:02:21.722 +04:00 [INF] V5 order book SPCXUSDT status changed: "Connecting" => "Syncing"
2026-08-24 19:02:21.724 +04:00 [INF] V5 order book SPCXUSDT status changed: "Syncing" => "Synced"
2026-08-24 19:02:21.725 +04:00 [INF] Futures book Bybit:SPCXUSDT "Synced"
2026-08-24 19:02:21.726 +04:00 [INF] Unified order book SPCX-USDT-SWAP status changed: "Disconnected" => "Connecting"
2026-08-24 19:02:22.080 +04:00 [INF] [Sckt 7] subscription 221 completed successfully
2026-08-24 19:02:22.081 +04:00 [INF] Unified order book SPCX-USDT-SWAP status changed: "Connecting" => "Syncing"
2026-08-24 19:02:22.245 +04:00 [INF] Unified order book SPCX-USDT-SWAP status changed: "Syncing" => "Synced"
2026-08-24 19:02:22.247 +04:00 [INF] Futures book OKX:SPCXUSDT "Synced"
2026-08-24 19:02:22.251 +04:00 [INF] Futures order book SPCXUSDT status changed: "Disconnected" => "Connecting"
2026-08-24 19:02:22.532 +04:00 [INF] [Sckt 8] subscription 223 completed successfully
2026-08-24 19:02:22.535 +04:00 [INF] Futures order book SPCXUSDT status changed: "Connecting" => "Syncing"
2026-08-24 19:02:22.536 +04:00 [INF] Futures order book SPCXUSDT status changed: "Syncing" => "Synced"
2026-08-24 19:02:22.538 +04:00 [INF] Futures book Bitget:SPCXUSDT "Synced"
2026-08-24 19:02:22.542 +04:00 [INF] Exchange Binance: 15/15 streams live
2026-08-24 19:02:22.543 +04:00 [INF] Exchange Bybit: 15/15 streams live
2026-08-24 19:02:22.546 +04:00 [INF] Exchange OKX: 15/15 streams live
2026-08-24 19:02:22.547 +04:00 [INF] Exchange Bitget: 15/15 streams live
2026-08-24 19:02:22.549 +04:00 [INF] Futures books: Bitget:SNDKUSDT=Synced; Bybit:SOXLUSDT=Synced; Bitget:SOXLUSDT=Synced; Bitget:ZECUSDT=Synced; OKX:SPCXUSDT=Synced; OKX:SOLUSDT=Synced; Bybit:SPCXUSDT=Synced; Bybit:WLDUSDT=Synced; Bybit:TRUMPUSDT=Synced; Binance:SOLUSDT=Synced; Binance:SUIUSDT=Synced; OKX:PENGUUSDT=Synced; Binance:ZECUSDT=Synced; Binance:SNDKUSDT=Synced; Bitget:TRUMPUSDT=Synced; OKX:SOXLUSDT=Synced; Bybit:SUIUSDT=Synced; Bitget:HYPEUSDT=Synced; Bybit:DOGEUSDT=Synced; Binance:TRUMPUSDT=Synced; Binance:WLDUSDT=Synced; Binance:XAUUSDT=Synced; Binance:DOGEUSDT=Synced; Binance:SPCXUSDT=Synced; Bitget:DOGEUSDT=Synced; OKX:DOGEUSDT=Synced; Bybit:SNDKUSDT=Synced; Binance:ADAUSDT=Synced; Bybit:ENAUSDT=Synced; Bitget:PENGUUSDT=Synced; OKX:ADAUSDT=Synced; Binance:ENAUSDT=Synced; OKX:SNDKUSDT=Synced; OKX:SUIUSDT=Synced; Bitget:SPCXUSDT=Synced; Bybit:ZECUSDT=Synced; Bybit:XAUUSDT=Synced; OKX:ENAUSDT=Synced; Binance:PENGUUSDT=Synced; OKX:XAUUSDT=Synced; OKX:WLDUSDT=Synced; Binance:SOXLUSDT=Synced; Binance:HYPEUSDT=Synced; Bybit:HYPEUSDT=Synced; Bitget:SOLUSDT=Synced; Bybit:ADAUSDT=Synced; Bitget:SKHYNIXUSDT=Synced; OKX:ZECUSDT=Synced; Bybit:PENGUUSDT=Synced; Bybit:SKHYNIXUSDT=Synced; OKX:HYPEUSDT=Synced; OKX:SKHYNIXUSDT=Synced; Bitget:SUIUSDT=Synced; Bitget:ADAUSDT=Synced; Bitget:XAUUSDT=Synced; Bitget:WLDUSDT=Synced; Binance:SKHYNIXUSDT=Synced; Bitget:ENAUSDT=Synced; OKX:TRUMPUSDT=Synced; Bybit:SOLUSDT=Synced
2026-08-24 19:02:25.058 +04:00 [INF] Funding cache refresh for 15 symbols × 3 exchanges (TTL 45m)
2026-08-24 19:02:36.294 +04:00 [INF] Funding cache entries: 45
2026-08-24 19:14:34.347 +04:00 [INF] Paper analytics store: D:\Users\karap\source\repos\ArbitrageBot\ArbitrageBot\data\paper
2026-08-24 19:14:34.376 +04:00 [WRN] LiveTradingGuard boot: enabled=false readOnly=true maxOpen=3 maxNotional=200 dayLimit=-60
2026-08-24 19:14:34.404 +04:00 [INF] Realtime broadcast started (in-memory WS books → SignalR every 900ms; no REST in this loop)
2026-08-24 19:14:34.407 +04:00 [INF] Discovery: public tickers Binance/Bybit/OKX (arb band 8000000–400000000 USDT vol, top 15)
2026-08-24 19:14:35.043 +04:00 [INF] Binance fapi: 692 USDT perps with volume
2026-08-24 19:14:35.650 +04:00 [INF] Bybit linear: 725 USDT perps with volume
2026-08-24 19:14:36.030 +04:00 [INF] OKX SWAP: 434 USDT perps with volume
2026-08-24 19:14:36.511 +04:00 [INF] Bitget USDT-FUTURES: 757 tickers with volume
2026-08-24 19:14:39.813 +04:00 [INF] GateIo USDT futures: 931 tickers with volume
2026-08-24 19:14:40.784 +04:00 [INF] Discovered 15 arb pairs: DOGEUSDT@5ex/195M, ENAUSDT@5ex/188.8M, SUIUSDT@5ex/113.4M, ZECUSDT@5ex/197.4M, TRUMPUSDT@5ex/219.5M, SNDKUSDT@5ex/230.3M, HYPEUSDT@5ex/237.3M, SOLUSDT@5ex/363.1M, WLDUSDT@5ex/48.9M, SOXLUSDT@5ex/113.3M, XAUUSDT@5ex/112.4M, SKHYNIXUSDT@5ex/110M, PENGUUSDT@5ex/95.7M, ADAUSDT@5ex/91.2M, SPCXUSDT@5ex/82.7M
2026-08-24 19:14:40.787 +04:00 [INF] Start | Strategy=FuturesCross | Mode=PAPER | Symbols=DOGEUSDT,ENAUSDT,SUIUSDT,ZECUSDT,TRUMPUSDT,SNDKUSDT,HYPEUSDT,SOLUSDT,WLDUSDT,SOXLUSDT,XAUUSDT,SKHYNIXUSDT,PENGUUSDT,ADAUSDT,SPCXUSDT | Ex=Binance,Bybit,OKX,Bitget
2026-08-24 19:14:40.824 +04:00 [INF] Paper state restored: 0 open, 200 trades in memory, realized=4282.64 from D:\Users\karap\source\repos\ArbitrageBot\ArbitrageBot\data\paper\open-state.json
2026-08-24 19:14:40.866 +04:00 [INF] UsdFutures order book DOGEUSDT status changed: "Disconnected" => "Connecting"
2026-08-24 19:14:42.639 +04:00 [INF] [Sckt 1] subscription 6 completed successfully
2026-08-24 19:14:42.644 +04:00 [INF] UsdFutures order book DOGEUSDT status changed: "Connecting" => "Syncing"
2026-08-24 19:14:43.031 +04:00 [INF] UsdFutures order book DOGEUSDT status changed: "Syncing" => "Synced"
2026-08-24 19:14:43.039 +04:00 [INF] Futures book Binance:DOGEUSDT "Synced"
2026-08-24 19:14:43.045 +04:00 [INF] V5 order book DOGEUSDT status changed: "Disconnected" => "Connecting"
2026-08-24 19:14:44.280 +04:00 [INF] [Sckt 2] subscription 10 completed successfully
2026-08-24 19:14:44.283 +04:00 [INF] V5 order book DOGEUSDT status changed: "Connecting" => "Syncing"
2026-08-24 19:14:44.285 +04:00 [INF] V5 order book DOGEUSDT status changed: "Syncing" => "Synced"
2026-08-24 19:14:44.286 +04:00 [INF] Futures book Bybit:DOGEUSDT "Synced"
2026-08-24 19:14:44.291 +04:00 [INF] Unified order book DOGE-USDT-SWAP status changed: "Disconnected" => "Connecting"
2026-08-24 19:14:45.730 +04:00 [INF] [Sckt 3] subscription 14 completed successfully
2026-08-24 19:14:45.732 +04:00 [INF] Unified order book DOGE-USDT-SWAP status changed: "Connecting" => "Syncing"
2026-08-24 19:14:46.272 +04:00 [INF] Unified order book DOGE-USDT-SWAP status changed: "Syncing" => "Synced"
2026-08-24 19:14:46.273 +04:00 [INF] Futures book OKX:DOGEUSDT "Synced"
2026-08-24 19:14:46.287 +04:00 [INF] Futures order book DOGEUSDT status changed: "Disconnected" => "Connecting"
2026-08-24 19:14:47.861 +04:00 [INF] [Sckt 4] subscription 16 completed successfully
2026-08-24 19:14:47.865 +04:00 [INF] Futures order book DOGEUSDT status changed: "Connecting" => "Syncing"
2026-08-24 19:14:47.925 +04:00 [INF] Futures order book DOGEUSDT status changed: "Syncing" => "Synced"
2026-08-24 19:14:47.926 +04:00 [INF] Futures book Bitget:DOGEUSDT "Synced"
2026-08-24 19:14:47.928 +04:00 [INF] UsdFutures order book ENAUSDT status changed: "Disconnected" => "Connecting"
2026-08-24 19:14:48.333 +04:00 [INF] [Sckt 1] subscription 18 completed successfully
2026-08-24 19:14:48.339 +04:00 [INF] UsdFutures order book ENAUSDT status changed: "Connecting" => "Syncing"
2026-08-24 19:14:48.719 +04:00 [INF] UsdFutures order book ENAUSDT status changed: "Syncing" => "Synced"
2026-08-24 19:14:48.720 +04:00 [INF] Futures book Binance:ENAUSDT "Synced"
2026-08-24 19:14:48.721 +04:00 [INF] V5 order book ENAUSDT status changed: "Disconnected" => "Connecting"
2026-08-24 19:14:48.923 +04:00 [INF] [Sckt 2] subscription 22 completed successfully
2026-08-24 19:14:48.924 +04:00 [INF] V5 order book ENAUSDT status changed: "Connecting" => "Syncing"
2026-08-24 19:14:48.926 +04:00 [INF] V5 order book ENAUSDT status changed: "Syncing" => "Synced"
2026-08-24 19:14:48.927 +04:00 [INF] Futures book Bybit:ENAUSDT "Synced"
2026-08-24 19:14:48.927 +04:00 [INF] Unified order book ENA-USDT-SWAP status changed: "Disconnected" => "Connecting"
2026-08-24 19:14:49.246 +04:00 [INF] [Sckt 3] subscription 25 completed successfully
2026-08-24 19:14:49.247 +04:00 [INF] Unified order book ENA-USDT-SWAP status changed: "Connecting" => "Syncing"
2026-08-24 19:14:49.565 +04:00 [INF] Unified order book ENA-USDT-SWAP status changed: "Syncing" => "Synced"
2026-08-24 19:14:49.567 +04:00 [INF] Futures book OKX:ENAUSDT "Synced"
2026-08-24 19:14:49.568 +04:00 [INF] Futures order book ENAUSDT status changed: "Disconnected" => "Connecting"
2026-08-24 19:14:49.919 +04:00 [INF] [Sckt 4] subscription 27 completed successfully
2026-08-24 19:14:49.932 +04:00 [INF] Futures order book ENAUSDT status changed: "Connecting" => "Syncing"
2026-08-24 19:14:49.938 +04:00 [INF] Futures order book ENAUSDT status changed: "Syncing" => "Synced"
2026-08-24 19:14:49.941 +04:00 [INF] Futures book Bitget:ENAUSDT "Synced"
2026-08-24 19:14:49.942 +04:00 [INF] UsdFutures order book SUIUSDT status changed: "Disconnected" => "Connecting"
2026-08-24 19:14:50.684 +04:00 [INF] [Sckt 1] subscription 29 completed successfully
2026-08-24 19:14:50.686 +04:00 [INF] UsdFutures order book SUIUSDT status changed: "Connecting" => "Syncing"
2026-08-24 19:14:51.063 +04:00 [INF] UsdFutures order book SUIUSDT status changed: "Syncing" => "Synced"
2026-08-24 19:14:51.065 +04:00 [INF] Futures book Binance:SUIUSDT "Synced"
2026-08-24 19:14:51.067 +04:00 [INF] V5 order book SUIUSDT status changed: "Disconnected" => "Connecting"
2026-08-24 19:14:51.266 +04:00 [INF] [Sckt 2] subscription 33 completed successfully
2026-08-24 19:14:51.266 +04:00 [INF] V5 order book SUIUSDT status changed: "Connecting" => "Syncing"
2026-08-24 19:14:51.267 +04:00 [INF] V5 order book SUIUSDT status changed: "Syncing" => "Synced"
2026-08-24 19:14:51.268 +04:00 [INF] Futures book Bybit:SUIUSDT "Synced"
2026-08-24 19:14:51.269 +04:00 [INF] Unified order book SUI-USDT-SWAP status changed: "Disconnected" => "Connecting"
2026-08-24 19:14:51.587 +04:00 [INF] [Sckt 3] subscription 36 completed successfully
2026-08-24 19:14:51.588 +04:00 [INF] Unified order book SUI-USDT-SWAP status changed: "Connecting" => "Syncing"
2026-08-24 19:14:51.653 +04:00 [INF] Unified order book SUI-USDT-SWAP status changed: "Syncing" => "Synced"
2026-08-24 19:14:51.654 +04:00 [INF] Futures book OKX:SUIUSDT "Synced"
2026-08-24 19:14:51.655 +04:00 [INF] Futures order book SUIUSDT status changed: "Disconnected" => "Connecting"
2026-08-24 19:14:52.004 +04:00 [INF] [Sckt 4] subscription 38 completed successfully
2026-08-24 19:14:52.006 +04:00 [INF] Futures order book SUIUSDT status changed: "Connecting" => "Syncing"
2026-08-24 19:14:52.007 +04:00 [INF] Futures order book SUIUSDT status changed: "Syncing" => "Synced"
2026-08-24 19:14:52.007 +04:00 [INF] Futures book Bitget:SUIUSDT "Synced"
2026-08-24 19:14:52.008 +04:00 [INF] UsdFutures order book ZECUSDT status changed: "Disconnected" => "Connecting"
2026-08-24 19:14:52.436 +04:00 [INF] [Sckt 1] subscription 40 completed successfully
2026-08-24 19:14:52.437 +04:00 [INF] UsdFutures order book ZECUSDT status changed: "Connecting" => "Syncing"
2026-08-24 19:14:52.819 +04:00 [INF] UsdFutures order book ZECUSDT status changed: "Syncing" => "Synced"
2026-08-24 19:14:52.820 +04:00 [INF] Futures book Binance:ZECUSDT "Synced"
2026-08-24 19:14:52.820 +04:00 [INF] V5 order book ZECUSDT status changed: "Disconnected" => "Connecting"
2026-08-24 19:14:53.020 +04:00 [INF] [Sckt 2] subscription 44 completed successfully
2026-08-24 19:14:53.021 +04:00 [INF] V5 order book ZECUSDT status changed: "Connecting" => "Syncing"
2026-08-24 19:14:53.022 +04:00 [INF] V5 order book ZECUSDT status changed: "Syncing" => "Synced"
2026-08-24 19:14:53.022 +04:00 [INF] Futures book Bybit:ZECUSDT "Synced"
2026-08-24 19:14:53.023 +04:00 [INF] Unified order book ZEC-USDT-SWAP status changed: "Disconnected" => "Connecting"
2026-08-24 19:14:53.342 +04:00 [INF] [Sckt 3] subscription 47 completed successfully
2026-08-24 19:14:53.345 +04:00 [INF] Unified order book ZEC-USDT-SWAP status changed: "Connecting" => "Syncing"
2026-08-24 19:14:53.454 +04:00 [INF] Unified order book ZEC-USDT-SWAP status changed: "Syncing" => "Synced"
2026-08-24 19:14:53.456 +04:00 [INF] Futures book OKX:ZECUSDT "Synced"
2026-08-24 19:14:53.457 +04:00 [INF] Futures order book ZECUSDT status changed: "Disconnected" => "Connecting"
2026-08-24 19:14:53.742 +04:00 [INF] [Sckt 4] subscription 49 completed successfully
2026-08-24 19:14:53.744 +04:00 [INF] Futures order book ZECUSDT status changed: "Connecting" => "Syncing"
2026-08-24 19:14:53.746 +04:00 [INF] Futures order book ZECUSDT status changed: "Syncing" => "Synced"
2026-08-24 19:14:53.748 +04:00 [INF] Futures book Bitget:ZECUSDT "Synced"
2026-08-24 19:14:53.753 +04:00 [INF] UsdFutures order book TRUMPUSDT status changed: "Disconnected" => "Connecting"
2026-08-24 19:14:54.137 +04:00 [INF] [Sckt 1] subscription 51 completed successfully
2026-08-24 19:14:54.138 +04:00 [INF] UsdFutures order book TRUMPUSDT status changed: "Connecting" => "Syncing"
2026-08-24 19:14:54.565 +04:00 [INF] UsdFutures order book TRUMPUSDT status changed: "Syncing" => "Synced"
2026-08-24 19:14:54.566 +04:00 [INF] Futures book Binance:TRUMPUSDT "Synced"
2026-08-24 19:14:54.567 +04:00 [INF] V5 order book TRUMPUSDT status changed: "Disconnected" => "Connecting"
2026-08-24 19:14:54.767 +04:00 [INF] [Sckt 2] subscription 55 completed successfully
2026-08-24 19:14:54.767 +04:00 [INF] V5 order book TRUMPUSDT status changed: "Connecting" => "Syncing"
2026-08-24 19:14:54.768 +04:00 [INF] V5 order book TRUMPUSDT status changed: "Syncing" => "Synced"
2026-08-24 19:14:54.770 +04:00 [INF] Futures book Bybit:TRUMPUSDT "Synced"
2026-08-24 19:14:54.770 +04:00 [INF] Unified order book TRUMP-USDT-SWAP status changed: "Disconnected" => "Connecting"
2026-08-24 19:14:55.088 +04:00 [INF] [Sckt 3] subscription 58 completed successfully
2026-08-24 19:14:55.089 +04:00 [INF] Unified order book TRUMP-USDT-SWAP status changed: "Connecting" => "Syncing"
2026-08-24 19:14:55.264 +04:00 [INF] Unified order book TRUMP-USDT-SWAP status changed: "Syncing" => "Synced"
2026-08-24 19:14:55.266 +04:00 [INF] Futures book OKX:TRUMPUSDT "Synced"
2026-08-24 19:14:55.267 +04:00 [INF] Futures order book TRUMPUSDT status changed: "Disconnected" => "Connecting"
2026-08-24 19:14:55.541 +04:00 [INF] [Sckt 4] subscription 60 completed successfully
2026-08-24 19:14:55.543 +04:00 [INF] Futures order book TRUMPUSDT status changed: "Connecting" => "Syncing"
2026-08-24 19:14:55.545 +04:00 [INF] Futures order book TRUMPUSDT status changed: "Syncing" => "Synced"
2026-08-24 19:14:55.547 +04:00 [INF] Futures book Bitget:TRUMPUSDT "Synced"
2026-08-24 19:14:55.548 +04:00 [INF] UsdFutures order book SNDKUSDT status changed: "Disconnected" => "Connecting"
2026-08-24 19:14:55.966 +04:00 [INF] [Sckt 1] subscription 62 completed successfully
2026-08-24 19:14:55.967 +04:00 [INF] UsdFutures order book SNDKUSDT status changed: "Connecting" => "Syncing"
2026-08-24 19:14:56.348 +04:00 [INF] UsdFutures order book SNDKUSDT status changed: "Syncing" => "Synced"
2026-08-24 19:14:56.350 +04:00 [INF] Futures book Binance:SNDKUSDT "Synced"
2026-08-24 19:14:56.350 +04:00 [INF] V5 order book SNDKUSDT status changed: "Disconnected" => "Connecting"
2026-08-24 19:14:56.553 +04:00 [INF] [Sckt 2] subscription 66 completed successfully
2026-08-24 19:14:56.554 +04:00 [INF] V5 order book SNDKUSDT status changed: "Connecting" => "Syncing"
2026-08-24 19:14:56.555 +04:00 [INF] V5 order book SNDKUSDT status changed: "Syncing" => "Synced"
2026-08-24 19:14:56.556 +04:00 [INF] Futures book Bybit:SNDKUSDT "Synced"
2026-08-24 19:14:56.557 +04:00 [INF] Unified order book SNDK-USDT-SWAP status changed: "Disconnected" => "Connecting"
2026-08-24 19:14:56.875 +04:00 [INF] [Sckt 3] subscription 69 completed successfully
2026-08-24 19:14:56.877 +04:00 [INF] Unified order book SNDK-USDT-SWAP status changed: "Connecting" => "Syncing"
2026-08-24 19:14:57.040 +04:00 [INF] Unified order book SNDK-USDT-SWAP status changed: "Syncing" => "Synced"
2026-08-24 19:14:57.042 +04:00 [INF] Futures book OKX:SNDKUSDT "Synced"
2026-08-24 19:14:57.043 +04:00 [INF] Futures order book SNDKUSDT status changed: "Disconnected" => "Connecting"
2026-08-24 19:14:57.333 +04:00 [INF] [Sckt 4] subscription 71 completed successfully
2026-08-24 19:14:57.335 +04:00 [INF] Futures order book SNDKUSDT status changed: "Connecting" => "Syncing"
2026-08-24 19:14:57.337 +04:00 [INF] Futures order book SNDKUSDT status changed: "Syncing" => "Synced"
2026-08-24 19:14:57.337 +04:00 [INF] Futures book Bitget:SNDKUSDT "Synced"
2026-08-24 19:14:57.338 +04:00 [INF] UsdFutures order book HYPEUSDT status changed: "Disconnected" => "Connecting"
2026-08-24 19:14:57.744 +04:00 [INF] [Sckt 1] subscription 73 completed successfully
2026-08-24 19:14:57.746 +04:00 [INF] UsdFutures order book HYPEUSDT status changed: "Connecting" => "Syncing"
2026-08-24 19:14:58.122 +04:00 [INF] UsdFutures order book HYPEUSDT status changed: "Syncing" => "Synced"
2026-08-24 19:14:58.124 +04:00 [INF] Futures book Binance:HYPEUSDT "Synced"
2026-08-24 19:14:58.126 +04:00 [INF] V5 order book HYPEUSDT status changed: "Disconnected" => "Connecting"
2026-08-24 19:14:58.327 +04:00 [INF] [Sckt 2] subscription 77 completed successfully
2026-08-24 19:14:58.328 +04:00 [INF] V5 order book HYPEUSDT status changed: "Connecting" => "Syncing"
2026-08-24 19:14:58.329 +04:00 [INF] V5 order book HYPEUSDT status changed: "Syncing" => "Synced"
2026-08-24 19:14:58.329 +04:00 [INF] Futures book Bybit:HYPEUSDT "Synced"
2026-08-24 19:14:58.330 +04:00 [INF] Unified order book HYPE-USDT-SWAP status changed: "Disconnected" => "Connecting"
2026-08-24 19:14:58.648 +04:00 [INF] [Sckt 3] subscription 80 completed successfully
2026-08-24 19:14:58.650 +04:00 [INF] Unified order book HYPE-USDT-SWAP status changed: "Connecting" => "Syncing"
2026-08-24 19:14:58.865 +04:00 [INF] Unified order book HYPE-USDT-SWAP status changed: "Syncing" => "Synced"
2026-08-24 19:14:58.867 +04:00 [INF] Futures book OKX:HYPEUSDT "Synced"
2026-08-24 19:14:58.867 +04:00 [INF] Futures order book HYPEUSDT status changed: "Disconnected" => "Connecting"
2026-08-24 19:14:59.139 +04:00 [INF] [Sckt 4] subscription 82 completed successfully
2026-08-24 19:14:59.140 +04:00 [INF] Futures order book HYPEUSDT status changed: "Connecting" => "Syncing"
2026-08-24 19:14:59.185 +04:00 [INF] Futures order book HYPEUSDT status changed: "Syncing" => "Synced"
2026-08-24 19:14:59.187 +04:00 [INF] Futures book Bitget:HYPEUSDT "Synced"
2026-08-24 19:14:59.188 +04:00 [INF] UsdFutures order book SOLUSDT status changed: "Disconnected" => "Connecting"
2026-08-24 19:14:59.547 +04:00 [INF] [Sckt 1] subscription 84 completed successfully
2026-08-24 19:14:59.548 +04:00 [INF] UsdFutures order book SOLUSDT status changed: "Connecting" => "Syncing"
2026-08-24 19:14:59.928 +04:00 [INF] UsdFutures order book SOLUSDT status changed: "Syncing" => "Synced"
2026-08-24 19:14:59.930 +04:00 [INF] Futures book Binance:SOLUSDT "Synced"
2026-08-24 19:14:59.930 +04:00 [INF] V5 order book SOLUSDT status changed: "Disconnected" => "Connecting"
2026-08-24 19:15:00.131 +04:00 [INF] [Sckt 2] subscription 88 completed successfully
2026-08-24 19:15:00.132 +04:00 [INF] V5 order book SOLUSDT status changed: "Connecting" => "Syncing"
2026-08-24 19:15:00.134 +04:00 [INF] V5 order book SOLUSDT status changed: "Syncing" => "Synced"
2026-08-24 19:15:00.135 +04:00 [INF] Futures book Bybit:SOLUSDT "Synced"
2026-08-24 19:15:00.137 +04:00 [INF] Unified order book SOL-USDT-SWAP status changed: "Disconnected" => "Connecting"
2026-08-24 19:15:00.455 +04:00 [INF] [Sckt 3] subscription 91 completed successfully
2026-08-24 19:15:00.469 +04:00 [INF] Unified order book SOL-USDT-SWAP status changed: "Connecting" => "Syncing"
2026-08-24 19:15:00.636 +04:00 [INF] Unified order book SOL-USDT-SWAP status changed: "Syncing" => "Synced"
2026-08-24 19:15:00.637 +04:00 [INF] Futures book OKX:SOLUSDT "Synced"
2026-08-24 19:15:00.638 +04:00 [INF] Futures order book SOLUSDT status changed: "Disconnected" => "Connecting"
2026-08-24 19:15:00.929 +04:00 [INF] [Sckt 4] subscription 93 completed successfully
2026-08-24 19:15:00.930 +04:00 [INF] Futures order book SOLUSDT status changed: "Connecting" => "Syncing"
2026-08-24 19:15:00.931 +04:00 [INF] Futures order book SOLUSDT status changed: "Syncing" => "Synced"
2026-08-24 19:15:00.932 +04:00 [INF] Futures book Bitget:SOLUSDT "Synced"
2026-08-24 19:15:00.933 +04:00 [INF] UsdFutures order book WLDUSDT status changed: "Disconnected" => "Connecting"
2026-08-24 19:15:01.347 +04:00 [INF] [Sckt 1] subscription 95 completed successfully
2026-08-24 19:15:01.348 +04:00 [INF] UsdFutures order book WLDUSDT status changed: "Connecting" => "Syncing"
2026-08-24 19:15:01.840 +04:00 [INF] UsdFutures order book WLDUSDT status changed: "Syncing" => "Synced"
2026-08-24 19:15:01.899 +04:00 [INF] Futures book Binance:WLDUSDT "Synced"
2026-08-24 19:15:01.900 +04:00 [INF] V5 order book WLDUSDT status changed: "Disconnected" => "Connecting"
2026-08-24 19:15:02.147 +04:00 [INF] [Sckt 2] subscription 99 completed successfully
2026-08-24 19:15:02.148 +04:00 [INF] V5 order book WLDUSDT status changed: "Connecting" => "Syncing"
2026-08-24 19:15:02.150 +04:00 [INF] V5 order book WLDUSDT status changed: "Syncing" => "Synced"
2026-08-24 19:15:02.152 +04:00 [INF] Futures book Bybit:WLDUSDT "Synced"
2026-08-24 19:15:02.152 +04:00 [INF] Unified order book WLD-USDT-SWAP status changed: "Disconnected" => "Connecting"
2026-08-24 19:15:02.484 +04:00 [INF] [Sckt 3] subscription 102 completed successfully
2026-08-24 19:15:02.489 +04:00 [INF] Unified order book WLD-USDT-SWAP status changed: "Connecting" => "Syncing"
2026-08-24 19:15:02.775 +04:00 [INF] Unified order book WLD-USDT-SWAP status changed: "Syncing" => "Synced"
2026-08-24 19:15:02.783 +04:00 [INF] Futures book OKX:WLDUSDT "Synced"
2026-08-24 19:15:02.785 +04:00 [INF] Futures order book WLDUSDT status changed: "Disconnected" => "Connecting"
2026-08-24 19:15:03.129 +04:00 [INF] [Sckt 4] subscription 104 completed successfully
2026-08-24 19:15:03.210 +04:00 [INF] Futures order book WLDUSDT status changed: "Connecting" => "Syncing"
2026-08-24 19:15:03.223 +04:00 [INF] Futures order book WLDUSDT status changed: "Syncing" => "Synced"
2026-08-24 19:15:03.225 +04:00 [INF] Futures book Bitget:WLDUSDT "Synced"
2026-08-24 19:15:03.227 +04:00 [INF] UsdFutures order book SOXLUSDT status changed: "Disconnected" => "Connecting"
2026-08-24 19:15:03.549 +04:00 [INF] [Sckt 1] subscription 108 completed successfully
2026-08-24 19:15:03.550 +04:00 [INF] UsdFutures order book SOXLUSDT status changed: "Connecting" => "Syncing"
2026-08-24 19:15:03.957 +04:00 [INF] UsdFutures order book SOXLUSDT status changed: "Syncing" => "Synced"
2026-08-24 19:15:03.959 +04:00 [INF] Futures book Binance:SOXLUSDT "Synced"
2026-08-24 19:15:03.960 +04:00 [INF] V5 order book SOXLUSDT status changed: "Disconnected" => "Connecting"
2026-08-24 19:15:04.233 +04:00 [INF] [Sckt 2] subscription 112 completed successfully
2026-08-24 19:15:04.235 +04:00 [INF] V5 order book SOXLUSDT status changed: "Connecting" => "Syncing"
2026-08-24 19:15:04.237 +04:00 [INF] V5 order book SOXLUSDT status changed: "Syncing" => "Synced"
2026-08-24 19:15:04.238 +04:00 [INF] Futures book Bybit:SOXLUSDT "Synced"
2026-08-24 19:15:04.238 +04:00 [INF] Unified order book SOXL-USDT-SWAP status changed: "Disconnected" => "Connecting"
2026-08-24 19:15:04.556 +04:00 [INF] [Sckt 3] subscription 115 completed successfully
2026-08-24 19:15:04.557 +04:00 [INF] Unified order book SOXL-USDT-SWAP status changed: "Connecting" => "Syncing"
2026-08-24 19:15:04.845 +04:00 [INF] Unified order book SOXL-USDT-SWAP status changed: "Syncing" => "Synced"
2026-08-24 19:15:04.846 +04:00 [INF] Futures book OKX:SOXLUSDT "Synced"
2026-08-24 19:15:04.847 +04:00 [INF] Futures order book SOXLUSDT status changed: "Disconnected" => "Connecting"
2026-08-24 19:15:05.125 +04:00 [INF] [Sckt 4] subscription 118 completed successfully
2026-08-24 19:15:05.126 +04:00 [INF] Futures order book SOXLUSDT status changed: "Connecting" => "Syncing"
2026-08-24 19:15:05.128 +04:00 [INF] Futures order book SOXLUSDT status changed: "Syncing" => "Synced"
2026-08-24 19:15:05.129 +04:00 [INF] Futures book Bitget:SOXLUSDT "Synced"
2026-08-24 19:15:05.129 +04:00 [INF] UsdFutures order book XAUUSDT status changed: "Disconnected" => "Connecting"
2026-08-24 19:15:06.511 +04:00 [INF] [Sckt 5] subscription 120 completed successfully
2026-08-24 19:15:06.512 +04:00 [INF] UsdFutures order book XAUUSDT status changed: "Connecting" => "Syncing"
2026-08-24 19:15:06.888 +04:00 [INF] UsdFutures order book XAUUSDT status changed: "Syncing" => "Synced"
2026-08-24 19:15:06.890 +04:00 [INF] Futures book Binance:XAUUSDT "Synced"
2026-08-24 19:15:06.890 +04:00 [INF] V5 order book XAUUSDT status changed: "Disconnected" => "Connecting"
2026-08-24 19:15:07.750 +04:00 [INF] [Sckt 6] subscription 124 completed successfully
2026-08-24 19:15:07.752 +04:00 [INF] V5 order book XAUUSDT status changed: "Connecting" => "Syncing"
2026-08-24 19:15:07.754 +04:00 [INF] V5 order book XAUUSDT status changed: "Syncing" => "Synced"
2026-08-24 19:15:07.755 +04:00 [INF] Futures book Bybit:XAUUSDT "Synced"
2026-08-24 19:15:07.756 +04:00 [INF] Unified order book XAU-USDT-SWAP status changed: "Disconnected" => "Connecting"
2026-08-24 19:15:09.248 +04:00 [INF] [Sckt 7] subscription 127 completed successfully
2026-08-24 19:15:09.250 +04:00 [INF] Unified order book XAU-USDT-SWAP status changed: "Connecting" => "Syncing"
2026-08-24 19:15:09.655 +04:00 [INF] Unified order book XAU-USDT-SWAP status changed: "Syncing" => "Synced"
2026-08-24 19:15:09.656 +04:00 [INF] Futures book OKX:XAUUSDT "Synced"
2026-08-24 19:15:09.657 +04:00 [INF] Futures order book XAUUSDT status changed: "Disconnected" => "Connecting"
2026-08-24 19:15:10.827 +04:00 [INF] [Sckt 8] subscription 129 completed successfully
2026-08-24 19:15:10.828 +04:00 [INF] Futures order book XAUUSDT status changed: "Connecting" => "Syncing"
2026-08-24 19:15:10.830 +04:00 [INF] Futures order book XAUUSDT status changed: "Syncing" => "Synced"
2026-08-24 19:15:10.831 +04:00 [INF] Futures book Bitget:XAUUSDT "Synced"
2026-08-24 19:15:10.832 +04:00 [INF] UsdFutures order book SKHYNIXUSDT status changed: "Disconnected" => "Connecting"
2026-08-24 19:15:11.215 +04:00 [INF] [Sckt 5] subscription 131 completed successfully
2026-08-24 19:15:11.217 +04:00 [INF] UsdFutures order book SKHYNIXUSDT status changed: "Connecting" => "Syncing"
2026-08-24 19:15:11.597 +04:00 [INF] UsdFutures order book SKHYNIXUSDT status changed: "Syncing" => "Synced"
2026-08-24 19:15:11.598 +04:00 [INF] Futures book Binance:SKHYNIXUSDT "Synced"
2026-08-24 19:15:11.599 +04:00 [INF] V5 order book SKHYNIXUSDT status changed: "Disconnected" => "Connecting"
2026-08-24 19:15:11.842 +04:00 [INF] [Sckt 6] subscription 135 completed successfully
2026-08-24 19:15:11.843 +04:00 [INF] V5 order book SKHYNIXUSDT status changed: "Connecting" => "Syncing"
2026-08-24 19:15:11.844 +04:00 [INF] V5 order book SKHYNIXUSDT status changed: "Syncing" => "Synced"
2026-08-24 19:15:11.845 +04:00 [INF] Futures book Bybit:SKHYNIXUSDT "Synced"
2026-08-24 19:15:11.847 +04:00 [INF] Unified order book SKHYNIX-USDT-SWAP status changed: "Disconnected" => "Connecting"
2026-08-24 19:15:12.210 +04:00 [INF] [Sckt 7] subscription 138 completed successfully
2026-08-24 19:15:12.212 +04:00 [INF] Unified order book SKHYNIX-USDT-SWAP status changed: "Connecting" => "Syncing"
2026-08-24 19:15:12.326 +04:00 [INF] Unified order book SKHYNIX-USDT-SWAP status changed: "Syncing" => "Synced"
2026-08-24 19:15:12.327 +04:00 [INF] Futures book OKX:SKHYNIXUSDT "Synced"
2026-08-24 19:15:12.328 +04:00 [INF] Futures order book SKHYNIXUSDT status changed: "Disconnected" => "Connecting"
2026-08-24 19:15:12.619 +04:00 [INF] [Sckt 8] subscription 140 completed successfully
2026-08-24 19:15:12.620 +04:00 [INF] Futures order book SKHYNIXUSDT status changed: "Connecting" => "Syncing"
2026-08-24 19:15:12.622 +04:00 [INF] Futures order book SKHYNIXUSDT status changed: "Syncing" => "Synced"
2026-08-24 19:15:12.623 +04:00 [INF] Futures book Bitget:SKHYNIXUSDT "Synced"
2026-08-24 19:15:12.624 +04:00 [INF] UsdFutures order book PENGUUSDT status changed: "Disconnected" => "Connecting"
2026-08-24 19:15:13.015 +04:00 [INF] [Sckt 5] subscription 142 completed successfully
2026-08-24 19:15:13.016 +04:00 [INF] UsdFutures order book PENGUUSDT status changed: "Connecting" => "Syncing"
2026-08-24 19:15:13.417 +04:00 [INF] UsdFutures order book PENGUUSDT status changed: "Syncing" => "Synced"
2026-08-24 19:15:13.418 +04:00 [INF] Futures book Binance:PENGUUSDT "Synced"
2026-08-24 19:15:13.419 +04:00 [INF] V5 order book PENGUUSDT status changed: "Disconnected" => "Connecting"
2026-08-24 19:15:13.619 +04:00 [INF] [Sckt 6] subscription 146 completed successfully
2026-08-24 19:15:13.620 +04:00 [INF] V5 order book PENGUUSDT status changed: "Connecting" => "Syncing"
2026-08-24 19:15:13.622 +04:00 [INF] V5 order book PENGUUSDT status changed: "Syncing" => "Synced"
2026-08-24 19:15:13.622 +04:00 [INF] Futures book Bybit:PENGUUSDT "Synced"
2026-08-24 19:15:13.623 +04:00 [INF] Unified order book PENGU-USDT-SWAP status changed: "Disconnected" => "Connecting"
2026-08-24 19:15:13.950 +04:00 [INF] [Sckt 7] subscription 149 completed successfully
2026-08-24 19:15:13.951 +04:00 [INF] Unified order book PENGU-USDT-SWAP status changed: "Connecting" => "Syncing"
2026-08-24 19:15:14.160 +04:00 [INF] Unified order book PENGU-USDT-SWAP status changed: "Syncing" => "Synced"
2026-08-24 19:15:14.161 +04:00 [INF] Futures book OKX:PENGUUSDT "Synced"
2026-08-24 19:15:14.162 +04:00 [INF] Futures order book PENGUUSDT status changed: "Disconnected" => "Connecting"
2026-08-24 19:15:14.449 +04:00 [INF] [Sckt 8] subscription 151 completed successfully
2026-08-24 19:15:14.451 +04:00 [INF] Futures order book PENGUUSDT status changed: "Connecting" => "Syncing"
2026-08-24 19:15:14.506 +04:00 [INF] Futures order book PENGUUSDT status changed: "Syncing" => "Synced"
2026-08-24 19:15:14.507 +04:00 [INF] Futures book Bitget:PENGUUSDT "Synced"
2026-08-24 19:15:14.508 +04:00 [INF] UsdFutures order book ADAUSDT status changed: "Disconnected" => "Connecting"
2026-08-24 19:15:14.920 +04:00 [INF] [Sckt 5] subscription 153 completed successfully
2026-08-24 19:15:14.921 +04:00 [INF] UsdFutures order book ADAUSDT status changed: "Connecting" => "Syncing"
2026-08-24 19:15:15.301 +04:00 [INF] UsdFutures order book ADAUSDT status changed: "Syncing" => "Synced"
2026-08-24 19:15:15.302 +04:00 [INF] Futures book Binance:ADAUSDT "Synced"
2026-08-24 19:15:15.302 +04:00 [INF] V5 order book ADAUSDT status changed: "Disconnected" => "Connecting"
2026-08-24 19:15:15.504 +04:00 [INF] [Sckt 6] subscription 157 completed successfully
2026-08-24 19:15:15.509 +04:00 [INF] V5 order book ADAUSDT status changed: "Connecting" => "Syncing"
2026-08-24 19:15:15.510 +04:00 [INF] V5 order book ADAUSDT status changed: "Syncing" => "Synced"
2026-08-24 19:15:15.512 +04:00 [INF] Futures book Bybit:ADAUSDT "Synced"
2026-08-24 19:15:15.514 +04:00 [INF] Unified order book ADA-USDT-SWAP status changed: "Disconnected" => "Connecting"
2026-08-24 19:15:15.843 +04:00 [INF] [Sckt 7] subscription 160 completed successfully
2026-08-24 19:15:15.845 +04:00 [INF] Unified order book ADA-USDT-SWAP status changed: "Connecting" => "Syncing"
2026-08-24 19:15:15.957 +04:00 [INF] Unified order book ADA-USDT-SWAP status changed: "Syncing" => "Synced"
2026-08-24 19:15:15.958 +04:00 [INF] Futures book OKX:ADAUSDT "Synced"
2026-08-24 19:15:15.958 +04:00 [INF] Futures order book ADAUSDT status changed: "Disconnected" => "Connecting"
2026-08-24 19:15:16.247 +04:00 [INF] [Sckt 8] subscription 162 completed successfully
2026-08-24 19:15:16.248 +04:00 [INF] Futures order book ADAUSDT status changed: "Connecting" => "Syncing"
2026-08-24 19:15:16.250 +04:00 [INF] Futures order book ADAUSDT status changed: "Syncing" => "Synced"
2026-08-24 19:15:16.251 +04:00 [INF] Futures book Bitget:ADAUSDT "Synced"
2026-08-24 19:15:16.251 +04:00 [INF] UsdFutures order book SPCXUSDT status changed: "Disconnected" => "Connecting"
2026-08-24 19:15:16.621 +04:00 [INF] [Sckt 5] subscription 164 completed successfully
2026-08-24 19:15:16.622 +04:00 [INF] UsdFutures order book SPCXUSDT status changed: "Connecting" => "Syncing"
2026-08-24 19:15:17.007 +04:00 [INF] UsdFutures order book SPCXUSDT status changed: "Syncing" => "Synced"
2026-08-24 19:15:17.008 +04:00 [INF] Futures book Binance:SPCXUSDT "Synced"
2026-08-24 19:15:17.009 +04:00 [INF] V5 order book SPCXUSDT status changed: "Disconnected" => "Connecting"
2026-08-24 19:15:17.217 +04:00 [INF] [Sckt 6] subscription 169 completed successfully
2026-08-24 19:15:17.219 +04:00 [INF] V5 order book SPCXUSDT status changed: "Connecting" => "Syncing"
2026-08-24 19:15:17.220 +04:00 [INF] V5 order book SPCXUSDT status changed: "Syncing" => "Synced"
2026-08-24 19:15:17.220 +04:00 [INF] Futures book Bybit:SPCXUSDT "Synced"
2026-08-24 19:15:17.221 +04:00 [INF] Unified order book SPCX-USDT-SWAP status changed: "Disconnected" => "Connecting"
2026-08-24 19:15:17.549 +04:00 [INF] [Sckt 7] subscription 172 completed successfully
2026-08-24 19:15:17.551 +04:00 [INF] Unified order book SPCX-USDT-SWAP status changed: "Connecting" => "Syncing"
2026-08-24 19:15:17.767 +04:00 [INF] Unified order book SPCX-USDT-SWAP status changed: "Syncing" => "Synced"
2026-08-24 19:15:17.769 +04:00 [INF] Futures book OKX:SPCXUSDT "Synced"
2026-08-24 19:15:17.770 +04:00 [INF] Futures order book SPCXUSDT status changed: "Disconnected" => "Connecting"
2026-08-24 19:15:18.052 +04:00 [INF] [Sckt 8] subscription 174 completed successfully
2026-08-24 19:15:18.053 +04:00 [INF] Futures order book SPCXUSDT status changed: "Connecting" => "Syncing"
2026-08-24 19:15:18.106 +04:00 [INF] Futures order book SPCXUSDT status changed: "Syncing" => "Synced"
2026-08-24 19:15:18.107 +04:00 [INF] Futures book Bitget:SPCXUSDT "Synced"
2026-08-24 19:15:18.111 +04:00 [INF] Exchange Binance: 15/15 streams live
2026-08-24 19:15:18.112 +04:00 [INF] Exchange Bybit: 15/15 streams live
2026-08-24 19:15:18.113 +04:00 [INF] Exchange OKX: 15/15 streams live
2026-08-24 19:15:18.114 +04:00 [INF] Exchange Bitget: 15/15 streams live
2026-08-24 19:15:18.116 +04:00 [INF] Futures books: Bitget:SNDKUSDT=Synced; Bybit:SOXLUSDT=Synced; Bitget:SOXLUSDT=Synced; Bitget:ZECUSDT=Synced; OKX:SPCXUSDT=Synced; OKX:SOLUSDT=Synced; Bybit:SPCXUSDT=Synced; Bybit:WLDUSDT=Synced; Bybit:TRUMPUSDT=Synced; Binance:SOLUSDT=Synced; Binance:SUIUSDT=Synced; OKX:PENGUUSDT=Synced; Binance:ZECUSDT=Synced; Binance:SNDKUSDT=Synced; Bitget:TRUMPUSDT=Synced; OKX:SOXLUSDT=Synced; Bybit:SUIUSDT=Synced; Bitget:HYPEUSDT=Synced; Bybit:DOGEUSDT=Synced; Binance:TRUMPUSDT=Synced; Binance:WLDUSDT=Synced; Binance:XAUUSDT=Synced; Binance:DOGEUSDT=Synced; Binance:SPCXUSDT=Synced; Bitget:DOGEUSDT=Synced; OKX:DOGEUSDT=Synced; Bybit:SNDKUSDT=Synced; Binance:ADAUSDT=Synced; Bybit:ENAUSDT=Synced; Bitget:PENGUUSDT=Synced; OKX:ADAUSDT=Synced; Binance:ENAUSDT=Synced; OKX:SNDKUSDT=Synced; OKX:SUIUSDT=Synced; Bitget:SPCXUSDT=Synced; Bybit:ZECUSDT=Synced; Bybit:XAUUSDT=Synced; OKX:ENAUSDT=Synced; Binance:PENGUUSDT=Synced; OKX:XAUUSDT=Synced; OKX:WLDUSDT=Synced; Binance:SOXLUSDT=Synced; Binance:HYPEUSDT=Synced; Bybit:HYPEUSDT=Synced; Bitget:SOLUSDT=Synced; Bybit:ADAUSDT=Synced; Bitget:SKHYNIXUSDT=Synced; OKX:ZECUSDT=Synced; Bybit:PENGUUSDT=Synced; Bybit:SKHYNIXUSDT=Synced; OKX:HYPEUSDT=Synced; OKX:SKHYNIXUSDT=Synced; Bitget:SUIUSDT=Synced; Bitget:ADAUSDT=Synced; Bitget:XAUUSDT=Synced; Bitget:WLDUSDT=Synced; Binance:SKHYNIXUSDT=Synced; Bitget:ENAUSDT=Synced; OKX:TRUMPUSDT=Synced; Bybit:SOLUSDT=Synced
2026-08-24 19:15:20.635 +04:00 [INF] Funding cache refresh for 15 symbols × 3 exchanges (TTL 45m)
2026-08-24 19:15:31.337 +04:00 [INF] Funding cache entries: 45
2026-08-24 19:16:35.719 +04:00 [INF] OKX balances OK via Live, assets=2
2026-08-24 19:16:35.719 +04:00 [INF] OKX balances OK via Live, assets=2
2026-08-24 19:16:38.588 +04:00 [INF] OKX balances OK via Live, assets=2
2026-08-24 19:16:38.592 +04:00 [INF] OKX balances OK via Live, assets=2
2026-08-24 19:24:37.543 +04:00 [WRN] LIVE ENABLE requested. readOnly=true canPlaceOrders=false
2026-08-24 19:24:44.500 +04:00 [INF] OKX balances OK via Live, assets=2
2026-08-24 19:24:47.061 +04:00 [INF] OKX balances OK via Live, assets=2
2026-08-24 19:34:41.255 +04:00 [INF] Discovery: public tickers Binance/Bybit/OKX (arb band 8000000–400000000 USDT vol, top 15)
2026-08-24 19:34:42.115 +04:00 [INF] Binance fapi: 692 USDT perps with volume
2026-08-24 19:34:42.706 +04:00 [INF] Bybit linear: 725 USDT perps with volume
2026-08-24 19:34:43.094 +04:00 [INF] OKX SWAP: 434 USDT perps with volume
2026-08-24 19:34:43.495 +04:00 [INF] Bitget USDT-FUTURES: 757 tickers with volume
2026-08-24 19:34:46.433 +04:00 [INF] GateIo USDT futures: 931 tickers with volume
2026-08-24 19:34:46.878 +04:00 [INF] Discovered 15 arb pairs: DOGEUSDT@5ex/193M, ENAUSDT@5ex/187.1M, SUIUSDT@5ex/113.7M, ZECUSDT@5ex/197.2M, TRUMPUSDT@5ex/214.5M, SNDKUSDT@5ex/234.8M, HYPEUSDT@5ex/236.6M, SOLUSDT@5ex/367.2M, WLDUSDT@5ex/49M, SOXLUSDT@5ex/116M, XAUUSDT@5ex/113.7M, SKHYNIXUSDT@5ex/110.8M, PENGUUSDT@5ex/95.4M, ADAUSDT@5ex/91M, SPCXUSDT@5ex/86.5M
2026-08-24 19:34:46.880 +04:00 [INF] Symbol refresh (http-tickers-arb): [DOGEUSDT,ENAUSDT,SUIUSDT,ZECUSDT,TRUMPUSDT,SNDKUSDT,HYPEUSDT,SOLUSDT,WLDUSDT,SOXLUSDT,XAUUSDT,SKHYNIXUSDT,PENGUUSDT,ADAUSDT,SPCXUSDT] → [DOGEUSDT,ENAUSDT,SUIUSDT,ZECUSDT,TRUMPUSDT,SNDKUSDT,HYPEUSDT,SOLUSDT,WLDUSDT,SOXLUSDT,XAUUSDT,SKHYNIXUSDT,PENGUUSDT,ADAUSDT,SPCXUSDT] | changed=false
2026-08-24 19:54:47.760 +04:00 [INF] Discovery: public tickers Binance/Bybit/OKX (arb band 8000000–400000000 USDT vol, top 15)
2026-08-24 19:54:48.289 +04:00 [INF] Binance fapi: 692 USDT perps with volume
2026-08-24 19:54:49.487 +04:00 [INF] Bybit linear: 725 USDT perps with volume
2026-08-24 19:54:49.880 +04:00 [INF] OKX SWAP: 434 USDT perps with volume
2026-08-24 19:54:50.681 +04:00 [INF] Bitget USDT-FUTURES: 757 tickers with volume
2026-08-24 19:54:53.694 +04:00 [INF] GateIo USDT futures: 931 tickers with volume
2026-08-24 19:54:54.978 +04:00 [INF] Discovered 15 arb pairs: DOGEUSDT@5ex/197.6M, ENAUSDT@5ex/188.5M, SUIUSDT@5ex/115.4M, ZECUSDT@5ex/198.9M, TRUMPUSDT@5ex/212.9M, HYPEUSDT@5ex/240.6M, SNDKUSDT@5ex/242.4M, SOLUSDT@5ex/374.1M, XAUUSDT@5ex/121.5M, WLDUSDT@5ex/50M, SOXLUSDT@5ex/118.7M, SKHYNIXUSDT@5ex/112.8M, ADAUSDT@5ex/93.2M, PENGUUSDT@5ex/90.5M, SPCXUSDT@5ex/87.9M
2026-08-24 19:54:54.980 +04:00 [INF] Symbol refresh (http-tickers-arb): [DOGEUSDT,ENAUSDT,SUIUSDT,ZECUSDT,TRUMPUSDT,SNDKUSDT,HYPEUSDT,SOLUSDT,WLDUSDT,SOXLUSDT,XAUUSDT,SKHYNIXUSDT,PENGUUSDT,ADAUSDT,SPCXUSDT] → [DOGEUSDT,ENAUSDT,SUIUSDT,ZECUSDT,TRUMPUSDT,HYPEUSDT,SNDKUSDT,SOLUSDT,XAUUSDT,WLDUSDT,SOXLUSDT,SKHYNIXUSDT,ADAUSDT,PENGUUSDT,SPCXUSDT] | changed=false
2026-08-24 19:58:39.961 +04:00 [INF] Paper analytics store: D:\Users\karap\source\repos\ArbitrageBot\ArbitrageBot\data\paper
2026-08-24 19:58:39.992 +04:00 [WRN] LiveTradingGuard boot: enabled=false readOnly=true maxOpen=3 maxNotional=200 dayLimit=-60
2026-08-24 19:58:40.017 +04:00 [INF] Realtime broadcast started (in-memory WS books → SignalR every 900ms; no REST in this loop)
2026-08-24 19:58:40.020 +04:00 [INF] Discovery: public tickers Binance/Bybit/OKX (arb band 8000000–400000000 USDT vol, top 15)
2026-08-24 19:58:40.632 +04:00 [INF] Binance fapi: 692 USDT perps with volume
2026-08-24 19:58:41.281 +04:00 [INF] Bybit linear: 725 USDT perps with volume
2026-08-24 19:58:41.682 +04:00 [INF] OKX SWAP: 434 USDT perps with volume
2026-08-24 19:58:42.801 +04:00 [INF] Bitget USDT-FUTURES: 757 tickers with volume
2026-08-24 19:58:45.685 +04:00 [INF] GateIo USDT futures: 931 tickers with volume
2026-08-24 19:58:46.579 +04:00 [INF] Discovered 15 arb pairs: DOGEUSDT@5ex/197.6M, ENAUSDT@5ex/187.8M, SUIUSDT@5ex/115.4M, ZECUSDT@5ex/199.3M, TRUMPUSDT@5ex/212.8M, HYPEUSDT@5ex/242.2M, SNDKUSDT@5ex/243.4M, XAUUSDT@5ex/126.1M, SOLUSDT@5ex/375.6M, WLDUSDT@5ex/50.1M, SOXLUSDT@5ex/119.1M, SKHYNIXUSDT@5ex/112.9M, ADAUSDT@5ex/93.5M, PENGUUSDT@5ex/90.2M, SPCXUSDT@5ex/88.6M
2026-08-24 19:58:46.582 +04:00 [INF] Start | Strategy=FuturesCross | Mode=PAPER | Symbols=DOGEUSDT,ENAUSDT,SUIUSDT,ZECUSDT,TRUMPUSDT,HYPEUSDT,SNDKUSDT,XAUUSDT,SOLUSDT,WLDUSDT,SOXLUSDT,SKHYNIXUSDT,ADAUSDT,PENGUUSDT,SPCXUSDT | Ex=Binance,Bybit,OKX,Bitget
2026-08-24 19:58:46.635 +04:00 [INF] Paper state restored: 0 open, 200 trades in memory, realized=4282.64 from D:\Users\karap\source\repos\ArbitrageBot\ArbitrageBot\data\paper\open-state.json
2026-08-24 19:58:46.725 +04:00 [INF] UsdFutures order book DOGEUSDT status changed: "Disconnected" => "Connecting"
2026-08-24 19:58:48.541 +04:00 [INF] [Sckt 1] subscription 6 completed successfully
2026-08-24 19:58:48.545 +04:00 [INF] UsdFutures order book DOGEUSDT status changed: "Connecting" => "Syncing"
2026-08-24 19:58:48.941 +04:00 [INF] UsdFutures order book DOGEUSDT status changed: "Syncing" => "Synced"
2026-08-24 19:58:48.947 +04:00 [INF] Futures book Binance:DOGEUSDT "Synced"
2026-08-24 19:58:48.964 +04:00 [INF] V5 order book DOGEUSDT status changed: "Disconnected" => "Connecting"
2026-08-24 19:58:50.104 +04:00 [INF] [Sckt 2] subscription 10 completed successfully
2026-08-24 19:58:50.105 +04:00 [INF] V5 order book DOGEUSDT status changed: "Connecting" => "Syncing"
2026-08-24 19:58:50.107 +04:00 [INF] V5 order book DOGEUSDT status changed: "Syncing" => "Synced"
2026-08-24 19:58:50.108 +04:00 [INF] Futures book Bybit:DOGEUSDT "Synced"
2026-08-24 19:58:50.136 +04:00 [INF] Unified order book DOGE-USDT-SWAP status changed: "Disconnected" => "Connecting"
2026-08-24 19:58:51.628 +04:00 [INF] [Sckt 3] subscription 14 completed successfully
2026-08-24 19:58:51.630 +04:00 [INF] Unified order book DOGE-USDT-SWAP status changed: "Connecting" => "Syncing"
2026-08-24 19:58:51.991 +04:00 [INF] Unified order book DOGE-USDT-SWAP status changed: "Syncing" => "Synced"
2026-08-24 19:58:51.992 +04:00 [INF] Futures book OKX:DOGEUSDT "Synced"
2026-08-24 19:58:52.044 +04:00 [INF] Futures order book DOGEUSDT status changed: "Disconnected" => "Connecting"
2026-08-24 20:17:39.981 +04:00 [INF] Paper analytics store: D:\Users\karap\source\repos\ArbitrageBot\ArbitrageBot\data\paper
2026-08-24 20:17:40.015 +04:00 [WRN] LiveTradingGuard boot: enabled=false readOnly=true maxOpen=3 maxNotional=200 dayLimit=-60
2026-08-24 20:17:40.047 +04:00 [INF] Realtime broadcast started (in-memory WS books → SignalR every 900ms; no REST in this loop)
2026-08-24 20:17:40.051 +04:00 [INF] Discovery: public tickers Binance/Bybit/OKX (arb band 8000000–400000000 USDT vol, top 15)
2026-08-24 20:17:40.755 +04:00 [INF] Binance fapi: 692 USDT perps with volume
2026-08-24 20:17:41.541 +04:00 [INF] Bybit linear: 725 USDT perps with volume
2026-08-24 20:17:41.927 +04:00 [INF] OKX SWAP: 434 USDT perps with volume
2026-08-24 20:17:42.623 +04:00 [INF] Bitget USDT-FUTURES: 757 tickers with volume
2026-08-24 20:17:45.829 +04:00 [INF] GateIo USDT futures: 931 tickers with volume
2026-08-24 20:17:47.385 +04:00 [INF] Discovered 15 arb pairs: DOGEUSDT@5ex/201.7M, ENAUSDT@5ex/183.9M, SUIUSDT@5ex/115.8M, TRUMPUSDT@5ex/208.3M, ZECUSDT@5ex/199.7M, HYPEUSDT@5ex/243.1M, SNDKUSDT@5ex/247.8M, XAUUSDT@5ex/129.2M, SOXLUSDT@5ex/121.7M, WLDUSDT@5ex/50M, SOLUSDT@5ex/378.7M, SKHYNIXUSDT@5ex/113.7M, ADAUSDT@5ex/94.3M, SPCXUSDT@5ex/89.1M, PENGUUSDT@5ex/87.8M
2026-08-24 20:17:47.389 +04:00 [INF] Start | Strategy=FuturesCross | Mode=PAPER | Symbols=DOGEUSDT,ENAUSDT,SUIUSDT,TRUMPUSDT,ZECUSDT,HYPEUSDT,SNDKUSDT,XAUUSDT,SOXLUSDT,WLDUSDT,SOLUSDT,SKHYNIXUSDT,ADAUSDT,SPCXUSDT,PENGUUSDT | Ex=Binance,Bybit,OKX,Bitget
2026-08-24 20:17:47.436 +04:00 [INF] Paper state restored: 0 open, 200 trades in memory, realized=4282.64 from D:\Users\karap\source\repos\ArbitrageBot\ArbitrageBot\data\paper\open-state.json
2026-08-24 20:17:47.518 +04:00 [INF] UsdFutures order book DOGEUSDT status changed: "Disconnected" => "Connecting"
2026-08-24 20:17:49.329 +04:00 [INF] [Sckt 1] subscription 6 completed successfully
2026-08-24 20:17:49.333 +04:00 [INF] UsdFutures order book DOGEUSDT status changed: "Connecting" => "Syncing"
2026-08-24 20:17:49.724 +04:00 [INF] UsdFutures order book DOGEUSDT status changed: "Syncing" => "Synced"
2026-08-24 20:17:49.730 +04:00 [INF] Futures book Binance:DOGEUSDT "Synced"
2026-08-24 20:17:49.753 +04:00 [INF] V5 order book DOGEUSDT status changed: "Disconnected" => "Connecting"
2026-08-24 20:17:50.859 +04:00 [INF] [Sckt 2] subscription 10 completed successfully
2026-08-24 20:17:50.861 +04:00 [INF] V5 order book DOGEUSDT status changed: "Connecting" => "Syncing"
2026-08-24 20:17:50.862 +04:00 [INF] V5 order book DOGEUSDT status changed: "Syncing" => "Synced"
2026-08-24 20:17:50.864 +04:00 [INF] Futures book Bybit:DOGEUSDT "Synced"
2026-08-24 20:17:50.895 +04:00 [INF] Unified order book DOGE-USDT-SWAP status changed: "Disconnected" => "Connecting"
2026-08-24 20:17:52.321 +04:00 [INF] [Sckt 3] subscription 14 completed successfully
2026-08-24 20:17:52.323 +04:00 [INF] Unified order book DOGE-USDT-SWAP status changed: "Connecting" => "Syncing"
2026-08-24 20:17:52.886 +04:00 [INF] Unified order book DOGE-USDT-SWAP status changed: "Syncing" => "Synced"
2026-08-24 20:17:52.888 +04:00 [INF] Futures book OKX:DOGEUSDT "Synced"
2026-08-24 20:17:52.940 +04:00 [INF] Futures order book DOGEUSDT status changed: "Disconnected" => "Connecting"
2026-08-24 20:17:54.435 +04:00 [INF] [Sckt 4] subscription 16 completed successfully
2026-08-24 20:17:54.442 +04:00 [INF] Futures order book DOGEUSDT status changed: "Connecting" => "Syncing"
2026-08-24 20:17:54.546 +04:00 [INF] Futures order book DOGEUSDT status changed: "Syncing" => "Synced"
2026-08-24 20:17:54.548 +04:00 [INF] Futures book Bitget:DOGEUSDT "Synced"
2026-08-24 20:17:54.549 +04:00 [INF] UsdFutures order book ENAUSDT status changed: "Disconnected" => "Connecting"
2026-08-24 20:17:54.902 +04:00 [INF] [Sckt 1] subscription 18 completed successfully
2026-08-24 20:17:54.906 +04:00 [INF] UsdFutures order book ENAUSDT status changed: "Connecting" => "Syncing"
2026-08-24 20:17:55.290 +04:00 [INF] UsdFutures order book ENAUSDT status changed: "Syncing" => "Synced"
2026-08-24 20:17:55.294 +04:00 [INF] Futures book Binance:ENAUSDT "Synced"
2026-08-24 20:17:55.295 +04:00 [INF] V5 order book ENAUSDT status changed: "Disconnected" => "Connecting"
2026-08-24 20:17:55.499 +04:00 [INF] [Sckt 2] subscription 22 completed successfully
2026-08-24 20:17:55.500 +04:00 [INF] V5 order book ENAUSDT status changed: "Connecting" => "Syncing"
2026-08-24 20:17:55.501 +04:00 [INF] V5 order book ENAUSDT status changed: "Syncing" => "Synced"
2026-08-24 20:17:55.502 +04:00 [INF] Futures book Bybit:ENAUSDT "Synced"
2026-08-24 20:17:55.503 +04:00 [INF] Unified order book ENA-USDT-SWAP status changed: "Disconnected" => "Connecting"
2026-08-24 20:17:55.831 +04:00 [INF] [Sckt 3] subscription 25 completed successfully
2026-08-24 20:17:55.832 +04:00 [INF] Unified order book ENA-USDT-SWAP status changed: "Connecting" => "Syncing"
2026-08-24 20:17:55.886 +04:00 [INF] Unified order book ENA-USDT-SWAP status changed: "Syncing" => "Synced"
2026-08-24 20:17:55.888 +04:00 [INF] Futures book OKX:ENAUSDT "Synced"
2026-08-24 20:17:55.888 +04:00 [INF] Futures order book ENAUSDT status changed: "Disconnected" => "Connecting"
2026-08-24 20:17:56.163 +04:00 [INF] [Sckt 4] subscription 27 completed successfully
2026-08-24 20:17:56.164 +04:00 [INF] Futures order book ENAUSDT status changed: "Connecting" => "Syncing"
2026-08-24 20:17:56.166 +04:00 [INF] Futures order book ENAUSDT status changed: "Syncing" => "Synced"
2026-08-24 20:17:56.168 +04:00 [INF] Futures book Bitget:ENAUSDT "Synced"
2026-08-24 20:17:56.170 +04:00 [INF] UsdFutures order book SUIUSDT status changed: "Disconnected" => "Connecting"
2026-08-24 20:17:56.500 +04:00 [INF] [Sckt 1] subscription 29 completed successfully
2026-08-24 20:17:56.501 +04:00 [INF] UsdFutures order book SUIUSDT status changed: "Connecting" => "Syncing"
2026-08-24 20:17:56.883 +04:00 [INF] UsdFutures order book SUIUSDT status changed: "Syncing" => "Synced"
2026-08-24 20:17:56.885 +04:00 [INF] Futures book Binance:SUIUSDT "Synced"
2026-08-24 20:17:56.886 +04:00 [INF] V5 order book SUIUSDT status changed: "Disconnected" => "Connecting"
2026-08-24 20:17:57.088 +04:00 [INF] [Sckt 2] subscription 33 completed successfully
2026-08-24 20:17:57.090 +04:00 [INF] V5 order book SUIUSDT status changed: "Connecting" => "Syncing"
2026-08-24 20:17:57.091 +04:00 [INF] V5 order book SUIUSDT status changed: "Syncing" => "Synced"
2026-08-24 20:17:57.093 +04:00 [INF] Futures book Bybit:SUIUSDT "Synced"
2026-08-24 20:17:57.094 +04:00 [INF] Unified order book SUI-USDT-SWAP status changed: "Disconnected" => "Connecting"
2026-08-24 20:17:57.421 +04:00 [INF] [Sckt 3] subscription 36 completed successfully
2026-08-24 20:17:57.423 +04:00 [INF] Unified order book SUI-USDT-SWAP status changed: "Connecting" => "Syncing"
2026-08-24 20:17:57.678 +04:00 [INF] Unified order book SUI-USDT-SWAP status changed: "Syncing" => "Synced"
2026-08-24 20:17:57.679 +04:00 [INF] Futures book OKX:SUIUSDT "Synced"
2026-08-24 20:17:57.680 +04:00 [INF] Futures order book SUIUSDT status changed: "Disconnected" => "Connecting"
2026-08-24 20:17:57.961 +04:00 [INF] [Sckt 4] subscription 38 completed successfully
2026-08-24 20:17:57.962 +04:00 [INF] Futures order book SUIUSDT status changed: "Connecting" => "Syncing"
2026-08-24 20:17:58.008 +04:00 [INF] Futures order book SUIUSDT status changed: "Syncing" => "Synced"
2026-08-24 20:17:58.009 +04:00 [INF] Futures book Bitget:SUIUSDT "Synced"
2026-08-24 20:17:58.010 +04:00 [INF] UsdFutures order book TRUMPUSDT status changed: "Disconnected" => "Connecting"
2026-08-24 20:17:58.400 +04:00 [INF] [Sckt 1] subscription 40 completed successfully
2026-08-24 20:17:58.400 +04:00 [INF] UsdFutures order book TRUMPUSDT status changed: "Connecting" => "Syncing"
2026-08-24 20:17:58.869 +04:00 [INF] UsdFutures order book TRUMPUSDT status changed: "Syncing" => "Synced"
2026-08-24 20:17:58.871 +04:00 [INF] Futures book Binance:TRUMPUSDT "Synced"
2026-08-24 20:17:58.872 +04:00 [INF] V5 order book TRUMPUSDT status changed: "Disconnected" => "Connecting"
2026-08-24 20:17:59.076 +04:00 [INF] [Sckt 2] subscription 44 completed successfully
2026-08-24 20:17:59.078 +04:00 [INF] V5 order book TRUMPUSDT status changed: "Connecting" => "Syncing"
2026-08-24 20:17:59.079 +04:00 [INF] V5 order book TRUMPUSDT status changed: "Syncing" => "Synced"
2026-08-24 20:17:59.080 +04:00 [INF] Futures book Bybit:TRUMPUSDT "Synced"
2026-08-24 20:17:59.081 +04:00 [INF] Unified order book TRUMP-USDT-SWAP status changed: "Disconnected" => "Connecting"
2026-08-24 20:17:59.406 +04:00 [INF] [Sckt 3] subscription 47 completed successfully
2026-08-24 20:17:59.408 +04:00 [INF] Unified order book TRUMP-USDT-SWAP status changed: "Connecting" => "Syncing"
2026-08-24 20:17:59.463 +04:00 [INF] Unified order book TRUMP-USDT-SWAP status changed: "Syncing" => "Synced"
2026-08-24 20:17:59.465 +04:00 [INF] Futures book OKX:TRUMPUSDT "Synced"
2026-08-24 20:17:59.466 +04:00 [INF] Futures order book TRUMPUSDT status changed: "Disconnected" => "Connecting"
2026-08-24 20:17:59.756 +04:00 [INF] [Sckt 4] subscription 49 completed successfully
2026-08-24 20:17:59.758 +04:00 [INF] Futures order book TRUMPUSDT status changed: "Connecting" => "Syncing"
2026-08-24 20:17:59.759 +04:00 [INF] Futures order book TRUMPUSDT status changed: "Syncing" => "Synced"
2026-08-24 20:17:59.760 +04:00 [INF] Futures book Bitget:TRUMPUSDT "Synced"
2026-08-24 20:17:59.761 +04:00 [INF] UsdFutures order book ZECUSDT status changed: "Disconnected" => "Connecting"
2026-08-24 20:18:00.101 +04:00 [INF] [Sckt 1] subscription 51 completed successfully
2026-08-24 20:18:00.102 +04:00 [INF] UsdFutures order book ZECUSDT status changed: "Connecting" => "Syncing"
2026-08-24 20:18:00.489 +04:00 [INF] UsdFutures order book ZECUSDT status changed: "Syncing" => "Synced"
2026-08-24 20:18:00.490 +04:00 [INF] Futures book Binance:ZECUSDT "Synced"
2026-08-24 20:18:00.491 +04:00 [INF] V5 order book ZECUSDT status changed: "Disconnected" => "Connecting"
2026-08-24 20:18:00.692 +04:00 [INF] [Sckt 2] subscription 55 completed successfully
2026-08-24 20:18:00.694 +04:00 [INF] V5 order book ZECUSDT status changed: "Connecting" => "Syncing"
2026-08-24 20:18:00.695 +04:00 [INF] V5 order book ZECUSDT status changed: "Syncing" => "Synced"
2026-08-24 20:18:00.696 +04:00 [INF] Futures book Bybit:ZECUSDT "Synced"
2026-08-24 20:18:00.698 +04:00 [INF] Unified order book ZEC-USDT-SWAP status changed: "Disconnected" => "Connecting"
2026-08-24 20:18:01.024 +04:00 [INF] [Sckt 3] subscription 58 completed successfully
2026-08-24 20:18:01.025 +04:00 [INF] Unified order book ZEC-USDT-SWAP status changed: "Connecting" => "Syncing"
2026-08-24 20:18:01.279 +04:00 [INF] Unified order book ZEC-USDT-SWAP status changed: "Syncing" => "Synced"
2026-08-24 20:18:01.281 +04:00 [INF] Futures book OKX:ZECUSDT "Synced"
2026-08-24 20:18:01.282 +04:00 [INF] Futures order book ZECUSDT status changed: "Disconnected" => "Connecting"
2026-08-24 20:18:01.588 +04:00 [INF] [Sckt 4] subscription 60 completed successfully
2026-08-24 20:18:01.589 +04:00 [INF] Futures order book ZECUSDT status changed: "Connecting" => "Syncing"
2026-08-24 20:18:01.591 +04:00 [INF] Futures order book ZECUSDT status changed: "Syncing" => "Synced"
2026-08-24 20:18:01.593 +04:00 [INF] Futures book Bitget:ZECUSDT "Synced"
2026-08-24 20:18:01.602 +04:00 [INF] UsdFutures order book HYPEUSDT status changed: "Disconnected" => "Connecting"
2026-08-24 20:18:02.003 +04:00 [INF] [Sckt 1] subscription 62 completed successfully
2026-08-24 20:18:02.015 +04:00 [INF] UsdFutures order book HYPEUSDT status changed: "Connecting" => "Syncing"
2026-08-24 20:18:02.417 +04:00 [INF] UsdFutures order book HYPEUSDT status changed: "Syncing" => "Synced"
2026-08-24 20:18:02.419 +04:00 [INF] Futures book Binance:HYPEUSDT "Synced"
2026-08-24 20:18:02.420 +04:00 [INF] V5 order book HYPEUSDT status changed: "Disconnected" => "Connecting"
2026-08-24 20:18:02.638 +04:00 [INF] [Sckt 2] subscription 66 completed successfully
2026-08-24 20:18:02.640 +04:00 [INF] V5 order book HYPEUSDT status changed: "Connecting" => "Syncing"
2026-08-24 20:18:02.641 +04:00 [INF] V5 order book HYPEUSDT status changed: "Syncing" => "Synced"
2026-08-24 20:18:02.650 +04:00 [INF] Futures book Bybit:HYPEUSDT "Synced"
2026-08-24 20:18:02.652 +04:00 [INF] Unified order book HYPE-USDT-SWAP status changed: "Disconnected" => "Connecting"
2026-08-24 20:18:03.015 +04:00 [INF] [Sckt 3] subscription 69 completed successfully
2026-08-24 20:18:03.018 +04:00 [INF] Unified order book HYPE-USDT-SWAP status changed: "Connecting" => "Syncing"
2026-08-24 20:18:03.077 +04:00 [INF] Unified order book HYPE-USDT-SWAP status changed: "Syncing" => "Synced"
2026-08-24 20:18:03.078 +04:00 [INF] Futures book OKX:HYPEUSDT "Synced"
2026-08-24 20:18:03.080 +04:00 [INF] Futures order book HYPEUSDT status changed: "Disconnected" => "Connecting"
2026-08-24 20:18:03.368 +04:00 [INF] [Sckt 4] subscription 71 completed successfully
2026-08-24 20:18:03.370 +04:00 [INF] Futures order book HYPEUSDT status changed: "Connecting" => "Syncing"
2026-08-24 20:18:03.371 +04:00 [INF] Futures order book HYPEUSDT status changed: "Syncing" => "Synced"
2026-08-24 20:18:03.371 +04:00 [INF] Futures book Bitget:HYPEUSDT "Synced"
2026-08-24 20:18:03.372 +04:00 [INF] UsdFutures order book SNDKUSDT status changed: "Disconnected" => "Connecting"
2026-08-24 20:18:03.705 +04:00 [INF] [Sckt 1] subscription 73 completed successfully
2026-08-24 20:18:03.710 +04:00 [INF] UsdFutures order book SNDKUSDT status changed: "Connecting" => "Syncing"
2026-08-24 20:18:04.089 +04:00 [INF] UsdFutures order book SNDKUSDT status changed: "Syncing" => "Synced"
2026-08-24 20:18:04.090 +04:00 [INF] Futures book Binance:SNDKUSDT "Synced"
2026-08-24 20:18:04.092 +04:00 [INF] V5 order book SNDKUSDT status changed: "Disconnected" => "Connecting"
2026-08-24 20:18:04.294 +04:00 [INF] [Sckt 2] subscription 77 completed successfully
2026-08-24 20:18:04.296 +04:00 [INF] V5 order book SNDKUSDT status changed: "Connecting" => "Syncing"
2026-08-24 20:18:04.297 +04:00 [INF] V5 order book SNDKUSDT status changed: "Syncing" => "Synced"
2026-08-24 20:18:04.298 +04:00 [INF] Futures book Bybit:SNDKUSDT "Synced"
2026-08-24 20:18:04.299 +04:00 [INF] Unified order book SNDK-USDT-SWAP status changed: "Disconnected" => "Connecting"
2026-08-24 20:18:04.625 +04:00 [INF] [Sckt 3] subscription 80 completed successfully
2026-08-24 20:18:04.626 +04:00 [INF] Unified order book SNDK-USDT-SWAP status changed: "Connecting" => "Syncing"
2026-08-24 20:18:04.891 +04:00 [INF] Unified order book SNDK-USDT-SWAP status changed: "Syncing" => "Synced"
2026-08-24 20:18:04.892 +04:00 [INF] Futures book OKX:SNDKUSDT "Synced"
2026-08-24 20:18:04.893 +04:00 [INF] Futures order book SNDKUSDT status changed: "Disconnected" => "Connecting"
2026-08-24 20:18:05.171 +04:00 [INF] [Sckt 4] subscription 82 completed successfully
2026-08-24 20:18:05.172 +04:00 [INF] Futures order book SNDKUSDT status changed: "Connecting" => "Syncing"
2026-08-24 20:18:05.174 +04:00 [INF] Futures order book SNDKUSDT status changed: "Syncing" => "Synced"
2026-08-24 20:18:05.175 +04:00 [INF] Futures book Bitget:SNDKUSDT "Synced"
2026-08-24 20:18:05.178 +04:00 [INF] UsdFutures order book XAUUSDT status changed: "Disconnected" => "Connecting"
2026-08-24 20:18:05.510 +04:00 [INF] [Sckt 1] subscription 84 completed successfully
2026-08-24 20:18:05.512 +04:00 [INF] UsdFutures order book XAUUSDT status changed: "Connecting" => "Syncing"
2026-08-24 20:18:05.887 +04:00 [INF] UsdFutures order book XAUUSDT status changed: "Syncing" => "Synced"
2026-08-24 20:18:05.889 +04:00 [INF] Futures book Binance:XAUUSDT "Synced"
2026-08-24 20:18:05.890 +04:00 [INF] V5 order book XAUUSDT status changed: "Disconnected" => "Connecting"
2026-08-24 20:18:06.090 +04:00 [INF] [Sckt 2] subscription 88 completed successfully
2026-08-24 20:18:06.092 +04:00 [INF] V5 order book XAUUSDT status changed: "Connecting" => "Syncing"
2026-08-24 20:18:06.093 +04:00 [INF] V5 order book XAUUSDT status changed: "Syncing" => "Synced"
2026-08-24 20:18:06.093 +04:00 [INF] Futures book Bybit:XAUUSDT "Synced"
2026-08-24 20:18:06.094 +04:00 [INF] Unified order book XAU-USDT-SWAP status changed: "Disconnected" => "Connecting"
2026-08-24 20:18:06.422 +04:00 [INF] [Sckt 3] subscription 91 completed successfully
2026-08-24 20:18:06.423 +04:00 [INF] Unified order book XAU-USDT-SWAP status changed: "Connecting" => "Syncing"
2026-08-24 20:18:06.639 +04:00 [INF] Unified order book XAU-USDT-SWAP status changed: "Syncing" => "Synced"
2026-08-24 20:18:06.640 +04:00 [INF] Futures book OKX:XAUUSDT "Synced"
2026-08-24 20:18:06.641 +04:00 [INF] Futures order book XAUUSDT status changed: "Disconnected" => "Connecting"
2026-08-24 20:18:06.938 +04:00 [INF] [Sckt 4] subscription 93 completed successfully
2026-08-24 20:18:06.940 +04:00 [INF] Futures order book XAUUSDT status changed: "Connecting" => "Syncing"
2026-08-24 20:18:06.941 +04:00 [INF] Futures order book XAUUSDT status changed: "Syncing" => "Synced"
2026-08-24 20:18:06.941 +04:00 [INF] Futures book Bitget:XAUUSDT "Synced"
2026-08-24 20:18:06.942 +04:00 [INF] UsdFutures order book SOXLUSDT status changed: "Disconnected" => "Connecting"
2026-08-24 20:18:07.311 +04:00 [INF] [Sckt 1] subscription 95 completed successfully
2026-08-24 20:18:07.312 +04:00 [INF] UsdFutures order book SOXLUSDT status changed: "Connecting" => "Syncing"
2026-08-24 20:18:07.708 +04:00 [INF] UsdFutures order book SOXLUSDT status changed: "Syncing" => "Synced"
2026-08-24 20:18:07.709 +04:00 [INF] Futures book Binance:SOXLUSDT "Synced"
2026-08-24 20:18:07.710 +04:00 [INF] V5 order book SOXLUSDT status changed: "Disconnected" => "Connecting"
2026-08-24 20:18:07.910 +04:00 [INF] [Sckt 2] subscription 99 completed successfully
2026-08-24 20:18:07.912 +04:00 [INF] V5 order book SOXLUSDT status changed: "Connecting" => "Syncing"
2026-08-24 20:18:07.912 +04:00 [INF] V5 order book SOXLUSDT status changed: "Syncing" => "Synced"
2026-08-24 20:18:07.914 +04:00 [INF] Futures book Bybit:SOXLUSDT "Synced"
2026-08-24 20:18:07.914 +04:00 [INF] Unified order book SOXL-USDT-SWAP status changed: "Disconnected" => "Connecting"
2026-08-24 20:18:08.240 +04:00 [INF] [Sckt 3] subscription 102 completed successfully
2026-08-24 20:18:08.241 +04:00 [INF] Unified order book SOXL-USDT-SWAP status changed: "Connecting" => "Syncing"
2026-08-24 20:18:08.457 +04:00 [INF] Unified order book SOXL-USDT-SWAP status changed: "Syncing" => "Synced"
2026-08-24 20:18:08.458 +04:00 [INF] Futures book OKX:SOXLUSDT "Synced"
2026-08-24 20:18:08.459 +04:00 [INF] Futures order book SOXLUSDT status changed: "Disconnected" => "Connecting"
2026-08-24 20:18:08.729 +04:00 [INF] [Sckt 4] subscription 104 completed successfully
2026-08-24 20:18:08.731 +04:00 [INF] Futures order book SOXLUSDT status changed: "Connecting" => "Syncing"
2026-08-24 20:18:08.787 +04:00 [INF] Futures order book SOXLUSDT status changed: "Syncing" => "Synced"
2026-08-24 20:18:08.789 +04:00 [INF] Futures book Bitget:SOXLUSDT "Synced"
2026-08-24 20:18:08.790 +04:00 [INF] UsdFutures order book WLDUSDT status changed: "Disconnected" => "Connecting"
2026-08-24 20:18:09.115 +04:00 [INF] [Sckt 1] subscription 106 completed successfully
2026-08-24 20:18:09.117 +04:00 [INF] UsdFutures order book WLDUSDT status changed: "Connecting" => "Syncing"
2026-08-24 20:18:09.499 +04:00 [INF] UsdFutures order book WLDUSDT status changed: "Syncing" => "Synced"
2026-08-24 20:18:09.501 +04:00 [INF] Futures book Binance:WLDUSDT "Synced"
2026-08-24 20:18:09.501 +04:00 [INF] V5 order book WLDUSDT status changed: "Disconnected" => "Connecting"
2026-08-24 20:18:09.701 +04:00 [INF] [Sckt 2] subscription 110 completed successfully
2026-08-24 20:18:09.702 +04:00 [INF] V5 order book WLDUSDT status changed: "Connecting" => "Syncing"
2026-08-24 20:18:09.703 +04:00 [INF] V5 order book WLDUSDT status changed: "Syncing" => "Synced"
2026-08-24 20:18:09.704 +04:00 [INF] Futures book Bybit:WLDUSDT "Synced"
2026-08-24 20:18:09.705 +04:00 [INF] Unified order book WLD-USDT-SWAP status changed: "Disconnected" => "Connecting"
2026-08-24 20:18:10.030 +04:00 [INF] [Sckt 3] subscription 113 completed successfully
2026-08-24 20:18:10.032 +04:00 [INF] Unified order book WLD-USDT-SWAP status changed: "Connecting" => "Syncing"
2026-08-24 20:18:10.247 +04:00 [INF] Unified order book WLD-USDT-SWAP status changed: "Syncing" => "Synced"
2026-08-24 20:18:10.249 +04:00 [INF] Futures book OKX:WLDUSDT "Synced"
2026-08-24 20:18:10.250 +04:00 [INF] Futures order book WLDUSDT status changed: "Disconnected" => "Connecting"
2026-08-24 20:18:10.535 +04:00 [INF] [Sckt 4] subscription 117 completed successfully
2026-08-24 20:18:10.537 +04:00 [INF] Futures order book WLDUSDT status changed: "Connecting" => "Syncing"
2026-08-24 20:18:10.588 +04:00 [INF] Futures order book WLDUSDT status changed: "Syncing" => "Synced"
2026-08-24 20:18:10.590 +04:00 [INF] Futures book Bitget:WLDUSDT "Synced"
2026-08-24 20:18:10.591 +04:00 [INF] UsdFutures order book SOLUSDT status changed: "Disconnected" => "Connecting"
2026-08-24 20:18:12.251 +04:00 [INF] [Sckt 5] subscription 119 completed successfully
2026-08-24 20:18:12.253 +04:00 [INF] UsdFutures order book SOLUSDT status changed: "Connecting" => "Syncing"
2026-08-24 20:18:12.706 +04:00 [INF] UsdFutures order book SOLUSDT status changed: "Syncing" => "Synced"
2026-08-24 20:18:12.708 +04:00 [INF] Futures book Binance:SOLUSDT "Synced"
2026-08-24 20:18:12.710 +04:00 [INF] V5 order book SOLUSDT status changed: "Disconnected" => "Connecting"
2026-08-24 20:18:13.566 +04:00 [INF] [Sckt 6] subscription 124 completed successfully
2026-08-24 20:18:13.568 +04:00 [INF] V5 order book SOLUSDT status changed: "Connecting" => "Syncing"
2026-08-24 20:18:13.569 +04:00 [INF] V5 order book SOLUSDT status changed: "Syncing" => "Synced"
2026-08-24 20:18:13.570 +04:00 [INF] Futures book Bybit:SOLUSDT "Synced"
2026-08-24 20:18:13.570 +04:00 [INF] Unified order book SOL-USDT-SWAP status changed: "Disconnected" => "Connecting"
2026-08-24 20:18:14.942 +04:00 [INF] [Sckt 7] subscription 127 completed successfully
2026-08-24 20:18:14.943 +04:00 [INF] Unified order book SOL-USDT-SWAP status changed: "Connecting" => "Syncing"
2026-08-24 20:18:15.428 +04:00 [INF] Unified order book SOL-USDT-SWAP status changed: "Syncing" => "Synced"
2026-08-24 20:18:15.430 +04:00 [INF] Futures book OKX:SOLUSDT "Synced"
2026-08-24 20:18:15.431 +04:00 [INF] Futures order book SOLUSDT status changed: "Disconnected" => "Connecting"
2026-08-24 20:18:16.509 +04:00 [INF] [Sckt 8] subscription 129 completed successfully
2026-08-24 20:18:16.510 +04:00 [INF] Futures order book SOLUSDT status changed: "Connecting" => "Syncing"
2026-08-24 20:18:16.511 +04:00 [INF] Futures order book SOLUSDT status changed: "Syncing" => "Synced"
2026-08-24 20:18:16.512 +04:00 [INF] Futures book Bitget:SOLUSDT "Synced"
2026-08-24 20:18:16.513 +04:00 [INF] UsdFutures order book SKHYNIXUSDT status changed: "Disconnected" => "Connecting"
2026-08-24 20:18:16.859 +04:00 [INF] [Sckt 5] subscription 131 completed successfully
2026-08-24 20:18:16.861 +04:00 [INF] UsdFutures order book SKHYNIXUSDT status changed: "Connecting" => "Syncing"
2026-08-24 20:18:17.240 +04:00 [INF] UsdFutures order book SKHYNIXUSDT status changed: "Syncing" => "Synced"
2026-08-24 20:18:17.241 +04:00 [INF] Futures book Binance:SKHYNIXUSDT "Synced"
2026-08-24 20:18:17.242 +04:00 [INF] V5 order book SKHYNIXUSDT status changed: "Disconnected" => "Connecting"
2026-08-24 20:18:17.442 +04:00 [INF] [Sckt 6] subscription 135 completed successfully
2026-08-24 20:18:17.444 +04:00 [INF] V5 order book SKHYNIXUSDT status changed: "Connecting" => "Syncing"
2026-08-24 20:18:17.445 +04:00 [INF] V5 order book SKHYNIXUSDT status changed: "Syncing" => "Synced"
2026-08-24 20:18:17.445 +04:00 [INF] Futures book Bybit:SKHYNIXUSDT "Synced"
2026-08-24 20:18:17.446 +04:00 [INF] Unified order book SKHYNIX-USDT-SWAP status changed: "Disconnected" => "Connecting"
2026-08-24 20:18:17.790 +04:00 [INF] [Sckt 7] subscription 138 completed successfully
2026-08-24 20:18:17.791 +04:00 [INF] Unified order book SKHYNIX-USDT-SWAP status changed: "Connecting" => "Syncing"
2026-08-24 20:18:18.059 +04:00 [INF] Unified order book SKHYNIX-USDT-SWAP status changed: "Syncing" => "Synced"
2026-08-24 20:18:18.060 +04:00 [INF] Futures book OKX:SKHYNIXUSDT "Synced"
2026-08-24 20:18:18.061 +04:00 [INF] Futures order book SKHYNIXUSDT status changed: "Disconnected" => "Connecting"
2026-08-24 20:18:18.347 +04:00 [INF] [Sckt 8] subscription 140 completed successfully
2026-08-24 20:18:18.349 +04:00 [INF] Futures order book SKHYNIXUSDT status changed: "Connecting" => "Syncing"
2026-08-24 20:18:18.350 +04:00 [INF] Futures order book SKHYNIXUSDT status changed: "Syncing" => "Synced"
2026-08-24 20:18:18.352 +04:00 [INF] Futures book Bitget:SKHYNIXUSDT "Synced"
2026-08-24 20:18:18.352 +04:00 [INF] UsdFutures order book ADAUSDT status changed: "Disconnected" => "Connecting"
2026-08-24 20:18:18.762 +04:00 [INF] [Sckt 5] subscription 142 completed successfully
2026-08-24 20:18:18.763 +04:00 [INF] UsdFutures order book ADAUSDT status changed: "Connecting" => "Syncing"
2026-08-24 20:18:19.142 +04:00 [INF] UsdFutures order book ADAUSDT status changed: "Syncing" => "Synced"
2026-08-24 20:18:19.144 +04:00 [INF] Futures book Binance:ADAUSDT "Synced"
2026-08-24 20:18:19.145 +04:00 [INF] V5 order book ADAUSDT status changed: "Disconnected" => "Connecting"
2026-08-24 20:18:19.345 +04:00 [INF] [Sckt 6] subscription 146 completed successfully
2026-08-24 20:18:19.346 +04:00 [INF] V5 order book ADAUSDT status changed: "Connecting" => "Syncing"
2026-08-24 20:18:19.348 +04:00 [INF] V5 order book ADAUSDT status changed: "Syncing" => "Synced"
2026-08-24 20:18:19.349 +04:00 [INF] Futures book Bybit:ADAUSDT "Synced"
2026-08-24 20:18:19.350 +04:00 [INF] Unified order book ADA-USDT-SWAP status changed: "Disconnected" => "Connecting"
2026-08-24 20:18:19.690 +04:00 [INF] [Sckt 7] subscription 149 completed successfully
2026-08-24 20:18:19.691 +04:00 [INF] Unified order book ADA-USDT-SWAP status changed: "Connecting" => "Syncing"
2026-08-24 20:18:19.897 +04:00 [INF] Unified order book ADA-USDT-SWAP status changed: "Syncing" => "Synced"
2026-08-24 20:18:19.899 +04:00 [INF] Futures book OKX:ADAUSDT "Synced"
2026-08-24 20:18:19.900 +04:00 [INF] Futures order book ADAUSDT status changed: "Disconnected" => "Connecting"
2026-08-24 20:18:20.175 +04:00 [INF] [Sckt 8] subscription 151 completed successfully
2026-08-24 20:18:20.177 +04:00 [INF] Futures order book ADAUSDT status changed: "Connecting" => "Syncing"
2026-08-24 20:18:20.178 +04:00 [INF] Futures order book ADAUSDT status changed: "Syncing" => "Synced"
2026-08-24 20:18:20.179 +04:00 [INF] Futures book Bitget:ADAUSDT "Synced"
2026-08-24 20:18:20.180 +04:00 [INF] UsdFutures order book SPCXUSDT status changed: "Disconnected" => "Connecting"
2026-08-24 20:18:20.562 +04:00 [INF] [Sckt 5] subscription 153 completed successfully
2026-08-24 20:18:20.564 +04:00 [INF] UsdFutures order book SPCXUSDT status changed: "Connecting" => "Syncing"
2026-08-24 20:18:20.959 +04:00 [INF] UsdFutures order book SPCXUSDT status changed: "Syncing" => "Synced"
2026-08-24 20:18:20.960 +04:00 [INF] Futures book Binance:SPCXUSDT "Synced"
2026-08-24 20:18:20.961 +04:00 [INF] V5 order book SPCXUSDT status changed: "Disconnected" => "Connecting"
2026-08-24 20:18:21.160 +04:00 [INF] [Sckt 6] subscription 157 completed successfully
2026-08-24 20:18:21.161 +04:00 [INF] V5 order book SPCXUSDT status changed: "Connecting" => "Syncing"
2026-08-24 20:18:21.162 +04:00 [INF] V5 order book SPCXUSDT status changed: "Syncing" => "Synced"
2026-08-24 20:18:21.163 +04:00 [INF] Futures book Bybit:SPCXUSDT "Synced"
2026-08-24 20:18:21.163 +04:00 [INF] Unified order book SPCX-USDT-SWAP status changed: "Disconnected" => "Connecting"
2026-08-24 20:18:21.503 +04:00 [INF] [Sckt 7] subscription 160 completed successfully
2026-08-24 20:18:21.504 +04:00 [INF] Unified order book SPCX-USDT-SWAP status changed: "Connecting" => "Syncing"
2026-08-24 20:18:21.526 +04:00 [INF] Trading UI settings saved (paper=true)
2026-08-24 20:18:21.717 +04:00 [INF] Unified order book SPCX-USDT-SWAP status changed: "Syncing" => "Synced"
2026-08-24 20:18:21.719 +04:00 [INF] Futures book OKX:SPCXUSDT "Synced"
2026-08-24 20:18:21.720 +04:00 [INF] Futures order book SPCXUSDT status changed: "Disconnected" => "Connecting"
2026-08-24 20:18:21.985 +04:00 [INF] [Sckt 8] subscription 162 completed successfully
2026-08-24 20:18:21.988 +04:00 [INF] Futures order book SPCXUSDT status changed: "Connecting" => "Syncing"
2026-08-24 20:18:21.994 +04:00 [INF] Futures order book SPCXUSDT status changed: "Syncing" => "Synced"
2026-08-24 20:18:21.995 +04:00 [INF] Futures book Bitget:SPCXUSDT "Synced"
2026-08-24 20:18:21.996 +04:00 [INF] UsdFutures order book PENGUUSDT status changed: "Disconnected" => "Connecting"
2026-08-24 20:18:22.420 +04:00 [INF] [Sckt 5] subscription 164 completed successfully
2026-08-24 20:18:22.421 +04:00 [INF] UsdFutures order book PENGUUSDT status changed: "Connecting" => "Syncing"
2026-08-24 20:18:22.889 +04:00 [INF] UsdFutures order book PENGUUSDT status changed: "Syncing" => "Synced"
2026-08-24 20:18:22.891 +04:00 [INF] Futures book Binance:PENGUUSDT "Synced"
2026-08-24 20:18:22.892 +04:00 [INF] V5 order book PENGUUSDT status changed: "Disconnected" => "Connecting"
2026-08-24 20:18:23.093 +04:00 [INF] [Sckt 6] subscription 168 completed successfully
2026-08-24 20:18:23.093 +04:00 [INF] V5 order book PENGUUSDT status changed: "Connecting" => "Syncing"
2026-08-24 20:18:23.095 +04:00 [INF] V5 order book PENGUUSDT status changed: "Syncing" => "Synced"
2026-08-24 20:18:23.095 +04:00 [INF] Futures book Bybit:PENGUUSDT "Synced"
2026-08-24 20:18:23.096 +04:00 [INF] Unified order book PENGU-USDT-SWAP status changed: "Disconnected" => "Connecting"
2026-08-24 20:18:23.436 +04:00 [INF] [Sckt 7] subscription 172 completed successfully
2026-08-24 20:18:23.438 +04:00 [INF] Unified order book PENGU-USDT-SWAP status changed: "Connecting" => "Syncing"
2026-08-24 20:18:23.489 +04:00 [INF] Unified order book PENGU-USDT-SWAP status changed: "Syncing" => "Synced"
2026-08-24 20:18:23.494 +04:00 [INF] Futures book OKX:PENGUUSDT "Synced"
2026-08-24 20:18:23.494 +04:00 [INF] Futures order book PENGUUSDT status changed: "Disconnected" => "Connecting"
2026-08-24 20:18:23.760 +04:00 [INF] [Sckt 8] subscription 174 completed successfully
2026-08-24 20:18:23.770 +04:00 [INF] Futures order book PENGUUSDT status changed: "Connecting" => "Syncing"
2026-08-24 20:18:23.771 +04:00 [INF] Futures order book PENGUUSDT status changed: "Syncing" => "Synced"
2026-08-24 20:18:23.773 +04:00 [INF] Futures book Bitget:PENGUUSDT "Synced"
2026-08-24 20:18:23.777 +04:00 [INF] Exchange Binance: 15/15 streams live
2026-08-24 20:18:23.778 +04:00 [INF] Exchange Bybit: 15/15 streams live
2026-08-24 20:18:23.779 +04:00 [INF] Exchange OKX: 15/15 streams live
2026-08-24 20:18:23.780 +04:00 [INF] Exchange Bitget: 15/15 streams live
2026-08-24 20:18:23.782 +04:00 [INF] Futures books: Bitget:SNDKUSDT=Synced; Bybit:SOXLUSDT=Synced; Bitget:SOXLUSDT=Synced; Bitget:ZECUSDT=Synced; OKX:SPCXUSDT=Synced; OKX:SOLUSDT=Synced; Bybit:SPCXUSDT=Synced; Bybit:WLDUSDT=Synced; Bybit:TRUMPUSDT=Synced; Binance:SOLUSDT=Synced; Binance:SUIUSDT=Synced; OKX:PENGUUSDT=Synced; Binance:ZECUSDT=Synced; Binance:SNDKUSDT=Synced; Bitget:TRUMPUSDT=Synced; OKX:SOXLUSDT=Synced; Bybit:SUIUSDT=Synced; Bitget:HYPEUSDT=Synced; Bybit:DOGEUSDT=Synced; Binance:TRUMPUSDT=Synced; Binance:WLDUSDT=Synced; Binance:XAUUSDT=Synced; Binance:DOGEUSDT=Synced; Binance:SPCXUSDT=Synced; Bitget:DOGEUSDT=Synced; OKX:DOGEUSDT=Synced; Bybit:SNDKUSDT=Synced; Binance:ADAUSDT=Synced; Bybit:ENAUSDT=Synced; Bitget:PENGUUSDT=Synced; OKX:ADAUSDT=Synced; Binance:ENAUSDT=Synced; OKX:SNDKUSDT=Synced; OKX:SUIUSDT=Synced; Bitget:SPCXUSDT=Synced; Bybit:ZECUSDT=Synced; Bybit:XAUUSDT=Synced; OKX:ENAUSDT=Synced; Binance:PENGUUSDT=Synced; OKX:XAUUSDT=Synced; OKX:WLDUSDT=Synced; Binance:SOXLUSDT=Synced; Binance:HYPEUSDT=Synced; Bybit:HYPEUSDT=Synced; Bitget:SOLUSDT=Synced; Bybit:ADAUSDT=Synced; Bitget:SKHYNIXUSDT=Synced; OKX:ZECUSDT=Synced; Bybit:PENGUUSDT=Synced; Bybit:SKHYNIXUSDT=Synced; OKX:HYPEUSDT=Synced; OKX:SKHYNIXUSDT=Synced; Bitget:SUIUSDT=Synced; Bitget:ADAUSDT=Synced; Bitget:XAUUSDT=Synced; Bitget:WLDUSDT=Synced; Binance:SKHYNIXUSDT=Synced; Bitget:ENAUSDT=Synced; OKX:TRUMPUSDT=Synced; Bybit:SOLUSDT=Synced
2026-08-24 20:18:26.302 +04:00 [INF] Funding cache refresh for 15 symbols × 3 exchanges (TTL 45m)
2026-08-24 20:18:31.070 +04:00 [INF] OKX balances OK via Live, assets=2
2026-08-24 20:18:34.243 +04:00 [INF] OKX balances OK via Live, assets=2
2026-08-24 20:19:07.661 +04:00 [INF] Funding cache entries: 45
2026-08-24 20:19:09.937 +04:00 [WRN] [Sckt 5] error: Websocket error code "ConnectionClosedPrematurely", details: The remote party closed the WebSocket connection without completing the close handshake.
System.Net.WebSockets.WebSocketException (0x80004005): The remote party closed the WebSocket connection without completing the close handshake.
   at System.Net.WebSockets.ManagedWebSocket.ThrowEOFUnexpected()
   at System.Net.WebSockets.ManagedWebSocket.EnsureBufferContainsAsync(Int32 minimumRequiredBytes, CancellationToken cancellationToken)
   at System.Runtime.CompilerServices.PoolingAsyncValueTaskMethodBuilder`1.StateMachineBox`1.System.Threading.Tasks.Sources.IValueTaskSource.GetResult(Int16 token)
   at System.Net.WebSockets.ManagedWebSocket.ReceiveAsyncPrivate[TResult](Memory`1 payloadBuffer, CancellationToken cancellationToken)
   at System.Runtime.CompilerServices.PoolingAsyncValueTaskMethodBuilder`1.StateMachineBox`1.System.Threading.Tasks.Sources.IValueTaskSource<TResult>.GetResult(Int16 token)
   at CryptoExchange.Net.Sockets.Default.CryptoExchangeWebSocketClient.ReceiveLoopNewAsync()
2026-08-24 20:19:09.972 +04:00 [WRN] UsdFutures order book SOLUSDT connection lost
2026-08-24 20:19:09.974 +04:00 [INF] UsdFutures order book SOLUSDT status changed: "Synced" => "Reconnecting"
2026-08-24 20:19:09.975 +04:00 [WRN] UsdFutures order book SKHYNIXUSDT connection lost
2026-08-24 20:19:09.975 +04:00 [INF] UsdFutures order book SKHYNIXUSDT status changed: "Synced" => "Reconnecting"
2026-08-24 20:19:09.976 +04:00 [WRN] UsdFutures order book ADAUSDT connection lost
2026-08-24 20:19:09.977 +04:00 [INF] UsdFutures order book ADAUSDT status changed: "Synced" => "Reconnecting"
2026-08-24 20:19:09.978 +04:00 [WRN] UsdFutures order book SPCXUSDT connection lost
2026-08-24 20:19:09.978 +04:00 [INF] UsdFutures order book SPCXUSDT status changed: "Synced" => "Reconnecting"
2026-08-24 20:19:09.982 +04:00 [WRN] UsdFutures order book PENGUUSDT connection lost
2026-08-24 20:19:09.983 +04:00 [INF] UsdFutures order book PENGUUSDT status changed: "Synced" => "Reconnecting"
2026-08-24 20:19:14.837 +04:00 [INF] Futures scan: 1 candidate(s), best RT=0.120% open=0.225%
2026-08-24 20:19:14.868 +04:00 [INF] FUT PAPER OPEN PENGUUSDT L:Binance S:Bybit qty=20694.033526 lev=5x margin=40.00 edge=0.225%
2026-08-24 20:19:14.872 +04:00 [INF] Opened futures paper hedge (1): PENGUUSDT: L Binance@0.01 / S Bybit@0.01 | RT 0.120% fund 0.000% → 0.120%
2026-08-24 20:19:16.945 +04:00 [INF] UsdFutures order book SOLUSDT status changed: "Reconnecting" => "Syncing"
2026-08-24 20:19:16.948 +04:00 [INF] UsdFutures order book SKHYNIXUSDT status changed: "Reconnecting" => "Syncing"
2026-08-24 20:19:16.949 +04:00 [INF] UsdFutures order book ADAUSDT status changed: "Reconnecting" => "Syncing"
2026-08-24 20:19:16.950 +04:00 [INF] UsdFutures order book SPCXUSDT status changed: "Reconnecting" => "Syncing"
2026-08-24 20:19:16.952 +04:00 [INF] UsdFutures order book PENGUUSDT status changed: "Reconnecting" => "Syncing"
2026-08-24 20:19:17.317 +04:00 [INF] UsdFutures order book SOLUSDT successfully resynchronized
2026-08-24 20:19:17.318 +04:00 [INF] UsdFutures order book SOLUSDT status changed: "Syncing" => "Synced"
2026-08-24 20:19:17.318 +04:00 [INF] UsdFutures order book SKHYNIXUSDT successfully resynchronized
2026-08-24 20:19:17.321 +04:00 [INF] UsdFutures order book SKHYNIXUSDT status changed: "Syncing" => "Synced"
2026-08-24 20:19:17.332 +04:00 [INF] UsdFutures order book SPCXUSDT successfully resynchronized
2026-08-24 20:19:17.335 +04:00 [INF] UsdFutures order book PENGUUSDT successfully resynchronized
2026-08-24 20:19:17.336 +04:00 [INF] UsdFutures order book SPCXUSDT status changed: "Syncing" => "Synced"
2026-08-24 20:19:17.337 +04:00 [INF] UsdFutures order book PENGUUSDT status changed: "Syncing" => "Synced"
2026-08-24 20:19:17.348 +04:00 [INF] UsdFutures order book ADAUSDT successfully resynchronized
2026-08-24 20:19:17.352 +04:00 [WRN] UsdFutures order book SKHYNIXUSDT detected out of sync order book. First ask: 1192.69000, first bid: 1192.76000. Resyncing
2026-08-24 20:19:17.355 +04:00 [INF] UsdFutures order book ADAUSDT status changed: "Syncing" => "Synced"
2026-08-24 20:19:17.356 +04:00 [INF] UsdFutures order book SKHYNIXUSDT status changed: "Synced" => "Syncing"
2026-08-24 20:19:17.959 +04:00 [INF] FUT PAPER CLOSE PENGUUSDT pnl=0.2180 reason=converge lev=5x
2026-08-24 20:19:18.036 +04:00 [INF] [Sckt 5] subscription 131 unsubscribed
2026-08-24 20:19:19.015 +04:00 [INF] UsdFutures order book SKHYNIXUSDT successfully resynchronized
2026-08-24 20:19:19.016 +04:00 [INF] UsdFutures order book SKHYNIXUSDT status changed: "Syncing" => "Synced"
2026-08-24 20:19:19.107 +04:00 [WRN] UsdFutures order book SKHYNIXUSDT detected out of sync order book. First ask: 1193.11000, first bid: 1193.15000. Resyncing
2026-08-24 20:19:19.109 +04:00 [INF] UsdFutures order book SKHYNIXUSDT status changed: "Synced" => "Syncing"
2026-08-24 20:19:22.252 +04:00 [INF] [Sckt 5] subscription 131 unsubscribed
2026-08-24 20:19:23.090 +04:00 [INF] UsdFutures order book SKHYNIXUSDT successfully resynchronized
2026-08-24 20:19:23.091 +04:00 [INF] UsdFutures order book SKHYNIXUSDT status changed: "Syncing" => "Synced"
2026-08-24 20:37:48.110 +04:00 [INF] Discovery: public tickers Binance/Bybit/OKX (arb band 8000000–400000000 USDT vol, top 15)
2026-08-24 20:37:49.405 +04:00 [INF] Binance fapi: 692 USDT perps with volume
2026-08-24 20:37:50.362 +04:00 [INF] Bybit linear: 725 USDT perps with volume
2026-08-24 20:37:50.746 +04:00 [INF] OKX SWAP: 434 USDT perps with volume
2026-08-24 20:37:51.172 +04:00 [INF] Bitget USDT-FUTURES: 757 tickers with volume
2026-08-24 20:37:54.216 +04:00 [INF] GateIo USDT futures: 931 tickers with volume
2026-08-24 20:37:54.698 +04:00 [INF] Discovered 15 arb pairs: DOGEUSDT@5ex/202.3M, ENAUSDT@5ex/182.1M, SUIUSDT@5ex/113.3M, TRUMPUSDT@5ex/205.8M, ZECUSDT@5ex/201M, HYPEUSDT@5ex/242.3M, SNDKUSDT@5ex/255.5M, XAUUSDT@5ex/130.1M, SOXLUSDT@5ex/123.4M, WLDUSDT@5ex/49.7M, SOLUSDT@5ex/380.8M, SKHYNIXUSDT@5ex/114.3M, ADAUSDT@5ex/94.6M, SPCXUSDT@5ex/90.2M, PENGUUSDT@5ex/84.4M
2026-08-24 20:37:54.700 +04:00 [INF] Symbol refresh (http-tickers-arb): [DOGEUSDT,ENAUSDT,SUIUSDT,TRUMPUSDT,ZECUSDT,HYPEUSDT,SNDKUSDT,XAUUSDT,SOXLUSDT,WLDUSDT,SOLUSDT,SKHYNIXUSDT,ADAUSDT,SPCXUSDT,PENGUUSDT] → [DOGEUSDT,ENAUSDT,SUIUSDT,TRUMPUSDT,ZECUSDT,HYPEUSDT,SNDKUSDT,XAUUSDT,SOXLUSDT,WLDUSDT,SOLUSDT,SKHYNIXUSDT,ADAUSDT,SPCXUSDT,PENGUUSDT] | changed=false
2026-08-24 20:40:19.555 +04:00 [INF] Futures scan: 3 candidate(s), best RT=0.546% open=0.656%
2026-08-24 20:40:19.562 +04:00 [INF] FUT PAPER OPEN TRUMPUSDT L:Binance S:Bitget qty=80.000000 lev=5x margin=40.00 edge=0.656%
2026-08-24 20:40:19.565 +04:00 [INF] Opened futures paper hedge (1): TRUMPUSDT: L Binance@2.48 / S Bitget@2.50 | RT 0.546% fund 0.000% → 0.546%
2026-08-24 20:40:19.568 +04:00 [INF] Paper skip TRUMPUSDT: Cooldown 8000ms open=0.621% RT=0.516%
2026-08-24 20:40:19.570 +04:00 [INF] Paper skip TRUMPUSDT: Cooldown 8000ms open=0.505% RT=0.405%
2026-08-24 20:40:20.614 +04:00 [INF] FUT PAPER CLOSE TRUMPUSDT pnl=1.0010 reason=converge lev=5x
2026-08-24 20:52:40.548 +04:00 [INF] Paper analytics store: D:\Users\karap\source\repos\ArbitrageBot\ArbitrageBot\data\paper
2026-08-24 20:52:40.578 +04:00 [WRN] LiveTradingGuard boot: enabled=false readOnly=true maxOpen=3 maxNotional=200 dayLimit=-60
2026-08-24 20:52:40.607 +04:00 [INF] Realtime broadcast started (in-memory WS books → SignalR every 900ms; no REST in this loop)
2026-08-24 20:52:40.610 +04:00 [INF] Discovery: public tickers Binance/Bybit/OKX (arb band 8000000–400000000 USDT vol, top 15)
2026-08-24 20:52:41.833 +04:00 [INF] Binance fapi: 692 USDT perps with volume
2026-08-24 20:52:42.343 +04:00 [INF] Bybit linear: 725 USDT perps with volume
2026-08-24 20:52:42.803 +04:00 [INF] OKX SWAP: 434 USDT perps with volume
2026-08-24 20:52:43.499 +04:00 [INF] Bitget USDT-FUTURES: 757 tickers with volume
2026-08-24 20:52:46.734 +04:00 [INF] GateIo USDT futures: 931 tickers with volume
2026-08-24 20:52:47.675 +04:00 [INF] Discovered 15 arb pairs: DOGEUSDT@5ex/202.2M, ENAUSDT@5ex/182.3M, SUIUSDT@5ex/113.6M, TRUMPUSDT@5ex/204.2M, ZECUSDT@5ex/199.9M, HYPEUSDT@5ex/241.4M, SNDKUSDT@5ex/259.6M, XAUUSDT@5ex/131.5M, SOXLUSDT@5ex/124M, WLDUSDT@5ex/49.8M, SOLUSDT@5ex/380M, SKHYNIXUSDT@5ex/114.7M, ADAUSDT@5ex/94.8M, SPCXUSDT@5ex/90.8M, PENGUUSDT@5ex/82.4M
2026-08-24 20:52:47.678 +04:00 [INF] Start | Strategy=FuturesCross | Mode=PAPER | Symbols=DOGEUSDT,ENAUSDT,SUIUSDT,TRUMPUSDT,ZECUSDT,HYPEUSDT,SNDKUSDT,XAUUSDT,SOXLUSDT,WLDUSDT,SOLUSDT,SKHYNIXUSDT,ADAUSDT,SPCXUSDT,PENGUUSDT | Ex=Binance,Bybit,OKX,Bitget
2026-08-24 20:52:47.754 +04:00 [INF] Paper state restored: 0 open, 200 trades in memory, realized=4283.86 from D:\Users\karap\source\repos\ArbitrageBot\ArbitrageBot\data\paper\open-state.json
2026-08-24 20:52:47.820 +04:00 [INF] UsdFutures order book DOGEUSDT status changed: "Disconnected" => "Connecting"
2026-08-24 20:52:49.617 +04:00 [INF] [Sckt 1] subscription 6 completed successfully
2026-08-24 20:52:49.621 +04:00 [INF] UsdFutures order book DOGEUSDT status changed: "Connecting" => "Syncing"
2026-08-24 20:52:50.011 +04:00 [INF] UsdFutures order book DOGEUSDT status changed: "Syncing" => "Synced"
2026-08-24 20:52:50.017 +04:00 [INF] Futures book Binance:DOGEUSDT "Synced"
2026-08-24 20:52:50.031 +04:00 [INF] V5 order book DOGEUSDT status changed: "Disconnected" => "Connecting"
2026-08-24 20:52:51.140 +04:00 [INF] [Sckt 2] subscription 10 completed successfully
2026-08-24 20:52:51.142 +04:00 [INF] V5 order book DOGEUSDT status changed: "Connecting" => "Syncing"
2026-08-24 20:52:51.144 +04:00 [INF] V5 order book DOGEUSDT status changed: "Syncing" => "Synced"
2026-08-24 20:52:51.145 +04:00 [INF] Futures book Bybit:DOGEUSDT "Synced"
2026-08-24 20:52:51.171 +04:00 [INF] Unified order book DOGE-USDT-SWAP status changed: "Disconnected" => "Connecting"
2026-08-24 20:52:52.658 +04:00 [INF] [Sckt 3] subscription 14 completed successfully
2026-08-24 20:52:52.660 +04:00 [INF] Unified order book DOGE-USDT-SWAP status changed: "Connecting" => "Syncing"
2026-08-24 20:52:53.197 +04:00 [INF] Unified order book DOGE-USDT-SWAP status changed: "Syncing" => "Synced"
2026-08-24 20:52:53.199 +04:00 [INF] Futures book OKX:DOGEUSDT "Synced"
2026-08-24 20:52:53.232 +04:00 [INF] Futures order book DOGEUSDT status changed: "Disconnected" => "Connecting"
2026-08-24 20:52:54.801 +04:00 [INF] [Sckt 4] subscription 16 completed successfully
2026-08-24 20:52:54.803 +04:00 [INF] Futures order book DOGEUSDT status changed: "Connecting" => "Syncing"
2026-08-24 20:52:54.855 +04:00 [INF] Futures order book DOGEUSDT status changed: "Syncing" => "Synced"
2026-08-24 20:52:54.857 +04:00 [INF] Futures book Bitget:DOGEUSDT "Synced"
2026-08-24 20:52:54.859 +04:00 [INF] UsdFutures order book ENAUSDT status changed: "Disconnected" => "Connecting"
2026-08-24 20:52:55.274 +04:00 [INF] [Sckt 1] subscription 18 completed successfully
2026-08-24 20:52:55.277 +04:00 [INF] UsdFutures order book ENAUSDT status changed: "Connecting" => "Syncing"
2026-08-24 20:52:55.671 +04:00 [INF] UsdFutures order book ENAUSDT status changed: "Syncing" => "Synced"
2026-08-24 20:52:55.671 +04:00 [INF] Futures book Binance:ENAUSDT "Synced"
2026-08-24 20:52:55.672 +04:00 [INF] V5 order book ENAUSDT status changed: "Disconnected" => "Connecting"
2026-08-24 20:52:55.872 +04:00 [INF] [Sckt 2] subscription 22 completed successfully
2026-08-24 20:52:55.884 +04:00 [INF] V5 order book ENAUSDT status changed: "Connecting" => "Syncing"
2026-08-24 20:52:55.888 +04:00 [INF] V5 order book ENAUSDT status changed: "Syncing" => "Synced"
2026-08-24 20:52:55.889 +04:00 [INF] Futures book Bybit:ENAUSDT "Synced"
2026-08-24 20:52:55.890 +04:00 [INF] Unified order book ENA-USDT-SWAP status changed: "Disconnected" => "Connecting"
2026-08-24 20:52:56.214 +04:00 [INF] [Sckt 3] subscription 25 completed successfully
2026-08-24 20:52:56.215 +04:00 [INF] Unified order book ENA-USDT-SWAP status changed: "Connecting" => "Syncing"
2026-08-24 20:52:56.427 +04:00 [INF] Unified order book ENA-USDT-SWAP status changed: "Syncing" => "Synced"
2026-08-24 20:52:56.428 +04:00 [INF] Futures book OKX:ENAUSDT "Synced"
2026-08-24 20:52:56.429 +04:00 [INF] Futures order book ENAUSDT status changed: "Disconnected" => "Connecting"
2026-08-24 20:52:56.703 +04:00 [INF] [Sckt 4] subscription 27 completed successfully
2026-08-24 20:52:56.704 +04:00 [INF] Futures order book ENAUSDT status changed: "Connecting" => "Syncing"
2026-08-24 20:52:56.747 +04:00 [INF] Futures order book ENAUSDT status changed: "Syncing" => "Synced"
2026-08-24 20:52:56.748 +04:00 [INF] Futures book Bitget:ENAUSDT "Synced"
2026-08-24 20:52:56.749 +04:00 [INF] UsdFutures order book SUIUSDT status changed: "Disconnected" => "Connecting"
2026-08-24 20:52:57.076 +04:00 [INF] [Sckt 1] subscription 29 completed successfully
2026-08-24 20:52:57.077 +04:00 [INF] UsdFutures order book SUIUSDT status changed: "Connecting" => "Syncing"
2026-08-24 20:52:57.451 +04:00 [INF] UsdFutures order book SUIUSDT status changed: "Syncing" => "Synced"
2026-08-24 20:52:57.452 +04:00 [INF] Futures book Binance:SUIUSDT "Synced"
2026-08-24 20:52:57.453 +04:00 [INF] V5 order book SUIUSDT status changed: "Disconnected" => "Connecting"
2026-08-24 20:52:57.655 +04:00 [INF] [Sckt 2] subscription 33 completed successfully
2026-08-24 20:52:57.657 +04:00 [INF] V5 order book SUIUSDT status changed: "Connecting" => "Syncing"
2026-08-24 20:52:57.658 +04:00 [INF] V5 order book SUIUSDT status changed: "Syncing" => "Synced"
2026-08-24 20:52:57.659 +04:00 [INF] Futures book Bybit:SUIUSDT "Synced"
2026-08-24 20:52:57.660 +04:00 [INF] Unified order book SUI-USDT-SWAP status changed: "Disconnected" => "Connecting"
2026-08-24 20:52:57.984 +04:00 [INF] [Sckt 3] subscription 36 completed successfully
2026-08-24 20:52:57.987 +04:00 [INF] Unified order book SUI-USDT-SWAP status changed: "Connecting" => "Syncing"
2026-08-24 20:52:58.198 +04:00 [INF] Unified order book SUI-USDT-SWAP status changed: "Syncing" => "Synced"
2026-08-24 20:52:58.199 +04:00 [INF] Futures book OKX:SUIUSDT "Synced"
2026-08-24 20:52:58.200 +04:00 [INF] Futures order book SUIUSDT status changed: "Disconnected" => "Connecting"
2026-08-24 20:52:58.529 +04:00 [INF] [Sckt 4] subscription 38 completed successfully
2026-08-24 20:52:58.530 +04:00 [INF] Futures order book SUIUSDT status changed: "Connecting" => "Syncing"
2026-08-24 20:52:58.585 +04:00 [INF] Futures order book SUIUSDT status changed: "Syncing" => "Synced"
2026-08-24 20:52:58.586 +04:00 [INF] Futures book Bitget:SUIUSDT "Synced"
2026-08-24 20:52:58.587 +04:00 [INF] UsdFutures order book TRUMPUSDT status changed: "Disconnected" => "Connecting"
2026-08-24 20:52:58.978 +04:00 [INF] [Sckt 1] subscription 40 completed successfully
2026-08-24 20:52:58.978 +04:00 [INF] UsdFutures order book TRUMPUSDT status changed: "Connecting" => "Syncing"
2026-08-24 20:52:59.370 +04:00 [INF] UsdFutures order book TRUMPUSDT status changed: "Syncing" => "Synced"
2026-08-24 20:52:59.371 +04:00 [INF] Futures book Binance:TRUMPUSDT "Synced"
2026-08-24 20:52:59.372 +04:00 [INF] V5 order book TRUMPUSDT status changed: "Disconnected" => "Connecting"
2026-08-24 20:52:59.572 +04:00 [INF] [Sckt 2] subscription 44 completed successfully
2026-08-24 20:52:59.573 +04:00 [INF] V5 order book TRUMPUSDT status changed: "Connecting" => "Syncing"
2026-08-24 20:52:59.574 +04:00 [INF] V5 order book TRUMPUSDT status changed: "Syncing" => "Synced"
2026-08-24 20:52:59.575 +04:00 [INF] Futures book Bybit:TRUMPUSDT "Synced"
2026-08-24 20:52:59.576 +04:00 [INF] Unified order book TRUMP-USDT-SWAP status changed: "Disconnected" => "Connecting"
2026-08-24 20:52:59.900 +04:00 [INF] [Sckt 3] subscription 47 completed successfully
2026-08-24 20:52:59.911 +04:00 [INF] Unified order book TRUMP-USDT-SWAP status changed: "Connecting" => "Syncing"
2026-08-24 20:53:00.016 +04:00 [INF] Unified order book TRUMP-USDT-SWAP status changed: "Syncing" => "Synced"
2026-08-24 20:53:00.017 +04:00 [INF] Futures book OKX:TRUMPUSDT "Synced"
2026-08-24 20:53:00.018 +04:00 [INF] Futures order book TRUMPUSDT status changed: "Disconnected" => "Connecting"
2026-08-24 20:53:00.302 +04:00 [INF] [Sckt 4] subscription 49 completed successfully
2026-08-24 20:53:00.303 +04:00 [INF] Futures order book TRUMPUSDT status changed: "Connecting" => "Syncing"
2026-08-24 20:53:00.355 +04:00 [INF] Futures order book TRUMPUSDT status changed: "Syncing" => "Synced"
2026-08-24 20:53:00.356 +04:00 [INF] Futures book Bitget:TRUMPUSDT "Synced"
2026-08-24 20:53:00.357 +04:00 [INF] UsdFutures order book ZECUSDT status changed: "Disconnected" => "Connecting"
2026-08-24 20:53:00.680 +04:00 [INF] [Sckt 1] subscription 51 completed successfully
2026-08-24 20:53:00.681 +04:00 [INF] UsdFutures order book ZECUSDT status changed: "Connecting" => "Syncing"
2026-08-24 20:53:01.076 +04:00 [INF] UsdFutures order book ZECUSDT status changed: "Syncing" => "Synced"
2026-08-24 20:53:01.077 +04:00 [INF] Futures book Binance:ZECUSDT "Synced"
2026-08-24 20:53:01.078 +04:00 [INF] V5 order book ZECUSDT status changed: "Disconnected" => "Connecting"
2026-08-24 20:53:01.278 +04:00 [INF] [Sckt 2] subscription 55 completed successfully
2026-08-24 20:53:01.282 +04:00 [INF] V5 order book ZECUSDT status changed: "Connecting" => "Syncing"
2026-08-24 20:53:01.282 +04:00 [INF] V5 order book ZECUSDT status changed: "Syncing" => "Synced"
2026-08-24 20:53:01.284 +04:00 [INF] Futures book Bybit:ZECUSDT "Synced"
2026-08-24 20:53:01.284 +04:00 [INF] Unified order book ZEC-USDT-SWAP status changed: "Disconnected" => "Connecting"
2026-08-24 20:53:01.616 +04:00 [INF] [Sckt 3] subscription 58 completed successfully
2026-08-24 20:53:01.617 +04:00 [INF] Unified order book ZEC-USDT-SWAP status changed: "Connecting" => "Syncing"
2026-08-24 20:53:01.827 +04:00 [INF] Unified order book ZEC-USDT-SWAP status changed: "Syncing" => "Synced"
2026-08-24 20:53:01.828 +04:00 [INF] Futures book OKX:ZECUSDT "Synced"
2026-08-24 20:53:01.828 +04:00 [INF] Futures order book ZECUSDT status changed: "Disconnected" => "Connecting"
2026-08-24 20:53:02.103 +04:00 [INF] [Sckt 4] subscription 60 completed successfully
2026-08-24 20:53:02.103 +04:00 [INF] Futures order book ZECUSDT status changed: "Connecting" => "Syncing"
2026-08-24 20:53:02.148 +04:00 [INF] Futures order book ZECUSDT status changed: "Syncing" => "Synced"
2026-08-24 20:53:02.152 +04:00 [INF] Futures book Bitget:ZECUSDT "Synced"
2026-08-24 20:53:02.153 +04:00 [INF] UsdFutures order book HYPEUSDT status changed: "Disconnected" => "Connecting"
2026-08-24 20:53:02.480 +04:00 [INF] [Sckt 1] subscription 62 completed successfully
2026-08-24 20:53:02.481 +04:00 [INF] UsdFutures order book HYPEUSDT status changed: "Connecting" => "Syncing"
2026-08-24 20:53:03.059 +04:00 [INF] UsdFutures order book HYPEUSDT status changed: "Syncing" => "Synced"
2026-08-24 20:53:03.060 +04:00 [INF] Futures book Binance:HYPEUSDT "Synced"
2026-08-24 20:53:03.061 +04:00 [INF] V5 order book HYPEUSDT status changed: "Disconnected" => "Connecting"
2026-08-24 20:53:03.274 +04:00 [INF] [Sckt 2] subscription 66 completed successfully
2026-08-24 20:53:03.276 +04:00 [INF] V5 order book HYPEUSDT status changed: "Connecting" => "Syncing"
2026-08-24 20:53:03.287 +04:00 [INF] V5 order book HYPEUSDT status changed: "Syncing" => "Synced"
2026-08-24 20:53:03.288 +04:00 [INF] Futures book Bybit:HYPEUSDT "Synced"
2026-08-24 20:53:03.290 +04:00 [INF] Unified order book HYPE-USDT-SWAP status changed: "Disconnected" => "Connecting"
2026-08-24 20:53:03.613 +04:00 [INF] [Sckt 3] subscription 69 completed successfully
2026-08-24 20:53:03.614 +04:00 [INF] Unified order book HYPE-USDT-SWAP status changed: "Connecting" => "Syncing"
2026-08-24 20:53:03.951 +04:00 [INF] Unified order book HYPE-USDT-SWAP status changed: "Syncing" => "Synced"
2026-08-24 20:53:03.952 +04:00 [INF] Futures book OKX:HYPEUSDT "Synced"
2026-08-24 20:53:03.952 +04:00 [INF] Futures order book HYPEUSDT status changed: "Disconnected" => "Connecting"
2026-08-24 20:53:04.221 +04:00 [INF] [Sckt 4] subscription 71 completed successfully
2026-08-24 20:53:04.221 +04:00 [INF] Futures order book HYPEUSDT status changed: "Connecting" => "Syncing"
2026-08-24 20:53:04.222 +04:00 [INF] Futures order book HYPEUSDT status changed: "Syncing" => "Synced"
2026-08-24 20:53:04.223 +04:00 [INF] Futures book Bitget:HYPEUSDT "Synced"
2026-08-24 20:53:04.223 +04:00 [INF] UsdFutures order book SNDKUSDT status changed: "Disconnected" => "Connecting"
2026-08-24 20:53:04.587 +04:00 [INF] [Sckt 1] subscription 73 completed successfully
2026-08-24 20:53:04.588 +04:00 [INF] UsdFutures order book SNDKUSDT status changed: "Connecting" => "Syncing"
2026-08-24 20:53:04.989 +04:00 [INF] UsdFutures order book SNDKUSDT status changed: "Syncing" => "Synced"
2026-08-24 20:53:04.990 +04:00 [INF] Futures book Binance:SNDKUSDT "Synced"
2026-08-24 20:53:04.991 +04:00 [INF] V5 order book SNDKUSDT status changed: "Disconnected" => "Connecting"
2026-08-24 20:53:05.192 +04:00 [INF] [Sckt 2] subscription 77 completed successfully
2026-08-24 20:53:05.193 +04:00 [INF] V5 order book SNDKUSDT status changed: "Connecting" => "Syncing"
2026-08-24 20:53:05.194 +04:00 [INF] V5 order book SNDKUSDT status changed: "Syncing" => "Synced"
2026-08-24 20:53:05.196 +04:00 [INF] Futures book Bybit:SNDKUSDT "Synced"
2026-08-24 20:53:05.196 +04:00 [INF] Unified order book SNDK-USDT-SWAP status changed: "Disconnected" => "Connecting"
2026-08-24 20:53:05.901 +04:00 [INF] [Sckt 3] subscription 80 completed successfully
2026-08-24 20:53:05.902 +04:00 [INF] Unified order book SNDK-USDT-SWAP status changed: "Connecting" => "Syncing"
2026-08-24 20:53:05.904 +04:00 [INF] Unified order book SNDK-USDT-SWAP status changed: "Syncing" => "Synced"
2026-08-24 20:53:05.905 +04:00 [INF] Futures book OKX:SNDKUSDT "Synced"
2026-08-24 20:53:05.906 +04:00 [INF] Futures order book SNDKUSDT status changed: "Disconnected" => "Connecting"
2026-08-24 20:53:06.181 +04:00 [INF] [Sckt 4] subscription 82 completed successfully
2026-08-24 20:53:06.182 +04:00 [INF] Futures order book SNDKUSDT status changed: "Connecting" => "Syncing"
2026-08-24 20:53:06.183 +04:00 [INF] Futures order book SNDKUSDT status changed: "Syncing" => "Synced"
2026-08-24 20:53:06.183 +04:00 [INF] Futures book Bitget:SNDKUSDT "Synced"
2026-08-24 20:53:06.184 +04:00 [INF] UsdFutures order book XAUUSDT status changed: "Disconnected" => "Connecting"
2026-08-24 20:53:06.588 +04:00 [INF] [Sckt 1] subscription 84 completed successfully
2026-08-24 20:53:06.589 +04:00 [INF] UsdFutures order book XAUUSDT status changed: "Connecting" => "Syncing"
2026-08-24 20:53:06.972 +04:00 [INF] UsdFutures order book XAUUSDT status changed: "Syncing" => "Synced"
2026-08-24 20:53:06.974 +04:00 [INF] Futures book Binance:XAUUSDT "Synced"
2026-08-24 20:53:06.975 +04:00 [INF] V5 order book XAUUSDT status changed: "Disconnected" => "Connecting"
2026-08-24 20:53:07.177 +04:00 [INF] [Sckt 2] subscription 88 completed successfully
2026-08-24 20:53:07.178 +04:00 [INF] V5 order book XAUUSDT status changed: "Connecting" => "Syncing"
2026-08-24 20:53:07.179 +04:00 [INF] V5 order book XAUUSDT status changed: "Syncing" => "Synced"
2026-08-24 20:53:07.180 +04:00 [INF] Futures book Bybit:XAUUSDT "Synced"
2026-08-24 20:53:07.180 +04:00 [INF] Unified order book XAU-USDT-SWAP status changed: "Disconnected" => "Connecting"
2026-08-24 20:53:07.504 +04:00 [INF] [Sckt 3] subscription 91 completed successfully
2026-08-24 20:53:07.506 +04:00 [INF] Unified order book XAU-USDT-SWAP status changed: "Connecting" => "Syncing"
2026-08-24 20:53:07.825 +04:00 [INF] Unified order book XAU-USDT-SWAP status changed: "Syncing" => "Synced"
2026-08-24 20:53:07.827 +04:00 [INF] Futures book OKX:XAUUSDT "Synced"
2026-08-24 20:53:07.828 +04:00 [INF] Futures order book XAUUSDT status changed: "Disconnected" => "Connecting"
2026-08-24 20:53:08.099 +04:00 [INF] [Sckt 4] subscription 93 completed successfully
2026-08-24 20:53:08.100 +04:00 [INF] Futures order book XAUUSDT status changed: "Connecting" => "Syncing"
2026-08-24 20:53:08.155 +04:00 [INF] Futures order book XAUUSDT status changed: "Syncing" => "Synced"
2026-08-24 20:53:08.157 +04:00 [INF] Futures book Bitget:XAUUSDT "Synced"
2026-08-24 20:53:08.158 +04:00 [INF] UsdFutures order book SOXLUSDT status changed: "Disconnected" => "Connecting"
2026-08-24 20:53:08.856 +04:00 [INF] [Sckt 1] subscription 95 completed successfully
2026-08-24 20:53:08.866 +04:00 [INF] UsdFutures order book SOXLUSDT status changed: "Connecting" => "Syncing"
2026-08-24 20:53:09.240 +04:00 [INF] UsdFutures order book SOXLUSDT status changed: "Syncing" => "Synced"
2026-08-24 20:53:09.242 +04:00 [INF] Futures book Binance:SOXLUSDT "Synced"
2026-08-24 20:53:09.242 +04:00 [INF] V5 order book SOXLUSDT status changed: "Disconnected" => "Connecting"
2026-08-24 20:53:09.441 +04:00 [INF] [Sckt 2] subscription 99 completed successfully
2026-08-24 20:53:09.443 +04:00 [INF] V5 order book SOXLUSDT status changed: "Connecting" => "Syncing"
2026-08-24 20:53:09.444 +04:00 [INF] V5 order book SOXLUSDT status changed: "Syncing" => "Synced"
2026-08-24 20:53:09.445 +04:00 [INF] Futures book Bybit:SOXLUSDT "Synced"
2026-08-24 20:53:09.445 +04:00 [INF] Unified order book SOXL-USDT-SWAP status changed: "Disconnected" => "Connecting"
2026-08-24 20:53:09.769 +04:00 [INF] [Sckt 3] subscription 102 completed successfully
2026-08-24 20:53:09.770 +04:00 [INF] Unified order book SOXL-USDT-SWAP status changed: "Connecting" => "Syncing"
2026-08-24 20:53:09.926 +04:00 [INF] Unified order book SOXL-USDT-SWAP status changed: "Syncing" => "Synced"
2026-08-24 20:53:09.928 +04:00 [INF] Futures book OKX:SOXLUSDT "Synced"
2026-08-24 20:53:09.929 +04:00 [INF] Futures order book SOXLUSDT status changed: "Disconnected" => "Connecting"
2026-08-24 20:53:10.203 +04:00 [INF] [Sckt 4] subscription 104 completed successfully
2026-08-24 20:53:10.204 +04:00 [INF] Futures order book SOXLUSDT status changed: "Connecting" => "Syncing"
2026-08-24 20:53:10.255 +04:00 [INF] Futures order book SOXLUSDT status changed: "Syncing" => "Synced"
2026-08-24 20:53:10.257 +04:00 [INF] Futures book Bitget:SOXLUSDT "Synced"
2026-08-24 20:53:10.258 +04:00 [INF] UsdFutures order book WLDUSDT status changed: "Disconnected" => "Connecting"
2026-08-24 20:53:10.591 +04:00 [INF] [Sckt 1] subscription 108 completed successfully
2026-08-24 20:53:10.593 +04:00 [INF] UsdFutures order book WLDUSDT status changed: "Connecting" => "Syncing"
2026-08-24 20:53:10.971 +04:00 [INF] UsdFutures order book WLDUSDT status changed: "Syncing" => "Synced"
2026-08-24 20:53:10.972 +04:00 [INF] Futures book Binance:WLDUSDT "Synced"
2026-08-24 20:53:10.973 +04:00 [INF] V5 order book WLDUSDT status changed: "Disconnected" => "Connecting"
2026-08-24 20:53:11.172 +04:00 [INF] [Sckt 2] subscription 112 completed successfully
2026-08-24 20:53:11.173 +04:00 [INF] V5 order book WLDUSDT status changed: "Connecting" => "Syncing"
2026-08-24 20:53:11.174 +04:00 [INF] V5 order book WLDUSDT status changed: "Syncing" => "Synced"
2026-08-24 20:53:11.176 +04:00 [INF] Futures book Bybit:WLDUSDT "Synced"
2026-08-24 20:53:11.177 +04:00 [INF] Unified order book WLD-USDT-SWAP status changed: "Disconnected" => "Connecting"
2026-08-24 20:53:11.501 +04:00 [INF] [Sckt 3] subscription 115 completed successfully
2026-08-24 20:53:11.502 +04:00 [INF] Unified order book WLD-USDT-SWAP status changed: "Connecting" => "Syncing"
2026-08-24 20:53:11.717 +04:00 [INF] Unified order book WLD-USDT-SWAP status changed: "Syncing" => "Synced"
2026-08-24 20:53:11.719 +04:00 [INF] Futures book OKX:WLDUSDT "Synced"
2026-08-24 20:53:11.719 +04:00 [INF] Futures order book WLDUSDT status changed: "Disconnected" => "Connecting"
2026-08-24 20:53:11.989 +04:00 [INF] [Sckt 4] subscription 118 completed successfully
2026-08-24 20:53:11.991 +04:00 [INF] Futures order book WLDUSDT status changed: "Connecting" => "Syncing"
2026-08-24 20:53:11.992 +04:00 [INF] Futures order book WLDUSDT status changed: "Syncing" => "Synced"
2026-08-24 20:53:11.993 +04:00 [INF] Futures book Bitget:WLDUSDT "Synced"
2026-08-24 20:53:11.994 +04:00 [INF] UsdFutures order book SOLUSDT status changed: "Disconnected" => "Connecting"
2026-08-24 20:53:13.474 +04:00 [INF] [Sckt 5] subscription 120 completed successfully
2026-08-24 20:53:13.475 +04:00 [INF] UsdFutures order book SOLUSDT status changed: "Connecting" => "Syncing"
2026-08-24 20:53:13.866 +04:00 [INF] UsdFutures order book SOLUSDT status changed: "Syncing" => "Synced"
2026-08-24 20:53:13.868 +04:00 [INF] Futures book Binance:SOLUSDT "Synced"
2026-08-24 20:53:13.868 +04:00 [INF] V5 order book SOLUSDT status changed: "Disconnected" => "Connecting"
2026-08-24 20:53:14.677 +04:00 [INF] [Sckt 6] subscription 124 completed successfully
2026-08-24 20:53:14.679 +04:00 [INF] V5 order book SOLUSDT status changed: "Connecting" => "Syncing"
2026-08-24 20:53:14.680 +04:00 [INF] V5 order book SOLUSDT status changed: "Syncing" => "Synced"
2026-08-24 20:53:14.680 +04:00 [INF] Futures book Bybit:SOLUSDT "Synced"
2026-08-24 20:53:14.681 +04:00 [INF] Unified order book SOL-USDT-SWAP status changed: "Disconnected" => "Connecting"
2026-08-24 20:53:15.992 +04:00 [INF] [Sckt 7] subscription 127 completed successfully
2026-08-24 20:53:15.994 +04:00 [INF] Unified order book SOL-USDT-SWAP status changed: "Connecting" => "Syncing"
2026-08-24 20:53:16.546 +04:00 [INF] Unified order book SOL-USDT-SWAP status changed: "Syncing" => "Synced"
2026-08-24 20:53:16.548 +04:00 [INF] Futures book OKX:SOLUSDT "Synced"
2026-08-24 20:53:16.549 +04:00 [INF] Futures order book SOLUSDT status changed: "Disconnected" => "Connecting"
2026-08-24 20:53:17.679 +04:00 [INF] [Sckt 8] subscription 129 completed successfully
2026-08-24 20:53:17.681 +04:00 [INF] Futures order book SOLUSDT status changed: "Connecting" => "Syncing"
2026-08-24 20:53:17.682 +04:00 [INF] Futures order book SOLUSDT status changed: "Syncing" => "Synced"
2026-08-24 20:53:17.682 +04:00 [INF] Futures book Bitget:SOLUSDT "Synced"
2026-08-24 20:53:17.683 +04:00 [INF] UsdFutures order book SKHYNIXUSDT status changed: "Disconnected" => "Connecting"
2026-08-24 20:53:18.077 +04:00 [INF] [Sckt 5] subscription 131 completed successfully
2026-08-24 20:53:18.079 +04:00 [INF] UsdFutures order book SKHYNIXUSDT status changed: "Connecting" => "Syncing"
2026-08-24 20:53:18.465 +04:00 [INF] UsdFutures order book SKHYNIXUSDT status changed: "Syncing" => "Synced"
2026-08-24 20:53:18.467 +04:00 [INF] Futures book Binance:SKHYNIXUSDT "Synced"
2026-08-24 20:53:18.468 +04:00 [INF] V5 order book SKHYNIXUSDT status changed: "Disconnected" => "Connecting"
2026-08-24 20:53:18.667 +04:00 [INF] [Sckt 6] subscription 135 completed successfully
2026-08-24 20:53:18.669 +04:00 [INF] V5 order book SKHYNIXUSDT status changed: "Connecting" => "Syncing"
2026-08-24 20:53:18.670 +04:00 [INF] V5 order book SKHYNIXUSDT status changed: "Syncing" => "Synced"
2026-08-24 20:53:18.670 +04:00 [INF] Futures book Bybit:SKHYNIXUSDT "Synced"
2026-08-24 20:53:18.671 +04:00 [INF] Unified order book SKHYNIX-USDT-SWAP status changed: "Disconnected" => "Connecting"
2026-08-24 20:53:18.993 +04:00 [INF] [Sckt 7] subscription 138 completed successfully
2026-08-24 20:53:18.995 +04:00 [INF] Unified order book SKHYNIX-USDT-SWAP status changed: "Connecting" => "Syncing"
2026-08-24 20:53:19.215 +04:00 [INF] Unified order book SKHYNIX-USDT-SWAP status changed: "Syncing" => "Synced"
2026-08-24 20:53:19.216 +04:00 [INF] Futures book OKX:SKHYNIXUSDT "Synced"
2026-08-24 20:53:19.218 +04:00 [INF] Futures order book SKHYNIXUSDT status changed: "Disconnected" => "Connecting"
2026-08-24 20:53:19.613 +04:00 [INF] [Sckt 8] subscription 140 completed successfully
2026-08-24 20:53:19.614 +04:00 [INF] Futures order book SKHYNIXUSDT status changed: "Connecting" => "Syncing"
2026-08-24 20:53:19.615 +04:00 [INF] Futures order book SKHYNIXUSDT status changed: "Syncing" => "Synced"
2026-08-24 20:53:19.616 +04:00 [INF] Futures book Bitget:SKHYNIXUSDT "Synced"
2026-08-24 20:53:19.617 +04:00 [INF] UsdFutures order book ADAUSDT status changed: "Disconnected" => "Connecting"
2026-08-24 20:53:19.981 +04:00 [INF] [Sckt 5] subscription 142 completed successfully
2026-08-24 20:53:19.982 +04:00 [INF] UsdFutures order book ADAUSDT status changed: "Connecting" => "Syncing"
2026-08-24 20:53:20.372 +04:00 [INF] UsdFutures order book ADAUSDT status changed: "Syncing" => "Synced"
2026-08-24 20:53:20.373 +04:00 [INF] Futures book Binance:ADAUSDT "Synced"
2026-08-24 20:53:20.374 +04:00 [INF] V5 order book ADAUSDT status changed: "Disconnected" => "Connecting"
2026-08-24 20:53:20.573 +04:00 [INF] [Sckt 6] subscription 146 completed successfully
2026-08-24 20:53:20.576 +04:00 [INF] V5 order book ADAUSDT status changed: "Connecting" => "Syncing"
2026-08-24 20:53:20.577 +04:00 [INF] V5 order book ADAUSDT status changed: "Syncing" => "Synced"
2026-08-24 20:53:20.579 +04:00 [INF] Futures book Bybit:ADAUSDT "Synced"
2026-08-24 20:53:20.579 +04:00 [INF] Unified order book ADA-USDT-SWAP status changed: "Disconnected" => "Connecting"
2026-08-24 20:53:20.902 +04:00 [INF] [Sckt 7] subscription 149 completed successfully
2026-08-24 20:53:20.903 +04:00 [INF] Unified order book ADA-USDT-SWAP status changed: "Connecting" => "Syncing"
2026-08-24 20:53:21.061 +04:00 [INF] Unified order book ADA-USDT-SWAP status changed: "Syncing" => "Synced"
2026-08-24 20:53:21.062 +04:00 [INF] Futures book OKX:ADAUSDT "Synced"
2026-08-24 20:53:21.063 +04:00 [INF] Futures order book ADAUSDT status changed: "Disconnected" => "Connecting"
2026-08-24 20:53:21.332 +04:00 [INF] [Sckt 8] subscription 151 completed successfully
2026-08-24 20:53:21.333 +04:00 [INF] Futures order book ADAUSDT status changed: "Connecting" => "Syncing"
2026-08-24 20:53:21.333 +04:00 [INF] Futures order book ADAUSDT status changed: "Syncing" => "Synced"
2026-08-24 20:53:21.334 +04:00 [INF] Futures book Bitget:ADAUSDT "Synced"
2026-08-24 20:53:21.336 +04:00 [INF] UsdFutures order book SPCXUSDT status changed: "Disconnected" => "Connecting"
2026-08-24 20:53:21.682 +04:00 [INF] [Sckt 5] subscription 153 completed successfully
2026-08-24 20:53:21.684 +04:00 [INF] UsdFutures order book SPCXUSDT status changed: "Connecting" => "Syncing"
2026-08-24 20:53:22.069 +04:00 [INF] UsdFutures order book SPCXUSDT status changed: "Syncing" => "Synced"
2026-08-24 20:53:22.069 +04:00 [INF] Futures book Binance:SPCXUSDT "Synced"
2026-08-24 20:53:22.070 +04:00 [INF] V5 order book SPCXUSDT status changed: "Disconnected" => "Connecting"
2026-08-24 20:53:22.270 +04:00 [INF] [Sckt 6] subscription 157 completed successfully
2026-08-24 20:53:22.271 +04:00 [INF] V5 order book SPCXUSDT status changed: "Connecting" => "Syncing"
2026-08-24 20:53:22.272 +04:00 [INF] V5 order book SPCXUSDT status changed: "Syncing" => "Synced"
2026-08-24 20:53:22.273 +04:00 [INF] Futures book Bybit:SPCXUSDT "Synced"
2026-08-24 20:53:22.274 +04:00 [INF] Unified order book SPCX-USDT-SWAP status changed: "Disconnected" => "Connecting"
2026-08-24 20:53:22.596 +04:00 [INF] [Sckt 7] subscription 160 completed successfully
2026-08-24 20:53:22.597 +04:00 [INF] Unified order book SPCX-USDT-SWAP status changed: "Connecting" => "Syncing"
2026-08-24 20:53:22.806 +04:00 [INF] Unified order book SPCX-USDT-SWAP status changed: "Syncing" => "Synced"
2026-08-24 20:53:22.808 +04:00 [INF] Futures book OKX:SPCXUSDT "Synced"
2026-08-24 20:53:22.808 +04:00 [INF] Futures order book SPCXUSDT status changed: "Disconnected" => "Connecting"
2026-08-24 20:53:23.084 +04:00 [INF] [Sckt 8] subscription 162 completed successfully
2026-08-24 20:53:23.088 +04:00 [INF] Futures order book SPCXUSDT status changed: "Connecting" => "Syncing"
2026-08-24 20:53:23.089 +04:00 [INF] Futures order book SPCXUSDT status changed: "Syncing" => "Synced"
2026-08-24 20:53:23.091 +04:00 [INF] Futures book Bitget:SPCXUSDT "Synced"
2026-08-24 20:53:23.096 +04:00 [INF] UsdFutures order book PENGUUSDT status changed: "Disconnected" => "Connecting"
2026-08-24 20:53:23.483 +04:00 [INF] [Sckt 5] subscription 164 completed successfully
2026-08-24 20:53:23.484 +04:00 [INF] UsdFutures order book PENGUUSDT status changed: "Connecting" => "Syncing"
2026-08-24 20:53:23.881 +04:00 [INF] UsdFutures order book PENGUUSDT status changed: "Syncing" => "Synced"
2026-08-24 20:53:23.882 +04:00 [INF] Futures book Binance:PENGUUSDT "Synced"
2026-08-24 20:53:23.883 +04:00 [INF] V5 order book PENGUUSDT status changed: "Disconnected" => "Connecting"
2026-08-24 20:53:24.083 +04:00 [INF] [Sckt 6] subscription 169 completed successfully
2026-08-24 20:53:24.083 +04:00 [INF] V5 order book PENGUUSDT status changed: "Connecting" => "Syncing"
2026-08-24 20:53:24.084 +04:00 [INF] V5 order book PENGUUSDT status changed: "Syncing" => "Synced"
2026-08-24 20:53:24.086 +04:00 [INF] Futures book Bybit:PENGUUSDT "Synced"
2026-08-24 20:53:24.087 +04:00 [INF] Unified order book PENGU-USDT-SWAP status changed: "Disconnected" => "Connecting"
2026-08-24 20:53:24.409 +04:00 [INF] [Sckt 7] subscription 172 completed successfully
2026-08-24 20:53:24.409 +04:00 [INF] Unified order book PENGU-USDT-SWAP status changed: "Connecting" => "Syncing"
2026-08-24 20:53:24.615 +04:00 [INF] Unified order book PENGU-USDT-SWAP status changed: "Syncing" => "Synced"
2026-08-24 20:53:24.616 +04:00 [INF] Futures book OKX:PENGUUSDT "Synced"
2026-08-24 20:53:24.617 +04:00 [INF] Futures order book PENGUUSDT status changed: "Disconnected" => "Connecting"
2026-08-24 20:53:24.901 +04:00 [INF] [Sckt 8] subscription 174 completed successfully
2026-08-24 20:53:24.902 +04:00 [INF] Futures order book PENGUUSDT status changed: "Connecting" => "Syncing"
2026-08-24 20:53:24.903 +04:00 [INF] Futures order book PENGUUSDT status changed: "Syncing" => "Synced"
2026-08-24 20:53:24.908 +04:00 [INF] Futures book Bitget:PENGUUSDT "Synced"
2026-08-24 20:53:24.912 +04:00 [INF] Exchange Binance: 15/15 streams live
2026-08-24 20:53:24.913 +04:00 [INF] Exchange Bybit: 15/15 streams live
2026-08-24 20:53:24.914 +04:00 [INF] Exchange OKX: 15/15 streams live
2026-08-24 20:53:24.918 +04:00 [INF] Exchange Bitget: 15/15 streams live
2026-08-24 20:53:24.920 +04:00 [INF] Futures books: Bitget:SNDKUSDT=Synced; Bybit:SOXLUSDT=Synced; Bitget:SOXLUSDT=Synced; Bitget:ZECUSDT=Synced; OKX:SPCXUSDT=Synced; OKX:SOLUSDT=Synced; Bybit:SPCXUSDT=Synced; Bybit:WLDUSDT=Synced; Bybit:TRUMPUSDT=Synced; Binance:SOLUSDT=Synced; Binance:SUIUSDT=Synced; OKX:PENGUUSDT=Synced; Binance:ZECUSDT=Synced; Binance:SNDKUSDT=Synced; Bitget:TRUMPUSDT=Synced; OKX:SOXLUSDT=Synced; Bybit:SUIUSDT=Synced; Bitget:HYPEUSDT=Synced; Bybit:DOGEUSDT=Synced; Binance:TRUMPUSDT=Synced; Binance:WLDUSDT=Synced; Binance:XAUUSDT=Synced; Binance:DOGEUSDT=Synced; Binance:SPCXUSDT=Synced; Bitget:DOGEUSDT=Synced; OKX:DOGEUSDT=Synced; Bybit:SNDKUSDT=Synced; Binance:ADAUSDT=Synced; Bybit:ENAUSDT=Synced; Bitget:PENGUUSDT=Synced; OKX:ADAUSDT=Synced; Binance:ENAUSDT=Synced; OKX:SNDKUSDT=Synced; OKX:SUIUSDT=Synced; Bitget:SPCXUSDT=Synced; Bybit:ZECUSDT=Synced; Bybit:XAUUSDT=Synced; OKX:ENAUSDT=Synced; Binance:PENGUUSDT=Synced; OKX:XAUUSDT=Synced; OKX:WLDUSDT=Synced; Binance:SOXLUSDT=Synced; Binance:HYPEUSDT=Synced; Bybit:HYPEUSDT=Synced; Bitget:SOLUSDT=Synced; Bybit:ADAUSDT=Synced; Bitget:SKHYNIXUSDT=Synced; OKX:ZECUSDT=Synced; Bybit:PENGUUSDT=Synced; Bybit:SKHYNIXUSDT=Synced; OKX:HYPEUSDT=Synced; OKX:SKHYNIXUSDT=Synced; Bitget:SUIUSDT=Synced; Bitget:ADAUSDT=Synced; Bitget:XAUUSDT=Synced; Bitget:WLDUSDT=Synced; Binance:SKHYNIXUSDT=Synced; Bitget:ENAUSDT=Synced; OKX:TRUMPUSDT=Synced; Bybit:SOLUSDT=Synced
2026-08-24 20:53:27.431 +04:00 [INF] Funding cache refresh for 15 symbols × 3 exchanges (TTL 45m)
2026-08-24 20:53:38.095 +04:00 [INF] Funding cache entries: 45
2026-08-24 20:54:58.480 +04:00 [INF] Paper analytics store: D:\Users\karap\source\repos\ArbitrageBot\ArbitrageBot\data\paper
2026-08-24 20:54:58.510 +04:00 [WRN] LiveTradingGuard boot: enabled=false readOnly=true maxOpen=3 maxNotional=200 dayLimit=-60
2026-08-24 20:54:58.539 +04:00 [INF] Realtime broadcast started (in-memory WS books → SignalR every 900ms; no REST in this loop)
2026-08-24 20:54:58.542 +04:00 [INF] Discovery: public tickers Binance/Bybit/OKX (arb band 8000000–400000000 USDT vol, top 15)
2026-08-24 20:54:59.149 +04:00 [INF] Binance fapi: 692 USDT perps with volume
2026-08-24 20:54:59.651 +04:00 [INF] Bybit linear: 725 USDT perps with volume
2026-08-24 20:55:00.067 +04:00 [INF] OKX SWAP: 434 USDT perps with volume
2026-08-24 20:55:00.540 +04:00 [INF] Bitget USDT-FUTURES: 757 tickers with volume
2026-08-24 20:55:03.481 +04:00 [INF] GateIo USDT futures: 931 tickers with volume
2026-08-24 20:55:04.111 +04:00 [INF] Discovered 15 arb pairs: DOGEUSDT@5ex/202.8M, ENAUSDT@5ex/182.6M, SUIUSDT@5ex/113.9M, TRUMPUSDT@5ex/204M, ZECUSDT@5ex/200.1M, HYPEUSDT@5ex/241.4M, SNDKUSDT@5ex/260M, XAUUSDT@5ex/131.5M, SOXLUSDT@5ex/124.3M, WLDUSDT@5ex/49.9M, SOLUSDT@5ex/382.4M, SKHYNIXUSDT@5ex/114.8M, ADAUSDT@5ex/95M, SPCXUSDT@5ex/90.9M, PENGUUSDT@5ex/82.2M
2026-08-24 20:55:04.115 +04:00 [INF] Start | Strategy=FuturesCross | Mode=PAPER | Symbols=DOGEUSDT,ENAUSDT,SUIUSDT,TRUMPUSDT,ZECUSDT,HYPEUSDT,SNDKUSDT,XAUUSDT,SOXLUSDT,WLDUSDT,SOLUSDT,SKHYNIXUSDT,ADAUSDT,SPCXUSDT,PENGUUSDT | Ex=Binance,Bybit,OKX,Bitget
2026-08-24 20:55:04.163 +04:00 [INF] Paper state restored: 0 open, 200 trades in memory, realized=4283.86 from D:\Users\karap\source\repos\ArbitrageBot\ArbitrageBot\data\paper\open-state.json
2026-08-24 20:55:04.209 +04:00 [INF] UsdFutures order book DOGEUSDT status changed: "Disconnected" => "Connecting"
2026-08-24 20:55:06.072 +04:00 [INF] [Sckt 1] subscription 6 completed successfully
2026-08-24 20:55:06.085 +04:00 [INF] UsdFutures order book DOGEUSDT status changed: "Connecting" => "Syncing"
2026-08-24 20:55:06.515 +04:00 [INF] UsdFutures order book DOGEUSDT status changed: "Syncing" => "Synced"
2026-08-24 20:55:06.521 +04:00 [INF] Futures book Binance:DOGEUSDT "Synced"
2026-08-24 20:55:06.551 +04:00 [INF] V5 order book DOGEUSDT status changed: "Disconnected" => "Connecting"
2026-08-24 20:55:07.812 +04:00 [INF] [Sckt 2] subscription 10 completed successfully
2026-08-24 20:55:07.815 +04:00 [INF] V5 order book DOGEUSDT status changed: "Connecting" => "Syncing"
2026-08-24 20:55:07.817 +04:00 [INF] V5 order book DOGEUSDT status changed: "Syncing" => "Synced"
2026-08-24 20:55:07.818 +04:00 [INF] Futures book Bybit:DOGEUSDT "Synced"
2026-08-24 20:55:07.843 +04:00 [INF] Unified order book DOGE-USDT-SWAP status changed: "Disconnected" => "Connecting"
2026-08-24 20:55:09.310 +04:00 [INF] [Sckt 3] subscription 17 completed successfully
2026-08-24 20:55:09.313 +04:00 [INF] Unified order book DOGE-USDT-SWAP status changed: "Connecting" => "Syncing"
2026-08-24 20:55:09.956 +04:00 [INF] Unified order book DOGE-USDT-SWAP status changed: "Syncing" => "Synced"
2026-08-24 20:55:09.957 +04:00 [INF] Futures book OKX:DOGEUSDT "Synced"
2026-08-24 20:55:10.025 +04:00 [INF] Futures order book DOGEUSDT status changed: "Disconnected" => "Connecting"
2026-08-24 20:55:10.109 +04:00 [INF] OKX balances OK via Live, assets=2
2026-08-24 20:55:11.551 +04:00 [INF] [Sckt 4] subscription 24 completed successfully
2026-08-24 20:55:11.554 +04:00 [INF] Futures order book DOGEUSDT status changed: "Connecting" => "Syncing"
2026-08-24 20:55:11.630 +04:00 [INF] Futures order book DOGEUSDT status changed: "Syncing" => "Synced"
2026-08-24 20:55:11.631 +04:00 [INF] Futures book Bitget:DOGEUSDT "Synced"
2026-08-24 20:55:11.634 +04:00 [INF] UsdFutures order book ENAUSDT status changed: "Disconnected" => "Connecting"
2026-08-24 20:55:12.008 +04:00 [INF] [Sckt 1] subscription 29 completed successfully
2026-08-24 20:55:12.017 +04:00 [INF] UsdFutures order book ENAUSDT status changed: "Connecting" => "Syncing"
2026-08-24 20:55:12.400 +04:00 [INF] UsdFutures order book ENAUSDT status changed: "Syncing" => "Synced"
2026-08-24 20:55:12.401 +04:00 [INF] Futures book Binance:ENAUSDT "Synced"
2026-08-24 20:55:12.402 +04:00 [INF] V5 order book ENAUSDT status changed: "Disconnected" => "Connecting"
2026-08-24 20:55:12.615 +04:00 [INF] [Sckt 2] subscription 33 completed successfully
2026-08-24 20:55:12.618 +04:00 [INF] V5 order book ENAUSDT status changed: "Connecting" => "Syncing"
2026-08-24 20:55:12.619 +04:00 [INF] V5 order book ENAUSDT status changed: "Syncing" => "Synced"
2026-08-24 20:55:12.620 +04:00 [INF] Futures book Bybit:ENAUSDT "Synced"
2026-08-24 20:55:12.621 +04:00 [INF] Unified order book ENA-USDT-SWAP status changed: "Disconnected" => "Connecting"
2026-08-24 20:55:12.953 +04:00 [INF] [Sckt 3] subscription 36 completed successfully
2026-08-24 20:55:12.954 +04:00 [INF] Unified order book ENA-USDT-SWAP status changed: "Connecting" => "Syncing"
2026-08-24 20:55:13.227 +04:00 [INF] Unified order book ENA-USDT-SWAP status changed: "Syncing" => "Synced"
2026-08-24 20:55:13.229 +04:00 [INF] Futures book OKX:ENAUSDT "Synced"
2026-08-24 20:55:13.230 +04:00 [INF] Futures order book ENAUSDT status changed: "Disconnected" => "Connecting"
2026-08-24 20:55:13.515 +04:00 [INF] [Sckt 4] subscription 38 completed successfully
2026-08-24 20:55:13.516 +04:00 [INF] Futures order book ENAUSDT status changed: "Connecting" => "Syncing"
2026-08-24 20:55:13.518 +04:00 [INF] Futures order book ENAUSDT status changed: "Syncing" => "Synced"
2026-08-24 20:55:13.536 +04:00 [INF] Futures book Bitget:ENAUSDT "Synced"
2026-08-24 20:55:13.539 +04:00 [INF] UsdFutures order book SUIUSDT status changed: "Disconnected" => "Connecting"
2026-08-24 20:55:13.909 +04:00 [INF] [Sckt 1] subscription 40 completed successfully
2026-08-24 20:55:13.910 +04:00 [INF] UsdFutures order book SUIUSDT status changed: "Connecting" => "Syncing"
2026-08-24 20:55:14.329 +04:00 [INF] UsdFutures order book SUIUSDT status changed: "Syncing" => "Synced"
2026-08-24 20:55:14.331 +04:00 [INF] Futures book Binance:SUIUSDT "Synced"
2026-08-24 20:55:14.332 +04:00 [INF] V5 order book SUIUSDT status changed: "Disconnected" => "Connecting"
2026-08-24 20:55:14.533 +04:00 [INF] [Sckt 2] subscription 44 completed successfully
2026-08-24 20:55:14.535 +04:00 [INF] V5 order book SUIUSDT status changed: "Connecting" => "Syncing"
2026-08-24 20:55:14.536 +04:00 [INF] V5 order book SUIUSDT status changed: "Syncing" => "Synced"
2026-08-24 20:55:14.537 +04:00 [INF] Futures book Bybit:SUIUSDT "Synced"
2026-08-24 20:55:14.538 +04:00 [INF] Unified order book SUI-USDT-SWAP status changed: "Disconnected" => "Connecting"
2026-08-24 20:55:14.862 +04:00 [INF] [Sckt 3] subscription 47 completed successfully
2026-08-24 20:55:14.862 +04:00 [INF] Unified order book SUI-USDT-SWAP status changed: "Connecting" => "Syncing"
2026-08-24 20:55:15.023 +04:00 [INF] Unified order book SUI-USDT-SWAP status changed: "Syncing" => "Synced"
2026-08-24 20:55:15.025 +04:00 [INF] Futures book OKX:SUIUSDT "Synced"
2026-08-24 20:55:15.026 +04:00 [INF] Futures order book SUIUSDT status changed: "Disconnected" => "Connecting"
2026-08-24 20:55:15.306 +04:00 [INF] [Sckt 4] subscription 49 completed successfully
2026-08-24 20:55:15.308 +04:00 [INF] Futures order book SUIUSDT status changed: "Connecting" => "Syncing"
2026-08-24 20:55:15.309 +04:00 [INF] Futures order book SUIUSDT status changed: "Syncing" => "Synced"
2026-08-24 20:55:15.311 +04:00 [INF] Futures book Bitget:SUIUSDT "Synced"
2026-08-24 20:55:15.311 +04:00 [INF] UsdFutures order book TRUMPUSDT status changed: "Disconnected" => "Connecting"
2026-08-24 20:55:15.711 +04:00 [INF] [Sckt 1] subscription 51 completed successfully
2026-08-24 20:55:15.712 +04:00 [INF] UsdFutures order book TRUMPUSDT status changed: "Connecting" => "Syncing"
2026-08-24 20:55:16.090 +04:00 [INF] UsdFutures order book TRUMPUSDT status changed: "Syncing" => "Synced"
2026-08-24 20:55:16.091 +04:00 [INF] Futures book Binance:TRUMPUSDT "Synced"
2026-08-24 20:55:16.092 +04:00 [INF] V5 order book TRUMPUSDT status changed: "Disconnected" => "Connecting"
2026-08-24 20:55:16.293 +04:00 [INF] [Sckt 2] subscription 55 completed successfully
2026-08-24 20:55:16.294 +04:00 [INF] V5 order book TRUMPUSDT status changed: "Connecting" => "Syncing"
2026-08-24 20:55:16.296 +04:00 [INF] V5 order book TRUMPUSDT status changed: "Syncing" => "Synced"
2026-08-24 20:55:16.297 +04:00 [INF] Futures book Bybit:TRUMPUSDT "Synced"
2026-08-24 20:55:16.297 +04:00 [INF] Unified order book TRUMP-USDT-SWAP status changed: "Disconnected" => "Connecting"
2026-08-24 20:55:16.623 +04:00 [INF] [Sckt 3] subscription 58 completed successfully
2026-08-24 20:55:16.625 +04:00 [INF] Unified order book TRUMP-USDT-SWAP status changed: "Connecting" => "Syncing"
2026-08-24 20:55:16.795 +04:00 [INF] Unified order book TRUMP-USDT-SWAP status changed: "Syncing" => "Synced"
2026-08-24 20:55:16.796 +04:00 [INF] Futures book OKX:TRUMPUSDT "Synced"
2026-08-24 20:55:16.797 +04:00 [INF] Futures order book TRUMPUSDT status changed: "Disconnected" => "Connecting"
2026-08-24 20:55:17.072 +04:00 [INF] [Sckt 4] subscription 60 completed successfully
2026-08-24 20:55:17.073 +04:00 [INF] Futures order book TRUMPUSDT status changed: "Connecting" => "Syncing"
2026-08-24 20:55:17.074 +04:00 [INF] Futures order book TRUMPUSDT status changed: "Syncing" => "Synced"
2026-08-24 20:55:17.076 +04:00 [INF] Futures book Bitget:TRUMPUSDT "Synced"
2026-08-24 20:55:17.077 +04:00 [INF] UsdFutures order book ZECUSDT status changed: "Disconnected" => "Connecting"
2026-08-24 20:55:17.416 +04:00 [INF] [Sckt 1] subscription 62 completed successfully
2026-08-24 20:55:17.417 +04:00 [INF] UsdFutures order book ZECUSDT status changed: "Connecting" => "Syncing"
2026-08-24 20:55:17.793 +04:00 [INF] UsdFutures order book ZECUSDT status changed: "Syncing" => "Synced"
2026-08-24 20:55:17.794 +04:00 [INF] Futures book Binance:ZECUSDT "Synced"
2026-08-24 20:55:17.796 +04:00 [INF] V5 order book ZECUSDT status changed: "Disconnected" => "Connecting"
2026-08-24 20:55:18.016 +04:00 [INF] [Sckt 2] subscription 66 completed successfully
2026-08-24 20:55:18.017 +04:00 [INF] V5 order book ZECUSDT status changed: "Connecting" => "Syncing"
2026-08-24 20:55:18.018 +04:00 [INF] V5 order book ZECUSDT status changed: "Syncing" => "Synced"
2026-08-24 20:55:18.019 +04:00 [INF] Futures book Bybit:ZECUSDT "Synced"
2026-08-24 20:55:18.020 +04:00 [INF] Unified order book ZEC-USDT-SWAP status changed: "Disconnected" => "Connecting"
2026-08-24 20:55:18.343 +04:00 [INF] [Sckt 3] subscription 69 completed successfully
2026-08-24 20:55:18.345 +04:00 [INF] Unified order book ZEC-USDT-SWAP status changed: "Connecting" => "Syncing"
2026-08-24 20:55:18.623 +04:00 [INF] Unified order book ZEC-USDT-SWAP status changed: "Syncing" => "Synced"
2026-08-24 20:55:18.625 +04:00 [INF] Futures book OKX:ZECUSDT "Synced"
2026-08-24 20:55:18.626 +04:00 [INF] Futures order book ZECUSDT status changed: "Disconnected" => "Connecting"
2026-08-24 20:55:18.895 +04:00 [INF] [Sckt 4] subscription 71 completed successfully
2026-08-24 20:55:18.897 +04:00 [INF] Futures order book ZECUSDT status changed: "Connecting" => "Syncing"
2026-08-24 20:55:18.898 +04:00 [INF] Futures order book ZECUSDT status changed: "Syncing" => "Synced"
2026-08-24 20:55:18.899 +04:00 [INF] Futures book Bitget:ZECUSDT "Synced"
2026-08-24 20:55:18.900 +04:00 [INF] UsdFutures order book HYPEUSDT status changed: "Disconnected" => "Connecting"
2026-08-24 20:55:19.320 +04:00 [INF] [Sckt 1] subscription 73 completed successfully
2026-08-24 20:55:19.323 +04:00 [INF] UsdFutures order book HYPEUSDT status changed: "Connecting" => "Syncing"
2026-08-24 20:55:19.715 +04:00 [INF] UsdFutures order book HYPEUSDT status changed: "Syncing" => "Synced"
2026-08-24 20:55:19.717 +04:00 [INF] Futures book Binance:HYPEUSDT "Synced"
2026-08-24 20:55:19.718 +04:00 [INF] V5 order book HYPEUSDT status changed: "Disconnected" => "Connecting"
2026-08-24 20:55:19.917 +04:00 [INF] [Sckt 2] subscription 77 completed successfully
2026-08-24 20:55:19.919 +04:00 [INF] V5 order book HYPEUSDT status changed: "Connecting" => "Syncing"
2026-08-24 20:55:19.919 +04:00 [INF] V5 order book HYPEUSDT status changed: "Syncing" => "Synced"
2026-08-24 20:55:19.920 +04:00 [INF] Futures book Bybit:HYPEUSDT "Synced"
2026-08-24 20:55:19.921 +04:00 [INF] Unified order book HYPE-USDT-SWAP status changed: "Disconnected" => "Connecting"
2026-08-24 20:55:20.247 +04:00 [INF] [Sckt 3] subscription 80 completed successfully
2026-08-24 20:55:20.248 +04:00 [INF] Unified order book HYPE-USDT-SWAP status changed: "Connecting" => "Syncing"
2026-08-24 20:55:20.425 +04:00 [INF] Unified order book HYPE-USDT-SWAP status changed: "Syncing" => "Synced"
2026-08-24 20:55:20.426 +04:00 [INF] Futures book OKX:HYPEUSDT "Synced"
2026-08-24 20:55:20.427 +04:00 [INF] Futures order book HYPEUSDT status changed: "Disconnected" => "Connecting"
2026-08-24 20:55:20.717 +04:00 [INF] [Sckt 4] subscription 82 completed successfully
2026-08-24 20:55:20.718 +04:00 [INF] Futures order book HYPEUSDT status changed: "Connecting" => "Syncing"
2026-08-24 20:55:20.719 +04:00 [INF] Futures order book HYPEUSDT status changed: "Syncing" => "Synced"
2026-08-24 20:55:20.720 +04:00 [INF] Futures book Bitget:HYPEUSDT "Synced"
2026-08-24 20:55:20.721 +04:00 [INF] UsdFutures order book SNDKUSDT status changed: "Disconnected" => "Connecting"
2026-08-24 20:55:21.119 +04:00 [INF] [Sckt 1] subscription 84 completed successfully
2026-08-24 20:55:21.121 +04:00 [INF] UsdFutures order book SNDKUSDT status changed: "Connecting" => "Syncing"
2026-08-24 20:55:21.498 +04:00 [INF] UsdFutures order book SNDKUSDT status changed: "Syncing" => "Synced"
2026-08-24 20:55:21.500 +04:00 [INF] Futures book Binance:SNDKUSDT "Synced"
2026-08-24 20:55:21.500 +04:00 [INF] V5 order book SNDKUSDT status changed: "Disconnected" => "Connecting"
2026-08-24 20:55:21.701 +04:00 [INF] [Sckt 2] subscription 88 completed successfully
2026-08-24 20:55:21.702 +04:00 [INF] V5 order book SNDKUSDT status changed: "Connecting" => "Syncing"
2026-08-24 20:55:21.703 +04:00 [INF] V5 order book SNDKUSDT status changed: "Syncing" => "Synced"
2026-08-24 20:55:21.704 +04:00 [INF] Futures book Bybit:SNDKUSDT "Synced"
2026-08-24 20:55:21.706 +04:00 [INF] Unified order book SNDK-USDT-SWAP status changed: "Disconnected" => "Connecting"
2026-08-24 20:55:22.030 +04:00 [INF] [Sckt 3] subscription 91 completed successfully
2026-08-24 20:55:22.031 +04:00 [INF] Unified order book SNDK-USDT-SWAP status changed: "Connecting" => "Syncing"
2026-08-24 20:55:22.195 +04:00 [INF] Unified order book SNDK-USDT-SWAP status changed: "Syncing" => "Synced"
2026-08-24 20:55:22.196 +04:00 [INF] Futures book OKX:SNDKUSDT "Synced"
2026-08-24 20:55:22.198 +04:00 [INF] Futures order book SNDKUSDT status changed: "Disconnected" => "Connecting"
2026-08-24 20:55:22.480 +04:00 [INF] [Sckt 4] subscription 93 completed successfully
2026-08-24 20:55:22.482 +04:00 [INF] Futures order book SNDKUSDT status changed: "Connecting" => "Syncing"
2026-08-24 20:55:22.483 +04:00 [INF] Futures order book SNDKUSDT status changed: "Syncing" => "Synced"
2026-08-24 20:55:22.485 +04:00 [INF] Futures book Bitget:SNDKUSDT "Synced"
2026-08-24 20:55:22.486 +04:00 [INF] UsdFutures order book XAUUSDT status changed: "Disconnected" => "Connecting"
2026-08-24 20:55:22.822 +04:00 [INF] [Sckt 1] subscription 95 completed successfully
2026-08-24 20:55:22.824 +04:00 [INF] UsdFutures order book XAUUSDT status changed: "Connecting" => "Syncing"
2026-08-24 20:55:23.203 +04:00 [INF] UsdFutures order book XAUUSDT status changed: "Syncing" => "Synced"
2026-08-24 20:55:23.205 +04:00 [INF] Futures book Binance:XAUUSDT "Synced"
2026-08-24 20:55:23.207 +04:00 [INF] V5 order book XAUUSDT status changed: "Disconnected" => "Connecting"
2026-08-24 20:55:23.410 +04:00 [INF] [Sckt 2] subscription 99 completed successfully
2026-08-24 20:55:23.412 +04:00 [INF] V5 order book XAUUSDT status changed: "Connecting" => "Syncing"
2026-08-24 20:55:23.413 +04:00 [INF] V5 order book XAUUSDT status changed: "Syncing" => "Synced"
2026-08-24 20:55:23.415 +04:00 [INF] Futures book Bybit:XAUUSDT "Synced"
2026-08-24 20:55:23.416 +04:00 [INF] Unified order book XAU-USDT-SWAP status changed: "Disconnected" => "Connecting"
2026-08-24 20:55:23.742 +04:00 [INF] [Sckt 3] subscription 102 completed successfully
2026-08-24 20:55:23.744 +04:00 [INF] Unified order book XAU-USDT-SWAP status changed: "Connecting" => "Syncing"
2026-08-24 20:55:24.025 +04:00 [INF] Unified order book XAU-USDT-SWAP status changed: "Syncing" => "Synced"
2026-08-24 20:55:24.027 +04:00 [INF] Futures book OKX:XAUUSDT "Synced"
2026-08-24 20:55:24.027 +04:00 [INF] Futures order book XAUUSDT status changed: "Disconnected" => "Connecting"
2026-08-24 20:55:24.358 +04:00 [INF] [Sckt 4] subscription 104 completed successfully
2026-08-24 20:55:24.359 +04:00 [INF] Futures order book XAUUSDT status changed: "Connecting" => "Syncing"
2026-08-24 20:55:24.360 +04:00 [INF] Futures order book XAUUSDT status changed: "Syncing" => "Synced"
2026-08-24 20:55:24.360 +04:00 [INF] Futures book Bitget:XAUUSDT "Synced"
2026-08-24 20:55:24.361 +04:00 [INF] UsdFutures order book SOXLUSDT status changed: "Disconnected" => "Connecting"
2026-08-24 20:55:24.722 +04:00 [INF] [Sckt 1] subscription 106 completed successfully
2026-08-24 20:55:24.724 +04:00 [INF] UsdFutures order book SOXLUSDT status changed: "Connecting" => "Syncing"
2026-08-24 20:55:25.141 +04:00 [INF] UsdFutures order book SOXLUSDT status changed: "Syncing" => "Synced"
2026-08-24 20:55:25.142 +04:00 [INF] Futures book Binance:SOXLUSDT "Synced"
2026-08-24 20:55:25.143 +04:00 [INF] V5 order book SOXLUSDT status changed: "Disconnected" => "Connecting"
2026-08-24 20:55:25.344 +04:00 [INF] [Sckt 2] subscription 110 completed successfully
2026-08-24 20:55:25.345 +04:00 [INF] V5 order book SOXLUSDT status changed: "Connecting" => "Syncing"
2026-08-24 20:55:25.346 +04:00 [INF] V5 order book SOXLUSDT status changed: "Syncing" => "Synced"
2026-08-24 20:55:25.347 +04:00 [INF] Futures book Bybit:SOXLUSDT "Synced"
2026-08-24 20:55:25.348 +04:00 [INF] Unified order book SOXL-USDT-SWAP status changed: "Disconnected" => "Connecting"
2026-08-24 20:55:25.672 +04:00 [INF] [Sckt 3] subscription 113 completed successfully
2026-08-24 20:55:25.674 +04:00 [INF] Unified order book SOXL-USDT-SWAP status changed: "Connecting" => "Syncing"
2026-08-24 20:55:25.804 +04:00 [INF] Unified order book SOXL-USDT-SWAP status changed: "Syncing" => "Synced"
2026-08-24 20:55:25.805 +04:00 [INF] Futures book OKX:SOXLUSDT "Synced"
2026-08-24 20:55:25.806 +04:00 [INF] Futures order book SOXLUSDT status changed: "Disconnected" => "Connecting"
2026-08-24 20:55:26.107 +04:00 [INF] [Sckt 4] subscription 115 completed successfully
2026-08-24 20:55:26.109 +04:00 [INF] Futures order book SOXLUSDT status changed: "Connecting" => "Syncing"
2026-08-24 20:55:26.109 +04:00 [INF] Futures order book SOXLUSDT status changed: "Syncing" => "Synced"
2026-08-24 20:55:26.110 +04:00 [INF] Futures book Bitget:SOXLUSDT "Synced"
2026-08-24 20:55:26.111 +04:00 [INF] UsdFutures order book WLDUSDT status changed: "Disconnected" => "Connecting"
2026-08-24 20:55:26.529 +04:00 [INF] [Sckt 1] subscription 117 completed successfully
2026-08-24 20:55:26.530 +04:00 [INF] UsdFutures order book WLDUSDT status changed: "Connecting" => "Syncing"
2026-08-24 20:55:26.907 +04:00 [INF] UsdFutures order book WLDUSDT status changed: "Syncing" => "Synced"
2026-08-24 20:55:26.908 +04:00 [INF] Futures book Binance:WLDUSDT "Synced"
2026-08-24 20:55:26.909 +04:00 [INF] V5 order book WLDUSDT status changed: "Disconnected" => "Connecting"
2026-08-24 20:55:27.109 +04:00 [INF] [Sckt 2] subscription 123 completed successfully
2026-08-24 20:55:27.110 +04:00 [INF] V5 order book WLDUSDT status changed: "Connecting" => "Syncing"
2026-08-24 20:55:27.111 +04:00 [INF] V5 order book WLDUSDT status changed: "Syncing" => "Synced"
2026-08-24 20:55:27.112 +04:00 [INF] Futures book Bybit:WLDUSDT "Synced"
2026-08-24 20:55:27.112 +04:00 [INF] Unified order book WLD-USDT-SWAP status changed: "Disconnected" => "Connecting"
2026-08-24 20:55:27.438 +04:00 [INF] [Sckt 3] subscription 126 completed successfully
2026-08-24 20:55:27.439 +04:00 [INF] Unified order book WLD-USDT-SWAP status changed: "Connecting" => "Syncing"
2026-08-24 20:55:27.598 +04:00 [INF] Unified order book WLD-USDT-SWAP status changed: "Syncing" => "Synced"
2026-08-24 20:55:27.599 +04:00 [INF] Futures book OKX:WLDUSDT "Synced"
2026-08-24 20:55:27.600 +04:00 [INF] Futures order book WLDUSDT status changed: "Disconnected" => "Connecting"
2026-08-24 20:55:27.891 +04:00 [INF] [Sckt 4] subscription 128 completed successfully
2026-08-24 20:55:27.893 +04:00 [INF] Futures order book WLDUSDT status changed: "Connecting" => "Syncing"
2026-08-24 20:55:27.895 +04:00 [INF] Futures order book WLDUSDT status changed: "Syncing" => "Synced"
2026-08-24 20:55:27.896 +04:00 [INF] Futures book Bitget:WLDUSDT "Synced"
2026-08-24 20:55:27.898 +04:00 [INF] UsdFutures order book SOLUSDT status changed: "Disconnected" => "Connecting"
2026-08-24 20:55:29.224 +04:00 [INF] [Sckt 5] subscription 131 completed successfully
2026-08-24 20:55:29.225 +04:00 [INF] UsdFutures order book SOLUSDT status changed: "Connecting" => "Syncing"
2026-08-24 20:55:29.622 +04:00 [INF] UsdFutures order book SOLUSDT status changed: "Syncing" => "Synced"
2026-08-24 20:55:29.623 +04:00 [INF] Futures book Binance:SOLUSDT "Synced"
2026-08-24 20:55:29.625 +04:00 [INF] V5 order book SOLUSDT status changed: "Disconnected" => "Connecting"
2026-08-24 20:55:30.616 +04:00 [INF] [Sckt 6] subscription 135 completed successfully
2026-08-24 20:55:30.618 +04:00 [INF] V5 order book SOLUSDT status changed: "Connecting" => "Syncing"
2026-08-24 20:55:30.620 +04:00 [INF] V5 order book SOLUSDT status changed: "Syncing" => "Synced"
2026-08-24 20:55:30.621 +04:00 [INF] Futures book Bybit:SOLUSDT "Synced"
2026-08-24 20:55:30.623 +04:00 [INF] Unified order book SOL-USDT-SWAP status changed: "Disconnected" => "Connecting"
2026-08-24 20:55:31.994 +04:00 [INF] [Sckt 7] subscription 138 completed successfully
2026-08-24 20:55:31.996 +04:00 [INF] Unified order book SOL-USDT-SWAP status changed: "Connecting" => "Syncing"
2026-08-24 20:55:32.489 +04:00 [INF] Unified order book SOL-USDT-SWAP status changed: "Syncing" => "Synced"
2026-08-24 20:55:32.489 +04:00 [INF] Futures book OKX:SOLUSDT "Synced"
2026-08-24 20:55:32.490 +04:00 [INF] Futures order book SOLUSDT status changed: "Disconnected" => "Connecting"
2026-08-24 20:55:33.683 +04:00 [INF] [Sckt 8] subscription 140 completed successfully
2026-08-24 20:55:33.684 +04:00 [INF] Futures order book SOLUSDT status changed: "Connecting" => "Syncing"
2026-08-24 20:55:33.685 +04:00 [INF] Futures order book SOLUSDT status changed: "Syncing" => "Synced"
2026-08-24 20:55:33.686 +04:00 [INF] Futures book Bitget:SOLUSDT "Synced"
2026-08-24 20:55:33.694 +04:00 [INF] UsdFutures order book SKHYNIXUSDT status changed: "Disconnected" => "Connecting"
2026-08-24 20:55:34.033 +04:00 [INF] [Sckt 5] subscription 142 completed successfully
2026-08-24 20:55:34.034 +04:00 [INF] UsdFutures order book SKHYNIXUSDT status changed: "Connecting" => "Syncing"
2026-08-24 20:55:34.410 +04:00 [INF] UsdFutures order book SKHYNIXUSDT status changed: "Syncing" => "Synced"
2026-08-24 20:55:34.411 +04:00 [INF] Futures book Binance:SKHYNIXUSDT "Synced"
2026-08-24 20:55:34.413 +04:00 [INF] V5 order book SKHYNIXUSDT status changed: "Disconnected" => "Connecting"
2026-08-24 20:55:34.614 +04:00 [INF] [Sckt 6] subscription 146 completed successfully
2026-08-24 20:55:34.615 +04:00 [INF] V5 order book SKHYNIXUSDT status changed: "Connecting" => "Syncing"
2026-08-24 20:55:34.616 +04:00 [INF] V5 order book SKHYNIXUSDT status changed: "Syncing" => "Synced"
2026-08-24 20:55:34.617 +04:00 [INF] Futures book Bybit:SKHYNIXUSDT "Synced"
2026-08-24 20:55:34.618 +04:00 [INF] Unified order book SKHYNIX-USDT-SWAP status changed: "Disconnected" => "Connecting"
2026-08-24 20:55:34.956 +04:00 [INF] [Sckt 7] subscription 149 completed successfully
2026-08-24 20:55:34.957 +04:00 [INF] Unified order book SKHYNIX-USDT-SWAP status changed: "Connecting" => "Syncing"
2026-08-24 20:55:35.117 +04:00 [INF] Unified order book SKHYNIX-USDT-SWAP status changed: "Syncing" => "Synced"
2026-08-24 20:55:35.118 +04:00 [INF] Futures book OKX:SKHYNIXUSDT "Synced"
2026-08-24 20:55:35.119 +04:00 [INF] Futures order book SKHYNIXUSDT status changed: "Disconnected" => "Connecting"
2026-08-24 20:55:35.400 +04:00 [INF] [Sckt 8] subscription 151 completed successfully
2026-08-24 20:55:35.401 +04:00 [INF] Futures order book SKHYNIXUSDT status changed: "Connecting" => "Syncing"
2026-08-24 20:55:35.402 +04:00 [INF] Futures order book SKHYNIXUSDT status changed: "Syncing" => "Synced"
2026-08-24 20:55:35.403 +04:00 [INF] Futures book Bitget:SKHYNIXUSDT "Synced"
2026-08-24 20:55:35.403 +04:00 [INF] UsdFutures order book ADAUSDT status changed: "Disconnected" => "Connecting"
2026-08-24 20:55:35.735 +04:00 [INF] [Sckt 5] subscription 153 completed successfully
2026-08-24 20:55:35.736 +04:00 [INF] UsdFutures order book ADAUSDT status changed: "Connecting" => "Syncing"
2026-08-24 20:55:36.134 +04:00 [INF] UsdFutures order book ADAUSDT status changed: "Syncing" => "Synced"
2026-08-24 20:55:36.136 +04:00 [INF] Futures book Binance:ADAUSDT "Synced"
2026-08-24 20:55:36.137 +04:00 [INF] V5 order book ADAUSDT status changed: "Disconnected" => "Connecting"
2026-08-24 20:55:36.338 +04:00 [INF] [Sckt 6] subscription 157 completed successfully
2026-08-24 20:55:36.340 +04:00 [INF] V5 order book ADAUSDT status changed: "Connecting" => "Syncing"
2026-08-24 20:55:36.342 +04:00 [INF] V5 order book ADAUSDT status changed: "Syncing" => "Synced"
2026-08-24 20:55:36.342 +04:00 [INF] Futures book Bybit:ADAUSDT "Synced"
2026-08-24 20:55:36.343 +04:00 [INF] Unified order book ADA-USDT-SWAP status changed: "Disconnected" => "Connecting"
2026-08-24 20:55:36.682 +04:00 [INF] [Sckt 7] subscription 160 completed successfully
2026-08-24 20:55:36.683 +04:00 [INF] Unified order book ADA-USDT-SWAP status changed: "Connecting" => "Syncing"
2026-08-24 20:55:36.903 +04:00 [INF] Unified order book ADA-USDT-SWAP status changed: "Syncing" => "Synced"
2026-08-24 20:55:36.904 +04:00 [INF] Futures book OKX:ADAUSDT "Synced"
2026-08-24 20:55:36.905 +04:00 [INF] Futures order book ADAUSDT status changed: "Disconnected" => "Connecting"
2026-08-24 20:55:37.184 +04:00 [INF] [Sckt 8] subscription 162 completed successfully
2026-08-24 20:55:37.186 +04:00 [INF] Futures order book ADAUSDT status changed: "Connecting" => "Syncing"
2026-08-24 20:55:37.247 +04:00 [INF] Futures order book ADAUSDT status changed: "Syncing" => "Synced"
2026-08-24 20:55:37.248 +04:00 [INF] Futures book Bitget:ADAUSDT "Synced"
2026-08-24 20:55:37.249 +04:00 [INF] UsdFutures order book SPCXUSDT status changed: "Disconnected" => "Connecting"
2026-08-24 20:55:37.635 +04:00 [INF] [Sckt 5] subscription 164 completed successfully
2026-08-24 20:55:37.636 +04:00 [INF] UsdFutures order book SPCXUSDT status changed: "Connecting" => "Syncing"
2026-08-24 20:55:38.022 +04:00 [INF] UsdFutures order book SPCXUSDT status changed: "Syncing" => "Synced"
2026-08-24 20:55:38.023 +04:00 [INF] Futures book Binance:SPCXUSDT "Synced"
2026-08-24 20:55:38.024 +04:00 [INF] V5 order book SPCXUSDT status changed: "Disconnected" => "Connecting"
2026-08-24 20:55:38.230 +04:00 [INF] [Sckt 6] subscription 168 completed successfully
2026-08-24 20:55:38.232 +04:00 [INF] V5 order book SPCXUSDT status changed: "Connecting" => "Syncing"
2026-08-24 20:55:38.233 +04:00 [INF] V5 order book SPCXUSDT status changed: "Syncing" => "Synced"
2026-08-24 20:55:38.234 +04:00 [INF] Futures book Bybit:SPCXUSDT "Synced"
2026-08-24 20:55:38.235 +04:00 [INF] Unified order book SPCX-USDT-SWAP status changed: "Disconnected" => "Connecting"
2026-08-24 20:55:38.578 +04:00 [INF] [Sckt 7] subscription 171 completed successfully
2026-08-24 20:55:38.579 +04:00 [INF] Unified order book SPCX-USDT-SWAP status changed: "Connecting" => "Syncing"
2026-08-24 20:55:38.746 +04:00 [INF] Unified order book SPCX-USDT-SWAP status changed: "Syncing" => "Synced"
2026-08-24 20:55:38.747 +04:00 [INF] Futures book OKX:SPCXUSDT "Synced"
2026-08-24 20:55:38.748 +04:00 [INF] Futures order book SPCXUSDT status changed: "Disconnected" => "Connecting"
2026-08-24 20:55:39.070 +04:00 [INF] [Sckt 8] subscription 173 completed successfully
2026-08-24 20:55:39.070 +04:00 [INF] Futures order book SPCXUSDT status changed: "Connecting" => "Syncing"
2026-08-24 20:55:39.071 +04:00 [INF] Futures order book SPCXUSDT status changed: "Syncing" => "Synced"
2026-08-24 20:55:39.073 +04:00 [INF] Futures book Bitget:SPCXUSDT "Synced"
2026-08-24 20:55:39.074 +04:00 [INF] UsdFutures order book PENGUUSDT status changed: "Disconnected" => "Connecting"
2026-08-24 20:55:39.441 +04:00 [INF] [Sckt 5] subscription 175 completed successfully
2026-08-24 20:55:39.442 +04:00 [INF] UsdFutures order book PENGUUSDT status changed: "Connecting" => "Syncing"
2026-08-24 20:55:39.818 +04:00 [INF] UsdFutures order book PENGUUSDT status changed: "Syncing" => "Synced"
2026-08-24 20:55:39.820 +04:00 [INF] Futures book Binance:PENGUUSDT "Synced"
2026-08-24 20:55:39.823 +04:00 [INF] V5 order book PENGUUSDT status changed: "Disconnected" => "Connecting"
2026-08-24 20:55:40.070 +04:00 [INF] [Sckt 6] subscription 179 completed successfully
2026-08-24 20:55:40.071 +04:00 [INF] V5 order book PENGUUSDT status changed: "Connecting" => "Syncing"
2026-08-24 20:55:40.073 +04:00 [INF] V5 order book PENGUUSDT status changed: "Syncing" => "Synced"
2026-08-24 20:55:40.074 +04:00 [INF] Futures book Bybit:PENGUUSDT "Synced"
2026-08-24 20:55:40.075 +04:00 [INF] Unified order book PENGU-USDT-SWAP status changed: "Disconnected" => "Connecting"
2026-08-24 20:55:40.425 +04:00 [INF] [Sckt 7] subscription 183 completed successfully
2026-08-24 20:55:40.427 +04:00 [INF] Unified order book PENGU-USDT-SWAP status changed: "Connecting" => "Syncing"
2026-08-24 20:55:40.527 +04:00 [INF] Unified order book PENGU-USDT-SWAP status changed: "Syncing" => "Synced"
2026-08-24 20:55:40.528 +04:00 [INF] Futures book OKX:PENGUUSDT "Synced"
2026-08-24 20:55:40.529 +04:00 [INF] Futures order book PENGUUSDT status changed: "Disconnected" => "Connecting"
2026-08-24 20:55:40.802 +04:00 [INF] [Sckt 8] subscription 185 completed successfully
2026-08-24 20:55:40.804 +04:00 [INF] Futures order book PENGUUSDT status changed: "Connecting" => "Syncing"
2026-08-24 20:55:40.805 +04:00 [INF] Futures order book PENGUUSDT status changed: "Syncing" => "Synced"
2026-08-24 20:55:40.808 +04:00 [INF] Futures book Bitget:PENGUUSDT "Synced"
2026-08-24 20:55:40.812 +04:00 [INF] Exchange Binance: 15/15 streams live
2026-08-24 20:55:40.813 +04:00 [INF] Exchange Bybit: 15/15 streams live
2026-08-24 20:55:40.815 +04:00 [INF] Exchange OKX: 15/15 streams live
2026-08-24 20:55:40.816 +04:00 [INF] Exchange Bitget: 15/15 streams live
2026-08-24 20:55:40.818 +04:00 [INF] Futures books: Bitget:SNDKUSDT=Synced; Bybit:SOXLUSDT=Synced; Bitget:SOXLUSDT=Synced; Bitget:ZECUSDT=Synced; OKX:SPCXUSDT=Synced; OKX:SOLUSDT=Synced; Bybit:SPCXUSDT=Synced; Bybit:WLDUSDT=Synced; Bybit:TRUMPUSDT=Synced; Binance:SOLUSDT=Synced; Binance:SUIUSDT=Synced; OKX:PENGUUSDT=Synced; Binance:ZECUSDT=Synced; Binance:SNDKUSDT=Synced; Bitget:TRUMPUSDT=Synced; OKX:SOXLUSDT=Synced; Bybit:SUIUSDT=Synced; Bitget:HYPEUSDT=Synced; Bybit:DOGEUSDT=Synced; Binance:TRUMPUSDT=Synced; Binance:WLDUSDT=Synced; Binance:XAUUSDT=Synced; Binance:DOGEUSDT=Synced; Binance:SPCXUSDT=Synced; Bitget:DOGEUSDT=Synced; OKX:DOGEUSDT=Synced; Bybit:SNDKUSDT=Synced; Binance:ADAUSDT=Synced; Bybit:ENAUSDT=Synced; Bitget:PENGUUSDT=Synced; OKX:ADAUSDT=Synced; Binance:ENAUSDT=Synced; OKX:SNDKUSDT=Synced; OKX:SUIUSDT=Synced; Bitget:SPCXUSDT=Synced; Bybit:ZECUSDT=Synced; Bybit:XAUUSDT=Synced; OKX:ENAUSDT=Synced; Binance:PENGUUSDT=Synced; OKX:XAUUSDT=Synced; OKX:WLDUSDT=Synced; Binance:SOXLUSDT=Synced; Binance:HYPEUSDT=Synced; Bybit:HYPEUSDT=Synced; Bitget:SOLUSDT=Synced; Bybit:ADAUSDT=Synced; Bitget:SKHYNIXUSDT=Synced; OKX:ZECUSDT=Synced; Bybit:PENGUUSDT=Synced; Bybit:SKHYNIXUSDT=Synced; OKX:HYPEUSDT=Synced; OKX:SKHYNIXUSDT=Synced; Bitget:SUIUSDT=Synced; Bitget:ADAUSDT=Synced; Bitget:XAUUSDT=Synced; Bitget:WLDUSDT=Synced; Binance:SKHYNIXUSDT=Synced; Bitget:ENAUSDT=Synced; OKX:TRUMPUSDT=Synced; Bybit:SOLUSDT=Synced
2026-08-24 20:55:43.332 +04:00 [INF] Funding cache refresh for 15 symbols × 3 exchanges (TTL 45m)
2026-08-24 20:55:54.008 +04:00 [INF] Funding cache entries: 45
2026-08-24 20:56:15.798 +04:00 [INF] Trading UI settings saved (paper=true)
2026-08-24 20:56:15.808 +04:00 [INF] Trading UI settings saved (paper=true)
2026-08-24 20:56:47.157 +04:00 [INF] Trading UI settings saved (paper=true)
2026-08-24 20:56:47.160 +04:00 [INF] Trading UI settings saved (paper=true)
2026-08-24 20:57:46.106 +04:00 [INF] OKX balances OK via Live, assets=2
2026-08-24 20:58:00.184 +04:00 [WRN] LIVE ENABLE requested. readOnly=true canPlaceOrders=false
2026-08-24 21:15:04.759 +04:00 [INF] Discovery: public tickers Binance/Bybit/OKX (arb band 8000000–400000000 USDT vol, top 15)
2026-08-24 21:15:05.819 +04:00 [INF] Binance fapi: 692 USDT perps with volume
2026-08-24 21:15:06.309 +04:00 [INF] Bybit linear: 725 USDT perps with volume
2026-08-24 21:15:06.684 +04:00 [INF] OKX SWAP: 434 USDT perps with volume
2026-08-24 21:15:07.465 +04:00 [INF] Bitget USDT-FUTURES: 757 tickers with volume
2026-08-24 21:15:10.509 +04:00 [INF] GateIo USDT futures: 931 tickers with volume
2026-08-24 21:15:11.494 +04:00 [INF] Discovered 15 arb pairs: DOGEUSDT@5ex/203M, ENAUSDT@5ex/183.8M, SUIUSDT@5ex/114.2M, TRUMPUSDT@5ex/202.6M, ZECUSDT@5ex/201.9M, HYPEUSDT@5ex/242.6M, SNDKUSDT@5ex/265.2M, XAUUSDT@5ex/133.3M, SOXLUSDT@5ex/126.1M, WLDUSDT@5ex/51.2M, SOLUSDT@5ex/389.2M, SKHYNIXUSDT@5ex/115.6M, ADAUSDT@5ex/95.5M, SPCXUSDT@5ex/91.3M, PENGUUSDT@5ex/80.6M
2026-08-24 21:15:11.496 +04:00 [INF] Symbol refresh (http-tickers-arb): [DOGEUSDT,ENAUSDT,SUIUSDT,TRUMPUSDT,ZECUSDT,HYPEUSDT,SNDKUSDT,XAUUSDT,SOXLUSDT,WLDUSDT,SOLUSDT,SKHYNIXUSDT,ADAUSDT,SPCXUSDT,PENGUUSDT] → [DOGEUSDT,ENAUSDT,SUIUSDT,TRUMPUSDT,ZECUSDT,HYPEUSDT,SNDKUSDT,XAUUSDT,SOXLUSDT,WLDUSDT,SOLUSDT,SKHYNIXUSDT,ADAUSDT,SPCXUSDT,PENGUUSDT] | changed=false
2026-08-24 21:15:13.571 +04:00 [INF] Futures scan: 3 candidate(s), best RT=0.295% open=0.403%
2026-08-24 21:15:13.598 +04:00 [INF] FUT PAPER OPEN ENAUSDT L:Bitget S:Binance qty=1287.412916 lev=5x margin=40.00 edge=0.403%
2026-08-24 21:15:13.601 +04:00 [INF] Opened futures paper hedge (1): ENAUSDT: L Bitget@0.15 / S Binance@0.16 | RT 0.293% fund 0.000% → 0.293%
2026-08-24 21:15:13.602 +04:00 [INF] Paper skip ENAUSDT: Cooldown 8000ms open=0.395% RT=0.295%
2026-08-24 21:15:13.604 +04:00 [INF] Paper skip ENAUSDT: Cooldown 8000ms open=0.348% RT=0.243%
2026-08-24 21:15:14.667 +04:00 [INF] FUT PAPER CLOSE ENAUSDT pnl=0.5173 reason=converge lev=5x
2026-08-24 21:26:23.404 +04:00 [INF] OKX balances OK via Live, assets=2
2026-08-24 21:28:17.508 +04:00 [INF] Futures scan: 1 candidate(s), best RT=0.119% open=0.229%
2026-08-24 21:28:17.551 +04:00 [INF] FUT PAPER OPEN ENAUSDT L:Bitget S:Binance qty=1296.326808 lev=5x margin=40.00 edge=0.229%
2026-08-24 21:28:17.553 +04:00 [INF] Opened futures paper hedge (1): ENAUSDT: L Bitget@0.15 / S Binance@0.15 | RT 0.119% fund 0.000% → 0.119%
2026-08-24 21:28:18.617 +04:00 [INF] FUT PAPER CLOSE ENAUSDT pnl=0.1078 reason=converge lev=5x
2026-08-24 21:35:11.983 +04:00 [INF] Discovery: public tickers Binance/Bybit/OKX (arb band 8000000–400000000 USDT vol, top 15)
2026-08-24 21:35:12.585 +04:00 [INF] Binance fapi: 692 USDT perps with volume
2026-08-24 21:35:13.582 +04:00 [INF] Bybit linear: 725 USDT perps with volume
2026-08-24 21:35:14.011 +04:00 [INF] OKX SWAP: 434 USDT perps with volume
2026-08-24 21:35:14.754 +04:00 [INF] Bitget USDT-FUTURES: 757 tickers with volume
2026-08-24 21:35:18.010 +04:00 [INF] GateIo USDT futures: 931 tickers with volume
2026-08-24 21:35:18.681 +04:00 [INF] Discovered 15 arb pairs: ENAUSDT@5ex/191.7M, DOGEUSDT@5ex/220M, SUIUSDT@5ex/117.9M, ZECUSDT@5ex/203.2M, TRUMPUSDT@5ex/202.4M, HYPEUSDT@5ex/248.6M, SNDKUSDT@5ex/269.2M, XAUUSDT@5ex/136.8M, SOXLUSDT@5ex/127.8M, WLDUSDT@5ex/52M, SKHYNIXUSDT@5ex/116.1M, ADAUSDT@5ex/97.5M, SPCXUSDT@5ex/92.5M, PENGUUSDT@5ex/79.2M, ONDOUSDT@5ex/58.9M
2026-08-24 21:35:18.683 +04:00 [INF] Symbol refresh (http-tickers-arb): [DOGEUSDT,ENAUSDT,SUIUSDT,TRUMPUSDT,ZECUSDT,HYPEUSDT,SNDKUSDT,XAUUSDT,SOXLUSDT,WLDUSDT,SOLUSDT,SKHYNIXUSDT,ADAUSDT,SPCXUSDT,PENGUUSDT] → [ENAUSDT,DOGEUSDT,SUIUSDT,ZECUSDT,TRUMPUSDT,HYPEUSDT,SNDKUSDT,XAUUSDT,SOXLUSDT,WLDUSDT,SKHYNIXUSDT,ADAUSDT,SPCXUSDT,PENGUUSDT,ONDOUSDT] | changed=true
2026-08-24 21:35:18.685 +04:00 [INF] Restarting futures books for new symbol set…
2026-08-24 21:35:18.963 +04:00 [INF] [Sckt 4] subscription 93 unsubscribed
2026-08-24 21:35:18.965 +04:00 [INF] Futures order book SNDKUSDT status changed: "Synced" => "Disconnected"
2026-08-24 21:35:19.164 +04:00 [INF] [Sckt 2] subscription 110 unsubscribed
2026-08-24 21:35:19.166 +04:00 [INF] V5 order book SOXLUSDT status changed: "Synced" => "Disconnected"
2026-08-24 21:35:19.442 +04:00 [INF] [Sckt 4] subscription 115 unsubscribed
2026-08-24 21:35:19.443 +04:00 [INF] Futures order book SOXLUSDT status changed: "Synced" => "Disconnected"
2026-08-24 21:35:19.772 +04:00 [INF] [Sckt 4] subscription 71 unsubscribed
2026-08-24 21:35:19.774 +04:00 [INF] Futures order book ZECUSDT status changed: "Synced" => "Disconnected"
2026-08-24 21:35:20.111 +04:00 [INF] [Sckt 7] subscription 171 unsubscribed
2026-08-24 21:35:20.113 +04:00 [INF] Unified order book SPCX-USDT-SWAP status changed: "Synced" => "Disconnected"
2026-08-24 21:35:20.452 +04:00 [INF] [Sckt 7] subscription 138 unsubscribed
2026-08-24 21:35:20.453 +04:00 [INF] Unified order book SOL-USDT-SWAP status changed: "Synced" => "Disconnected"
2026-08-24 21:35:20.651 +04:00 [INF] [Sckt 6] subscription 168 unsubscribed
2026-08-24 21:35:20.652 +04:00 [INF] V5 order book SPCXUSDT status changed: "Synced" => "Disconnected"
2026-08-24 21:35:20.851 +04:00 [INF] [Sckt 2] subscription 123 unsubscribed
2026-08-24 21:35:20.852 +04:00 [INF] V5 order book WLDUSDT status changed: "Synced" => "Disconnected"
2026-08-24 21:35:21.049 +04:00 [INF] [Sckt 2] subscription 55 unsubscribed
2026-08-24 21:35:21.051 +04:00 [INF] V5 order book TRUMPUSDT status changed: "Synced" => "Disconnected"
2026-08-24 21:35:21.414 +04:00 [INF] [Sckt 5] subscription 131 unsubscribed
2026-08-24 21:35:21.415 +04:00 [INF] UsdFutures order book SOLUSDT status changed: "Synced" => "Disconnected"
2026-08-24 21:35:21.749 +04:00 [INF] [Sckt 1] subscription 40 unsubscribed
2026-08-24 21:35:21.751 +04:00 [INF] UsdFutures order book SUIUSDT status changed: "Synced" => "Disconnected"
2026-08-24 21:35:22.088 +04:00 [INF] [Sckt 7] subscription 183 unsubscribed
2026-08-24 21:35:22.090 +04:00 [INF] Unified order book PENGU-USDT-SWAP status changed: "Synced" => "Disconnected"
2026-08-24 21:35:22.096 +04:00 [WRN] [Sckt 7] received message not matched to any listener. TypeIdentifier: books, ListenId: PENGU-USDT-SWAP, current listeners: [,SKHYNIX-USDT-SWAP,ADA-USDT-SWAP]
2026-08-24 21:35:22.734 +04:00 [INF] [Sckt 1] subscription 62 unsubscribed
2026-08-24 21:35:22.735 +04:00 [INF] UsdFutures order book ZECUSDT status changed: "Synced" => "Disconnected"
2026-08-24 21:35:23.089 +04:00 [INF] [Sckt 1] subscription 84 unsubscribed
2026-08-24 21:35:23.091 +04:00 [INF] UsdFutures order book SNDKUSDT status changed: "Synced" => "Disconnected"
2026-08-24 21:35:23.480 +04:00 [INF] [Sckt 4] subscription 60 unsubscribed
2026-08-24 21:35:23.480 +04:00 [INF] Futures order book TRUMPUSDT status changed: "Synced" => "Disconnected"
2026-08-24 21:35:23.806 +04:00 [INF] [Sckt 3] subscription 113 unsubscribed
2026-08-24 21:35:23.807 +04:00 [INF] Unified order book SOXL-USDT-SWAP status changed: "Synced" => "Disconnected"
2026-08-24 21:35:24.006 +04:00 [INF] [Sckt 2] subscription 44 unsubscribed
2026-08-24 21:35:24.007 +04:00 [INF] V5 order book SUIUSDT status changed: "Synced" => "Disconnected"
2026-08-24 21:35:24.282 +04:00 [INF] [Sckt 4] subscription 82 unsubscribed
2026-08-24 21:35:24.283 +04:00 [INF] Futures order book HYPEUSDT status changed: "Synced" => "Disconnected"
2026-08-24 21:35:24.481 +04:00 [INF] [Sckt 2] subscription 10 unsubscribed
2026-08-24 21:35:24.483 +04:00 [INF] V5 order book DOGEUSDT status changed: "Synced" => "Disconnected"
2026-08-24 21:35:24.856 +04:00 [INF] [Sckt 1] subscription 51 unsubscribed
2026-08-24 21:35:24.857 +04:00 [INF] UsdFutures order book TRUMPUSDT status changed: "Synced" => "Disconnected"
2026-08-24 21:35:25.256 +04:00 [INF] [Sckt 1] subscription 117 unsubscribed
2026-08-24 21:35:25.257 +04:00 [INF] UsdFutures order book WLDUSDT status changed: "Synced" => "Disconnected"
2026-08-24 21:35:25.657 +04:00 [INF] [Sckt 1] subscription 95 unsubscribed
2026-08-24 21:35:25.658 +04:00 [INF] UsdFutures order book XAUUSDT status changed: "Synced" => "Disconnected"
2026-08-24 21:35:26.057 +04:00 [INF] [Sckt 1] subscription 6 unsubscribed
2026-08-24 21:35:26.058 +04:00 [INF] UsdFutures order book DOGEUSDT status changed: "Synced" => "Disconnected"
2026-08-24 21:35:26.417 +04:00 [INF] [Sckt 5] subscription 164 unsubscribed
2026-08-24 21:35:26.418 +04:00 [INF] UsdFutures order book SPCXUSDT status changed: "Synced" => "Disconnected"
2026-08-24 21:35:26.687 +04:00 [INF] [Sckt 4] subscription 24 unsubscribed
2026-08-24 21:35:26.687 +04:00 [INF] Futures order book DOGEUSDT status changed: "Synced" => "Disconnected"
2026-08-24 21:35:27.011 +04:00 [INF] [Sckt 3] subscription 17 unsubscribed
2026-08-24 21:35:27.013 +04:00 [INF] Unified order book DOGE-USDT-SWAP status changed: "Synced" => "Disconnected"
2026-08-24 21:35:27.212 +04:00 [INF] [Sckt 2] subscription 88 unsubscribed
2026-08-24 21:35:27.214 +04:00 [INF] V5 order book SNDKUSDT status changed: "Synced" => "Disconnected"
2026-08-24 21:35:27.621 +04:00 [INF] [Sckt 5] subscription 153 unsubscribed
2026-08-24 21:35:27.622 +04:00 [INF] UsdFutures order book ADAUSDT status changed: "Synced" => "Disconnected"
2026-08-24 21:35:27.819 +04:00 [INF] [Sckt 2] subscription 33 unsubscribed
2026-08-24 21:35:27.820 +04:00 [INF] V5 order book ENAUSDT status changed: "Synced" => "Disconnected"
2026-08-24 21:35:28.176 +04:00 [INF] [Sckt 8] subscription 185 unsubscribed
2026-08-24 21:35:28.177 +04:00 [INF] Futures order book PENGUUSDT status changed: "Synced" => "Disconnected"
2026-08-24 21:35:28.514 +04:00 [INF] [Sckt 7] subscription 160 unsubscribed
2026-08-24 21:35:28.516 +04:00 [INF] Unified order book ADA-USDT-SWAP status changed: "Synced" => "Disconnected"
2026-08-24 21:35:28.858 +04:00 [INF] [Sckt 1] subscription 29 unsubscribed
2026-08-24 21:35:28.861 +04:00 [INF] UsdFutures order book ENAUSDT status changed: "Synced" => "Disconnected"
2026-08-24 21:35:29.187 +04:00 [INF] [Sckt 3] subscription 91 unsubscribed
2026-08-24 21:35:29.188 +04:00 [INF] Unified order book SNDK-USDT-SWAP status changed: "Synced" => "Disconnected"
2026-08-24 21:35:29.513 +04:00 [INF] [Sckt 3] subscription 47 unsubscribed
2026-08-24 21:35:29.514 +04:00 [INF] Unified order book SUI-USDT-SWAP status changed: "Synced" => "Disconnected"
2026-08-24 21:35:29.783 +04:00 [INF] [Sckt 8] subscription 173 unsubscribed
2026-08-24 21:35:29.788 +04:00 [INF] Futures order book SPCXUSDT status changed: "Synced" => "Disconnected"
2026-08-24 21:35:29.988 +04:00 [INF] [Sckt 2] subscription 66 unsubscribed
2026-08-24 21:35:29.990 +04:00 [INF] V5 order book ZECUSDT status changed: "Synced" => "Disconnected"
2026-08-24 21:35:30.220 +04:00 [INF] [Sckt 2] subscription 99 unsubscribed
2026-08-24 21:35:30.222 +04:00 [INF] V5 order book XAUUSDT status changed: "Synced" => "Disconnected"
2026-08-24 21:35:30.548 +04:00 [INF] [Sckt 3] subscription 36 unsubscribed
2026-08-24 21:35:30.550 +04:00 [INF] Unified order book ENA-USDT-SWAP status changed: "Synced" => "Disconnected"
2026-08-24 21:35:30.924 +04:00 [INF] [Sckt 5] subscription 175 unsubscribed
2026-08-24 21:35:30.926 +04:00 [INF] UsdFutures order book PENGUUSDT status changed: "Synced" => "Disconnected"
2026-08-24 21:35:31.251 +04:00 [INF] [Sckt 3] subscription 102 unsubscribed
2026-08-24 21:35:31.253 +04:00 [INF] Unified order book XAU-USDT-SWAP status changed: "Synced" => "Disconnected"
2026-08-24 21:35:31.578 +04:00 [INF] [Sckt 3] subscription 126 unsubscribed
2026-08-24 21:35:31.579 +04:00 [INF] Unified order book WLD-USDT-SWAP status changed: "Synced" => "Disconnected"
2026-08-24 21:35:31.965 +04:00 [INF] [Sckt 1] subscription 106 unsubscribed
2026-08-24 21:35:31.966 +04:00 [INF] UsdFutures order book SOXLUSDT status changed: "Synced" => "Disconnected"
2026-08-24 21:35:32.382 +04:00 [INF] UsdFutures order book HYPEUSDT status changed: "Synced" => "Disconnected"
2026-08-24 21:35:32.601 +04:00 [INF] V5 order book HYPEUSDT status changed: "Synced" => "Disconnected"
2026-08-24 21:35:32.899 +04:00 [INF] [Sckt 8] subscription 140 unsubscribed
2026-08-24 21:35:32.900 +04:00 [INF] Futures order book SOLUSDT status changed: "Synced" => "Disconnected"
2026-08-24 21:35:33.105 +04:00 [INF] [Sckt 6] subscription 157 unsubscribed
2026-08-24 21:35:33.106 +04:00 [INF] V5 order book ADAUSDT status changed: "Synced" => "Disconnected"
2026-08-24 21:35:33.406 +04:00 [INF] [Sckt 8] subscription 151 unsubscribed
2026-08-24 21:35:33.408 +04:00 [INF] Futures order book SKHYNIXUSDT status changed: "Synced" => "Disconnected"
2026-08-24 21:35:33.768 +04:00 [INF] [Sckt 3] subscription 69 unsubscribed
2026-08-24 21:35:33.770 +04:00 [INF] Unified order book ZEC-USDT-SWAP status changed: "Synced" => "Disconnected"
2026-08-24 21:35:33.772 +04:00 [WRN] [Sckt 3] received message not matched to any listener. TypeIdentifier: books, ListenId: ZEC-USDT-SWAP, current listeners: [,TRUMP-USDT-SWAP,HYPE-USDT-SWAP]
2026-08-24 21:35:33.969 +04:00 [INF] [Sckt 6] subscription 179 unsubscribed
2026-08-24 21:35:33.971 +04:00 [INF] V5 order book PENGUUSDT status changed: "Synced" => "Disconnected"
2026-08-24 21:35:34.169 +04:00 [INF] [Sckt 6] subscription 146 unsubscribed
2026-08-24 21:35:34.170 +04:00 [INF] V5 order book SKHYNIXUSDT status changed: "Synced" => "Disconnected"
2026-08-24 21:35:34.495 +04:00 [INF] [Sckt 3] subscription 80 unsubscribed
2026-08-24 21:35:34.496 +04:00 [INF] Unified order book HYPE-USDT-SWAP status changed: "Synced" => "Disconnected"
2026-08-24 21:35:34.850 +04:00 [INF] Unified order book SKHYNIX-USDT-SWAP status changed: "Synced" => "Disconnected"
2026-08-24 21:35:35.130 +04:00 [INF] [Sckt 4] subscription 49 unsubscribed
2026-08-24 21:35:35.131 +04:00 [INF] Futures order book SUIUSDT status changed: "Synced" => "Disconnected"
2026-08-24 21:35:35.460 +04:00 [INF] Futures order book ADAUSDT status changed: "Synced" => "Disconnected"
2026-08-24 21:35:35.727 +04:00 [INF] [Sckt 4] subscription 104 unsubscribed
2026-08-24 21:35:35.729 +04:00 [INF] Futures order book XAUUSDT status changed: "Synced" => "Disconnected"
2026-08-24 21:35:36.010 +04:00 [INF] [Sckt 4] subscription 128 unsubscribed
2026-08-24 21:35:36.011 +04:00 [INF] Futures order book WLDUSDT status changed: "Synced" => "Disconnected"
2026-08-24 21:35:36.360 +04:00 [INF] UsdFutures order book SKHYNIXUSDT status changed: "Synced" => "Disconnected"
2026-08-24 21:35:36.652 +04:00 [INF] Futures order book ENAUSDT status changed: "Synced" => "Disconnected"
2026-08-24 21:35:36.999 +04:00 [INF] Unified order book TRUMP-USDT-SWAP status changed: "Synced" => "Disconnected"
2026-08-24 21:35:37.216 +04:00 [INF] V5 order book SOLUSDT status changed: "Synced" => "Disconnected"
2026-08-24 21:35:37.219 +04:00 [INF] UsdFutures order book ENAUSDT status changed: "Disconnected" => "Connecting"
2026-08-24 21:35:38.895 +04:00 [INF] [Sckt 9] subscription 1208 completed successfully
2026-08-24 21:35:38.896 +04:00 [INF] UsdFutures order book ENAUSDT status changed: "Connecting" => "Syncing"
2026-08-24 21:35:39.282 +04:00 [INF] UsdFutures order book ENAUSDT status changed: "Syncing" => "Synced"
2026-08-24 21:35:39.283 +04:00 [INF] Futures book Binance:ENAUSDT "Synced"
2026-08-24 21:35:39.284 +04:00 [INF] V5 order book ENAUSDT status changed: "Disconnected" => "Connecting"
2026-08-24 21:35:40.297 +04:00 [INF] [Sckt 10] subscription 1212 completed successfully
2026-08-24 21:35:40.298 +04:00 [INF] V5 order book ENAUSDT status changed: "Connecting" => "Syncing"
2026-08-24 21:35:40.299 +04:00 [INF] V5 order book ENAUSDT status changed: "Syncing" => "Synced"
2026-08-24 21:35:40.300 +04:00 [INF] Futures book Bybit:ENAUSDT "Synced"
2026-08-24 21:35:40.301 +04:00 [INF] Unified order book ENA-USDT-SWAP status changed: "Disconnected" => "Connecting"
2026-08-24 21:35:41.684 +04:00 [INF] [Sckt 11] subscription 1215 completed successfully
2026-08-24 21:35:41.686 +04:00 [INF] Unified order book ENA-USDT-SWAP status changed: "Connecting" => "Syncing"
2026-08-24 21:35:42.220 +04:00 [INF] Unified order book ENA-USDT-SWAP status changed: "Syncing" => "Synced"
2026-08-24 21:35:42.221 +04:00 [INF] Futures book OKX:ENAUSDT "Synced"
2026-08-24 21:35:42.222 +04:00 [INF] Futures order book ENAUSDT status changed: "Disconnected" => "Connecting"
2026-08-24 21:35:43.583 +04:00 [INF] [Sckt 12] subscription 1217 completed successfully
2026-08-24 21:35:43.584 +04:00 [INF] Futures order book ENAUSDT status changed: "Connecting" => "Syncing"
2026-08-24 21:35:43.585 +04:00 [INF] Futures order book ENAUSDT status changed: "Syncing" => "Synced"
2026-08-24 21:35:43.586 +04:00 [INF] Futures book Bitget:ENAUSDT "Synced"
2026-08-24 21:35:43.587 +04:00 [INF] UsdFutures order book DOGEUSDT status changed: "Disconnected" => "Connecting"
2026-08-24 21:35:44.002 +04:00 [INF] [Sckt 9] subscription 1219 completed successfully
2026-08-24 21:35:44.003 +04:00 [INF] UsdFutures order book DOGEUSDT status changed: "Connecting" => "Syncing"
2026-08-24 21:35:44.422 +04:00 [INF] UsdFutures order book DOGEUSDT status changed: "Syncing" => "Synced"
2026-08-24 21:35:44.423 +04:00 [INF] Futures book Binance:DOGEUSDT "Synced"
2026-08-24 21:35:44.424 +04:00 [INF] V5 order book DOGEUSDT status changed: "Disconnected" => "Connecting"
2026-08-24 21:35:44.625 +04:00 [INF] [Sckt 10] subscription 1223 completed successfully
2026-08-24 21:35:44.627 +04:00 [INF] V5 order book DOGEUSDT status changed: "Connecting" => "Syncing"
2026-08-24 21:35:44.628 +04:00 [INF] V5 order book DOGEUSDT status changed: "Syncing" => "Synced"
2026-08-24 21:35:44.628 +04:00 [INF] Futures book Bybit:DOGEUSDT "Synced"
2026-08-24 21:35:44.629 +04:00 [INF] Unified order book DOGE-USDT-SWAP status changed: "Disconnected" => "Connecting"
2026-08-24 21:35:44.953 +04:00 [INF] [Sckt 11] subscription 1226 completed successfully
2026-08-24 21:35:44.954 +04:00 [INF] Unified order book DOGE-USDT-SWAP status changed: "Connecting" => "Syncing"
2026-08-24 21:35:45.230 +04:00 [INF] Unified order book DOGE-USDT-SWAP status changed: "Syncing" => "Synced"
2026-08-24 21:35:45.231 +04:00 [INF] Futures book OKX:DOGEUSDT "Synced"
2026-08-24 21:35:45.232 +04:00 [INF] Futures order book DOGEUSDT status changed: "Disconnected" => "Connecting"
2026-08-24 21:35:45.643 +04:00 [INF] [Sckt 12] subscription 1228 completed successfully
2026-08-24 21:35:45.644 +04:00 [INF] Futures order book DOGEUSDT status changed: "Connecting" => "Syncing"
2026-08-24 21:35:45.645 +04:00 [INF] Futures order book DOGEUSDT status changed: "Syncing" => "Synced"
2026-08-24 21:35:45.646 +04:00 [INF] Futures book Bitget:DOGEUSDT "Synced"
2026-08-24 21:35:45.646 +04:00 [INF] UsdFutures order book SUIUSDT status changed: "Disconnected" => "Connecting"
2026-08-24 21:35:46.004 +04:00 [INF] [Sckt 9] subscription 1230 completed successfully
2026-08-24 21:35:46.006 +04:00 [INF] UsdFutures order book SUIUSDT status changed: "Connecting" => "Syncing"
2026-08-24 21:35:46.402 +04:00 [INF] UsdFutures order book SUIUSDT status changed: "Syncing" => "Synced"
2026-08-24 21:35:46.403 +04:00 [INF] Futures book Binance:SUIUSDT "Synced"
2026-08-24 21:35:46.404 +04:00 [INF] V5 order book SUIUSDT status changed: "Disconnected" => "Connecting"
2026-08-24 21:35:46.603 +04:00 [INF] [Sckt 10] subscription 1234 completed successfully
2026-08-24 21:35:46.604 +04:00 [INF] V5 order book SUIUSDT status changed: "Connecting" => "Syncing"
2026-08-24 21:35:46.605 +04:00 [INF] V5 order book SUIUSDT status changed: "Syncing" => "Synced"
2026-08-24 21:35:46.606 +04:00 [INF] Futures book Bybit:SUIUSDT "Synced"
2026-08-24 21:35:46.606 +04:00 [INF] Unified order book SUI-USDT-SWAP status changed: "Disconnected" => "Connecting"
2026-08-24 21:35:46.930 +04:00 [INF] [Sckt 11] subscription 1237 completed successfully
2026-08-24 21:35:46.931 +04:00 [INF] Unified order book SUI-USDT-SWAP status changed: "Connecting" => "Syncing"
2026-08-24 21:35:46.992 +04:00 [INF] Unified order book SUI-USDT-SWAP status changed: "Syncing" => "Synced"
2026-08-24 21:35:46.993 +04:00 [INF] Futures book OKX:SUIUSDT "Synced"
2026-08-24 21:35:46.994 +04:00 [INF] Futures order book SUIUSDT status changed: "Disconnected" => "Connecting"
2026-08-24 21:35:47.293 +04:00 [INF] [Sckt 12] subscription 1239 completed successfully
2026-08-24 21:35:47.295 +04:00 [INF] Futures order book SUIUSDT status changed: "Connecting" => "Syncing"
2026-08-24 21:35:47.297 +04:00 [INF] Futures order book SUIUSDT status changed: "Syncing" => "Synced"
2026-08-24 21:35:47.298 +04:00 [INF] Futures book Bitget:SUIUSDT "Synced"
2026-08-24 21:35:47.299 +04:00 [INF] UsdFutures order book ZECUSDT status changed: "Disconnected" => "Connecting"
2026-08-24 21:35:47.706 +04:00 [INF] [Sckt 9] subscription 1241 completed successfully
2026-08-24 21:35:47.707 +04:00 [INF] UsdFutures order book ZECUSDT status changed: "Connecting" => "Syncing"
2026-08-24 21:35:48.105 +04:00 [INF] UsdFutures order book ZECUSDT status changed: "Syncing" => "Synced"
2026-08-24 21:35:48.106 +04:00 [INF] Futures book Binance:ZECUSDT "Synced"
2026-08-24 21:35:48.107 +04:00 [INF] V5 order book ZECUSDT status changed: "Disconnected" => "Connecting"
2026-08-24 21:35:48.306 +04:00 [INF] [Sckt 10] subscription 1245 completed successfully
2026-08-24 21:35:48.307 +04:00 [INF] V5 order book ZECUSDT status changed: "Connecting" => "Syncing"
2026-08-24 21:35:48.308 +04:00 [INF] V5 order book ZECUSDT status changed: "Syncing" => "Synced"
2026-08-24 21:35:48.309 +04:00 [INF] Futures book Bybit:ZECUSDT "Synced"
2026-08-24 21:35:48.310 +04:00 [INF] Unified order book ZEC-USDT-SWAP status changed: "Disconnected" => "Connecting"
2026-08-24 21:35:48.633 +04:00 [INF] [Sckt 11] subscription 1248 completed successfully
2026-08-24 21:35:48.634 +04:00 [INF] Unified order book ZEC-USDT-SWAP status changed: "Connecting" => "Syncing"
2026-08-24 21:35:48.800 +04:00 [INF] Unified order book ZEC-USDT-SWAP status changed: "Syncing" => "Synced"
2026-08-24 21:35:48.801 +04:00 [INF] Futures book OKX:ZECUSDT "Synced"
2026-08-24 21:35:48.802 +04:00 [INF] Futures order book ZECUSDT status changed: "Disconnected" => "Connecting"
2026-08-24 21:35:49.069 +04:00 [INF] [Sckt 12] subscription 1250 completed successfully
2026-08-24 21:35:49.070 +04:00 [INF] Futures order book ZECUSDT status changed: "Connecting" => "Syncing"
2026-08-24 21:35:49.129 +04:00 [INF] Futures order book ZECUSDT status changed: "Syncing" => "Synced"
2026-08-24 21:35:49.130 +04:00 [INF] Futures book Bitget:ZECUSDT "Synced"
2026-08-24 21:35:49.131 +04:00 [INF] UsdFutures order book TRUMPUSDT status changed: "Disconnected" => "Connecting"
2026-08-24 21:35:49.510 +04:00 [INF] [Sckt 9] subscription 1252 completed successfully
2026-08-24 21:35:49.512 +04:00 [INF] UsdFutures order book TRUMPUSDT status changed: "Connecting" => "Syncing"
2026-08-24 21:35:50.224 +04:00 [INF] UsdFutures order book TRUMPUSDT status changed: "Syncing" => "Synced"
2026-08-24 21:35:50.225 +04:00 [INF] Futures book Binance:TRUMPUSDT "Synced"
2026-08-24 21:35:50.226 +04:00 [INF] V5 order book TRUMPUSDT status changed: "Disconnected" => "Connecting"
2026-08-24 21:35:50.425 +04:00 [INF] [Sckt 10] subscription 1256 completed successfully
2026-08-24 21:35:50.426 +04:00 [INF] V5 order book TRUMPUSDT status changed: "Connecting" => "Syncing"
2026-08-24 21:35:50.426 +04:00 [INF] V5 order book TRUMPUSDT status changed: "Syncing" => "Synced"
2026-08-24 21:35:50.427 +04:00 [INF] Futures book Bybit:TRUMPUSDT "Synced"
2026-08-24 21:35:50.428 +04:00 [INF] Unified order book TRUMP-USDT-SWAP status changed: "Disconnected" => "Connecting"
2026-08-24 21:35:50.763 +04:00 [INF] [Sckt 11] subscription 1259 completed successfully
2026-08-24 21:35:50.765 +04:00 [INF] Unified order book TRUMP-USDT-SWAP status changed: "Connecting" => "Syncing"
2026-08-24 21:35:50.930 +04:00 [INF] Unified order book TRUMP-USDT-SWAP status changed: "Syncing" => "Synced"
2026-08-24 21:35:50.931 +04:00 [INF] Futures book OKX:TRUMPUSDT "Synced"
2026-08-24 21:35:50.933 +04:00 [INF] Futures order book TRUMPUSDT status changed: "Disconnected" => "Connecting"
2026-08-24 21:35:51.218 +04:00 [INF] [Sckt 12] subscription 1261 completed successfully
2026-08-24 21:35:51.220 +04:00 [INF] Futures order book TRUMPUSDT status changed: "Connecting" => "Syncing"
2026-08-24 21:35:51.221 +04:00 [INF] Futures order book TRUMPUSDT status changed: "Syncing" => "Synced"
2026-08-24 21:35:51.222 +04:00 [INF] Futures book Bitget:TRUMPUSDT "Synced"
2026-08-24 21:35:51.223 +04:00 [INF] UsdFutures order book HYPEUSDT status changed: "Disconnected" => "Connecting"
2026-08-24 21:35:51.612 +04:00 [INF] [Sckt 9] subscription 1263 completed successfully
2026-08-24 21:35:51.613 +04:00 [INF] UsdFutures order book HYPEUSDT status changed: "Connecting" => "Syncing"
2026-08-24 21:35:52.012 +04:00 [INF] UsdFutures order book HYPEUSDT status changed: "Syncing" => "Synced"
2026-08-24 21:35:52.013 +04:00 [INF] Futures book Binance:HYPEUSDT "Synced"
2026-08-24 21:35:52.014 +04:00 [INF] V5 order book HYPEUSDT status changed: "Disconnected" => "Connecting"
2026-08-24 21:35:52.216 +04:00 [INF] [Sckt 10] subscription 1267 completed successfully
2026-08-24 21:35:52.217 +04:00 [INF] V5 order book HYPEUSDT status changed: "Connecting" => "Syncing"
2026-08-24 21:35:52.218 +04:00 [INF] V5 order book HYPEUSDT status changed: "Syncing" => "Synced"
2026-08-24 21:35:52.219 +04:00 [INF] Futures book Bybit:HYPEUSDT "Synced"
2026-08-24 21:35:52.220 +04:00 [INF] Unified order book HYPE-USDT-SWAP status changed: "Disconnected" => "Connecting"
2026-08-24 21:35:52.544 +04:00 [INF] [Sckt 11] subscription 1270 completed successfully
2026-08-24 21:35:52.545 +04:00 [INF] Unified order book HYPE-USDT-SWAP status changed: "Connecting" => "Syncing"
2026-08-24 21:35:52.720 +04:00 [INF] Unified order book HYPE-USDT-SWAP status changed: "Syncing" => "Synced"
2026-08-24 21:35:52.721 +04:00 [INF] Futures book OKX:HYPEUSDT "Synced"
2026-08-24 21:35:52.722 +04:00 [INF] Futures order book HYPEUSDT status changed: "Disconnected" => "Connecting"
2026-08-24 21:35:53.020 +04:00 [INF] [Sckt 12] subscription 1272 completed successfully
2026-08-24 21:35:53.021 +04:00 [INF] Futures order book HYPEUSDT status changed: "Connecting" => "Syncing"
2026-08-24 21:35:53.022 +04:00 [INF] Futures order book HYPEUSDT status changed: "Syncing" => "Synced"
2026-08-24 21:35:53.023 +04:00 [INF] Futures book Bitget:HYPEUSDT "Synced"
2026-08-24 21:35:53.024 +04:00 [INF] UsdFutures order book SNDKUSDT status changed: "Disconnected" => "Connecting"
2026-08-24 21:35:53.437 +04:00 [INF] [Sckt 9] subscription 1274 completed successfully
2026-08-24 21:35:53.438 +04:00 [INF] UsdFutures order book SNDKUSDT status changed: "Connecting" => "Syncing"
2026-08-24 21:35:53.825 +04:00 [INF] UsdFutures order book SNDKUSDT status changed: "Syncing" => "Synced"
2026-08-24 21:35:53.827 +04:00 [INF] Futures book Binance:SNDKUSDT "Synced"
2026-08-24 21:35:53.828 +04:00 [INF] V5 order book SNDKUSDT status changed: "Disconnected" => "Connecting"
2026-08-24 21:35:54.028 +04:00 [INF] [Sckt 10] subscription 1278 completed successfully
2026-08-24 21:35:54.030 +04:00 [INF] V5 order book SNDKUSDT status changed: "Connecting" => "Syncing"
2026-08-24 21:35:54.032 +04:00 [INF] V5 order book SNDKUSDT status changed: "Syncing" => "Synced"
2026-08-24 21:35:54.033 +04:00 [INF] Futures book Bybit:SNDKUSDT "Synced"
2026-08-24 21:35:54.033 +04:00 [INF] Unified order book SNDK-USDT-SWAP status changed: "Disconnected" => "Connecting"
2026-08-24 21:35:54.357 +04:00 [INF] [Sckt 11] subscription 1281 completed successfully
2026-08-24 21:35:54.358 +04:00 [INF] Unified order book SNDK-USDT-SWAP status changed: "Connecting" => "Syncing"
2026-08-24 21:35:54.511 +04:00 [INF] Unified order book SNDK-USDT-SWAP status changed: "Syncing" => "Synced"
2026-08-24 21:35:54.512 +04:00 [INF] Futures book OKX:SNDKUSDT "Synced"
2026-08-24 21:35:54.513 +04:00 [INF] Futures order book SNDKUSDT status changed: "Disconnected" => "Connecting"
2026-08-24 21:35:54.790 +04:00 [INF] [Sckt 12] subscription 1283 completed successfully
2026-08-24 21:35:54.791 +04:00 [INF] Futures order book SNDKUSDT status changed: "Connecting" => "Syncing"
2026-08-24 21:35:54.792 +04:00 [INF] Futures order book SNDKUSDT status changed: "Syncing" => "Synced"
2026-08-24 21:35:54.793 +04:00 [INF] Futures book Bitget:SNDKUSDT "Synced"
2026-08-24 21:35:54.794 +04:00 [INF] UsdFutures order book XAUUSDT status changed: "Disconnected" => "Connecting"
2026-08-24 21:35:55.115 +04:00 [INF] [Sckt 9] subscription 1285 completed successfully
2026-08-24 21:35:55.116 +04:00 [INF] UsdFutures order book XAUUSDT status changed: "Connecting" => "Syncing"
2026-08-24 21:35:55.550 +04:00 [INF] UsdFutures order book XAUUSDT status changed: "Syncing" => "Synced"
2026-08-24 21:35:55.552 +04:00 [INF] Futures book Binance:XAUUSDT "Synced"
2026-08-24 21:35:55.553 +04:00 [INF] V5 order book XAUUSDT status changed: "Disconnected" => "Connecting"
2026-08-24 21:35:55.767 +04:00 [INF] [Sckt 10] subscription 1289 completed successfully
2026-08-24 21:35:55.769 +04:00 [INF] V5 order book XAUUSDT status changed: "Connecting" => "Syncing"
2026-08-24 21:35:55.770 +04:00 [INF] V5 order book XAUUSDT status changed: "Syncing" => "Synced"
2026-08-24 21:35:55.771 +04:00 [INF] Futures book Bybit:XAUUSDT "Synced"
2026-08-24 21:35:55.772 +04:00 [INF] Unified order book XAU-USDT-SWAP status changed: "Disconnected" => "Connecting"
2026-08-24 21:35:56.094 +04:00 [INF] [Sckt 11] subscription 1292 completed successfully
2026-08-24 21:35:56.096 +04:00 [INF] Unified order book XAU-USDT-SWAP status changed: "Connecting" => "Syncing"
2026-08-24 21:35:56.301 +04:00 [INF] Unified order book XAU-USDT-SWAP status changed: "Syncing" => "Synced"
2026-08-24 21:35:56.302 +04:00 [INF] Futures book OKX:XAUUSDT "Synced"
2026-08-24 21:35:56.303 +04:00 [INF] Futures order book XAUUSDT status changed: "Disconnected" => "Connecting"
2026-08-24 21:35:56.583 +04:00 [INF] [Sckt 12] subscription 1294 completed successfully
2026-08-24 21:35:56.585 +04:00 [INF] Futures order book XAUUSDT status changed: "Connecting" => "Syncing"
2026-08-24 21:35:56.586 +04:00 [INF] Futures order book XAUUSDT status changed: "Syncing" => "Synced"
2026-08-24 21:35:56.587 +04:00 [INF] Futures book Bitget:XAUUSDT "Synced"
2026-08-24 21:35:56.588 +04:00 [INF] UsdFutures order book SOXLUSDT status changed: "Disconnected" => "Connecting"
2026-08-24 21:35:56.917 +04:00 [INF] [Sckt 9] subscription 1296 completed successfully
2026-08-24 21:35:56.917 +04:00 [INF] UsdFutures order book SOXLUSDT status changed: "Connecting" => "Syncing"
2026-08-24 21:35:57.297 +04:00 [INF] UsdFutures order book SOXLUSDT status changed: "Syncing" => "Synced"
2026-08-24 21:35:57.299 +04:00 [INF] Futures book Binance:SOXLUSDT "Synced"
2026-08-24 21:35:57.300 +04:00 [INF] V5 order book SOXLUSDT status changed: "Disconnected" => "Connecting"
2026-08-24 21:35:57.499 +04:00 [INF] [Sckt 10] subscription 1300 completed successfully
2026-08-24 21:35:57.502 +04:00 [INF] V5 order book SOXLUSDT status changed: "Connecting" => "Syncing"
2026-08-24 21:35:57.504 +04:00 [INF] V5 order book SOXLUSDT status changed: "Syncing" => "Synced"
2026-08-24 21:35:57.505 +04:00 [INF] Futures book Bybit:SOXLUSDT "Synced"
2026-08-24 21:35:57.506 +04:00 [INF] Unified order book SOXL-USDT-SWAP status changed: "Disconnected" => "Connecting"
2026-08-24 21:35:57.829 +04:00 [INF] [Sckt 11] subscription 1303 completed successfully
2026-08-24 21:35:57.834 +04:00 [INF] Unified order book SOXL-USDT-SWAP status changed: "Connecting" => "Syncing"
2026-08-24 21:35:58.114 +04:00 [INF] Unified order book SOXL-USDT-SWAP status changed: "Syncing" => "Synced"
2026-08-24 21:35:58.115 +04:00 [INF] Futures book OKX:SOXLUSDT "Synced"
2026-08-24 21:35:58.117 +04:00 [INF] Futures order book SOXLUSDT status changed: "Disconnected" => "Connecting"
2026-08-24 21:35:58.395 +04:00 [INF] [Sckt 12] subscription 1305 completed successfully
2026-08-24 21:35:58.397 +04:00 [INF] Futures order book SOXLUSDT status changed: "Connecting" => "Syncing"
2026-08-24 21:35:58.398 +04:00 [INF] Futures order book SOXLUSDT status changed: "Syncing" => "Synced"
2026-08-24 21:35:58.399 +04:00 [INF] Futures book Bitget:SOXLUSDT "Synced"
2026-08-24 21:35:58.400 +04:00 [INF] UsdFutures order book WLDUSDT status changed: "Disconnected" => "Connecting"
2026-08-24 21:35:58.722 +04:00 [INF] [Sckt 9] subscription 1307 completed successfully
2026-08-24 21:35:58.723 +04:00 [INF] UsdFutures order book WLDUSDT status changed: "Connecting" => "Syncing"
2026-08-24 21:35:59.103 +04:00 [INF] UsdFutures order book WLDUSDT status changed: "Syncing" => "Synced"
2026-08-24 21:35:59.104 +04:00 [INF] Futures book Binance:WLDUSDT "Synced"
2026-08-24 21:35:59.105 +04:00 [INF] V5 order book WLDUSDT status changed: "Disconnected" => "Connecting"
2026-08-24 21:35:59.312 +04:00 [INF] [Sckt 10] subscription 1311 completed successfully
2026-08-24 21:35:59.312 +04:00 [INF] V5 order book WLDUSDT status changed: "Connecting" => "Syncing"
2026-08-24 21:35:59.313 +04:00 [INF] V5 order book WLDUSDT status changed: "Syncing" => "Synced"
2026-08-24 21:35:59.314 +04:00 [INF] Futures book Bybit:WLDUSDT "Synced"
2026-08-24 21:35:59.315 +04:00 [INF] Unified order book WLD-USDT-SWAP status changed: "Disconnected" => "Connecting"
2026-08-24 21:35:59.637 +04:00 [INF] [Sckt 11] subscription 1316 completed successfully
2026-08-24 21:35:59.638 +04:00 [INF] Unified order book WLD-USDT-SWAP status changed: "Connecting" => "Syncing"
2026-08-24 21:35:59.910 +04:00 [INF] Unified order book WLD-USDT-SWAP status changed: "Syncing" => "Synced"
2026-08-24 21:35:59.912 +04:00 [INF] Futures book OKX:WLDUSDT "Synced"
2026-08-24 21:35:59.913 +04:00 [INF] Futures order book WLDUSDT status changed: "Disconnected" => "Connecting"
2026-08-24 21:36:00.212 +04:00 [INF] [Sckt 12] subscription 1318 completed successfully
2026-08-24 21:36:00.213 +04:00 [INF] Futures order book WLDUSDT status changed: "Connecting" => "Syncing"
2026-08-24 21:36:00.214 +04:00 [INF] Futures order book WLDUSDT status changed: "Syncing" => "Synced"
2026-08-24 21:36:00.215 +04:00 [INF] Futures book Bitget:WLDUSDT "Synced"
2026-08-24 21:36:00.216 +04:00 [INF] UsdFutures order book SKHYNIXUSDT status changed: "Disconnected" => "Connecting"
2026-08-24 21:36:02.053 +04:00 [INF] [Sckt 13] subscription 1320 completed successfully
2026-08-24 21:36:02.055 +04:00 [INF] UsdFutures order book SKHYNIXUSDT status changed: "Connecting" => "Syncing"
2026-08-24 21:36:02.424 +04:00 [INF] UsdFutures order book SKHYNIXUSDT status changed: "Syncing" => "Synced"
2026-08-24 21:36:02.426 +04:00 [INF] Futures book Binance:SKHYNIXUSDT "Synced"
2026-08-24 21:36:02.427 +04:00 [INF] V5 order book SKHYNIXUSDT status changed: "Disconnected" => "Connecting"
2026-08-24 21:36:03.252 +04:00 [INF] [Sckt 14] subscription 1325 completed successfully
2026-08-24 21:36:03.253 +04:00 [INF] V5 order book SKHYNIXUSDT status changed: "Connecting" => "Syncing"
2026-08-24 21:36:03.254 +04:00 [INF] V5 order book SKHYNIXUSDT status changed: "Syncing" => "Synced"
2026-08-24 21:36:03.255 +04:00 [INF] Futures book Bybit:SKHYNIXUSDT "Synced"
2026-08-24 21:36:03.256 +04:00 [INF] Unified order book SKHYNIX-USDT-SWAP status changed: "Disconnected" => "Connecting"
2026-08-24 21:36:04.745 +04:00 [INF] [Sckt 15] subscription 1328 completed successfully
2026-08-24 21:36:04.747 +04:00 [INF] Unified order book SKHYNIX-USDT-SWAP status changed: "Connecting" => "Syncing"
2026-08-24 21:36:05.351 +04:00 [INF] Unified order book SKHYNIX-USDT-SWAP status changed: "Syncing" => "Synced"
2026-08-24 21:36:05.352 +04:00 [INF] Futures book OKX:SKHYNIXUSDT "Synced"
2026-08-24 21:36:05.353 +04:00 [INF] Futures order book SKHYNIXUSDT status changed: "Disconnected" => "Connecting"
2026-08-24 21:36:06.423 +04:00 [INF] [Sckt 16] subscription 1330 completed successfully
2026-08-24 21:36:06.424 +04:00 [INF] Futures order book SKHYNIXUSDT status changed: "Connecting" => "Syncing"
2026-08-24 21:36:06.425 +04:00 [INF] Futures order book SKHYNIXUSDT status changed: "Syncing" => "Synced"
2026-08-24 21:36:06.427 +04:00 [INF] Futures book Bitget:SKHYNIXUSDT "Synced"
2026-08-24 21:36:06.427 +04:00 [INF] UsdFutures order book ADAUSDT status changed: "Disconnected" => "Connecting"
2026-08-24 21:36:06.861 +04:00 [INF] [Sckt 13] subscription 1332 completed successfully
2026-08-24 21:36:06.862 +04:00 [INF] UsdFutures order book ADAUSDT status changed: "Connecting" => "Syncing"
2026-08-24 21:36:07.271 +04:00 [INF] UsdFutures order book ADAUSDT status changed: "Syncing" => "Synced"
2026-08-24 21:36:07.273 +04:00 [INF] Futures book Binance:ADAUSDT "Synced"
2026-08-24 21:36:07.274 +04:00 [INF] V5 order book ADAUSDT status changed: "Disconnected" => "Connecting"
2026-08-24 21:36:07.478 +04:00 [INF] [Sckt 14] subscription 1336 completed successfully
2026-08-24 21:36:07.479 +04:00 [INF] V5 order book ADAUSDT status changed: "Connecting" => "Syncing"
2026-08-24 21:36:07.481 +04:00 [INF] V5 order book ADAUSDT status changed: "Syncing" => "Synced"
2026-08-24 21:36:07.483 +04:00 [INF] Futures book Bybit:ADAUSDT "Synced"
2026-08-24 21:36:07.485 +04:00 [INF] Unified order book ADA-USDT-SWAP status changed: "Disconnected" => "Connecting"
2026-08-24 21:36:07.817 +04:00 [INF] [Sckt 15] subscription 1339 completed successfully
2026-08-24 21:36:07.818 +04:00 [INF] Unified order book ADA-USDT-SWAP status changed: "Connecting" => "Syncing"
2026-08-24 21:36:08.031 +04:00 [INF] Unified order book ADA-USDT-SWAP status changed: "Syncing" => "Synced"
2026-08-24 21:36:08.033 +04:00 [INF] Futures book OKX:ADAUSDT "Synced"
2026-08-24 21:36:08.033 +04:00 [INF] Futures order book ADAUSDT status changed: "Disconnected" => "Connecting"
2026-08-24 21:36:08.414 +04:00 [INF] [Sckt 16] subscription 1341 completed successfully
2026-08-24 21:36:08.415 +04:00 [INF] Futures order book ADAUSDT status changed: "Connecting" => "Syncing"
2026-08-24 21:36:08.416 +04:00 [INF] Futures order book ADAUSDT status changed: "Syncing" => "Synced"
2026-08-24 21:36:08.417 +04:00 [INF] Futures book Bitget:ADAUSDT "Synced"
2026-08-24 21:36:08.418 +04:00 [INF] UsdFutures order book SPCXUSDT status changed: "Disconnected" => "Connecting"
2026-08-24 21:36:08.763 +04:00 [INF] [Sckt 13] subscription 1343 completed successfully
2026-08-24 21:36:08.764 +04:00 [INF] UsdFutures order book SPCXUSDT status changed: "Connecting" => "Syncing"
2026-08-24 21:36:09.164 +04:00 [INF] UsdFutures order book SPCXUSDT status changed: "Syncing" => "Synced"
2026-08-24 21:36:09.165 +04:00 [INF] Futures book Binance:SPCXUSDT "Synced"
2026-08-24 21:36:09.166 +04:00 [INF] V5 order book SPCXUSDT status changed: "Disconnected" => "Connecting"
2026-08-24 21:36:09.365 +04:00 [INF] [Sckt 14] subscription 1347 completed successfully
2026-08-24 21:36:09.366 +04:00 [INF] V5 order book SPCXUSDT status changed: "Connecting" => "Syncing"
2026-08-24 21:36:09.367 +04:00 [INF] V5 order book SPCXUSDT status changed: "Syncing" => "Synced"
2026-08-24 21:36:09.368 +04:00 [INF] Futures book Bybit:SPCXUSDT "Synced"
2026-08-24 21:36:09.369 +04:00 [INF] Unified order book SPCX-USDT-SWAP status changed: "Disconnected" => "Connecting"
2026-08-24 21:36:09.700 +04:00 [INF] [Sckt 15] subscription 1350 completed successfully
2026-08-24 21:36:09.701 +04:00 [INF] Unified order book SPCX-USDT-SWAP status changed: "Connecting" => "Syncing"
2026-08-24 21:36:09.813 +04:00 [INF] Unified order book SPCX-USDT-SWAP status changed: "Syncing" => "Synced"
2026-08-24 21:36:09.815 +04:00 [INF] Futures book OKX:SPCXUSDT "Synced"
2026-08-24 21:36:09.815 +04:00 [INF] Futures order book SPCXUSDT status changed: "Disconnected" => "Connecting"
2026-08-24 21:36:10.081 +04:00 [INF] [Sckt 16] subscription 1352 completed successfully
2026-08-24 21:36:10.083 +04:00 [INF] Futures order book SPCXUSDT status changed: "Connecting" => "Syncing"
2026-08-24 21:36:10.084 +04:00 [INF] Futures order book SPCXUSDT status changed: "Syncing" => "Synced"
2026-08-24 21:36:10.085 +04:00 [INF] Futures book Bitget:SPCXUSDT "Synced"
2026-08-24 21:36:10.085 +04:00 [INF] UsdFutures order book PENGUUSDT status changed: "Disconnected" => "Connecting"
2026-08-24 21:36:10.464 +04:00 [INF] [Sckt 13] subscription 1354 completed successfully
2026-08-24 21:36:10.465 +04:00 [INF] UsdFutures order book PENGUUSDT status changed: "Connecting" => "Syncing"
2026-08-24 21:36:10.910 +04:00 [INF] UsdFutures order book PENGUUSDT status changed: "Syncing" => "Synced"
2026-08-24 21:36:10.912 +04:00 [INF] Futures book Binance:PENGUUSDT "Synced"
2026-08-24 21:36:10.913 +04:00 [INF] V5 order book PENGUUSDT status changed: "Disconnected" => "Connecting"
2026-08-24 21:36:11.114 +04:00 [INF] [Sckt 14] subscription 1358 completed successfully
2026-08-24 21:36:11.116 +04:00 [INF] V5 order book PENGUUSDT status changed: "Connecting" => "Syncing"
2026-08-24 21:36:11.116 +04:00 [INF] V5 order book PENGUUSDT status changed: "Syncing" => "Synced"
2026-08-24 21:36:11.118 +04:00 [INF] Futures book Bybit:PENGUUSDT "Synced"
2026-08-24 21:36:11.119 +04:00 [INF] Unified order book PENGU-USDT-SWAP status changed: "Disconnected" => "Connecting"
2026-08-24 21:36:11.455 +04:00 [INF] [Sckt 15] subscription 1361 completed successfully
2026-08-24 21:36:11.456 +04:00 [INF] Unified order book PENGU-USDT-SWAP status changed: "Connecting" => "Syncing"
2026-08-24 21:36:11.631 +04:00 [INF] Unified order book PENGU-USDT-SWAP status changed: "Syncing" => "Synced"
2026-08-24 21:36:11.633 +04:00 [INF] Futures book OKX:PENGUUSDT "Synced"
2026-08-24 21:36:11.634 +04:00 [INF] Futures order book PENGUUSDT status changed: "Disconnected" => "Connecting"
2026-08-24 21:36:11.898 +04:00 [INF] [Sckt 16] subscription 1363 completed successfully
2026-08-24 21:36:11.899 +04:00 [INF] Futures order book PENGUUSDT status changed: "Connecting" => "Syncing"
2026-08-24 21:36:11.961 +04:00 [INF] Futures order book PENGUUSDT status changed: "Syncing" => "Synced"
2026-08-24 21:36:11.962 +04:00 [INF] Futures book Bitget:PENGUUSDT "Synced"
2026-08-24 21:36:11.963 +04:00 [INF] UsdFutures order book ONDOUSDT status changed: "Disconnected" => "Connecting"
2026-08-24 21:36:12.366 +04:00 [INF] [Sckt 13] subscription 1365 completed successfully
2026-08-24 21:36:12.367 +04:00 [INF] UsdFutures order book ONDOUSDT status changed: "Connecting" => "Syncing"
2026-08-24 21:36:12.747 +04:00 [INF] UsdFutures order book ONDOUSDT status changed: "Syncing" => "Synced"
2026-08-24 21:36:12.749 +04:00 [INF] Futures book Binance:ONDOUSDT "Synced"
2026-08-24 21:36:12.750 +04:00 [INF] V5 order book ONDOUSDT status changed: "Disconnected" => "Connecting"
2026-08-24 21:36:12.950 +04:00 [INF] [Sckt 14] subscription 1370 completed successfully
2026-08-24 21:36:12.951 +04:00 [INF] V5 order book ONDOUSDT status changed: "Connecting" => "Syncing"
2026-08-24 21:36:12.952 +04:00 [INF] V5 order book ONDOUSDT status changed: "Syncing" => "Synced"
2026-08-24 21:36:12.953 +04:00 [INF] Futures book Bybit:ONDOUSDT "Synced"
2026-08-24 21:36:12.954 +04:00 [INF] Unified order book ONDO-USDT-SWAP status changed: "Disconnected" => "Connecting"
2026-08-24 21:36:13.306 +04:00 [INF] [Sckt 15] subscription 1373 completed successfully
2026-08-24 21:36:13.307 +04:00 [INF] Unified order book ONDO-USDT-SWAP status changed: "Connecting" => "Syncing"
2026-08-24 21:36:13.411 +04:00 [INF] Unified order book ONDO-USDT-SWAP status changed: "Syncing" => "Synced"
2026-08-24 21:36:13.413 +04:00 [INF] Futures book OKX:ONDOUSDT "Synced"
2026-08-24 21:36:13.413 +04:00 [INF] Futures order book ONDOUSDT status changed: "Disconnected" => "Connecting"
2026-08-24 21:36:13.694 +04:00 [INF] [Sckt 16] subscription 1375 completed successfully
2026-08-24 21:36:13.695 +04:00 [INF] Futures order book ONDOUSDT status changed: "Connecting" => "Syncing"
2026-08-24 21:36:13.741 +04:00 [INF] Futures order book ONDOUSDT status changed: "Syncing" => "Synced"
2026-08-24 21:36:13.743 +04:00 [INF] Futures book Bitget:ONDOUSDT "Synced"
2026-08-24 21:36:13.743 +04:00 [INF] Exchange Binance: 15/15 streams live
2026-08-24 21:36:13.745 +04:00 [INF] Exchange Bybit: 15/15 streams live
2026-08-24 21:36:13.745 +04:00 [INF] Exchange OKX: 15/15 streams live
2026-08-24 21:36:13.746 +04:00 [INF] Exchange Bitget: 15/15 streams live
2026-08-24 21:40:54.262 +04:00 [INF] Funding cache refresh for 15 symbols × 3 exchanges (TTL 45m)
2026-08-24 21:41:04.893 +04:00 [INF] Funding cache entries: 48
2026-08-24 21:44:15.965 +04:00 [INF] Futures scan: 2 candidate(s), best RT=0.135% open=0.240%
2026-08-24 21:44:15.974 +04:00 [INF] FUT PAPER OPEN HYPEUSDT L:Bybit S:OKX qty=2.595886 lev=5x margin=40.00 edge=0.240%
2026-08-24 21:44:15.975 +04:00 [INF] Opened futures paper hedge (1): HYPEUSDT: L Bybit@76.78 / S OKX@77.05 | RT 0.135% fund 0.000% → 0.135%
2026-08-24 21:44:15.976 +04:00 [INF] Paper skip HYPEUSDT: Cooldown 8000ms open=0.239% RT=0.134%
2026-08-24 21:44:17.000 +04:00 [INF] FUT PAPER CLOSE HYPEUSDT pnl=0.2323 reason=converge lev=5x
2026-08-24 21:52:42.624 +04:00 [INF] Futures scan: 3 candidate(s), best RT=0.186% open=0.291%
2026-08-24 21:52:42.632 +04:00 [INF] FUT PAPER OPEN WLDUSDT L:Bybit S:Binance qty=493.218249 lev=5x margin=40.00 edge=0.291%
2026-08-24 21:52:42.637 +04:00 [INF] Opened futures paper hedge (1): WLDUSDT: L Bybit@0.40 / S Binance@0.41 | RT 0.186% fund -0.004% → 0.182%
2026-08-24 21:52:42.639 +04:00 [INF] Paper skip WLDUSDT: Cooldown 8000ms open=0.281% RT=0.166%
2026-08-24 21:52:42.643 +04:00 [INF] Paper skip WLDUSDT: Cooldown 8000ms open=0.266% RT=0.161%
2026-08-24 21:52:43.668 +04:00 [INF] FUT PAPER CLOSE WLDUSDT pnl=0.2225 reason=converge lev=5x
2026-08-24 21:55:19.096 +04:00 [INF] Discovery: public tickers Binance/Bybit/OKX (arb band 8000000–400000000 USDT vol, top 15)
2026-08-24 21:55:19.572 +04:00 [INF] Binance fapi: 692 USDT perps with volume
2026-08-24 21:55:20.123 +04:00 [INF] Bybit linear: 725 USDT perps with volume
2026-08-24 21:55:20.556 +04:00 [INF] OKX SWAP: 434 USDT perps with volume
2026-08-24 21:55:21.009 +04:00 [INF] Bitget USDT-FUTURES: 757 tickers with volume
2026-08-24 21:55:24.058 +04:00 [INF] GateIo USDT futures: 931 tickers with volume
2026-08-24 21:55:24.493 +04:00 [INF] Discovered 15 arb pairs: ENAUSDT@5ex/193.6M, DOGEUSDT@5ex/222.2M, SUIUSDT@5ex/118.5M, ZECUSDT@5ex/205.1M, TRUMPUSDT@5ex/202.4M, HYPEUSDT@5ex/254M, SNDKUSDT@5ex/272.4M, XAUUSDT@5ex/137.9M, SOXLUSDT@5ex/128.8M, WLDUSDT@5ex/51.9M, SKHYNIXUSDT@5ex/116.4M, ADAUSDT@5ex/97.9M, SPCXUSDT@5ex/93.6M, PENGUUSDT@5ex/77.9M, ONDOUSDT@5ex/58.3M
2026-08-24 21:55:24.495 +04:00 [INF] Symbol refresh (http-tickers-arb): [ENAUSDT,DOGEUSDT,SUIUSDT,ZECUSDT,TRUMPUSDT,HYPEUSDT,SNDKUSDT,XAUUSDT,SOXLUSDT,WLDUSDT,SKHYNIXUSDT,ADAUSDT,SPCXUSDT,PENGUUSDT,ONDOUSDT] → [ENAUSDT,DOGEUSDT,SUIUSDT,ZECUSDT,TRUMPUSDT,HYPEUSDT,SNDKUSDT,XAUUSDT,SOXLUSDT,WLDUSDT,SKHYNIXUSDT,ADAUSDT,SPCXUSDT,PENGUUSDT,ONDOUSDT] | changed=false
2026-08-24 21:59:57.545 +04:00 [INF] OKX balances OK via Live, assets=2
2026-08-24 22:05:35.097 +04:00 [INF] Futures scan: 1 candidate(s), best RT=0.109% open=0.214%
2026-08-24 22:05:35.104 +04:00 [INF] FUT PAPER OPEN WLDUSDT L:Bybit S:OKX qty=489.596083 lev=5x margin=40.00 edge=0.214%
2026-08-24 22:05:35.105 +04:00 [INF] Opened futures paper hedge (1): WLDUSDT: L Bybit@0.41 / S OKX@0.41 | RT 0.109% fund 0.001% → 0.111%
2026-08-24 22:05:36.161 +04:00 [INF] FUT PAPER CLOSE WLDUSDT pnl=0.0217 reason=converge lev=5x
2026-08-24 22:12:25.377 +04:00 [INF] Futures scan: 2 candidate(s), best RT=0.137% open=0.242%
2026-08-24 22:12:25.392 +04:00 [INF] FUT PAPER OPEN WLDUSDT L:Binance S:Bybit qty=493.339911 lev=5x margin=40.00 edge=0.242%
2026-08-24 22:12:25.393 +04:00 [INF] Opened futures paper hedge (1): WLDUSDT: L Binance@0.40 / S Bybit@0.41 | RT 0.137% fund 0.004% → 0.141%
2026-08-24 22:12:25.394 +04:00 [INF] Paper skip WLDUSDT: Cooldown 8000ms open=0.242% RT=0.137%
2026-08-24 22:12:26.425 +04:00 [INF] FUT PAPER CLOSE WLDUSDT pnl=0.2713 reason=converge lev=5x
2026-08-24 22:15:24.644 +04:00 [INF] Discovery: public tickers Binance/Bybit/OKX (arb band 8000000–400000000 USDT vol, top 15)
2026-08-24 22:15:25.410 +04:00 [INF] Binance fapi: 692 USDT perps with volume
2026-08-24 22:15:25.909 +04:00 [INF] Bybit linear: 725 USDT perps with volume
2026-08-24 22:15:26.285 +04:00 [INF] OKX SWAP: 434 USDT perps with volume
2026-08-24 22:15:26.709 +04:00 [INF] Bitget USDT-FUTURES: 757 tickers with volume
2026-08-24 22:15:29.640 +04:00 [INF] GateIo USDT futures: 931 tickers with volume
2026-08-24 22:15:30.198 +04:00 [INF] Discovered 15 arb pairs: ENAUSDT@5ex/193.6M, DOGEUSDT@5ex/222.8M, SUIUSDT@5ex/117.6M, ZECUSDT@5ex/202.5M, TRUMPUSDT@5ex/201.7M, HYPEUSDT@5ex/254.2M, SNDKUSDT@5ex/274.5M, XAUUSDT@5ex/140M, SOXLUSDT@5ex/129.7M, WLDUSDT@5ex/52.4M, SKHYNIXUSDT@5ex/117.2M, ADAUSDT@5ex/98.5M, SPCXUSDT@5ex/94.5M, PENGUUSDT@5ex/76.9M, ONDOUSDT@5ex/59.5M
2026-08-24 22:15:30.199 +04:00 [INF] Symbol refresh (http-tickers-arb): [ENAUSDT,DOGEUSDT,SUIUSDT,ZECUSDT,TRUMPUSDT,HYPEUSDT,SNDKUSDT,XAUUSDT,SOXLUSDT,WLDUSDT,SKHYNIXUSDT,ADAUSDT,SPCXUSDT,PENGUUSDT,ONDOUSDT] → [ENAUSDT,DOGEUSDT,SUIUSDT,ZECUSDT,TRUMPUSDT,HYPEUSDT,SNDKUSDT,XAUUSDT,SOXLUSDT,WLDUSDT,SKHYNIXUSDT,ADAUSDT,SPCXUSDT,PENGUUSDT,ONDOUSDT] | changed=false
2026-08-24 22:26:05.809 +04:00 [INF] Funding cache refresh for 15 symbols × 3 exchanges (TTL 45m)
2026-08-24 22:26:18.611 +04:00 [INF] Funding cache entries: 48
2026-08-24 22:29:48.905 +04:00 [INF] OKX balances OK via Live, assets=2
2026-08-24 22:35:31.217 +04:00 [INF] Discovery: public tickers Binance/Bybit/OKX (arb band 8000000–400000000 USDT vol, top 15)
2026-08-24 22:35:31.694 +04:00 [INF] Binance fapi: 692 USDT perps with volume
2026-08-24 22:35:32.250 +04:00 [INF] Bybit linear: 725 USDT perps with volume
2026-08-24 22:35:32.683 +04:00 [INF] OKX SWAP: 434 USDT perps with volume
2026-08-24 22:35:33.203 +04:00 [INF] Bitget USDT-FUTURES: 757 tickers with volume
2026-08-24 22:35:36.254 +04:00 [INF] GateIo USDT futures: 931 tickers with volume
2026-08-24 22:35:37.210 +04:00 [INF] Discovered 15 arb pairs: ENAUSDT@5ex/194.1M, DOGEUSDT@5ex/222.2M, SUIUSDT@5ex/116.1M, TRUMPUSDT@5ex/201.1M, ZECUSDT@5ex/197.3M, HYPEUSDT@5ex/252.9M, SNDKUSDT@5ex/276.8M, XAUUSDT@5ex/141.3M, SOXLUSDT@5ex/130.8M, WLDUSDT@5ex/52.6M, SKHYNIXUSDT@5ex/117.5M, ADAUSDT@5ex/98.7M, SPCXUSDT@5ex/95.1M, PENGUUSDT@5ex/75M, ONDOUSDT@5ex/60.5M
2026-08-24 22:35:37.212 +04:00 [INF] Symbol refresh (http-tickers-arb): [ENAUSDT,DOGEUSDT,SUIUSDT,ZECUSDT,TRUMPUSDT,HYPEUSDT,SNDKUSDT,XAUUSDT,SOXLUSDT,WLDUSDT,SKHYNIXUSDT,ADAUSDT,SPCXUSDT,PENGUUSDT,ONDOUSDT] → [ENAUSDT,DOGEUSDT,SUIUSDT,TRUMPUSDT,ZECUSDT,HYPEUSDT,SNDKUSDT,XAUUSDT,SOXLUSDT,WLDUSDT,SKHYNIXUSDT,ADAUSDT,SPCXUSDT,PENGUUSDT,ONDOUSDT] | changed=false
2026-08-24 22:36:02.613 +04:00 [INF] OKX balances OK via Live, assets=2
2026-08-24 22:43:32.421 +04:00 [INF] Trading UI settings saved (paper=true)
2026-08-24 22:43:32.425 +04:00 [INF] Trading UI settings saved (paper=true)
2026-08-24 22:43:45.919 +04:00 [INF] Trading UI settings saved (paper=true)
2026-08-24 22:43:45.922 +04:00 [INF] Trading UI settings saved (paper=true)
2026-08-24 22:43:51.288 +04:00 [INF] Trading UI settings saved (paper=true)
2026-08-24 22:43:51.303 +04:00 [INF] Trading UI settings saved (paper=true)
2026-08-24 22:44:43.715 +04:00 [INF] OKX balances OK via Live, assets=2
2026-08-24 22:53:58.411 +04:00 [INF] Futures scan: 2 candidate(s), best RT=0.179% open=0.279%
2026-08-24 22:53:58.415 +04:00 [INF] FUT PAPER OPEN ZECUSDT L:Binance S:OKX qty=0.247638 lev=5x margin=40.00 edge=0.279%
2026-08-24 22:53:58.418 +04:00 [INF] Opened futures paper hedge (1): ZECUSDT: L Binance@804.58 / S OKX@807.63 | RT 0.179% fund 0.000% → 0.179%
2026-08-24 22:53:58.419 +04:00 [INF] Paper skip ZECUSDT: Cooldown 8000ms open=0.224% RT=0.114%
2026-08-24 22:53:59.440 +04:00 [INF] FUT PAPER CLOSE ZECUSDT pnl=0.1685 reason=converge lev=5x
2026-08-24 22:55:37.969 +04:00 [INF] Discovery: public tickers Binance/Bybit/OKX (arb band 8000000–400000000 USDT vol, top 15)
2026-08-24 22:55:38.619 +04:00 [INF] Binance fapi: 692 USDT perps with volume
2026-08-24 22:55:39.206 +04:00 [INF] Bybit linear: 725 USDT perps with volume
2026-08-24 22:55:39.616 +04:00 [INF] OKX SWAP: 434 USDT perps with volume
2026-08-24 22:55:40.084 +04:00 [INF] Bitget USDT-FUTURES: 757 tickers with volume
2026-08-24 22:55:43.558 +04:00 [INF] GateIo USDT futures: 931 tickers with volume
2026-08-24 22:55:44.812 +04:00 [INF] Discovered 15 arb pairs: ENAUSDT@5ex/194.5M, DOGEUSDT@5ex/223.4M, SUIUSDT@5ex/116.7M, TRUMPUSDT@5ex/201.1M, ZECUSDT@5ex/196.8M, HYPEUSDT@5ex/253.5M, SNDKUSDT@5ex/278.8M, XAUUSDT@5ex/142.1M, SOXLUSDT@5ex/131.5M, WLDUSDT@5ex/52.9M, SKHYNIXUSDT@5ex/117.5M, ADAUSDT@5ex/98.8M, SPCXUSDT@5ex/95.7M, PENGUUSDT@5ex/74.1M, ONDOUSDT@5ex/61M
2026-08-24 22:55:44.813 +04:00 [INF] Symbol refresh (http-tickers-arb): [ENAUSDT,DOGEUSDT,SUIUSDT,TRUMPUSDT,ZECUSDT,HYPEUSDT,SNDKUSDT,XAUUSDT,SOXLUSDT,WLDUSDT,SKHYNIXUSDT,ADAUSDT,SPCXUSDT,PENGUUSDT,ONDOUSDT] → [ENAUSDT,DOGEUSDT,SUIUSDT,TRUMPUSDT,ZECUSDT,HYPEUSDT,SNDKUSDT,XAUUSDT,SOXLUSDT,WLDUSDT,SKHYNIXUSDT,ADAUSDT,SPCXUSDT,PENGUUSDT,ONDOUSDT] | changed=false
2026-08-24 23:01:25.877 +04:00 [INF] OKX balances OK via Live, assets=2
2026-08-24 23:11:19.109 +04:00 [INF] Funding cache refresh for 15 symbols × 3 exchanges (TTL 45m)
2026-08-24 23:11:29.889 +04:00 [INF] Funding cache entries: 48
2026-08-24 23:15:45.690 +04:00 [INF] Discovery: public tickers Binance/Bybit/OKX (arb band 8000000–400000000 USDT vol, top 15)
2026-08-24 23:15:46.295 +04:00 [INF] Binance fapi: 692 USDT perps with volume
2026-08-24 23:15:46.751 +04:00 [INF] Bybit linear: 725 USDT perps with volume
2026-08-24 23:15:47.138 +04:00 [INF] OKX SWAP: 434 USDT perps with volume
2026-08-24 23:15:47.557 +04:00 [INF] Bitget USDT-FUTURES: 757 tickers with volume
2026-08-24 23:15:50.724 +04:00 [INF] GateIo USDT futures: 931 tickers with volume
2026-08-24 23:15:51.130 +04:00 [INF] Discovered 15 arb pairs: ENAUSDT@5ex/195.7M, DOGEUSDT@5ex/224M, SUIUSDT@5ex/115.9M, TRUMPUSDT@5ex/200.9M, ZECUSDT@5ex/197.1M, HYPEUSDT@5ex/253.4M, SNDKUSDT@5ex/280.8M, XAUUSDT@5ex/143.4M, SOXLUSDT@5ex/132.2M, WLDUSDT@5ex/52.9M, SKHYNIXUSDT@5ex/117.4M, ADAUSDT@5ex/96.9M, SPCXUSDT@5ex/96.2M, PENGUUSDT@5ex/71.6M, ONDOUSDT@5ex/61.1M
2026-08-24 23:15:51.132 +04:00 [INF] Symbol refresh (http-tickers-arb): [ENAUSDT,DOGEUSDT,SUIUSDT,TRUMPUSDT,ZECUSDT,HYPEUSDT,SNDKUSDT,XAUUSDT,SOXLUSDT,WLDUSDT,SKHYNIXUSDT,ADAUSDT,SPCXUSDT,PENGUUSDT,ONDOUSDT] → [ENAUSDT,DOGEUSDT,SUIUSDT,TRUMPUSDT,ZECUSDT,HYPEUSDT,SNDKUSDT,XAUUSDT,SOXLUSDT,WLDUSDT,SKHYNIXUSDT,ADAUSDT,SPCXUSDT,PENGUUSDT,ONDOUSDT] | changed=false
2026-08-24 23:35:51.878 +04:00 [INF] Discovery: public tickers Binance/Bybit/OKX (arb band 8000000–400000000 USDT vol, top 15)
2026-08-24 23:35:52.810 +04:00 [INF] Binance fapi: 692 USDT perps with volume
2026-08-24 23:35:53.878 +04:00 [INF] Bybit linear: 725 USDT perps with volume
2026-08-24 23:35:54.272 +04:00 [INF] OKX SWAP: 434 USDT perps with volume
2026-08-24 23:35:55.116 +04:00 [INF] Bitget USDT-FUTURES: 757 tickers with volume
2026-08-24 23:35:58.094 +04:00 [INF] GateIo USDT futures: 931 tickers with volume
2026-08-24 23:35:58.513 +04:00 [INF] Discovered 15 arb pairs: ENAUSDT@5ex/197M, DOGEUSDT@5ex/223.9M, SUIUSDT@5ex/116M, TRUMPUSDT@5ex/201M, ZECUSDT@5ex/197.3M, HYPEUSDT@5ex/253M, SNDKUSDT@5ex/282.4M, XAUUSDT@5ex/144.3M, SOXLUSDT@5ex/133.9M, WLDUSDT@5ex/53.2M, SKHYNIXUSDT@5ex/117.3M, SPCXUSDT@5ex/96.5M, ADAUSDT@5ex/96.5M, PENGUUSDT@5ex/69.5M, ONDOUSDT@5ex/61.3M
2026-08-24 23:35:58.514 +04:00 [INF] Symbol refresh (http-tickers-arb): [ENAUSDT,DOGEUSDT,SUIUSDT,TRUMPUSDT,ZECUSDT,HYPEUSDT,SNDKUSDT,XAUUSDT,SOXLUSDT,WLDUSDT,SKHYNIXUSDT,ADAUSDT,SPCXUSDT,PENGUUSDT,ONDOUSDT] → [ENAUSDT,DOGEUSDT,SUIUSDT,TRUMPUSDT,ZECUSDT,HYPEUSDT,SNDKUSDT,XAUUSDT,SOXLUSDT,WLDUSDT,SKHYNIXUSDT,SPCXUSDT,ADAUSDT,PENGUUSDT,ONDOUSDT] | changed=false
2026-08-24 23:55:58.727 +04:00 [INF] Discovery: public tickers Binance/Bybit/OKX (arb band 8000000–400000000 USDT vol, top 15)
2026-08-24 23:55:59.324 +04:00 [INF] Binance fapi: 692 USDT perps with volume
2026-08-24 23:55:59.885 +04:00 [INF] Bybit linear: 725 USDT perps with volume
2026-08-24 23:56:00.303 +04:00 [INF] OKX SWAP: 434 USDT perps with volume
2026-08-24 23:56:00.759 +04:00 [INF] Bitget USDT-FUTURES: 757 tickers with volume
2026-08-24 23:56:03.794 +04:00 [INF] GateIo USDT futures: 931 tickers with volume
2026-08-24 23:56:04.382 +04:00 [INF] Discovered 15 arb pairs: ENAUSDT@5ex/197.2M, DOGEUSDT@5ex/223.6M, SUIUSDT@5ex/115.6M, TRUMPUSDT@5ex/200.5M, ZECUSDT@5ex/196.2M, HYPEUSDT@5ex/245.7M, SNDKUSDT@5ex/290M, XAUUSDT@5ex/145.5M, SOXLUSDT@5ex/135.8M, WLDUSDT@5ex/53.1M, SKHYNIXUSDT@5ex/117.1M, SPCXUSDT@5ex/96.4M, ADAUSDT@5ex/96.3M, PENGUUSDT@5ex/67.4M, ONDOUSDT@5ex/61.2M
2026-08-24 23:56:04.383 +04:00 [INF] Symbol refresh (http-tickers-arb): [ENAUSDT,DOGEUSDT,SUIUSDT,TRUMPUSDT,ZECUSDT,HYPEUSDT,SNDKUSDT,XAUUSDT,SOXLUSDT,WLDUSDT,SKHYNIXUSDT,SPCXUSDT,ADAUSDT,PENGUUSDT,ONDOUSDT] → [ENAUSDT,DOGEUSDT,SUIUSDT,TRUMPUSDT,ZECUSDT,HYPEUSDT,SNDKUSDT,XAUUSDT,SOXLUSDT,WLDUSDT,SKHYNIXUSDT,SPCXUSDT,ADAUSDT,PENGUUSDT,ONDOUSDT] | changed=false
2026-08-24 23:56:30.130 +04:00 [INF] Funding cache refresh for 15 symbols × 3 exchanges (TTL 45m)
2026-08-24 23:56:41.088 +04:00 [INF] Funding cache entries: 48
